stage,split,recipe_band,depth,aspect_ratio,head_dim,model_dim,seed,num_iterations,target_tokens,total_batch_size,device_batch_size,max_seq_len,warmup_steps,fp8,window_pattern,model_tag,n_index,d_index,planned_family,planned_model_depth,planned_data_tokens,planned_total_batch_size,planned_note,sizing_family,target_n_scaling,preflight_n_scaling,target_n_scaling_rel_error,n_geometric_rel_error,source_prefix_order,source_prefix_family,source_prefix_q_hint,target_budget_b,train_row_group_start,base_num_iterations,D_actual,train_length_multiplier,support_policy,support_point_id,support_keys,delta_support_process_family,delta_support_process_repeats,target_line_referee_usage,roihu_partition_note
fsl_targetdistance_confirm_source5x5_s201_206_20260713_1637_n0-d0-dep4-md128-it144-x1p00-s201-rg0,source_delta_support_process_control,canonical,4,72,64,128,201,144,75497472,524288,16,2048,40,1,L,fsl-targetdistance-confirm-source5x5-s201-206-20260713-1637-n0-d0-dep4-md128-it144-x1p00-s201-rg0,0,0,roihu_delta_support_process_control,4,75497472,524288,Fresh 5x5 source union for a frozen target-distance confirmation. The same measured source rows are reused for sealed x100 and x150 referees.,controlled_model_dim_source_prefix_smalln_5x5,4980784.0,4980784.0,0.0,0.162821576719,1,5p_to_3x3_to_4x4_to_5x5_nested,5,1.305337,0,144,75497472,1.0,offline_union_5x5_target_distance_confirmation,0:0,0:0;0:1;0:2;0:3;0:4;1:0;1:1;1:2;1:3;1:4;2:0;2:1;2:2;2:3;2:4;3:0;3:1;3:2;3:3;3:4;4:0;4:1;4:2;4:3;4:4,target_distance_confirmation_5x5,"train_seed,train_row_group_start,train_length_multiplier",held_out_evaluation_only,Submit GPU jobs to gpumedium; do not use pilot/gpupilot.
fsl_targetdistance_confirm_source5x5_s201_206_20260713_1637_n0-d0-dep4-md128-it144-x1p00-s202-rg0,source_delta_support_process_control,canonical,4,72,64,128,202,144,75497472,524288,16,2048,40,1,L,fsl-targetdistance-confirm-source5x5-s201-206-20260713-1637-n0-d0-dep4-md128-it144-x1p00-s202-rg0,0,0,roihu_delta_support_process_control,4,75497472,524288,Fresh 5x5 source union for a frozen target-distance confirmation. The same measured source rows are reused for sealed x100 and x150 referees.,controlled_model_dim_source_prefix_smalln_5x5,4980784.0,4980784.0,0.0,0.162821576719,1,5p_to_3x3_to_4x4_to_5x5_nested,5,1.305337,0,144,75497472,1.0,offline_union_5x5_target_distance_confirmation,0:0,0:0;0:1;0:2;0:3;0:4;1:0;1:1;1:2;1:3;1:4;2:0;2:1;2:2;2:3;2:4;3:0;3:1;3:2;3:3;3:4;4:0;4:1;4:2;4:3;4:4,target_distance_confirmation_5x5,"train_seed,train_row_group_start,train_length_multiplier",held_out_evaluation_only,Submit GPU jobs to gpumedium; do not use pilot/gpupilot.
fsl_targetdistance_confirm_source5x5_s201_206_20260713_1637_n0-d0-dep4-md128-it144-x1p00-s203-rg0,source_delta_support_process_control,canonical,4,72,64,128,203,144,75497472,524288,16,2048,40,1,L,fsl-targetdistance-confirm-source5x5-s201-206-20260713-1637-n0-d0-dep4-md128-it144-x1p00-s203-rg0,0,0,roihu_delta_support_process_control,4,75497472,524288,Fresh 5x5 source union for a frozen target-distance confirmation. The same measured source rows are reused for sealed x100 and x150 referees.,controlled_model_dim_source_prefix_smalln_5x5,4980784.0,4980784.0,0.0,0.162821576719,1,5p_to_3x3_to_4x4_to_5x5_nested,5,1.305337,0,144,75497472,1.0,offline_union_5x5_target_distance_confirmation,0:0,0:0;0:1;0:2;0:3;0:4;1:0;1:1;1:2;1:3;1:4;2:0;2:1;2:2;2:3;2:4;3:0;3:1;3:2;3:3;3:4;4:0;4:1;4:2;4:3;4:4,target_distance_confirmation_5x5,"train_seed,train_row_group_start,train_length_multiplier",held_out_evaluation_only,Submit GPU jobs to gpumedium; do not use pilot/gpupilot.
fsl_targetdistance_confirm_source5x5_s201_206_20260713_1637_n0-d0-dep4-md128-it144-x1p00-s204-rg0,source_delta_support_process_control,canonical,4,72,64,128,204,144,75497472,524288,16,2048,40,1,L,fsl-targetdistance-confirm-source5x5-s201-206-20260713-1637-n0-d0-dep4-md128-it144-x1p00-s204-rg0,0,0,roihu_delta_support_process_control,4,75497472,524288,Fresh 5x5 source union for a frozen target-distance confirmation. The same measured source rows are reused for sealed x100 and x150 referees.,controlled_model_dim_source_prefix_smalln_5x5,4980784.0,4980784.0,0.0,0.162821576719,1,5p_to_3x3_to_4x4_to_5x5_nested,5,1.305337,0,144,75497472,1.0,offline_union_5x5_target_distance_confirmation,0:0,0:0;0:1;0:2;0:3;0:4;1:0;1:1;1:2;1:3;1:4;2:0;2:1;2:2;2:3;2:4;3:0;3:1;3:2;3:3;3:4;4:0;4:1;4:2;4:3;4:4,target_distance_confirmation_5x5,"train_seed,train_row_group_start,train_length_multiplier",held_out_evaluation_only,Submit GPU jobs to gpumedium; do not use pilot/gpupilot.
fsl_targetdistance_confirm_source5x5_s201_206_20260713_1637_n0-d0-dep4-md128-it144-x1p00-s205-rg0,source_delta_support_process_control,canonical,4,72,64,128,205,144,75497472,524288,16,2048,40,1,L,fsl-targetdistance-confirm-source5x5-s201-206-20260713-1637-n0-d0-dep4-md128-it144-x1p00-s205-rg0,0,0,roihu_delta_support_process_control,4,75497472,524288,Fresh 5x5 source union for a frozen target-distance confirmation. The same measured source rows are reused for sealed x100 and x150 referees.,controlled_model_dim_source_prefix_smalln_5x5,4980784.0,4980784.0,0.0,0.162821576719,1,5p_to_3x3_to_4x4_to_5x5_nested,5,1.305337,0,144,75497472,1.0,offline_union_5x5_target_distance_confirmation,0:0,0:0;0:1;0:2;0:3;0:4;1:0;1:1;1:2;1:3;1:4;2:0;2:1;2:2;2:3;2:4;3:0;3:1;3:2;3:3;3:4;4:0;4:1;4:2;4:3;4:4,target_distance_confirmation_5x5,"train_seed,train_row_group_start,train_length_multiplier",held_out_evaluation_only,Submit GPU jobs to gpumedium; do not use pilot/gpupilot.
fsl_targetdistance_confirm_source5x5_s201_206_20260713_1637_n0-d0-dep4-md128-it144-x1p00-s206-rg0,source_delta_support_process_control,canonical,4,72,64,128,206,144,75497472,524288,16,2048,40,1,L,fsl-targetdistance-confirm-source5x5-s201-206-20260713-1637-n0-d0-dep4-md128-it144-x1p00-s206-rg0,0,0,roihu_delta_support_process_control,4,75497472,524288,Fresh 5x5 source union for a frozen target-distance confirmation. The same measured source rows are reused for sealed x100 and x150 referees.,controlled_model_dim_source_prefix_smalln_5x5,4980784.0,4980784.0,0.0,0.162821576719,1,5p_to_3x3_to_4x4_to_5x5_nested,5,1.305337,0,144,75497472,1.0,offline_union_5x5_target_distance_confirmation,0:0,0:0;0:1;0:2;0:3;0:4;1:0;1:1;1:2;1:3;1:4;2:0;2:1;2:2;2:3;2:4;3:0;3:1;3:2;3:3;3:4;4:0;4:1;4:2;4:3;4:4,target_distance_confirmation_5x5,"train_seed,train_row_group_start,train_length_multiplier",held_out_evaluation_only,Submit GPU jobs to gpumedium; do not use pilot/gpupilot.
fsl_targetdistance_confirm_source5x5_s201_206_20260713_1637_n0-d1-dep4-md128-it216-x1p00-s201-rg0,source_delta_support_process_control,canonical,4,72,64,128,201,216,113246208,524288,16,2048,40,1,L,fsl-targetdistance-confirm-source5x5-s201-206-20260713-1637-n0-d1-dep4-md128-it216-x1p00-s201-rg0,0,1,roihu_delta_support_process_control,4,113246208,524288,Fresh 5x5 source union for a frozen target-distance confirmation. The same measured source rows are reused for sealed x100 and x150 referees.,controlled_model_dim_source_prefix_smalln_5x5,4980784.0,4980784.0,0.0,0.162821576719,4,5p_to_3x3_to_4x4_to_5x5_nested,5,1.305337,0,216,113246208,1.0,offline_union_5x5_target_distance_confirmation,0:1,0:0;0:1;0:2;0:3;0:4;1:0;1:1;1:2;1:3;1:4;2:0;2:1;2:2;2:3;2:4;3:0;3:1;3:2;3:3;3:4;4:0;4:1;4:2;4:3;4:4,target_distance_confirmation_5x5,"train_seed,train_row_group_start,train_length_multiplier",held_out_evaluation_only,Submit GPU jobs to gpumedium; do not use pilot/gpupilot.
fsl_targetdistance_confirm_source5x5_s201_206_20260713_1637_n0-d1-dep4-md128-it216-x1p00-s202-rg0,source_delta_support_process_control,canonical,4,72,64,128,202,216,113246208,524288,16,2048,40,1,L,fsl-targetdistance-confirm-source5x5-s201-206-20260713-1637-n0-d1-dep4-md128-it216-x1p00-s202-rg0,0,1,roihu_delta_support_process_control,4,113246208,524288,Fresh 5x5 source union for a frozen target-distance confirmation. The same measured source rows are reused for sealed x100 and x150 referees.,controlled_model_dim_source_prefix_smalln_5x5,4980784.0,4980784.0,0.0,0.162821576719,4,5p_to_3x3_to_4x4_to_5x5_nested,5,1.305337,0,216,113246208,1.0,offline_union_5x5_target_distance_confirmation,0:1,0:0;0:1;0:2;0:3;0:4;1:0;1:1;1:2;1:3;1:4;2:0;2:1;2:2;2:3;2:4;3:0;3:1;3:2;3:3;3:4;4:0;4:1;4:2;4:3;4:4,target_distance_confirmation_5x5,"train_seed,train_row_group_start,train_length_multiplier",held_out_evaluation_only,Submit GPU jobs to gpumedium; do not use pilot/gpupilot.
fsl_targetdistance_confirm_source5x5_s201_206_20260713_1637_n0-d1-dep4-md128-it216-x1p00-s203-rg0,source_delta_support_process_control,canonical,4,72,64,128,203,216,113246208,524288,16,2048,40,1,L,fsl-targetdistance-confirm-source5x5-s201-206-20260713-1637-n0-d1-dep4-md128-it216-x1p00-s203-rg0,0,1,roihu_delta_support_process_control,4,113246208,524288,Fresh 5x5 source union for a frozen target-distance confirmation. The same measured source rows are reused for sealed x100 and x150 referees.,controlled_model_dim_source_prefix_smalln_5x5,4980784.0,4980784.0,0.0,0.162821576719,4,5p_to_3x3_to_4x4_to_5x5_nested,5,1.305337,0,216,113246208,1.0,offline_union_5x5_target_distance_confirmation,0:1,0:0;0:1;0:2;0:3;0:4;1:0;1:1;1:2;1:3;1:4;2:0;2:1;2:2;2:3;2:4;3:0;3:1;3:2;3:3;3:4;4:0;4:1;4:2;4:3;4:4,target_distance_confirmation_5x5,"train_seed,train_row_group_start,train_length_multiplier",held_out_evaluation_only,Submit GPU jobs to gpumedium; do not use pilot/gpupilot.
fsl_targetdistance_confirm_source5x5_s201_206_20260713_1637_n0-d1-dep4-md128-it216-x1p00-s204-rg0,source_delta_support_process_control,canonical,4,72,64,128,204,216,113246208,524288,16,2048,40,1,L,fsl-targetdistance-confirm-source5x5-s201-206-20260713-1637-n0-d1-dep4-md128-it216-x1p00-s204-rg0,0,1,roihu_delta_support_process_control,4,113246208,524288,Fresh 5x5 source union for a frozen target-distance confirmation. The same measured source rows are reused for sealed x100 and x150 referees.,controlled_model_dim_source_prefix_smalln_5x5,4980784.0,4980784.0,0.0,0.162821576719,4,5p_to_3x3_to_4x4_to_5x5_nested,5,1.305337,0,216,113246208,1.0,offline_union_5x5_target_distance_confirmation,0:1,0:0;0:1;0:2;0:3;0:4;1:0;1:1;1:2;1:3;1:4;2:0;2:1;2:2;2:3;2:4;3:0;3:1;3:2;3:3;3:4;4:0;4:1;4:2;4:3;4:4,target_distance_confirmation_5x5,"train_seed,train_row_group_start,train_length_multiplier",held_out_evaluation_only,Submit GPU jobs to gpumedium; do not use pilot/gpupilot.
fsl_targetdistance_confirm_source5x5_s201_206_20260713_1637_n0-d1-dep4-md128-it216-x1p00-s205-rg0,source_delta_support_process_control,canonical,4,72,64,128,205,216,113246208,524288,16,2048,40,1,L,fsl-targetdistance-confirm-source5x5-s201-206-20260713-1637-n0-d1-dep4-md128-it216-x1p00-s205-rg0,0,1,roihu_delta_support_process_control,4,113246208,524288,Fresh 5x5 source union for a frozen target-distance confirmation. The same measured source rows are reused for sealed x100 and x150 referees.,controlled_model_dim_source_prefix_smalln_5x5,4980784.0,4980784.0,0.0,0.162821576719,4,5p_to_3x3_to_4x4_to_5x5_nested,5,1.305337,0,216,113246208,1.0,offline_union_5x5_target_distance_confirmation,0:1,0:0;0:1;0:2;0:3;0:4;1:0;1:1;1:2;1:3;1:4;2:0;2:1;2:2;2:3;2:4;3:0;3:1;3:2;3:3;3:4;4:0;4:1;4:2;4:3;4:4,target_distance_confirmation_5x5,"train_seed,train_row_group_start,train_length_multiplier",held_out_evaluation_only,Submit GPU jobs to gpumedium; do not use pilot/gpupilot.
fsl_targetdistance_confirm_source5x5_s201_206_20260713_1637_n0-d1-dep4-md128-it216-x1p00-s206-rg0,source_delta_support_process_control,canonical,4,72,64,128,206,216,113246208,524288,16,2048,40,1,L,fsl-targetdistance-confirm-source5x5-s201-206-20260713-1637-n0-d1-dep4-md128-it216-x1p00-s206-rg0,0,1,roihu_delta_support_process_control,4,113246208,524288,Fresh 5x5 source union for a frozen target-distance confirmation. The same measured source rows are reused for sealed x100 and x150 referees.,controlled_model_dim_source_prefix_smalln_5x5,4980784.0,4980784.0,0.0,0.162821576719,4,5p_to_3x3_to_4x4_to_5x5_nested,5,1.305337,0,216,113246208,1.0,offline_union_5x5_target_distance_confirmation,0:1,0:0;0:1;0:2;0:3;0:4;1:0;1:1;1:2;1:3;1:4;2:0;2:1;2:2;2:3;2:4;3:0;3:1;3:2;3:3;3:4;4:0;4:1;4:2;4:3;4:4,target_distance_confirmation_5x5,"train_seed,train_row_group_start,train_length_multiplier",held_out_evaluation_only,Submit GPU jobs to gpumedium; do not use pilot/gpupilot.
fsl_targetdistance_confirm_source5x5_s201_206_20260713_1637_n0-d2-dep4-md128-it324-x1p00-s201-rg0,source_delta_support_process_control,canonical,4,72,64,128,201,324,169869312,524288,16,2048,40,1,L,fsl-targetdistance-confirm-source5x5-s201-206-20260713-1637-n0-d2-dep4-md128-it324-x1p00-s201-rg0,0,2,roihu_delta_support_process_control,4,169869312,524288,Fresh 5x5 source union for a frozen target-distance confirmation. The same measured source rows are reused for sealed x100 and x150 referees.,controlled_model_dim_source_prefix_smalln_5x5,4980784.0,4980784.0,0.0,0.162821576719,5,5p_to_3x3_to_4x4_to_5x5_nested,5,1.305337,0,324,169869312,1.0,offline_union_5x5_target_distance_confirmation,0:2,0:0;0:1;0:2;0:3;0:4;1:0;1:1;1:2;1:3;1:4;2:0;2:1;2:2;2:3;2:4;3:0;3:1;3:2;3:3;3:4;4:0;4:1;4:2;4:3;4:4,target_distance_confirmation_5x5,"train_seed,train_row_group_start,train_length_multiplier",held_out_evaluation_only,Submit GPU jobs to gpumedium; do not use pilot/gpupilot.
fsl_targetdistance_confirm_source5x5_s201_206_20260713_1637_n0-d2-dep4-md128-it324-x1p00-s202-rg0,source_delta_support_process_control,canonical,4,72,64,128,202,324,169869312,524288,16,2048,40,1,L,fsl-targetdistance-confirm-source5x5-s201-206-20260713-1637-n0-d2-dep4-md128-it324-x1p00-s202-rg0,0,2,roihu_delta_support_process_control,4,169869312,524288,Fresh 5x5 source union for a frozen target-distance confirmation. The same measured source rows are reused for sealed x100 and x150 referees.,controlled_model_dim_source_prefix_smalln_5x5,4980784.0,4980784.0,0.0,0.162821576719,5,5p_to_3x3_to_4x4_to_5x5_nested,5,1.305337,0,324,169869312,1.0,offline_union_5x5_target_distance_confirmation,0:2,0:0;0:1;0:2;0:3;0:4;1:0;1:1;1:2;1:3;1:4;2:0;2:1;2:2;2:3;2:4;3:0;3:1;3:2;3:3;3:4;4:0;4:1;4:2;4:3;4:4,target_distance_confirmation_5x5,"train_seed,train_row_group_start,train_length_multiplier",held_out_evaluation_only,Submit GPU jobs to gpumedium; do not use pilot/gpupilot.
fsl_targetdistance_confirm_source5x5_s201_206_20260713_1637_n0-d2-dep4-md128-it324-x1p00-s203-rg0,source_delta_support_process_control,canonical,4,72,64,128,203,324,169869312,524288,16,2048,40,1,L,fsl-targetdistance-confirm-source5x5-s201-206-20260713-1637-n0-d2-dep4-md128-it324-x1p00-s203-rg0,0,2,roihu_delta_support_process_control,4,169869312,524288,Fresh 5x5 source union for a frozen target-distance confirmation. The same measured source rows are reused for sealed x100 and x150 referees.,controlled_model_dim_source_prefix_smalln_5x5,4980784.0,4980784.0,0.0,0.162821576719,5,5p_to_3x3_to_4x4_to_5x5_nested,5,1.305337,0,324,169869312,1.0,offline_union_5x5_target_distance_confirmation,0:2,0:0;0:1;0:2;0:3;0:4;1:0;1:1;1:2;1:3;1:4;2:0;2:1;2:2;2:3;2:4;3:0;3:1;3:2;3:3;3:4;4:0;4:1;4:2;4:3;4:4,target_distance_confirmation_5x5,"train_seed,train_row_group_start,train_length_multiplier",held_out_evaluation_only,Submit GPU jobs to gpumedium; do not use pilot/gpupilot.
fsl_targetdistance_confirm_source5x5_s201_206_20260713_1637_n0-d2-dep4-md128-it324-x1p00-s204-rg0,source_delta_support_process_control,canonical,4,72,64,128,204,324,169869312,524288,16,2048,40,1,L,fsl-targetdistance-confirm-source5x5-s201-206-20260713-1637-n0-d2-dep4-md128-it324-x1p00-s204-rg0,0,2,roihu_delta_support_process_control,4,169869312,524288,Fresh 5x5 source union for a frozen target-distance confirmation. The same measured source rows are reused for sealed x100 and x150 referees.,controlled_model_dim_source_prefix_smalln_5x5,4980784.0,4980784.0,0.0,0.162821576719,5,5p_to_3x3_to_4x4_to_5x5_nested,5,1.305337,0,324,169869312,1.0,offline_union_5x5_target_distance_confirmation,0:2,0:0;0:1;0:2;0:3;0:4;1:0;1:1;1:2;1:3;1:4;2:0;2:1;2:2;2:3;2:4;3:0;3:1;3:2;3:3;3:4;4:0;4:1;4:2;4:3;4:4,target_distance_confirmation_5x5,"train_seed,train_row_group_start,train_length_multiplier",held_out_evaluation_only,Submit GPU jobs to gpumedium; do not use pilot/gpupilot.
fsl_targetdistance_confirm_source5x5_s201_206_20260713_1637_n0-d2-dep4-md128-it324-x1p00-s205-rg0,source_delta_support_process_control,canonical,4,72,64,128,205,324,169869312,524288,16,2048,40,1,L,fsl-targetdistance-confirm-source5x5-s201-206-20260713-1637-n0-d2-dep4-md128-it324-x1p00-s205-rg0,0,2,roihu_delta_support_process_control,4,169869312,524288,Fresh 5x5 source union for a frozen target-distance confirmation. The same measured source rows are reused for sealed x100 and x150 referees.,controlled_model_dim_source_prefix_smalln_5x5,4980784.0,4980784.0,0.0,0.162821576719,5,5p_to_3x3_to_4x4_to_5x5_nested,5,1.305337,0,324,169869312,1.0,offline_union_5x5_target_distance_confirmation,0:2,0:0;0:1;0:2;0:3;0:4;1:0;1:1;1:2;1:3;1:4;2:0;2:1;2:2;2:3;2:4;3:0;3:1;3:2;3:3;3:4;4:0;4:1;4:2;4:3;4:4,target_distance_confirmation_5x5,"train_seed,train_row_group_start,train_length_multiplier",held_out_evaluation_only,Submit GPU jobs to gpumedium; do not use pilot/gpupilot.
fsl_targetdistance_confirm_source5x5_s201_206_20260713_1637_n0-d2-dep4-md128-it324-x1p00-s206-rg0,source_delta_support_process_control,canonical,4,72,64,128,206,324,169869312,524288,16,2048,40,1,L,fsl-targetdistance-confirm-source5x5-s201-206-20260713-1637-n0-d2-dep4-md128-it324-x1p00-s206-rg0,0,2,roihu_delta_support_process_control,4,169869312,524288,Fresh 5x5 source union for a frozen target-distance confirmation. The same measured source rows are reused for sealed x100 and x150 referees.,controlled_model_dim_source_prefix_smalln_5x5,4980784.0,4980784.0,0.0,0.162821576719,5,5p_to_3x3_to_4x4_to_5x5_nested,5,1.305337,0,324,169869312,1.0,offline_union_5x5_target_distance_confirmation,0:2,0:0;0:1;0:2;0:3;0:4;1:0;1:1;1:2;1:3;1:4;2:0;2:1;2:2;2:3;2:4;3:0;3:1;3:2;3:3;3:4;4:0;4:1;4:2;4:3;4:4,target_distance_confirmation_5x5,"train_seed,train_row_group_start,train_length_multiplier",held_out_evaluation_only,Submit GPU jobs to gpumedium; do not use pilot/gpupilot.
fsl_targetdistance_confirm_source5x5_s201_206_20260713_1637_n0-d3-dep4-md128-it486-x1p00-s201-rg0,source_delta_support_process_control,canonical,4,72,64,128,201,486,254803968,524288,16,2048,40,1,L,fsl-targetdistance-confirm-source5x5-s201-206-20260713-1637-n0-d3-dep4-md128-it486-x1p00-s201-rg0,0,3,roihu_delta_support_process_control,4,254803968,524288,Fresh 5x5 source union for a frozen target-distance confirmation. The same measured source rows are reused for sealed x100 and x150 referees.,controlled_model_dim_source_prefix_smalln_5x5,4980784.0,4980784.0,0.0,0.162821576719,13,5p_to_3x3_to_4x4_to_5x5_nested,16,1.305337,0,486,254803968,1.0,offline_union_5x5_target_distance_confirmation,0:3,0:0;0:1;0:2;0:3;0:4;1:0;1:1;1:2;1:3;1:4;2:0;2:1;2:2;2:3;2:4;3:0;3:1;3:2;3:3;3:4;4:0;4:1;4:2;4:3;4:4,target_distance_confirmation_5x5,"train_seed,train_row_group_start,train_length_multiplier",held_out_evaluation_only,Submit GPU jobs to gpumedium; do not use pilot/gpupilot.
fsl_targetdistance_confirm_source5x5_s201_206_20260713_1637_n0-d3-dep4-md128-it486-x1p00-s202-rg0,source_delta_support_process_control,canonical,4,72,64,128,202,486,254803968,524288,16,2048,40,1,L,fsl-targetdistance-confirm-source5x5-s201-206-20260713-1637-n0-d3-dep4-md128-it486-x1p00-s202-rg0,0,3,roihu_delta_support_process_control,4,254803968,524288,Fresh 5x5 source union for a frozen target-distance confirmation. The same measured source rows are reused for sealed x100 and x150 referees.,controlled_model_dim_source_prefix_smalln_5x5,4980784.0,4980784.0,0.0,0.162821576719,13,5p_to_3x3_to_4x4_to_5x5_nested,16,1.305337,0,486,254803968,1.0,offline_union_5x5_target_distance_confirmation,0:3,0:0;0:1;0:2;0:3;0:4;1:0;1:1;1:2;1:3;1:4;2:0;2:1;2:2;2:3;2:4;3:0;3:1;3:2;3:3;3:4;4:0;4:1;4:2;4:3;4:4,target_distance_confirmation_5x5,"train_seed,train_row_group_start,train_length_multiplier",held_out_evaluation_only,Submit GPU jobs to gpumedium; do not use pilot/gpupilot.
fsl_targetdistance_confirm_source5x5_s201_206_20260713_1637_n0-d3-dep4-md128-it486-x1p00-s203-rg0,source_delta_support_process_control,canonical,4,72,64,128,203,486,254803968,524288,16,2048,40,1,L,fsl-targetdistance-confirm-source5x5-s201-206-20260713-1637-n0-d3-dep4-md128-it486-x1p00-s203-rg0,0,3,roihu_delta_support_process_control,4,254803968,524288,Fresh 5x5 source union for a frozen target-distance confirmation. The same measured source rows are reused for sealed x100 and x150 referees.,controlled_model_dim_source_prefix_smalln_5x5,4980784.0,4980784.0,0.0,0.162821576719,13,5p_to_3x3_to_4x4_to_5x5_nested,16,1.305337,0,486,254803968,1.0,offline_union_5x5_target_distance_confirmation,0:3,0:0;0:1;0:2;0:3;0:4;1:0;1:1;1:2;1:3;1:4;2:0;2:1;2:2;2:3;2:4;3:0;3:1;3:2;3:3;3:4;4:0;4:1;4:2;4:3;4:4,target_distance_confirmation_5x5,"train_seed,train_row_group_start,train_length_multiplier",held_out_evaluation_only,Submit GPU jobs to gpumedium; do not use pilot/gpupilot.
fsl_targetdistance_confirm_source5x5_s201_206_20260713_1637_n0-d3-dep4-md128-it486-x1p00-s204-rg0,source_delta_support_process_control,canonical,4,72,64,128,204,486,254803968,524288,16,2048,40,1,L,fsl-targetdistance-confirm-source5x5-s201-206-20260713-1637-n0-d3-dep4-md128-it486-x1p00-s204-rg0,0,3,roihu_delta_support_process_control,4,254803968,524288,Fresh 5x5 source union for a frozen target-distance confirmation. The same measured source rows are reused for sealed x100 and x150 referees.,controlled_model_dim_source_prefix_smalln_5x5,4980784.0,4980784.0,0.0,0.162821576719,13,5p_to_3x3_to_4x4_to_5x5_nested,16,1.305337,0,486,254803968,1.0,offline_union_5x5_target_distance_confirmation,0:3,0:0;0:1;0:2;0:3;0:4;1:0;1:1;1:2;1:3;1:4;2:0;2:1;2:2;2:3;2:4;3:0;3:1;3:2;3:3;3:4;4:0;4:1;4:2;4:3;4:4,target_distance_confirmation_5x5,"train_seed,train_row_group_start,train_length_multiplier",held_out_evaluation_only,Submit GPU jobs to gpumedium; do not use pilot/gpupilot.
fsl_targetdistance_confirm_source5x5_s201_206_20260713_1637_n0-d3-dep4-md128-it486-x1p00-s205-rg0,source_delta_support_process_control,canonical,4,72,64,128,205,486,254803968,524288,16,2048,40,1,L,fsl-targetdistance-confirm-source5x5-s201-206-20260713-1637-n0-d3-dep4-md128-it486-x1p00-s205-rg0,0,3,roihu_delta_support_process_control,4,254803968,524288,Fresh 5x5 source union for a frozen target-distance confirmation. The same measured source rows are reused for sealed x100 and x150 referees.,controlled_model_dim_source_prefix_smalln_5x5,4980784.0,4980784.0,0.0,0.162821576719,13,5p_to_3x3_to_4x4_to_5x5_nested,16,1.305337,0,486,254803968,1.0,offline_union_5x5_target_distance_confirmation,0:3,0:0;0:1;0:2;0:3;0:4;1:0;1:1;1:2;1:3;1:4;2:0;2:1;2:2;2:3;2:4;3:0;3:1;3:2;3:3;3:4;4:0;4:1;4:2;4:3;4:4,target_distance_confirmation_5x5,"train_seed,train_row_group_start,train_length_multiplier",held_out_evaluation_only,Submit GPU jobs to gpumedium; do not use pilot/gpupilot.
fsl_targetdistance_confirm_source5x5_s201_206_20260713_1637_n0-d3-dep4-md128-it486-x1p00-s206-rg0,source_delta_support_process_control,canonical,4,72,64,128,206,486,254803968,524288,16,2048,40,1,L,fsl-targetdistance-confirm-source5x5-s201-206-20260713-1637-n0-d3-dep4-md128-it486-x1p00-s206-rg0,0,3,roihu_delta_support_process_control,4,254803968,524288,Fresh 5x5 source union for a frozen target-distance confirmation. The same measured source rows are reused for sealed x100 and x150 referees.,controlled_model_dim_source_prefix_smalln_5x5,4980784.0,4980784.0,0.0,0.162821576719,13,5p_to_3x3_to_4x4_to_5x5_nested,16,1.305337,0,486,254803968,1.0,offline_union_5x5_target_distance_confirmation,0:3,0:0;0:1;0:2;0:3;0:4;1:0;1:1;1:2;1:3;1:4;2:0;2:1;2:2;2:3;2:4;3:0;3:1;3:2;3:3;3:4;4:0;4:1;4:2;4:3;4:4,target_distance_confirmation_5x5,"train_seed,train_row_group_start,train_length_multiplier",held_out_evaluation_only,Submit GPU jobs to gpumedium; do not use pilot/gpupilot.
fsl_targetdistance_confirm_source5x5_s201_206_20260713_1637_n0-d4-dep4-md128-it729-x1p00-s201-rg0,source_delta_support_process_control,canonical,4,72,64,128,201,729,382205952,524288,16,2048,40,1,L,fsl-targetdistance-confirm-source5x5-s201-206-20260713-1637-n0-d4-dep4-md128-it729-x1p00-s201-rg0,0,4,roihu_delta_support_process_control,4,382205952,524288,Fresh 5x5 source union for a frozen target-distance confirmation. The same measured source rows are reused for sealed x100 and x150 referees.,controlled_model_dim_source_prefix_smalln_5x5,4980784.0,4980784.0,0.0,0.162821576719,21,5p_to_3x3_to_4x4_to_5x5_nested,25,1.305337,0,729,382205952,1.0,offline_union_5x5_target_distance_confirmation,0:4,0:0;0:1;0:2;0:3;0:4;1:0;1:1;1:2;1:3;1:4;2:0;2:1;2:2;2:3;2:4;3:0;3:1;3:2;3:3;3:4;4:0;4:1;4:2;4:3;4:4,target_distance_confirmation_5x5,"train_seed,train_row_group_start,train_length_multiplier",held_out_evaluation_only,Submit GPU jobs to gpumedium; do not use pilot/gpupilot.
fsl_targetdistance_confirm_source5x5_s201_206_20260713_1637_n0-d4-dep4-md128-it729-x1p00-s202-rg0,source_delta_support_process_control,canonical,4,72,64,128,202,729,382205952,524288,16,2048,40,1,L,fsl-targetdistance-confirm-source5x5-s201-206-20260713-1637-n0-d4-dep4-md128-it729-x1p00-s202-rg0,0,4,roihu_delta_support_process_control,4,382205952,524288,Fresh 5x5 source union for a frozen target-distance confirmation. The same measured source rows are reused for sealed x100 and x150 referees.,controlled_model_dim_source_prefix_smalln_5x5,4980784.0,4980784.0,0.0,0.162821576719,21,5p_to_3x3_to_4x4_to_5x5_nested,25,1.305337,0,729,382205952,1.0,offline_union_5x5_target_distance_confirmation,0:4,0:0;0:1;0:2;0:3;0:4;1:0;1:1;1:2;1:3;1:4;2:0;2:1;2:2;2:3;2:4;3:0;3:1;3:2;3:3;3:4;4:0;4:1;4:2;4:3;4:4,target_distance_confirmation_5x5,"train_seed,train_row_group_start,train_length_multiplier",held_out_evaluation_only,Submit GPU jobs to gpumedium; do not use pilot/gpupilot.
fsl_targetdistance_confirm_source5x5_s201_206_20260713_1637_n0-d4-dep4-md128-it729-x1p00-s203-rg0,source_delta_support_process_control,canonical,4,72,64,128,203,729,382205952,524288,16,2048,40,1,L,fsl-targetdistance-confirm-source5x5-s201-206-20260713-1637-n0-d4-dep4-md128-it729-x1p00-s203-rg0,0,4,roihu_delta_support_process_control,4,382205952,524288,Fresh 5x5 source union for a frozen target-distance confirmation. The same measured source rows are reused for sealed x100 and x150 referees.,controlled_model_dim_source_prefix_smalln_5x5,4980784.0,4980784.0,0.0,0.162821576719,21,5p_to_3x3_to_4x4_to_5x5_nested,25,1.305337,0,729,382205952,1.0,offline_union_5x5_target_distance_confirmation,0:4,0:0;0:1;0:2;0:3;0:4;1:0;1:1;1:2;1:3;1:4;2:0;2:1;2:2;2:3;2:4;3:0;3:1;3:2;3:3;3:4;4:0;4:1;4:2;4:3;4:4,target_distance_confirmation_5x5,"train_seed,train_row_group_start,train_length_multiplier",held_out_evaluation_only,Submit GPU jobs to gpumedium; do not use pilot/gpupilot.
fsl_targetdistance_confirm_source5x5_s201_206_20260713_1637_n0-d4-dep4-md128-it729-x1p00-s204-rg0,source_delta_support_process_control,canonical,4,72,64,128,204,729,382205952,524288,16,2048,40,1,L,fsl-targetdistance-confirm-source5x5-s201-206-20260713-1637-n0-d4-dep4-md128-it729-x1p00-s204-rg0,0,4,roihu_delta_support_process_control,4,382205952,524288,Fresh 5x5 source union for a frozen target-distance confirmation. The same measured source rows are reused for sealed x100 and x150 referees.,controlled_model_dim_source_prefix_smalln_5x5,4980784.0,4980784.0,0.0,0.162821576719,21,5p_to_3x3_to_4x4_to_5x5_nested,25,1.305337,0,729,382205952,1.0,offline_union_5x5_target_distance_confirmation,0:4,0:0;0:1;0:2;0:3;0:4;1:0;1:1;1:2;1:3;1:4;2:0;2:1;2:2;2:3;2:4;3:0;3:1;3:2;3:3;3:4;4:0;4:1;4:2;4:3;4:4,target_distance_confirmation_5x5,"train_seed,train_row_group_start,train_length_multiplier",held_out_evaluation_only,Submit GPU jobs to gpumedium; do not use pilot/gpupilot.
fsl_targetdistance_confirm_source5x5_s201_206_20260713_1637_n0-d4-dep4-md128-it729-x1p00-s205-rg0,source_delta_support_process_control,canonical,4,72,64,128,205,729,382205952,524288,16,2048,40,1,L,fsl-targetdistance-confirm-source5x5-s201-206-20260713-1637-n0-d4-dep4-md128-it729-x1p00-s205-rg0,0,4,roihu_delta_support_process_control,4,382205952,524288,Fresh 5x5 source union for a frozen target-distance confirmation. The same measured source rows are reused for sealed x100 and x150 referees.,controlled_model_dim_source_prefix_smalln_5x5,4980784.0,4980784.0,0.0,0.162821576719,21,5p_to_3x3_to_4x4_to_5x5_nested,25,1.305337,0,729,382205952,1.0,offline_union_5x5_target_distance_confirmation,0:4,0:0;0:1;0:2;0:3;0:4;1:0;1:1;1:2;1:3;1:4;2:0;2:1;2:2;2:3;2:4;3:0;3:1;3:2;3:3;3:4;4:0;4:1;4:2;4:3;4:4,target_distance_confirmation_5x5,"train_seed,train_row_group_start,train_length_multiplier",held_out_evaluation_only,Submit GPU jobs to gpumedium; do not use pilot/gpupilot.
fsl_targetdistance_confirm_source5x5_s201_206_20260713_1637_n0-d4-dep4-md128-it729-x1p00-s206-rg0,source_delta_support_process_control,canonical,4,72,64,128,206,729,382205952,524288,16,2048,40,1,L,fsl-targetdistance-confirm-source5x5-s201-206-20260713-1637-n0-d4-dep4-md128-it729-x1p00-s206-rg0,0,4,roihu_delta_support_process_control,4,382205952,524288,Fresh 5x5 source union for a frozen target-distance confirmation. The same measured source rows are reused for sealed x100 and x150 referees.,controlled_model_dim_source_prefix_smalln_5x5,4980784.0,4980784.0,0.0,0.162821576719,21,5p_to_3x3_to_4x4_to_5x5_nested,25,1.305337,0,729,382205952,1.0,offline_union_5x5_target_distance_confirmation,0:4,0:0;0:1;0:2;0:3;0:4;1:0;1:1;1:2;1:3;1:4;2:0;2:1;2:2;2:3;2:4;3:0;3:1;3:2;3:3;3:4;4:0;4:1;4:2;4:3;4:4,target_distance_confirmation_5x5,"train_seed,train_row_group_start,train_length_multiplier",held_out_evaluation_only,Submit GPU jobs to gpumedium; do not use pilot/gpupilot.
fsl_targetdistance_confirm_source5x5_s201_206_20260713_1637_n1-d0-dep4-md192-it144-x1p00-s201-rg0,source_delta_support_process_control,canonical,4,72,64,192,201,144,75497472,524288,16,2048,40,1,L,fsl-targetdistance-confirm-source5x5-s201-206-20260713-1637-n1-d0-dep4-md192-it144-x1p00-s201-rg0,1,0,roihu_delta_support_process_control,4,75497472,524288,Fresh 5x5 source union for a frozen target-distance confirmation. The same measured source rows are reused for sealed x100 and x150 referees.,controlled_model_dim_source_prefix_smalln_5x5,8061000.0,8061000.0,0.0,0.162821576719,2,5p_to_3x3_to_4x4_to_5x5_nested,5,1.305337,0,144,75497472,1.0,offline_union_5x5_target_distance_confirmation,1:0,0:0;0:1;0:2;0:3;0:4;1:0;1:1;1:2;1:3;1:4;2:0;2:1;2:2;2:3;2:4;3:0;3:1;3:2;3:3;3:4;4:0;4:1;4:2;4:3;4:4,target_distance_confirmation_5x5,"train_seed,train_row_group_start,train_length_multiplier",held_out_evaluation_only,Submit GPU jobs to gpumedium; do not use pilot/gpupilot.
fsl_targetdistance_confirm_source5x5_s201_206_20260713_1637_n1-d0-dep4-md192-it144-x1p00-s202-rg0,source_delta_support_process_control,canonical,4,72,64,192,202,144,75497472,524288,16,2048,40,1,L,fsl-targetdistance-confirm-source5x5-s201-206-20260713-1637-n1-d0-dep4-md192-it144-x1p00-s202-rg0,1,0,roihu_delta_support_process_control,4,75497472,524288,Fresh 5x5 source union for a frozen target-distance confirmation. The same measured source rows are reused for sealed x100 and x150 referees.,controlled_model_dim_source_prefix_smalln_5x5,8061000.0,8061000.0,0.0,0.162821576719,2,5p_to_3x3_to_4x4_to_5x5_nested,5,1.305337,0,144,75497472,1.0,offline_union_5x5_target_distance_confirmation,1:0,0:0;0:1;0:2;0:3;0:4;1:0;1:1;1:2;1:3;1:4;2:0;2:1;2:2;2:3;2:4;3:0;3:1;3:2;3:3;3:4;4:0;4:1;4:2;4:3;4:4,target_distance_confirmation_5x5,"train_seed,train_row_group_start,train_length_multiplier",held_out_evaluation_only,Submit GPU jobs to gpumedium; do not use pilot/gpupilot.
fsl_targetdistance_confirm_source5x5_s201_206_20260713_1637_n1-d0-dep4-md192-it144-x1p00-s203-rg0,source_delta_support_process_control,canonical,4,72,64,192,203,144,75497472,524288,16,2048,40,1,L,fsl-targetdistance-confirm-source5x5-s201-206-20260713-1637-n1-d0-dep4-md192-it144-x1p00-s203-rg0,1,0,roihu_delta_support_process_control,4,75497472,524288,Fresh 5x5 source union for a frozen target-distance confirmation. The same measured source rows are reused for sealed x100 and x150 referees.,controlled_model_dim_source_prefix_smalln_5x5,8061000.0,8061000.0,0.0,0.162821576719,2,5p_to_3x3_to_4x4_to_5x5_nested,5,1.305337,0,144,75497472,1.0,offline_union_5x5_target_distance_confirmation,1:0,0:0;0:1;0:2;0:3;0:4;1:0;1:1;1:2;1:3;1:4;2:0;2:1;2:2;2:3;2:4;3:0;3:1;3:2;3:3;3:4;4:0;4:1;4:2;4:3;4:4,target_distance_confirmation_5x5,"train_seed,train_row_group_start,train_length_multiplier",held_out_evaluation_only,Submit GPU jobs to gpumedium; do not use pilot/gpupilot.
fsl_targetdistance_confirm_source5x5_s201_206_20260713_1637_n1-d0-dep4-md192-it144-x1p00-s204-rg0,source_delta_support_process_control,canonical,4,72,64,192,204,144,75497472,524288,16,2048,40,1,L,fsl-targetdistance-confirm-source5x5-s201-206-20260713-1637-n1-d0-dep4-md192-it144-x1p00-s204-rg0,1,0,roihu_delta_support_process_control,4,75497472,524288,Fresh 5x5 source union for a frozen target-distance confirmation. The same measured source rows are reused for sealed x100 and x150 referees.,controlled_model_dim_source_prefix_smalln_5x5,8061000.0,8061000.0,0.0,0.162821576719,2,5p_to_3x3_to_4x4_to_5x5_nested,5,1.305337,0,144,75497472,1.0,offline_union_5x5_target_distance_confirmation,1:0,0:0;0:1;0:2;0:3;0:4;1:0;1:1;1:2;1:3;1:4;2:0;2:1;2:2;2:3;2:4;3:0;3:1;3:2;3:3;3:4;4:0;4:1;4:2;4:3;4:4,target_distance_confirmation_5x5,"train_seed,train_row_group_start,train_length_multiplier",held_out_evaluation_only,Submit GPU jobs to gpumedium; do not use pilot/gpupilot.
fsl_targetdistance_confirm_source5x5_s201_206_20260713_1637_n1-d0-dep4-md192-it144-x1p00-s205-rg0,source_delta_support_process_control,canonical,4,72,64,192,205,144,75497472,524288,16,2048,40,1,L,fsl-targetdistance-confirm-source5x5-s201-206-20260713-1637-n1-d0-dep4-md192-it144-x1p00-s205-rg0,1,0,roihu_delta_support_process_control,4,75497472,524288,Fresh 5x5 source union for a frozen target-distance confirmation. The same measured source rows are reused for sealed x100 and x150 referees.,controlled_model_dim_source_prefix_smalln_5x5,8061000.0,8061000.0,0.0,0.162821576719,2,5p_to_3x3_to_4x4_to_5x5_nested,5,1.305337,0,144,75497472,1.0,offline_union_5x5_target_distance_confirmation,1:0,0:0;0:1;0:2;0:3;0:4;1:0;1:1;1:2;1:3;1:4;2:0;2:1;2:2;2:3;2:4;3:0;3:1;3:2;3:3;3:4;4:0;4:1;4:2;4:3;4:4,target_distance_confirmation_5x5,"train_seed,train_row_group_start,train_length_multiplier",held_out_evaluation_only,Submit GPU jobs to gpumedium; do not use pilot/gpupilot.
fsl_targetdistance_confirm_source5x5_s201_206_20260713_1637_n1-d0-dep4-md192-it144-x1p00-s206-rg0,source_delta_support_process_control,canonical,4,72,64,192,206,144,75497472,524288,16,2048,40,1,L,fsl-targetdistance-confirm-source5x5-s201-206-20260713-1637-n1-d0-dep4-md192-it144-x1p00-s206-rg0,1,0,roihu_delta_support_process_control,4,75497472,524288,Fresh 5x5 source union for a frozen target-distance confirmation. The same measured source rows are reused for sealed x100 and x150 referees.,controlled_model_dim_source_prefix_smalln_5x5,8061000.0,8061000.0,0.0,0.162821576719,2,5p_to_3x3_to_4x4_to_5x5_nested,5,1.305337,0,144,75497472,1.0,offline_union_5x5_target_distance_confirmation,1:0,0:0;0:1;0:2;0:3;0:4;1:0;1:1;1:2;1:3;1:4;2:0;2:1;2:2;2:3;2:4;3:0;3:1;3:2;3:3;3:4;4:0;4:1;4:2;4:3;4:4,target_distance_confirmation_5x5,"train_seed,train_row_group_start,train_length_multiplier",held_out_evaluation_only,Submit GPU jobs to gpumedium; do not use pilot/gpupilot.
fsl_targetdistance_confirm_source5x5_s201_206_20260713_1637_n1-d1-dep4-md192-it216-x1p00-s201-rg0,source_delta_support_process_control,canonical,4,72,64,192,201,216,113246208,524288,16,2048,40,1,L,fsl-targetdistance-confirm-source5x5-s201-206-20260713-1637-n1-d1-dep4-md192-it216-x1p00-s201-rg0,1,1,roihu_delta_support_process_control,4,113246208,524288,Fresh 5x5 source union for a frozen target-distance confirmation. The same measured source rows are reused for sealed x100 and x150 referees.,controlled_model_dim_source_prefix_smalln_5x5,8061000.0,8061000.0,0.0,0.162821576719,6,5p_to_3x3_to_4x4_to_5x5_nested,9,1.305337,0,216,113246208,1.0,offline_union_5x5_target_distance_confirmation,1:1,0:0;0:1;0:2;0:3;0:4;1:0;1:1;1:2;1:3;1:4;2:0;2:1;2:2;2:3;2:4;3:0;3:1;3:2;3:3;3:4;4:0;4:1;4:2;4:3;4:4,target_distance_confirmation_5x5,"train_seed,train_row_group_start,train_length_multiplier",held_out_evaluation_only,Submit GPU jobs to gpumedium; do not use pilot/gpupilot.
fsl_targetdistance_confirm_source5x5_s201_206_20260713_1637_n1-d1-dep4-md192-it216-x1p00-s202-rg0,source_delta_support_process_control,canonical,4,72,64,192,202,216,113246208,524288,16,2048,40,1,L,fsl-targetdistance-confirm-source5x5-s201-206-20260713-1637-n1-d1-dep4-md192-it216-x1p00-s202-rg0,1,1,roihu_delta_support_process_control,4,113246208,524288,Fresh 5x5 source union for a frozen target-distance confirmation. The same measured source rows are reused for sealed x100 and x150 referees.,controlled_model_dim_source_prefix_smalln_5x5,8061000.0,8061000.0,0.0,0.162821576719,6,5p_to_3x3_to_4x4_to_5x5_nested,9,1.305337,0,216,113246208,1.0,offline_union_5x5_target_distance_confirmation,1:1,0:0;0:1;0:2;0:3;0:4;1:0;1:1;1:2;1:3;1:4;2:0;2:1;2:2;2:3;2:4;3:0;3:1;3:2;3:3;3:4;4:0;4:1;4:2;4:3;4:4,target_distance_confirmation_5x5,"train_seed,train_row_group_start,train_length_multiplier",held_out_evaluation_only,Submit GPU jobs to gpumedium; do not use pilot/gpupilot.
fsl_targetdistance_confirm_source5x5_s201_206_20260713_1637_n1-d1-dep4-md192-it216-x1p00-s203-rg0,source_delta_support_process_control,canonical,4,72,64,192,203,216,113246208,524288,16,2048,40,1,L,fsl-targetdistance-confirm-source5x5-s201-206-20260713-1637-n1-d1-dep4-md192-it216-x1p00-s203-rg0,1,1,roihu_delta_support_process_control,4,113246208,524288,Fresh 5x5 source union for a frozen target-distance confirmation. The same measured source rows are reused for sealed x100 and x150 referees.,controlled_model_dim_source_prefix_smalln_5x5,8061000.0,8061000.0,0.0,0.162821576719,6,5p_to_3x3_to_4x4_to_5x5_nested,9,1.305337,0,216,113246208,1.0,offline_union_5x5_target_distance_confirmation,1:1,0:0;0:1;0:2;0:3;0:4;1:0;1:1;1:2;1:3;1:4;2:0;2:1;2:2;2:3;2:4;3:0;3:1;3:2;3:3;3:4;4:0;4:1;4:2;4:3;4:4,target_distance_confirmation_5x5,"train_seed,train_row_group_start,train_length_multiplier",held_out_evaluation_only,Submit GPU jobs to gpumedium; do not use pilot/gpupilot.
fsl_targetdistance_confirm_source5x5_s201_206_20260713_1637_n1-d1-dep4-md192-it216-x1p00-s204-rg0,source_delta_support_process_control,canonical,4,72,64,192,204,216,113246208,524288,16,2048,40,1,L,fsl-targetdistance-confirm-source5x5-s201-206-20260713-1637-n1-d1-dep4-md192-it216-x1p00-s204-rg0,1,1,roihu_delta_support_process_control,4,113246208,524288,Fresh 5x5 source union for a frozen target-distance confirmation. The same measured source rows are reused for sealed x100 and x150 referees.,controlled_model_dim_source_prefix_smalln_5x5,8061000.0,8061000.0,0.0,0.162821576719,6,5p_to_3x3_to_4x4_to_5x5_nested,9,1.305337,0,216,113246208,1.0,offline_union_5x5_target_distance_confirmation,1:1,0:0;0:1;0:2;0:3;0:4;1:0;1:1;1:2;1:3;1:4;2:0;2:1;2:2;2:3;2:4;3:0;3:1;3:2;3:3;3:4;4:0;4:1;4:2;4:3;4:4,target_distance_confirmation_5x5,"train_seed,train_row_group_start,train_length_multiplier",held_out_evaluation_only,Submit GPU jobs to gpumedium; do not use pilot/gpupilot.
fsl_targetdistance_confirm_source5x5_s201_206_20260713_1637_n1-d1-dep4-md192-it216-x1p00-s205-rg0,source_delta_support_process_control,canonical,4,72,64,192,205,216,113246208,524288,16,2048,40,1,L,fsl-targetdistance-confirm-source5x5-s201-206-20260713-1637-n1-d1-dep4-md192-it216-x1p00-s205-rg0,1,1,roihu_delta_support_process_control,4,113246208,524288,Fresh 5x5 source union for a frozen target-distance confirmation. The same measured source rows are reused for sealed x100 and x150 referees.,controlled_model_dim_source_prefix_smalln_5x5,8061000.0,8061000.0,0.0,0.162821576719,6,5p_to_3x3_to_4x4_to_5x5_nested,9,1.305337,0,216,113246208,1.0,offline_union_5x5_target_distance_confirmation,1:1,0:0;0:1;0:2;0:3;0:4;1:0;1:1;1:2;1:3;1:4;2:0;2:1;2:2;2:3;2:4;3:0;3:1;3:2;3:3;3:4;4:0;4:1;4:2;4:3;4:4,target_distance_confirmation_5x5,"train_seed,train_row_group_start,train_length_multiplier",held_out_evaluation_only,Submit GPU jobs to gpumedium; do not use pilot/gpupilot.
fsl_targetdistance_confirm_source5x5_s201_206_20260713_1637_n1-d1-dep4-md192-it216-x1p00-s206-rg0,source_delta_support_process_control,canonical,4,72,64,192,206,216,113246208,524288,16,2048,40,1,L,fsl-targetdistance-confirm-source5x5-s201-206-20260713-1637-n1-d1-dep4-md192-it216-x1p00-s206-rg0,1,1,roihu_delta_support_process_control,4,113246208,524288,Fresh 5x5 source union for a frozen target-distance confirmation. The same measured source rows are reused for sealed x100 and x150 referees.,controlled_model_dim_source_prefix_smalln_5x5,8061000.0,8061000.0,0.0,0.162821576719,6,5p_to_3x3_to_4x4_to_5x5_nested,9,1.305337,0,216,113246208,1.0,offline_union_5x5_target_distance_confirmation,1:1,0:0;0:1;0:2;0:3;0:4;1:0;1:1;1:2;1:3;1:4;2:0;2:1;2:2;2:3;2:4;3:0;3:1;3:2;3:3;3:4;4:0;4:1;4:2;4:3;4:4,target_distance_confirmation_5x5,"train_seed,train_row_group_start,train_length_multiplier",held_out_evaluation_only,Submit GPU jobs to gpumedium; do not use pilot/gpupilot.
fsl_targetdistance_confirm_source5x5_s201_206_20260713_1637_n1-d2-dep4-md192-it324-x1p00-s201-rg0,source_delta_support_process_control,canonical,4,72,64,192,201,324,169869312,524288,16,2048,40,1,L,fsl-targetdistance-confirm-source5x5-s201-206-20260713-1637-n1-d2-dep4-md192-it324-x1p00-s201-rg0,1,2,roihu_delta_support_process_control,4,169869312,524288,Fresh 5x5 source union for a frozen target-distance confirmation. The same measured source rows are reused for sealed x100 and x150 referees.,controlled_model_dim_source_prefix_smalln_5x5,8061000.0,8061000.0,0.0,0.162821576719,7,5p_to_3x3_to_4x4_to_5x5_nested,9,1.305337,0,324,169869312,1.0,offline_union_5x5_target_distance_confirmation,1:2,0:0;0:1;0:2;0:3;0:4;1:0;1:1;1:2;1:3;1:4;2:0;2:1;2:2;2:3;2:4;3:0;3:1;3:2;3:3;3:4;4:0;4:1;4:2;4:3;4:4,target_distance_confirmation_5x5,"train_seed,train_row_group_start,train_length_multiplier",held_out_evaluation_only,Submit GPU jobs to gpumedium; do not use pilot/gpupilot.
fsl_targetdistance_confirm_source5x5_s201_206_20260713_1637_n1-d2-dep4-md192-it324-x1p00-s202-rg0,source_delta_support_process_control,canonical,4,72,64,192,202,324,169869312,524288,16,2048,40,1,L,fsl-targetdistance-confirm-source5x5-s201-206-20260713-1637-n1-d2-dep4-md192-it324-x1p00-s202-rg0,1,2,roihu_delta_support_process_control,4,169869312,524288,Fresh 5x5 source union for a frozen target-distance confirmation. The same measured source rows are reused for sealed x100 and x150 referees.,controlled_model_dim_source_prefix_smalln_5x5,8061000.0,8061000.0,0.0,0.162821576719,7,5p_to_3x3_to_4x4_to_5x5_nested,9,1.305337,0,324,169869312,1.0,offline_union_5x5_target_distance_confirmation,1:2,0:0;0:1;0:2;0:3;0:4;1:0;1:1;1:2;1:3;1:4;2:0;2:1;2:2;2:3;2:4;3:0;3:1;3:2;3:3;3:4;4:0;4:1;4:2;4:3;4:4,target_distance_confirmation_5x5,"train_seed,train_row_group_start,train_length_multiplier",held_out_evaluation_only,Submit GPU jobs to gpumedium; do not use pilot/gpupilot.
fsl_targetdistance_confirm_source5x5_s201_206_20260713_1637_n1-d2-dep4-md192-it324-x1p00-s203-rg0,source_delta_support_process_control,canonical,4,72,64,192,203,324,169869312,524288,16,2048,40,1,L,fsl-targetdistance-confirm-source5x5-s201-206-20260713-1637-n1-d2-dep4-md192-it324-x1p00-s203-rg0,1,2,roihu_delta_support_process_control,4,169869312,524288,Fresh 5x5 source union for a frozen target-distance confirmation. The same measured source rows are reused for sealed x100 and x150 referees.,controlled_model_dim_source_prefix_smalln_5x5,8061000.0,8061000.0,0.0,0.162821576719,7,5p_to_3x3_to_4x4_to_5x5_nested,9,1.305337,0,324,169869312,1.0,offline_union_5x5_target_distance_confirmation,1:2,0:0;0:1;0:2;0:3;0:4;1:0;1:1;1:2;1:3;1:4;2:0;2:1;2:2;2:3;2:4;3:0;3:1;3:2;3:3;3:4;4:0;4:1;4:2;4:3;4:4,target_distance_confirmation_5x5,"train_seed,train_row_group_start,train_length_multiplier",held_out_evaluation_only,Submit GPU jobs to gpumedium; do not use pilot/gpupilot.
fsl_targetdistance_confirm_source5x5_s201_206_20260713_1637_n1-d2-dep4-md192-it324-x1p00-s204-rg0,source_delta_support_process_control,canonical,4,72,64,192,204,324,169869312,524288,16,2048,40,1,L,fsl-targetdistance-confirm-source5x5-s201-206-20260713-1637-n1-d2-dep4-md192-it324-x1p00-s204-rg0,1,2,roihu_delta_support_process_control,4,169869312,524288,Fresh 5x5 source union for a frozen target-distance confirmation. The same measured source rows are reused for sealed x100 and x150 referees.,controlled_model_dim_source_prefix_smalln_5x5,8061000.0,8061000.0,0.0,0.162821576719,7,5p_to_3x3_to_4x4_to_5x5_nested,9,1.305337,0,324,169869312,1.0,offline_union_5x5_target_distance_confirmation,1:2,0:0;0:1;0:2;0:3;0:4;1:0;1:1;1:2;1:3;1:4;2:0;2:1;2:2;2:3;2:4;3:0;3:1;3:2;3:3;3:4;4:0;4:1;4:2;4:3;4:4,target_distance_confirmation_5x5,"train_seed,train_row_group_start,train_length_multiplier",held_out_evaluation_only,Submit GPU jobs to gpumedium; do not use pilot/gpupilot.
fsl_targetdistance_confirm_source5x5_s201_206_20260713_1637_n1-d2-dep4-md192-it324-x1p00-s205-rg0,source_delta_support_process_control,canonical,4,72,64,192,205,324,169869312,524288,16,2048,40,1,L,fsl-targetdistance-confirm-source5x5-s201-206-20260713-1637-n1-d2-dep4-md192-it324-x1p00-s205-rg0,1,2,roihu_delta_support_process_control,4,169869312,524288,Fresh 5x5 source union for a frozen target-distance confirmation. The same measured source rows are reused for sealed x100 and x150 referees.,controlled_model_dim_source_prefix_smalln_5x5,8061000.0,8061000.0,0.0,0.162821576719,7,5p_to_3x3_to_4x4_to_5x5_nested,9,1.305337,0,324,169869312,1.0,offline_union_5x5_target_distance_confirmation,1:2,0:0;0:1;0:2;0:3;0:4;1:0;1:1;1:2;1:3;1:4;2:0;2:1;2:2;2:3;2:4;3:0;3:1;3:2;3:3;3:4;4:0;4:1;4:2;4:3;4:4,target_distance_confirmation_5x5,"train_seed,train_row_group_start,train_length_multiplier",held_out_evaluation_only,Submit GPU jobs to gpumedium; do not use pilot/gpupilot.
fsl_targetdistance_confirm_source5x5_s201_206_20260713_1637_n1-d2-dep4-md192-it324-x1p00-s206-rg0,source_delta_support_process_control,canonical,4,72,64,192,206,324,169869312,524288,16,2048,40,1,L,fsl-targetdistance-confirm-source5x5-s201-206-20260713-1637-n1-d2-dep4-md192-it324-x1p00-s206-rg0,1,2,roihu_delta_support_process_control,4,169869312,524288,Fresh 5x5 source union for a frozen target-distance confirmation. The same measured source rows are reused for sealed x100 and x150 referees.,controlled_model_dim_source_prefix_smalln_5x5,8061000.0,8061000.0,0.0,0.162821576719,7,5p_to_3x3_to_4x4_to_5x5_nested,9,1.305337,0,324,169869312,1.0,offline_union_5x5_target_distance_confirmation,1:2,0:0;0:1;0:2;0:3;0:4;1:0;1:1;1:2;1:3;1:4;2:0;2:1;2:2;2:3;2:4;3:0;3:1;3:2;3:3;3:4;4:0;4:1;4:2;4:3;4:4,target_distance_confirmation_5x5,"train_seed,train_row_group_start,train_length_multiplier",held_out_evaluation_only,Submit GPU jobs to gpumedium; do not use pilot/gpupilot.
fsl_targetdistance_confirm_source5x5_s201_206_20260713_1637_n1-d3-dep4-md192-it486-x1p00-s201-rg0,source_delta_support_process_control,canonical,4,72,64,192,201,486,254803968,524288,16,2048,40,1,L,fsl-targetdistance-confirm-source5x5-s201-206-20260713-1637-n1-d3-dep4-md192-it486-x1p00-s201-rg0,1,3,roihu_delta_support_process_control,4,254803968,524288,Fresh 5x5 source union for a frozen target-distance confirmation. The same measured source rows are reused for sealed x100 and x150 referees.,controlled_model_dim_source_prefix_smalln_5x5,8061000.0,8061000.0,0.0,0.162821576719,14,5p_to_3x3_to_4x4_to_5x5_nested,16,1.305337,0,486,254803968,1.0,offline_union_5x5_target_distance_confirmation,1:3,0:0;0:1;0:2;0:3;0:4;1:0;1:1;1:2;1:3;1:4;2:0;2:1;2:2;2:3;2:4;3:0;3:1;3:2;3:3;3:4;4:0;4:1;4:2;4:3;4:4,target_distance_confirmation_5x5,"train_seed,train_row_group_start,train_length_multiplier",held_out_evaluation_only,Submit GPU jobs to gpumedium; do not use pilot/gpupilot.
fsl_targetdistance_confirm_source5x5_s201_206_20260713_1637_n1-d3-dep4-md192-it486-x1p00-s202-rg0,source_delta_support_process_control,canonical,4,72,64,192,202,486,254803968,524288,16,2048,40,1,L,fsl-targetdistance-confirm-source5x5-s201-206-20260713-1637-n1-d3-dep4-md192-it486-x1p00-s202-rg0,1,3,roihu_delta_support_process_control,4,254803968,524288,Fresh 5x5 source union for a frozen target-distance confirmation. The same measured source rows are reused for sealed x100 and x150 referees.,controlled_model_dim_source_prefix_smalln_5x5,8061000.0,8061000.0,0.0,0.162821576719,14,5p_to_3x3_to_4x4_to_5x5_nested,16,1.305337,0,486,254803968,1.0,offline_union_5x5_target_distance_confirmation,1:3,0:0;0:1;0:2;0:3;0:4;1:0;1:1;1:2;1:3;1:4;2:0;2:1;2:2;2:3;2:4;3:0;3:1;3:2;3:3;3:4;4:0;4:1;4:2;4:3;4:4,target_distance_confirmation_5x5,"train_seed,train_row_group_start,train_length_multiplier",held_out_evaluation_only,Submit GPU jobs to gpumedium; do not use pilot/gpupilot.
fsl_targetdistance_confirm_source5x5_s201_206_20260713_1637_n1-d3-dep4-md192-it486-x1p00-s203-rg0,source_delta_support_process_control,canonical,4,72,64,192,203,486,254803968,524288,16,2048,40,1,L,fsl-targetdistance-confirm-source5x5-s201-206-20260713-1637-n1-d3-dep4-md192-it486-x1p00-s203-rg0,1,3,roihu_delta_support_process_control,4,254803968,524288,Fresh 5x5 source union for a frozen target-distance confirmation. The same measured source rows are reused for sealed x100 and x150 referees.,controlled_model_dim_source_prefix_smalln_5x5,8061000.0,8061000.0,0.0,0.162821576719,14,5p_to_3x3_to_4x4_to_5x5_nested,16,1.305337,0,486,254803968,1.0,offline_union_5x5_target_distance_confirmation,1:3,0:0;0:1;0:2;0:3;0:4;1:0;1:1;1:2;1:3;1:4;2:0;2:1;2:2;2:3;2:4;3:0;3:1;3:2;3:3;3:4;4:0;4:1;4:2;4:3;4:4,target_distance_confirmation_5x5,"train_seed,train_row_group_start,train_length_multiplier",held_out_evaluation_only,Submit GPU jobs to gpumedium; do not use pilot/gpupilot.
fsl_targetdistance_confirm_source5x5_s201_206_20260713_1637_n1-d3-dep4-md192-it486-x1p00-s204-rg0,source_delta_support_process_control,canonical,4,72,64,192,204,486,254803968,524288,16,2048,40,1,L,fsl-targetdistance-confirm-source5x5-s201-206-20260713-1637-n1-d3-dep4-md192-it486-x1p00-s204-rg0,1,3,roihu_delta_support_process_control,4,254803968,524288,Fresh 5x5 source union for a frozen target-distance confirmation. The same measured source rows are reused for sealed x100 and x150 referees.,controlled_model_dim_source_prefix_smalln_5x5,8061000.0,8061000.0,0.0,0.162821576719,14,5p_to_3x3_to_4x4_to_5x5_nested,16,1.305337,0,486,254803968,1.0,offline_union_5x5_target_distance_confirmation,1:3,0:0;0:1;0:2;0:3;0:4;1:0;1:1;1:2;1:3;1:4;2:0;2:1;2:2;2:3;2:4;3:0;3:1;3:2;3:3;3:4;4:0;4:1;4:2;4:3;4:4,target_distance_confirmation_5x5,"train_seed,train_row_group_start,train_length_multiplier",held_out_evaluation_only,Submit GPU jobs to gpumedium; do not use pilot/gpupilot.
fsl_targetdistance_confirm_source5x5_s201_206_20260713_1637_n1-d3-dep4-md192-it486-x1p00-s205-rg0,source_delta_support_process_control,canonical,4,72,64,192,205,486,254803968,524288,16,2048,40,1,L,fsl-targetdistance-confirm-source5x5-s201-206-20260713-1637-n1-d3-dep4-md192-it486-x1p00-s205-rg0,1,3,roihu_delta_support_process_control,4,254803968,524288,Fresh 5x5 source union for a frozen target-distance confirmation. The same measured source rows are reused for sealed x100 and x150 referees.,controlled_model_dim_source_prefix_smalln_5x5,8061000.0,8061000.0,0.0,0.162821576719,14,5p_to_3x3_to_4x4_to_5x5_nested,16,1.305337,0,486,254803968,1.0,offline_union_5x5_target_distance_confirmation,1:3,0:0;0:1;0:2;0:3;0:4;1:0;1:1;1:2;1:3;1:4;2:0;2:1;2:2;2:3;2:4;3:0;3:1;3:2;3:3;3:4;4:0;4:1;4:2;4:3;4:4,target_distance_confirmation_5x5,"train_seed,train_row_group_start,train_length_multiplier",held_out_evaluation_only,Submit GPU jobs to gpumedium; do not use pilot/gpupilot.
fsl_targetdistance_confirm_source5x5_s201_206_20260713_1637_n1-d3-dep4-md192-it486-x1p00-s206-rg0,source_delta_support_process_control,canonical,4,72,64,192,206,486,254803968,524288,16,2048,40,1,L,fsl-targetdistance-confirm-source5x5-s201-206-20260713-1637-n1-d3-dep4-md192-it486-x1p00-s206-rg0,1,3,roihu_delta_support_process_control,4,254803968,524288,Fresh 5x5 source union for a frozen target-distance confirmation. The same measured source rows are reused for sealed x100 and x150 referees.,controlled_model_dim_source_prefix_smalln_5x5,8061000.0,8061000.0,0.0,0.162821576719,14,5p_to_3x3_to_4x4_to_5x5_nested,16,1.305337,0,486,254803968,1.0,offline_union_5x5_target_distance_confirmation,1:3,0:0;0:1;0:2;0:3;0:4;1:0;1:1;1:2;1:3;1:4;2:0;2:1;2:2;2:3;2:4;3:0;3:1;3:2;3:3;3:4;4:0;4:1;4:2;4:3;4:4,target_distance_confirmation_5x5,"train_seed,train_row_group_start,train_length_multiplier",held_out_evaluation_only,Submit GPU jobs to gpumedium; do not use pilot/gpupilot.
fsl_targetdistance_confirm_source5x5_s201_206_20260713_1637_n1-d4-dep4-md192-it729-x1p00-s201-rg0,source_delta_support_process_control,canonical,4,72,64,192,201,729,382205952,524288,16,2048,40,1,L,fsl-targetdistance-confirm-source5x5-s201-206-20260713-1637-n1-d4-dep4-md192-it729-x1p00-s201-rg0,1,4,roihu_delta_support_process_control,4,382205952,524288,Fresh 5x5 source union for a frozen target-distance confirmation. The same measured source rows are reused for sealed x100 and x150 referees.,controlled_model_dim_source_prefix_smalln_5x5,8061000.0,8061000.0,0.0,0.162821576719,22,5p_to_3x3_to_4x4_to_5x5_nested,25,1.305337,0,729,382205952,1.0,offline_union_5x5_target_distance_confirmation,1:4,0:0;0:1;0:2;0:3;0:4;1:0;1:1;1:2;1:3;1:4;2:0;2:1;2:2;2:3;2:4;3:0;3:1;3:2;3:3;3:4;4:0;4:1;4:2;4:3;4:4,target_distance_confirmation_5x5,"train_seed,train_row_group_start,train_length_multiplier",held_out_evaluation_only,Submit GPU jobs to gpumedium; do not use pilot/gpupilot.
fsl_targetdistance_confirm_source5x5_s201_206_20260713_1637_n1-d4-dep4-md192-it729-x1p00-s202-rg0,source_delta_support_process_control,canonical,4,72,64,192,202,729,382205952,524288,16,2048,40,1,L,fsl-targetdistance-confirm-source5x5-s201-206-20260713-1637-n1-d4-dep4-md192-it729-x1p00-s202-rg0,1,4,roihu_delta_support_process_control,4,382205952,524288,Fresh 5x5 source union for a frozen target-distance confirmation. The same measured source rows are reused for sealed x100 and x150 referees.,controlled_model_dim_source_prefix_smalln_5x5,8061000.0,8061000.0,0.0,0.162821576719,22,5p_to_3x3_to_4x4_to_5x5_nested,25,1.305337,0,729,382205952,1.0,offline_union_5x5_target_distance_confirmation,1:4,0:0;0:1;0:2;0:3;0:4;1:0;1:1;1:2;1:3;1:4;2:0;2:1;2:2;2:3;2:4;3:0;3:1;3:2;3:3;3:4;4:0;4:1;4:2;4:3;4:4,target_distance_confirmation_5x5,"train_seed,train_row_group_start,train_length_multiplier",held_out_evaluation_only,Submit GPU jobs to gpumedium; do not use pilot/gpupilot.
fsl_targetdistance_confirm_source5x5_s201_206_20260713_1637_n1-d4-dep4-md192-it729-x1p00-s203-rg0,source_delta_support_process_control,canonical,4,72,64,192,203,729,382205952,524288,16,2048,40,1,L,fsl-targetdistance-confirm-source5x5-s201-206-20260713-1637-n1-d4-dep4-md192-it729-x1p00-s203-rg0,1,4,roihu_delta_support_process_control,4,382205952,524288,Fresh 5x5 source union for a frozen target-distance confirmation. The same measured source rows are reused for sealed x100 and x150 referees.,controlled_model_dim_source_prefix_smalln_5x5,8061000.0,8061000.0,0.0,0.162821576719,22,5p_to_3x3_to_4x4_to_5x5_nested,25,1.305337,0,729,382205952,1.0,offline_union_5x5_target_distance_confirmation,1:4,0:0;0:1;0:2;0:3;0:4;1:0;1:1;1:2;1:3;1:4;2:0;2:1;2:2;2:3;2:4;3:0;3:1;3:2;3:3;3:4;4:0;4:1;4:2;4:3;4:4,target_distance_confirmation_5x5,"train_seed,train_row_group_start,train_length_multiplier",held_out_evaluation_only,Submit GPU jobs to gpumedium; do not use pilot/gpupilot.
fsl_targetdistance_confirm_source5x5_s201_206_20260713_1637_n1-d4-dep4-md192-it729-x1p00-s204-rg0,source_delta_support_process_control,canonical,4,72,64,192,204,729,382205952,524288,16,2048,40,1,L,fsl-targetdistance-confirm-source5x5-s201-206-20260713-1637-n1-d4-dep4-md192-it729-x1p00-s204-rg0,1,4,roihu_delta_support_process_control,4,382205952,524288,Fresh 5x5 source union for a frozen target-distance confirmation. The same measured source rows are reused for sealed x100 and x150 referees.,controlled_model_dim_source_prefix_smalln_5x5,8061000.0,8061000.0,0.0,0.162821576719,22,5p_to_3x3_to_4x4_to_5x5_nested,25,1.305337,0,729,382205952,1.0,offline_union_5x5_target_distance_confirmation,1:4,0:0;0:1;0:2;0:3;0:4;1:0;1:1;1:2;1:3;1:4;2:0;2:1;2:2;2:3;2:4;3:0;3:1;3:2;3:3;3:4;4:0;4:1;4:2;4:3;4:4,target_distance_confirmation_5x5,"train_seed,train_row_group_start,train_length_multiplier",held_out_evaluation_only,Submit GPU jobs to gpumedium; do not use pilot/gpupilot.
fsl_targetdistance_confirm_source5x5_s201_206_20260713_1637_n1-d4-dep4-md192-it729-x1p00-s205-rg0,source_delta_support_process_control,canonical,4,72,64,192,205,729,382205952,524288,16,2048,40,1,L,fsl-targetdistance-confirm-source5x5-s201-206-20260713-1637-n1-d4-dep4-md192-it729-x1p00-s205-rg0,1,4,roihu_delta_support_process_control,4,382205952,524288,Fresh 5x5 source union for a frozen target-distance confirmation. The same measured source rows are reused for sealed x100 and x150 referees.,controlled_model_dim_source_prefix_smalln_5x5,8061000.0,8061000.0,0.0,0.162821576719,22,5p_to_3x3_to_4x4_to_5x5_nested,25,1.305337,0,729,382205952,1.0,offline_union_5x5_target_distance_confirmation,1:4,0:0;0:1;0:2;0:3;0:4;1:0;1:1;1:2;1:3;1:4;2:0;2:1;2:2;2:3;2:4;3:0;3:1;3:2;3:3;3:4;4:0;4:1;4:2;4:3;4:4,target_distance_confirmation_5x5,"train_seed,train_row_group_start,train_length_multiplier",held_out_evaluation_only,Submit GPU jobs to gpumedium; do not use pilot/gpupilot.
fsl_targetdistance_confirm_source5x5_s201_206_20260713_1637_n1-d4-dep4-md192-it729-x1p00-s206-rg0,source_delta_support_process_control,canonical,4,72,64,192,206,729,382205952,524288,16,2048,40,1,L,fsl-targetdistance-confirm-source5x5-s201-206-20260713-1637-n1-d4-dep4-md192-it729-x1p00-s206-rg0,1,4,roihu_delta_support_process_control,4,382205952,524288,Fresh 5x5 source union for a frozen target-distance confirmation. The same measured source rows are reused for sealed x100 and x150 referees.,controlled_model_dim_source_prefix_smalln_5x5,8061000.0,8061000.0,0.0,0.162821576719,22,5p_to_3x3_to_4x4_to_5x5_nested,25,1.305337,0,729,382205952,1.0,offline_union_5x5_target_distance_confirmation,1:4,0:0;0:1;0:2;0:3;0:4;1:0;1:1;1:2;1:3;1:4;2:0;2:1;2:2;2:3;2:4;3:0;3:1;3:2;3:3;3:4;4:0;4:1;4:2;4:3;4:4,target_distance_confirmation_5x5,"train_seed,train_row_group_start,train_length_multiplier",held_out_evaluation_only,Submit GPU jobs to gpumedium; do not use pilot/gpupilot.
fsl_targetdistance_confirm_source5x5_s201_206_20260713_1637_n2-d0-dep4-md320-it144-x1p00-s201-rg0,source_delta_support_process_control,canonical,4,72,64,320,201,144,75497472,524288,16,2048,40,1,L,fsl-targetdistance-confirm-source5x5-s201-206-20260713-1637-n2-d0-dep4-md320-it144-x1p00-s201-rg0,2,0,roihu_delta_support_process_control,4,75497472,524288,Fresh 5x5 source union for a frozen target-distance confirmation. The same measured source rows are reused for sealed x100 and x150 referees.,controlled_model_dim_source_prefix_smalln_5x5,15401080.0,15401080.0,0.0,0.162821576719,3,5p_to_3x3_to_4x4_to_5x5_nested,5,1.305337,0,144,75497472,1.0,offline_union_5x5_target_distance_confirmation,2:0,0:0;0:1;0:2;0:3;0:4;1:0;1:1;1:2;1:3;1:4;2:0;2:1;2:2;2:3;2:4;3:0;3:1;3:2;3:3;3:4;4:0;4:1;4:2;4:3;4:4,target_distance_confirmation_5x5,"train_seed,train_row_group_start,train_length_multiplier",held_out_evaluation_only,Submit GPU jobs to gpumedium; do not use pilot/gpupilot.
fsl_targetdistance_confirm_source5x5_s201_206_20260713_1637_n2-d0-dep4-md320-it144-x1p00-s202-rg0,source_delta_support_process_control,canonical,4,72,64,320,202,144,75497472,524288,16,2048,40,1,L,fsl-targetdistance-confirm-source5x5-s201-206-20260713-1637-n2-d0-dep4-md320-it144-x1p00-s202-rg0,2,0,roihu_delta_support_process_control,4,75497472,524288,Fresh 5x5 source union for a frozen target-distance confirmation. The same measured source rows are reused for sealed x100 and x150 referees.,controlled_model_dim_source_prefix_smalln_5x5,15401080.0,15401080.0,0.0,0.162821576719,3,5p_to_3x3_to_4x4_to_5x5_nested,5,1.305337,0,144,75497472,1.0,offline_union_5x5_target_distance_confirmation,2:0,0:0;0:1;0:2;0:3;0:4;1:0;1:1;1:2;1:3;1:4;2:0;2:1;2:2;2:3;2:4;3:0;3:1;3:2;3:3;3:4;4:0;4:1;4:2;4:3;4:4,target_distance_confirmation_5x5,"train_seed,train_row_group_start,train_length_multiplier",held_out_evaluation_only,Submit GPU jobs to gpumedium; do not use pilot/gpupilot.
fsl_targetdistance_confirm_source5x5_s201_206_20260713_1637_n2-d0-dep4-md320-it144-x1p00-s203-rg0,source_delta_support_process_control,canonical,4,72,64,320,203,144,75497472,524288,16,2048,40,1,L,fsl-targetdistance-confirm-source5x5-s201-206-20260713-1637-n2-d0-dep4-md320-it144-x1p00-s203-rg0,2,0,roihu_delta_support_process_control,4,75497472,524288,Fresh 5x5 source union for a frozen target-distance confirmation. The same measured source rows are reused for sealed x100 and x150 referees.,controlled_model_dim_source_prefix_smalln_5x5,15401080.0,15401080.0,0.0,0.162821576719,3,5p_to_3x3_to_4x4_to_5x5_nested,5,1.305337,0,144,75497472,1.0,offline_union_5x5_target_distance_confirmation,2:0,0:0;0:1;0:2;0:3;0:4;1:0;1:1;1:2;1:3;1:4;2:0;2:1;2:2;2:3;2:4;3:0;3:1;3:2;3:3;3:4;4:0;4:1;4:2;4:3;4:4,target_distance_confirmation_5x5,"train_seed,train_row_group_start,train_length_multiplier",held_out_evaluation_only,Submit GPU jobs to gpumedium; do not use pilot/gpupilot.
fsl_targetdistance_confirm_source5x5_s201_206_20260713_1637_n2-d0-dep4-md320-it144-x1p00-s204-rg0,source_delta_support_process_control,canonical,4,72,64,320,204,144,75497472,524288,16,2048,40,1,L,fsl-targetdistance-confirm-source5x5-s201-206-20260713-1637-n2-d0-dep4-md320-it144-x1p00-s204-rg0,2,0,roihu_delta_support_process_control,4,75497472,524288,Fresh 5x5 source union for a frozen target-distance confirmation. The same measured source rows are reused for sealed x100 and x150 referees.,controlled_model_dim_source_prefix_smalln_5x5,15401080.0,15401080.0,0.0,0.162821576719,3,5p_to_3x3_to_4x4_to_5x5_nested,5,1.305337,0,144,75497472,1.0,offline_union_5x5_target_distance_confirmation,2:0,0:0;0:1;0:2;0:3;0:4;1:0;1:1;1:2;1:3;1:4;2:0;2:1;2:2;2:3;2:4;3:0;3:1;3:2;3:3;3:4;4:0;4:1;4:2;4:3;4:4,target_distance_confirmation_5x5,"train_seed,train_row_group_start,train_length_multiplier",held_out_evaluation_only,Submit GPU jobs to gpumedium; do not use pilot/gpupilot.
fsl_targetdistance_confirm_source5x5_s201_206_20260713_1637_n2-d0-dep4-md320-it144-x1p00-s205-rg0,source_delta_support_process_control,canonical,4,72,64,320,205,144,75497472,524288,16,2048,40,1,L,fsl-targetdistance-confirm-source5x5-s201-206-20260713-1637-n2-d0-dep4-md320-it144-x1p00-s205-rg0,2,0,roihu_delta_support_process_control,4,75497472,524288,Fresh 5x5 source union for a frozen target-distance confirmation. The same measured source rows are reused for sealed x100 and x150 referees.,controlled_model_dim_source_prefix_smalln_5x5,15401080.0,15401080.0,0.0,0.162821576719,3,5p_to_3x3_to_4x4_to_5x5_nested,5,1.305337,0,144,75497472,1.0,offline_union_5x5_target_distance_confirmation,2:0,0:0;0:1;0:2;0:3;0:4;1:0;1:1;1:2;1:3;1:4;2:0;2:1;2:2;2:3;2:4;3:0;3:1;3:2;3:3;3:4;4:0;4:1;4:2;4:3;4:4,target_distance_confirmation_5x5,"train_seed,train_row_group_start,train_length_multiplier",held_out_evaluation_only,Submit GPU jobs to gpumedium; do not use pilot/gpupilot.
fsl_targetdistance_confirm_source5x5_s201_206_20260713_1637_n2-d0-dep4-md320-it144-x1p00-s206-rg0,source_delta_support_process_control,canonical,4,72,64,320,206,144,75497472,524288,16,2048,40,1,L,fsl-targetdistance-confirm-source5x5-s201-206-20260713-1637-n2-d0-dep4-md320-it144-x1p00-s206-rg0,2,0,roihu_delta_support_process_control,4,75497472,524288,Fresh 5x5 source union for a frozen target-distance confirmation. The same measured source rows are reused for sealed x100 and x150 referees.,controlled_model_dim_source_prefix_smalln_5x5,15401080.0,15401080.0,0.0,0.162821576719,3,5p_to_3x3_to_4x4_to_5x5_nested,5,1.305337,0,144,75497472,1.0,offline_union_5x5_target_distance_confirmation,2:0,0:0;0:1;0:2;0:3;0:4;1:0;1:1;1:2;1:3;1:4;2:0;2:1;2:2;2:3;2:4;3:0;3:1;3:2;3:3;3:4;4:0;4:1;4:2;4:3;4:4,target_distance_confirmation_5x5,"train_seed,train_row_group_start,train_length_multiplier",held_out_evaluation_only,Submit GPU jobs to gpumedium; do not use pilot/gpupilot.
fsl_targetdistance_confirm_source5x5_s201_206_20260713_1637_n2-d1-dep4-md320-it216-x1p00-s201-rg0,source_delta_support_process_control,canonical,4,72,64,320,201,216,113246208,524288,16,2048,40,1,L,fsl-targetdistance-confirm-source5x5-s201-206-20260713-1637-n2-d1-dep4-md320-it216-x1p00-s201-rg0,2,1,roihu_delta_support_process_control,4,113246208,524288,Fresh 5x5 source union for a frozen target-distance confirmation. The same measured source rows are reused for sealed x100 and x150 referees.,controlled_model_dim_source_prefix_smalln_5x5,15401080.0,15401080.0,0.0,0.162821576719,8,5p_to_3x3_to_4x4_to_5x5_nested,9,1.305337,0,216,113246208,1.0,offline_union_5x5_target_distance_confirmation,2:1,0:0;0:1;0:2;0:3;0:4;1:0;1:1;1:2;1:3;1:4;2:0;2:1;2:2;2:3;2:4;3:0;3:1;3:2;3:3;3:4;4:0;4:1;4:2;4:3;4:4,target_distance_confirmation_5x5,"train_seed,train_row_group_start,train_length_multiplier",held_out_evaluation_only,Submit GPU jobs to gpumedium; do not use pilot/gpupilot.
fsl_targetdistance_confirm_source5x5_s201_206_20260713_1637_n2-d1-dep4-md320-it216-x1p00-s202-rg0,source_delta_support_process_control,canonical,4,72,64,320,202,216,113246208,524288,16,2048,40,1,L,fsl-targetdistance-confirm-source5x5-s201-206-20260713-1637-n2-d1-dep4-md320-it216-x1p00-s202-rg0,2,1,roihu_delta_support_process_control,4,113246208,524288,Fresh 5x5 source union for a frozen target-distance confirmation. The same measured source rows are reused for sealed x100 and x150 referees.,controlled_model_dim_source_prefix_smalln_5x5,15401080.0,15401080.0,0.0,0.162821576719,8,5p_to_3x3_to_4x4_to_5x5_nested,9,1.305337,0,216,113246208,1.0,offline_union_5x5_target_distance_confirmation,2:1,0:0;0:1;0:2;0:3;0:4;1:0;1:1;1:2;1:3;1:4;2:0;2:1;2:2;2:3;2:4;3:0;3:1;3:2;3:3;3:4;4:0;4:1;4:2;4:3;4:4,target_distance_confirmation_5x5,"train_seed,train_row_group_start,train_length_multiplier",held_out_evaluation_only,Submit GPU jobs to gpumedium; do not use pilot/gpupilot.
fsl_targetdistance_confirm_source5x5_s201_206_20260713_1637_n2-d1-dep4-md320-it216-x1p00-s203-rg0,source_delta_support_process_control,canonical,4,72,64,320,203,216,113246208,524288,16,2048,40,1,L,fsl-targetdistance-confirm-source5x5-s201-206-20260713-1637-n2-d1-dep4-md320-it216-x1p00-s203-rg0,2,1,roihu_delta_support_process_control,4,113246208,524288,Fresh 5x5 source union for a frozen target-distance confirmation. The same measured source rows are reused for sealed x100 and x150 referees.,controlled_model_dim_source_prefix_smalln_5x5,15401080.0,15401080.0,0.0,0.162821576719,8,5p_to_3x3_to_4x4_to_5x5_nested,9,1.305337,0,216,113246208,1.0,offline_union_5x5_target_distance_confirmation,2:1,0:0;0:1;0:2;0:3;0:4;1:0;1:1;1:2;1:3;1:4;2:0;2:1;2:2;2:3;2:4;3:0;3:1;3:2;3:3;3:4;4:0;4:1;4:2;4:3;4:4,target_distance_confirmation_5x5,"train_seed,train_row_group_start,train_length_multiplier",held_out_evaluation_only,Submit GPU jobs to gpumedium; do not use pilot/gpupilot.
fsl_targetdistance_confirm_source5x5_s201_206_20260713_1637_n2-d1-dep4-md320-it216-x1p00-s204-rg0,source_delta_support_process_control,canonical,4,72,64,320,204,216,113246208,524288,16,2048,40,1,L,fsl-targetdistance-confirm-source5x5-s201-206-20260713-1637-n2-d1-dep4-md320-it216-x1p00-s204-rg0,2,1,roihu_delta_support_process_control,4,113246208,524288,Fresh 5x5 source union for a frozen target-distance confirmation. The same measured source rows are reused for sealed x100 and x150 referees.,controlled_model_dim_source_prefix_smalln_5x5,15401080.0,15401080.0,0.0,0.162821576719,8,5p_to_3x3_to_4x4_to_5x5_nested,9,1.305337,0,216,113246208,1.0,offline_union_5x5_target_distance_confirmation,2:1,0:0;0:1;0:2;0:3;0:4;1:0;1:1;1:2;1:3;1:4;2:0;2:1;2:2;2:3;2:4;3:0;3:1;3:2;3:3;3:4;4:0;4:1;4:2;4:3;4:4,target_distance_confirmation_5x5,"train_seed,train_row_group_start,train_length_multiplier",held_out_evaluation_only,Submit GPU jobs to gpumedium; do not use pilot/gpupilot.
fsl_targetdistance_confirm_source5x5_s201_206_20260713_1637_n2-d1-dep4-md320-it216-x1p00-s205-rg0,source_delta_support_process_control,canonical,4,72,64,320,205,216,113246208,524288,16,2048,40,1,L,fsl-targetdistance-confirm-source5x5-s201-206-20260713-1637-n2-d1-dep4-md320-it216-x1p00-s205-rg0,2,1,roihu_delta_support_process_control,4,113246208,524288,Fresh 5x5 source union for a frozen target-distance confirmation. The same measured source rows are reused for sealed x100 and x150 referees.,controlled_model_dim_source_prefix_smalln_5x5,15401080.0,15401080.0,0.0,0.162821576719,8,5p_to_3x3_to_4x4_to_5x5_nested,9,1.305337,0,216,113246208,1.0,offline_union_5x5_target_distance_confirmation,2:1,0:0;0:1;0:2;0:3;0:4;1:0;1:1;1:2;1:3;1:4;2:0;2:1;2:2;2:3;2:4;3:0;3:1;3:2;3:3;3:4;4:0;4:1;4:2;4:3;4:4,target_distance_confirmation_5x5,"train_seed,train_row_group_start,train_length_multiplier",held_out_evaluation_only,Submit GPU jobs to gpumedium; do not use pilot/gpupilot.
fsl_targetdistance_confirm_source5x5_s201_206_20260713_1637_n2-d1-dep4-md320-it216-x1p00-s206-rg0,source_delta_support_process_control,canonical,4,72,64,320,206,216,113246208,524288,16,2048,40,1,L,fsl-targetdistance-confirm-source5x5-s201-206-20260713-1637-n2-d1-dep4-md320-it216-x1p00-s206-rg0,2,1,roihu_delta_support_process_control,4,113246208,524288,Fresh 5x5 source union for a frozen target-distance confirmation. The same measured source rows are reused for sealed x100 and x150 referees.,controlled_model_dim_source_prefix_smalln_5x5,15401080.0,15401080.0,0.0,0.162821576719,8,5p_to_3x3_to_4x4_to_5x5_nested,9,1.305337,0,216,113246208,1.0,offline_union_5x5_target_distance_confirmation,2:1,0:0;0:1;0:2;0:3;0:4;1:0;1:1;1:2;1:3;1:4;2:0;2:1;2:2;2:3;2:4;3:0;3:1;3:2;3:3;3:4;4:0;4:1;4:2;4:3;4:4,target_distance_confirmation_5x5,"train_seed,train_row_group_start,train_length_multiplier",held_out_evaluation_only,Submit GPU jobs to gpumedium; do not use pilot/gpupilot.
fsl_targetdistance_confirm_source5x5_s201_206_20260713_1637_n2-d2-dep4-md320-it324-x1p00-s201-rg0,source_delta_support_process_control,canonical,4,72,64,320,201,324,169869312,524288,16,2048,40,1,L,fsl-targetdistance-confirm-source5x5-s201-206-20260713-1637-n2-d2-dep4-md320-it324-x1p00-s201-rg0,2,2,roihu_delta_support_process_control,4,169869312,524288,Fresh 5x5 source union for a frozen target-distance confirmation. The same measured source rows are reused for sealed x100 and x150 referees.,controlled_model_dim_source_prefix_smalln_5x5,15401080.0,15401080.0,0.0,0.162821576719,9,5p_to_3x3_to_4x4_to_5x5_nested,9,1.305337,0,324,169869312,1.0,offline_union_5x5_target_distance_confirmation,2:2,0:0;0:1;0:2;0:3;0:4;1:0;1:1;1:2;1:3;1:4;2:0;2:1;2:2;2:3;2:4;3:0;3:1;3:2;3:3;3:4;4:0;4:1;4:2;4:3;4:4,target_distance_confirmation_5x5,"train_seed,train_row_group_start,train_length_multiplier",held_out_evaluation_only,Submit GPU jobs to gpumedium; do not use pilot/gpupilot.
fsl_targetdistance_confirm_source5x5_s201_206_20260713_1637_n2-d2-dep4-md320-it324-x1p00-s202-rg0,source_delta_support_process_control,canonical,4,72,64,320,202,324,169869312,524288,16,2048,40,1,L,fsl-targetdistance-confirm-source5x5-s201-206-20260713-1637-n2-d2-dep4-md320-it324-x1p00-s202-rg0,2,2,roihu_delta_support_process_control,4,169869312,524288,Fresh 5x5 source union for a frozen target-distance confirmation. The same measured source rows are reused for sealed x100 and x150 referees.,controlled_model_dim_source_prefix_smalln_5x5,15401080.0,15401080.0,0.0,0.162821576719,9,5p_to_3x3_to_4x4_to_5x5_nested,9,1.305337,0,324,169869312,1.0,offline_union_5x5_target_distance_confirmation,2:2,0:0;0:1;0:2;0:3;0:4;1:0;1:1;1:2;1:3;1:4;2:0;2:1;2:2;2:3;2:4;3:0;3:1;3:2;3:3;3:4;4:0;4:1;4:2;4:3;4:4,target_distance_confirmation_5x5,"train_seed,train_row_group_start,train_length_multiplier",held_out_evaluation_only,Submit GPU jobs to gpumedium; do not use pilot/gpupilot.
fsl_targetdistance_confirm_source5x5_s201_206_20260713_1637_n2-d2-dep4-md320-it324-x1p00-s203-rg0,source_delta_support_process_control,canonical,4,72,64,320,203,324,169869312,524288,16,2048,40,1,L,fsl-targetdistance-confirm-source5x5-s201-206-20260713-1637-n2-d2-dep4-md320-it324-x1p00-s203-rg0,2,2,roihu_delta_support_process_control,4,169869312,524288,Fresh 5x5 source union for a frozen target-distance confirmation. The same measured source rows are reused for sealed x100 and x150 referees.,controlled_model_dim_source_prefix_smalln_5x5,15401080.0,15401080.0,0.0,0.162821576719,9,5p_to_3x3_to_4x4_to_5x5_nested,9,1.305337,0,324,169869312,1.0,offline_union_5x5_target_distance_confirmation,2:2,0:0;0:1;0:2;0:3;0:4;1:0;1:1;1:2;1:3;1:4;2:0;2:1;2:2;2:3;2:4;3:0;3:1;3:2;3:3;3:4;4:0;4:1;4:2;4:3;4:4,target_distance_confirmation_5x5,"train_seed,train_row_group_start,train_length_multiplier",held_out_evaluation_only,Submit GPU jobs to gpumedium; do not use pilot/gpupilot.
fsl_targetdistance_confirm_source5x5_s201_206_20260713_1637_n2-d2-dep4-md320-it324-x1p00-s204-rg0,source_delta_support_process_control,canonical,4,72,64,320,204,324,169869312,524288,16,2048,40,1,L,fsl-targetdistance-confirm-source5x5-s201-206-20260713-1637-n2-d2-dep4-md320-it324-x1p00-s204-rg0,2,2,roihu_delta_support_process_control,4,169869312,524288,Fresh 5x5 source union for a frozen target-distance confirmation. The same measured source rows are reused for sealed x100 and x150 referees.,controlled_model_dim_source_prefix_smalln_5x5,15401080.0,15401080.0,0.0,0.162821576719,9,5p_to_3x3_to_4x4_to_5x5_nested,9,1.305337,0,324,169869312,1.0,offline_union_5x5_target_distance_confirmation,2:2,0:0;0:1;0:2;0:3;0:4;1:0;1:1;1:2;1:3;1:4;2:0;2:1;2:2;2:3;2:4;3:0;3:1;3:2;3:3;3:4;4:0;4:1;4:2;4:3;4:4,target_distance_confirmation_5x5,"train_seed,train_row_group_start,train_length_multiplier",held_out_evaluation_only,Submit GPU jobs to gpumedium; do not use pilot/gpupilot.
fsl_targetdistance_confirm_source5x5_s201_206_20260713_1637_n2-d2-dep4-md320-it324-x1p00-s205-rg0,source_delta_support_process_control,canonical,4,72,64,320,205,324,169869312,524288,16,2048,40,1,L,fsl-targetdistance-confirm-source5x5-s201-206-20260713-1637-n2-d2-dep4-md320-it324-x1p00-s205-rg0,2,2,roihu_delta_support_process_control,4,169869312,524288,Fresh 5x5 source union for a frozen target-distance confirmation. The same measured source rows are reused for sealed x100 and x150 referees.,controlled_model_dim_source_prefix_smalln_5x5,15401080.0,15401080.0,0.0,0.162821576719,9,5p_to_3x3_to_4x4_to_5x5_nested,9,1.305337,0,324,169869312,1.0,offline_union_5x5_target_distance_confirmation,2:2,0:0;0:1;0:2;0:3;0:4;1:0;1:1;1:2;1:3;1:4;2:0;2:1;2:2;2:3;2:4;3:0;3:1;3:2;3:3;3:4;4:0;4:1;4:2;4:3;4:4,target_distance_confirmation_5x5,"train_seed,train_row_group_start,train_length_multiplier",held_out_evaluation_only,Submit GPU jobs to gpumedium; do not use pilot/gpupilot.
fsl_targetdistance_confirm_source5x5_s201_206_20260713_1637_n2-d2-dep4-md320-it324-x1p00-s206-rg0,source_delta_support_process_control,canonical,4,72,64,320,206,324,169869312,524288,16,2048,40,1,L,fsl-targetdistance-confirm-source5x5-s201-206-20260713-1637-n2-d2-dep4-md320-it324-x1p00-s206-rg0,2,2,roihu_delta_support_process_control,4,169869312,524288,Fresh 5x5 source union for a frozen target-distance confirmation. The same measured source rows are reused for sealed x100 and x150 referees.,controlled_model_dim_source_prefix_smalln_5x5,15401080.0,15401080.0,0.0,0.162821576719,9,5p_to_3x3_to_4x4_to_5x5_nested,9,1.305337,0,324,169869312,1.0,offline_union_5x5_target_distance_confirmation,2:2,0:0;0:1;0:2;0:3;0:4;1:0;1:1;1:2;1:3;1:4;2:0;2:1;2:2;2:3;2:4;3:0;3:1;3:2;3:3;3:4;4:0;4:1;4:2;4:3;4:4,target_distance_confirmation_5x5,"train_seed,train_row_group_start,train_length_multiplier",held_out_evaluation_only,Submit GPU jobs to gpumedium; do not use pilot/gpupilot.
fsl_targetdistance_confirm_source5x5_s201_206_20260713_1637_n2-d3-dep4-md320-it486-x1p00-s201-rg0,source_delta_support_process_control,canonical,4,72,64,320,201,486,254803968,524288,16,2048,40,1,L,fsl-targetdistance-confirm-source5x5-s201-206-20260713-1637-n2-d3-dep4-md320-it486-x1p00-s201-rg0,2,3,roihu_delta_support_process_control,4,254803968,524288,Fresh 5x5 source union for a frozen target-distance confirmation. The same measured source rows are reused for sealed x100 and x150 referees.,controlled_model_dim_source_prefix_smalln_5x5,15401080.0,15401080.0,0.0,0.162821576719,15,5p_to_3x3_to_4x4_to_5x5_nested,16,1.305337,0,486,254803968,1.0,offline_union_5x5_target_distance_confirmation,2:3,0:0;0:1;0:2;0:3;0:4;1:0;1:1;1:2;1:3;1:4;2:0;2:1;2:2;2:3;2:4;3:0;3:1;3:2;3:3;3:4;4:0;4:1;4:2;4:3;4:4,target_distance_confirmation_5x5,"train_seed,train_row_group_start,train_length_multiplier",held_out_evaluation_only,Submit GPU jobs to gpumedium; do not use pilot/gpupilot.
fsl_targetdistance_confirm_source5x5_s201_206_20260713_1637_n2-d3-dep4-md320-it486-x1p00-s202-rg0,source_delta_support_process_control,canonical,4,72,64,320,202,486,254803968,524288,16,2048,40,1,L,fsl-targetdistance-confirm-source5x5-s201-206-20260713-1637-n2-d3-dep4-md320-it486-x1p00-s202-rg0,2,3,roihu_delta_support_process_control,4,254803968,524288,Fresh 5x5 source union for a frozen target-distance confirmation. The same measured source rows are reused for sealed x100 and x150 referees.,controlled_model_dim_source_prefix_smalln_5x5,15401080.0,15401080.0,0.0,0.162821576719,15,5p_to_3x3_to_4x4_to_5x5_nested,16,1.305337,0,486,254803968,1.0,offline_union_5x5_target_distance_confirmation,2:3,0:0;0:1;0:2;0:3;0:4;1:0;1:1;1:2;1:3;1:4;2:0;2:1;2:2;2:3;2:4;3:0;3:1;3:2;3:3;3:4;4:0;4:1;4:2;4:3;4:4,target_distance_confirmation_5x5,"train_seed,train_row_group_start,train_length_multiplier",held_out_evaluation_only,Submit GPU jobs to gpumedium; do not use pilot/gpupilot.
fsl_targetdistance_confirm_source5x5_s201_206_20260713_1637_n2-d3-dep4-md320-it486-x1p00-s203-rg0,source_delta_support_process_control,canonical,4,72,64,320,203,486,254803968,524288,16,2048,40,1,L,fsl-targetdistance-confirm-source5x5-s201-206-20260713-1637-n2-d3-dep4-md320-it486-x1p00-s203-rg0,2,3,roihu_delta_support_process_control,4,254803968,524288,Fresh 5x5 source union for a frozen target-distance confirmation. The same measured source rows are reused for sealed x100 and x150 referees.,controlled_model_dim_source_prefix_smalln_5x5,15401080.0,15401080.0,0.0,0.162821576719,15,5p_to_3x3_to_4x4_to_5x5_nested,16,1.305337,0,486,254803968,1.0,offline_union_5x5_target_distance_confirmation,2:3,0:0;0:1;0:2;0:3;0:4;1:0;1:1;1:2;1:3;1:4;2:0;2:1;2:2;2:3;2:4;3:0;3:1;3:2;3:3;3:4;4:0;4:1;4:2;4:3;4:4,target_distance_confirmation_5x5,"train_seed,train_row_group_start,train_length_multiplier",held_out_evaluation_only,Submit GPU jobs to gpumedium; do not use pilot/gpupilot.
fsl_targetdistance_confirm_source5x5_s201_206_20260713_1637_n2-d3-dep4-md320-it486-x1p00-s204-rg0,source_delta_support_process_control,canonical,4,72,64,320,204,486,254803968,524288,16,2048,40,1,L,fsl-targetdistance-confirm-source5x5-s201-206-20260713-1637-n2-d3-dep4-md320-it486-x1p00-s204-rg0,2,3,roihu_delta_support_process_control,4,254803968,524288,Fresh 5x5 source union for a frozen target-distance confirmation. The same measured source rows are reused for sealed x100 and x150 referees.,controlled_model_dim_source_prefix_smalln_5x5,15401080.0,15401080.0,0.0,0.162821576719,15,5p_to_3x3_to_4x4_to_5x5_nested,16,1.305337,0,486,254803968,1.0,offline_union_5x5_target_distance_confirmation,2:3,0:0;0:1;0:2;0:3;0:4;1:0;1:1;1:2;1:3;1:4;2:0;2:1;2:2;2:3;2:4;3:0;3:1;3:2;3:3;3:4;4:0;4:1;4:2;4:3;4:4,target_distance_confirmation_5x5,"train_seed,train_row_group_start,train_length_multiplier",held_out_evaluation_only,Submit GPU jobs to gpumedium; do not use pilot/gpupilot.
fsl_targetdistance_confirm_source5x5_s201_206_20260713_1637_n2-d3-dep4-md320-it486-x1p00-s205-rg0,source_delta_support_process_control,canonical,4,72,64,320,205,486,254803968,524288,16,2048,40,1,L,fsl-targetdistance-confirm-source5x5-s201-206-20260713-1637-n2-d3-dep4-md320-it486-x1p00-s205-rg0,2,3,roihu_delta_support_process_control,4,254803968,524288,Fresh 5x5 source union for a frozen target-distance confirmation. The same measured source rows are reused for sealed x100 and x150 referees.,controlled_model_dim_source_prefix_smalln_5x5,15401080.0,15401080.0,0.0,0.162821576719,15,5p_to_3x3_to_4x4_to_5x5_nested,16,1.305337,0,486,254803968,1.0,offline_union_5x5_target_distance_confirmation,2:3,0:0;0:1;0:2;0:3;0:4;1:0;1:1;1:2;1:3;1:4;2:0;2:1;2:2;2:3;2:4;3:0;3:1;3:2;3:3;3:4;4:0;4:1;4:2;4:3;4:4,target_distance_confirmation_5x5,"train_seed,train_row_group_start,train_length_multiplier",held_out_evaluation_only,Submit GPU jobs to gpumedium; do not use pilot/gpupilot.
fsl_targetdistance_confirm_source5x5_s201_206_20260713_1637_n2-d3-dep4-md320-it486-x1p00-s206-rg0,source_delta_support_process_control,canonical,4,72,64,320,206,486,254803968,524288,16,2048,40,1,L,fsl-targetdistance-confirm-source5x5-s201-206-20260713-1637-n2-d3-dep4-md320-it486-x1p00-s206-rg0,2,3,roihu_delta_support_process_control,4,254803968,524288,Fresh 5x5 source union for a frozen target-distance confirmation. The same measured source rows are reused for sealed x100 and x150 referees.,controlled_model_dim_source_prefix_smalln_5x5,15401080.0,15401080.0,0.0,0.162821576719,15,5p_to_3x3_to_4x4_to_5x5_nested,16,1.305337,0,486,254803968,1.0,offline_union_5x5_target_distance_confirmation,2:3,0:0;0:1;0:2;0:3;0:4;1:0;1:1;1:2;1:3;1:4;2:0;2:1;2:2;2:3;2:4;3:0;3:1;3:2;3:3;3:4;4:0;4:1;4:2;4:3;4:4,target_distance_confirmation_5x5,"train_seed,train_row_group_start,train_length_multiplier",held_out_evaluation_only,Submit GPU jobs to gpumedium; do not use pilot/gpupilot.
fsl_targetdistance_confirm_source5x5_s201_206_20260713_1637_n2-d4-dep4-md320-it729-x1p00-s201-rg0,source_delta_support_process_control,canonical,4,72,64,320,201,729,382205952,524288,16,2048,40,1,L,fsl-targetdistance-confirm-source5x5-s201-206-20260713-1637-n2-d4-dep4-md320-it729-x1p00-s201-rg0,2,4,roihu_delta_support_process_control,4,382205952,524288,Fresh 5x5 source union for a frozen target-distance confirmation. The same measured source rows are reused for sealed x100 and x150 referees.,controlled_model_dim_source_prefix_smalln_5x5,15401080.0,15401080.0,0.0,0.162821576719,23,5p_to_3x3_to_4x4_to_5x5_nested,25,1.305337,0,729,382205952,1.0,offline_union_5x5_target_distance_confirmation,2:4,0:0;0:1;0:2;0:3;0:4;1:0;1:1;1:2;1:3;1:4;2:0;2:1;2:2;2:3;2:4;3:0;3:1;3:2;3:3;3:4;4:0;4:1;4:2;4:3;4:4,target_distance_confirmation_5x5,"train_seed,train_row_group_start,train_length_multiplier",held_out_evaluation_only,Submit GPU jobs to gpumedium; do not use pilot/gpupilot.
fsl_targetdistance_confirm_source5x5_s201_206_20260713_1637_n2-d4-dep4-md320-it729-x1p00-s202-rg0,source_delta_support_process_control,canonical,4,72,64,320,202,729,382205952,524288,16,2048,40,1,L,fsl-targetdistance-confirm-source5x5-s201-206-20260713-1637-n2-d4-dep4-md320-it729-x1p00-s202-rg0,2,4,roihu_delta_support_process_control,4,382205952,524288,Fresh 5x5 source union for a frozen target-distance confirmation. The same measured source rows are reused for sealed x100 and x150 referees.,controlled_model_dim_source_prefix_smalln_5x5,15401080.0,15401080.0,0.0,0.162821576719,23,5p_to_3x3_to_4x4_to_5x5_nested,25,1.305337,0,729,382205952,1.0,offline_union_5x5_target_distance_confirmation,2:4,0:0;0:1;0:2;0:3;0:4;1:0;1:1;1:2;1:3;1:4;2:0;2:1;2:2;2:3;2:4;3:0;3:1;3:2;3:3;3:4;4:0;4:1;4:2;4:3;4:4,target_distance_confirmation_5x5,"train_seed,train_row_group_start,train_length_multiplier",held_out_evaluation_only,Submit GPU jobs to gpumedium; do not use pilot/gpupilot.
fsl_targetdistance_confirm_source5x5_s201_206_20260713_1637_n2-d4-dep4-md320-it729-x1p00-s203-rg0,source_delta_support_process_control,canonical,4,72,64,320,203,729,382205952,524288,16,2048,40,1,L,fsl-targetdistance-confirm-source5x5-s201-206-20260713-1637-n2-d4-dep4-md320-it729-x1p00-s203-rg0,2,4,roihu_delta_support_process_control,4,382205952,524288,Fresh 5x5 source union for a frozen target-distance confirmation. The same measured source rows are reused for sealed x100 and x150 referees.,controlled_model_dim_source_prefix_smalln_5x5,15401080.0,15401080.0,0.0,0.162821576719,23,5p_to_3x3_to_4x4_to_5x5_nested,25,1.305337,0,729,382205952,1.0,offline_union_5x5_target_distance_confirmation,2:4,0:0;0:1;0:2;0:3;0:4;1:0;1:1;1:2;1:3;1:4;2:0;2:1;2:2;2:3;2:4;3:0;3:1;3:2;3:3;3:4;4:0;4:1;4:2;4:3;4:4,target_distance_confirmation_5x5,"train_seed,train_row_group_start,train_length_multiplier",held_out_evaluation_only,Submit GPU jobs to gpumedium; do not use pilot/gpupilot.
fsl_targetdistance_confirm_source5x5_s201_206_20260713_1637_n2-d4-dep4-md320-it729-x1p00-s204-rg0,source_delta_support_process_control,canonical,4,72,64,320,204,729,382205952,524288,16,2048,40,1,L,fsl-targetdistance-confirm-source5x5-s201-206-20260713-1637-n2-d4-dep4-md320-it729-x1p00-s204-rg0,2,4,roihu_delta_support_process_control,4,382205952,524288,Fresh 5x5 source union for a frozen target-distance confirmation. The same measured source rows are reused for sealed x100 and x150 referees.,controlled_model_dim_source_prefix_smalln_5x5,15401080.0,15401080.0,0.0,0.162821576719,23,5p_to_3x3_to_4x4_to_5x5_nested,25,1.305337,0,729,382205952,1.0,offline_union_5x5_target_distance_confirmation,2:4,0:0;0:1;0:2;0:3;0:4;1:0;1:1;1:2;1:3;1:4;2:0;2:1;2:2;2:3;2:4;3:0;3:1;3:2;3:3;3:4;4:0;4:1;4:2;4:3;4:4,target_distance_confirmation_5x5,"train_seed,train_row_group_start,train_length_multiplier",held_out_evaluation_only,Submit GPU jobs to gpumedium; do not use pilot/gpupilot.
fsl_targetdistance_confirm_source5x5_s201_206_20260713_1637_n2-d4-dep4-md320-it729-x1p00-s205-rg0,source_delta_support_process_control,canonical,4,72,64,320,205,729,382205952,524288,16,2048,40,1,L,fsl-targetdistance-confirm-source5x5-s201-206-20260713-1637-n2-d4-dep4-md320-it729-x1p00-s205-rg0,2,4,roihu_delta_support_process_control,4,382205952,524288,Fresh 5x5 source union for a frozen target-distance confirmation. The same measured source rows are reused for sealed x100 and x150 referees.,controlled_model_dim_source_prefix_smalln_5x5,15401080.0,15401080.0,0.0,0.162821576719,23,5p_to_3x3_to_4x4_to_5x5_nested,25,1.305337,0,729,382205952,1.0,offline_union_5x5_target_distance_confirmation,2:4,0:0;0:1;0:2;0:3;0:4;1:0;1:1;1:2;1:3;1:4;2:0;2:1;2:2;2:3;2:4;3:0;3:1;3:2;3:3;3:4;4:0;4:1;4:2;4:3;4:4,target_distance_confirmation_5x5,"train_seed,train_row_group_start,train_length_multiplier",held_out_evaluation_only,Submit GPU jobs to gpumedium; do not use pilot/gpupilot.
fsl_targetdistance_confirm_source5x5_s201_206_20260713_1637_n2-d4-dep4-md320-it729-x1p00-s206-rg0,source_delta_support_process_control,canonical,4,72,64,320,206,729,382205952,524288,16,2048,40,1,L,fsl-targetdistance-confirm-source5x5-s201-206-20260713-1637-n2-d4-dep4-md320-it729-x1p00-s206-rg0,2,4,roihu_delta_support_process_control,4,382205952,524288,Fresh 5x5 source union for a frozen target-distance confirmation. The same measured source rows are reused for sealed x100 and x150 referees.,controlled_model_dim_source_prefix_smalln_5x5,15401080.0,15401080.0,0.0,0.162821576719,23,5p_to_3x3_to_4x4_to_5x5_nested,25,1.305337,0,729,382205952,1.0,offline_union_5x5_target_distance_confirmation,2:4,0:0;0:1;0:2;0:3;0:4;1:0;1:1;1:2;1:3;1:4;2:0;2:1;2:2;2:3;2:4;3:0;3:1;3:2;3:3;3:4;4:0;4:1;4:2;4:3;4:4,target_distance_confirmation_5x5,"train_seed,train_row_group_start,train_length_multiplier",held_out_evaluation_only,Submit GPU jobs to gpumedium; do not use pilot/gpupilot.
fsl_targetdistance_confirm_source5x5_s201_206_20260713_1637_n3-d0-dep4-md512-it144-x1p00-s201-rg0,source_delta_support_process_control,canonical,4,72,64,512,201,144,75497472,524288,16,2048,40,1,L,fsl-targetdistance-confirm-source5x5-s201-206-20260713-1637-n3-d0-dep4-md512-it144-x1p00-s201-rg0,3,0,roihu_delta_support_process_control,4,75497472,524288,Fresh 5x5 source union for a frozen target-distance confirmation. The same measured source rows are reused for sealed x100 and x150 referees.,controlled_model_dim_source_prefix_smalln_5x5,29360320.0,29360320.0,0.0,0.162821576719,10,5p_to_3x3_to_4x4_to_5x5_nested,16,1.305337,0,144,75497472,1.0,offline_union_5x5_target_distance_confirmation,3:0,0:0;0:1;0:2;0:3;0:4;1:0;1:1;1:2;1:3;1:4;2:0;2:1;2:2;2:3;2:4;3:0;3:1;3:2;3:3;3:4;4:0;4:1;4:2;4:3;4:4,target_distance_confirmation_5x5,"train_seed,train_row_group_start,train_length_multiplier",held_out_evaluation_only,Submit GPU jobs to gpumedium; do not use pilot/gpupilot.
fsl_targetdistance_confirm_source5x5_s201_206_20260713_1637_n3-d0-dep4-md512-it144-x1p00-s202-rg0,source_delta_support_process_control,canonical,4,72,64,512,202,144,75497472,524288,16,2048,40,1,L,fsl-targetdistance-confirm-source5x5-s201-206-20260713-1637-n3-d0-dep4-md512-it144-x1p00-s202-rg0,3,0,roihu_delta_support_process_control,4,75497472,524288,Fresh 5x5 source union for a frozen target-distance confirmation. The same measured source rows are reused for sealed x100 and x150 referees.,controlled_model_dim_source_prefix_smalln_5x5,29360320.0,29360320.0,0.0,0.162821576719,10,5p_to_3x3_to_4x4_to_5x5_nested,16,1.305337,0,144,75497472,1.0,offline_union_5x5_target_distance_confirmation,3:0,0:0;0:1;0:2;0:3;0:4;1:0;1:1;1:2;1:3;1:4;2:0;2:1;2:2;2:3;2:4;3:0;3:1;3:2;3:3;3:4;4:0;4:1;4:2;4:3;4:4,target_distance_confirmation_5x5,"train_seed,train_row_group_start,train_length_multiplier",held_out_evaluation_only,Submit GPU jobs to gpumedium; do not use pilot/gpupilot.
fsl_targetdistance_confirm_source5x5_s201_206_20260713_1637_n3-d0-dep4-md512-it144-x1p00-s203-rg0,source_delta_support_process_control,canonical,4,72,64,512,203,144,75497472,524288,16,2048,40,1,L,fsl-targetdistance-confirm-source5x5-s201-206-20260713-1637-n3-d0-dep4-md512-it144-x1p00-s203-rg0,3,0,roihu_delta_support_process_control,4,75497472,524288,Fresh 5x5 source union for a frozen target-distance confirmation. The same measured source rows are reused for sealed x100 and x150 referees.,controlled_model_dim_source_prefix_smalln_5x5,29360320.0,29360320.0,0.0,0.162821576719,10,5p_to_3x3_to_4x4_to_5x5_nested,16,1.305337,0,144,75497472,1.0,offline_union_5x5_target_distance_confirmation,3:0,0:0;0:1;0:2;0:3;0:4;1:0;1:1;1:2;1:3;1:4;2:0;2:1;2:2;2:3;2:4;3:0;3:1;3:2;3:3;3:4;4:0;4:1;4:2;4:3;4:4,target_distance_confirmation_5x5,"train_seed,train_row_group_start,train_length_multiplier",held_out_evaluation_only,Submit GPU jobs to gpumedium; do not use pilot/gpupilot.
fsl_targetdistance_confirm_source5x5_s201_206_20260713_1637_n3-d0-dep4-md512-it144-x1p00-s204-rg0,source_delta_support_process_control,canonical,4,72,64,512,204,144,75497472,524288,16,2048,40,1,L,fsl-targetdistance-confirm-source5x5-s201-206-20260713-1637-n3-d0-dep4-md512-it144-x1p00-s204-rg0,3,0,roihu_delta_support_process_control,4,75497472,524288,Fresh 5x5 source union for a frozen target-distance confirmation. The same measured source rows are reused for sealed x100 and x150 referees.,controlled_model_dim_source_prefix_smalln_5x5,29360320.0,29360320.0,0.0,0.162821576719,10,5p_to_3x3_to_4x4_to_5x5_nested,16,1.305337,0,144,75497472,1.0,offline_union_5x5_target_distance_confirmation,3:0,0:0;0:1;0:2;0:3;0:4;1:0;1:1;1:2;1:3;1:4;2:0;2:1;2:2;2:3;2:4;3:0;3:1;3:2;3:3;3:4;4:0;4:1;4:2;4:3;4:4,target_distance_confirmation_5x5,"train_seed,train_row_group_start,train_length_multiplier",held_out_evaluation_only,Submit GPU jobs to gpumedium; do not use pilot/gpupilot.
fsl_targetdistance_confirm_source5x5_s201_206_20260713_1637_n3-d0-dep4-md512-it144-x1p00-s205-rg0,source_delta_support_process_control,canonical,4,72,64,512,205,144,75497472,524288,16,2048,40,1,L,fsl-targetdistance-confirm-source5x5-s201-206-20260713-1637-n3-d0-dep4-md512-it144-x1p00-s205-rg0,3,0,roihu_delta_support_process_control,4,75497472,524288,Fresh 5x5 source union for a frozen target-distance confirmation. The same measured source rows are reused for sealed x100 and x150 referees.,controlled_model_dim_source_prefix_smalln_5x5,29360320.0,29360320.0,0.0,0.162821576719,10,5p_to_3x3_to_4x4_to_5x5_nested,16,1.305337,0,144,75497472,1.0,offline_union_5x5_target_distance_confirmation,3:0,0:0;0:1;0:2;0:3;0:4;1:0;1:1;1:2;1:3;1:4;2:0;2:1;2:2;2:3;2:4;3:0;3:1;3:2;3:3;3:4;4:0;4:1;4:2;4:3;4:4,target_distance_confirmation_5x5,"train_seed,train_row_group_start,train_length_multiplier",held_out_evaluation_only,Submit GPU jobs to gpumedium; do not use pilot/gpupilot.
fsl_targetdistance_confirm_source5x5_s201_206_20260713_1637_n3-d0-dep4-md512-it144-x1p00-s206-rg0,source_delta_support_process_control,canonical,4,72,64,512,206,144,75497472,524288,16,2048,40,1,L,fsl-targetdistance-confirm-source5x5-s201-206-20260713-1637-n3-d0-dep4-md512-it144-x1p00-s206-rg0,3,0,roihu_delta_support_process_control,4,75497472,524288,Fresh 5x5 source union for a frozen target-distance confirmation. The same measured source rows are reused for sealed x100 and x150 referees.,controlled_model_dim_source_prefix_smalln_5x5,29360320.0,29360320.0,0.0,0.162821576719,10,5p_to_3x3_to_4x4_to_5x5_nested,16,1.305337,0,144,75497472,1.0,offline_union_5x5_target_distance_confirmation,3:0,0:0;0:1;0:2;0:3;0:4;1:0;1:1;1:2;1:3;1:4;2:0;2:1;2:2;2:3;2:4;3:0;3:1;3:2;3:3;3:4;4:0;4:1;4:2;4:3;4:4,target_distance_confirmation_5x5,"train_seed,train_row_group_start,train_length_multiplier",held_out_evaluation_only,Submit GPU jobs to gpumedium; do not use pilot/gpupilot.
fsl_targetdistance_confirm_source5x5_s201_206_20260713_1637_n3-d1-dep4-md512-it216-x1p00-s201-rg0,source_delta_support_process_control,canonical,4,72,64,512,201,216,113246208,524288,16,2048,40,1,L,fsl-targetdistance-confirm-source5x5-s201-206-20260713-1637-n3-d1-dep4-md512-it216-x1p00-s201-rg0,3,1,roihu_delta_support_process_control,4,113246208,524288,Fresh 5x5 source union for a frozen target-distance confirmation. The same measured source rows are reused for sealed x100 and x150 referees.,controlled_model_dim_source_prefix_smalln_5x5,29360320.0,29360320.0,0.0,0.162821576719,11,5p_to_3x3_to_4x4_to_5x5_nested,16,1.305337,0,216,113246208,1.0,offline_union_5x5_target_distance_confirmation,3:1,0:0;0:1;0:2;0:3;0:4;1:0;1:1;1:2;1:3;1:4;2:0;2:1;2:2;2:3;2:4;3:0;3:1;3:2;3:3;3:4;4:0;4:1;4:2;4:3;4:4,target_distance_confirmation_5x5,"train_seed,train_row_group_start,train_length_multiplier",held_out_evaluation_only,Submit GPU jobs to gpumedium; do not use pilot/gpupilot.
fsl_targetdistance_confirm_source5x5_s201_206_20260713_1637_n3-d1-dep4-md512-it216-x1p00-s202-rg0,source_delta_support_process_control,canonical,4,72,64,512,202,216,113246208,524288,16,2048,40,1,L,fsl-targetdistance-confirm-source5x5-s201-206-20260713-1637-n3-d1-dep4-md512-it216-x1p00-s202-rg0,3,1,roihu_delta_support_process_control,4,113246208,524288,Fresh 5x5 source union for a frozen target-distance confirmation. The same measured source rows are reused for sealed x100 and x150 referees.,controlled_model_dim_source_prefix_smalln_5x5,29360320.0,29360320.0,0.0,0.162821576719,11,5p_to_3x3_to_4x4_to_5x5_nested,16,1.305337,0,216,113246208,1.0,offline_union_5x5_target_distance_confirmation,3:1,0:0;0:1;0:2;0:3;0:4;1:0;1:1;1:2;1:3;1:4;2:0;2:1;2:2;2:3;2:4;3:0;3:1;3:2;3:3;3:4;4:0;4:1;4:2;4:3;4:4,target_distance_confirmation_5x5,"train_seed,train_row_group_start,train_length_multiplier",held_out_evaluation_only,Submit GPU jobs to gpumedium; do not use pilot/gpupilot.
fsl_targetdistance_confirm_source5x5_s201_206_20260713_1637_n3-d1-dep4-md512-it216-x1p00-s203-rg0,source_delta_support_process_control,canonical,4,72,64,512,203,216,113246208,524288,16,2048,40,1,L,fsl-targetdistance-confirm-source5x5-s201-206-20260713-1637-n3-d1-dep4-md512-it216-x1p00-s203-rg0,3,1,roihu_delta_support_process_control,4,113246208,524288,Fresh 5x5 source union for a frozen target-distance confirmation. The same measured source rows are reused for sealed x100 and x150 referees.,controlled_model_dim_source_prefix_smalln_5x5,29360320.0,29360320.0,0.0,0.162821576719,11,5p_to_3x3_to_4x4_to_5x5_nested,16,1.305337,0,216,113246208,1.0,offline_union_5x5_target_distance_confirmation,3:1,0:0;0:1;0:2;0:3;0:4;1:0;1:1;1:2;1:3;1:4;2:0;2:1;2:2;2:3;2:4;3:0;3:1;3:2;3:3;3:4;4:0;4:1;4:2;4:3;4:4,target_distance_confirmation_5x5,"train_seed,train_row_group_start,train_length_multiplier",held_out_evaluation_only,Submit GPU jobs to gpumedium; do not use pilot/gpupilot.
fsl_targetdistance_confirm_source5x5_s201_206_20260713_1637_n3-d1-dep4-md512-it216-x1p00-s204-rg0,source_delta_support_process_control,canonical,4,72,64,512,204,216,113246208,524288,16,2048,40,1,L,fsl-targetdistance-confirm-source5x5-s201-206-20260713-1637-n3-d1-dep4-md512-it216-x1p00-s204-rg0,3,1,roihu_delta_support_process_control,4,113246208,524288,Fresh 5x5 source union for a frozen target-distance confirmation. The same measured source rows are reused for sealed x100 and x150 referees.,controlled_model_dim_source_prefix_smalln_5x5,29360320.0,29360320.0,0.0,0.162821576719,11,5p_to_3x3_to_4x4_to_5x5_nested,16,1.305337,0,216,113246208,1.0,offline_union_5x5_target_distance_confirmation,3:1,0:0;0:1;0:2;0:3;0:4;1:0;1:1;1:2;1:3;1:4;2:0;2:1;2:2;2:3;2:4;3:0;3:1;3:2;3:3;3:4;4:0;4:1;4:2;4:3;4:4,target_distance_confirmation_5x5,"train_seed,train_row_group_start,train_length_multiplier",held_out_evaluation_only,Submit GPU jobs to gpumedium; do not use pilot/gpupilot.
fsl_targetdistance_confirm_source5x5_s201_206_20260713_1637_n3-d1-dep4-md512-it216-x1p00-s205-rg0,source_delta_support_process_control,canonical,4,72,64,512,205,216,113246208,524288,16,2048,40,1,L,fsl-targetdistance-confirm-source5x5-s201-206-20260713-1637-n3-d1-dep4-md512-it216-x1p00-s205-rg0,3,1,roihu_delta_support_process_control,4,113246208,524288,Fresh 5x5 source union for a frozen target-distance confirmation. The same measured source rows are reused for sealed x100 and x150 referees.,controlled_model_dim_source_prefix_smalln_5x5,29360320.0,29360320.0,0.0,0.162821576719,11,5p_to_3x3_to_4x4_to_5x5_nested,16,1.305337,0,216,113246208,1.0,offline_union_5x5_target_distance_confirmation,3:1,0:0;0:1;0:2;0:3;0:4;1:0;1:1;1:2;1:3;1:4;2:0;2:1;2:2;2:3;2:4;3:0;3:1;3:2;3:3;3:4;4:0;4:1;4:2;4:3;4:4,target_distance_confirmation_5x5,"train_seed,train_row_group_start,train_length_multiplier",held_out_evaluation_only,Submit GPU jobs to gpumedium; do not use pilot/gpupilot.
fsl_targetdistance_confirm_source5x5_s201_206_20260713_1637_n3-d1-dep4-md512-it216-x1p00-s206-rg0,source_delta_support_process_control,canonical,4,72,64,512,206,216,113246208,524288,16,2048,40,1,L,fsl-targetdistance-confirm-source5x5-s201-206-20260713-1637-n3-d1-dep4-md512-it216-x1p00-s206-rg0,3,1,roihu_delta_support_process_control,4,113246208,524288,Fresh 5x5 source union for a frozen target-distance confirmation. The same measured source rows are reused for sealed x100 and x150 referees.,controlled_model_dim_source_prefix_smalln_5x5,29360320.0,29360320.0,0.0,0.162821576719,11,5p_to_3x3_to_4x4_to_5x5_nested,16,1.305337,0,216,113246208,1.0,offline_union_5x5_target_distance_confirmation,3:1,0:0;0:1;0:2;0:3;0:4;1:0;1:1;1:2;1:3;1:4;2:0;2:1;2:2;2:3;2:4;3:0;3:1;3:2;3:3;3:4;4:0;4:1;4:2;4:3;4:4,target_distance_confirmation_5x5,"train_seed,train_row_group_start,train_length_multiplier",held_out_evaluation_only,Submit GPU jobs to gpumedium; do not use pilot/gpupilot.
fsl_targetdistance_confirm_source5x5_s201_206_20260713_1637_n3-d2-dep4-md512-it324-x1p00-s201-rg0,source_delta_support_process_control,canonical,4,72,64,512,201,324,169869312,524288,16,2048,40,1,L,fsl-targetdistance-confirm-source5x5-s201-206-20260713-1637-n3-d2-dep4-md512-it324-x1p00-s201-rg0,3,2,roihu_delta_support_process_control,4,169869312,524288,Fresh 5x5 source union for a frozen target-distance confirmation. The same measured source rows are reused for sealed x100 and x150 referees.,controlled_model_dim_source_prefix_smalln_5x5,29360320.0,29360320.0,0.0,0.162821576719,12,5p_to_3x3_to_4x4_to_5x5_nested,16,1.305337,0,324,169869312,1.0,offline_union_5x5_target_distance_confirmation,3:2,0:0;0:1;0:2;0:3;0:4;1:0;1:1;1:2;1:3;1:4;2:0;2:1;2:2;2:3;2:4;3:0;3:1;3:2;3:3;3:4;4:0;4:1;4:2;4:3;4:4,target_distance_confirmation_5x5,"train_seed,train_row_group_start,train_length_multiplier",held_out_evaluation_only,Submit GPU jobs to gpumedium; do not use pilot/gpupilot.
fsl_targetdistance_confirm_source5x5_s201_206_20260713_1637_n3-d2-dep4-md512-it324-x1p00-s202-rg0,source_delta_support_process_control,canonical,4,72,64,512,202,324,169869312,524288,16,2048,40,1,L,fsl-targetdistance-confirm-source5x5-s201-206-20260713-1637-n3-d2-dep4-md512-it324-x1p00-s202-rg0,3,2,roihu_delta_support_process_control,4,169869312,524288,Fresh 5x5 source union for a frozen target-distance confirmation. The same measured source rows are reused for sealed x100 and x150 referees.,controlled_model_dim_source_prefix_smalln_5x5,29360320.0,29360320.0,0.0,0.162821576719,12,5p_to_3x3_to_4x4_to_5x5_nested,16,1.305337,0,324,169869312,1.0,offline_union_5x5_target_distance_confirmation,3:2,0:0;0:1;0:2;0:3;0:4;1:0;1:1;1:2;1:3;1:4;2:0;2:1;2:2;2:3;2:4;3:0;3:1;3:2;3:3;3:4;4:0;4:1;4:2;4:3;4:4,target_distance_confirmation_5x5,"train_seed,train_row_group_start,train_length_multiplier",held_out_evaluation_only,Submit GPU jobs to gpumedium; do not use pilot/gpupilot.
fsl_targetdistance_confirm_source5x5_s201_206_20260713_1637_n3-d2-dep4-md512-it324-x1p00-s203-rg0,source_delta_support_process_control,canonical,4,72,64,512,203,324,169869312,524288,16,2048,40,1,L,fsl-targetdistance-confirm-source5x5-s201-206-20260713-1637-n3-d2-dep4-md512-it324-x1p00-s203-rg0,3,2,roihu_delta_support_process_control,4,169869312,524288,Fresh 5x5 source union for a frozen target-distance confirmation. The same measured source rows are reused for sealed x100 and x150 referees.,controlled_model_dim_source_prefix_smalln_5x5,29360320.0,29360320.0,0.0,0.162821576719,12,5p_to_3x3_to_4x4_to_5x5_nested,16,1.305337,0,324,169869312,1.0,offline_union_5x5_target_distance_confirmation,3:2,0:0;0:1;0:2;0:3;0:4;1:0;1:1;1:2;1:3;1:4;2:0;2:1;2:2;2:3;2:4;3:0;3:1;3:2;3:3;3:4;4:0;4:1;4:2;4:3;4:4,target_distance_confirmation_5x5,"train_seed,train_row_group_start,train_length_multiplier",held_out_evaluation_only,Submit GPU jobs to gpumedium; do not use pilot/gpupilot.
fsl_targetdistance_confirm_source5x5_s201_206_20260713_1637_n3-d2-dep4-md512-it324-x1p00-s204-rg0,source_delta_support_process_control,canonical,4,72,64,512,204,324,169869312,524288,16,2048,40,1,L,fsl-targetdistance-confirm-source5x5-s201-206-20260713-1637-n3-d2-dep4-md512-it324-x1p00-s204-rg0,3,2,roihu_delta_support_process_control,4,169869312,524288,Fresh 5x5 source union for a frozen target-distance confirmation. The same measured source rows are reused for sealed x100 and x150 referees.,controlled_model_dim_source_prefix_smalln_5x5,29360320.0,29360320.0,0.0,0.162821576719,12,5p_to_3x3_to_4x4_to_5x5_nested,16,1.305337,0,324,169869312,1.0,offline_union_5x5_target_distance_confirmation,3:2,0:0;0:1;0:2;0:3;0:4;1:0;1:1;1:2;1:3;1:4;2:0;2:1;2:2;2:3;2:4;3:0;3:1;3:2;3:3;3:4;4:0;4:1;4:2;4:3;4:4,target_distance_confirmation_5x5,"train_seed,train_row_group_start,train_length_multiplier",held_out_evaluation_only,Submit GPU jobs to gpumedium; do not use pilot/gpupilot.
fsl_targetdistance_confirm_source5x5_s201_206_20260713_1637_n3-d2-dep4-md512-it324-x1p00-s205-rg0,source_delta_support_process_control,canonical,4,72,64,512,205,324,169869312,524288,16,2048,40,1,L,fsl-targetdistance-confirm-source5x5-s201-206-20260713-1637-n3-d2-dep4-md512-it324-x1p00-s205-rg0,3,2,roihu_delta_support_process_control,4,169869312,524288,Fresh 5x5 source union for a frozen target-distance confirmation. The same measured source rows are reused for sealed x100 and x150 referees.,controlled_model_dim_source_prefix_smalln_5x5,29360320.0,29360320.0,0.0,0.162821576719,12,5p_to_3x3_to_4x4_to_5x5_nested,16,1.305337,0,324,169869312,1.0,offline_union_5x5_target_distance_confirmation,3:2,0:0;0:1;0:2;0:3;0:4;1:0;1:1;1:2;1:3;1:4;2:0;2:1;2:2;2:3;2:4;3:0;3:1;3:2;3:3;3:4;4:0;4:1;4:2;4:3;4:4,target_distance_confirmation_5x5,"train_seed,train_row_group_start,train_length_multiplier",held_out_evaluation_only,Submit GPU jobs to gpumedium; do not use pilot/gpupilot.
fsl_targetdistance_confirm_source5x5_s201_206_20260713_1637_n3-d2-dep4-md512-it324-x1p00-s206-rg0,source_delta_support_process_control,canonical,4,72,64,512,206,324,169869312,524288,16,2048,40,1,L,fsl-targetdistance-confirm-source5x5-s201-206-20260713-1637-n3-d2-dep4-md512-it324-x1p00-s206-rg0,3,2,roihu_delta_support_process_control,4,169869312,524288,Fresh 5x5 source union for a frozen target-distance confirmation. The same measured source rows are reused for sealed x100 and x150 referees.,controlled_model_dim_source_prefix_smalln_5x5,29360320.0,29360320.0,0.0,0.162821576719,12,5p_to_3x3_to_4x4_to_5x5_nested,16,1.305337,0,324,169869312,1.0,offline_union_5x5_target_distance_confirmation,3:2,0:0;0:1;0:2;0:3;0:4;1:0;1:1;1:2;1:3;1:4;2:0;2:1;2:2;2:3;2:4;3:0;3:1;3:2;3:3;3:4;4:0;4:1;4:2;4:3;4:4,target_distance_confirmation_5x5,"train_seed,train_row_group_start,train_length_multiplier",held_out_evaluation_only,Submit GPU jobs to gpumedium; do not use pilot/gpupilot.
fsl_targetdistance_confirm_source5x5_s201_206_20260713_1637_n3-d3-dep4-md512-it486-x1p00-s201-rg0,source_delta_support_process_control,canonical,4,72,64,512,201,486,254803968,524288,16,2048,40,1,L,fsl-targetdistance-confirm-source5x5-s201-206-20260713-1637-n3-d3-dep4-md512-it486-x1p00-s201-rg0,3,3,roihu_delta_support_process_control,4,254803968,524288,Fresh 5x5 source union for a frozen target-distance confirmation. The same measured source rows are reused for sealed x100 and x150 referees.,controlled_model_dim_source_prefix_smalln_5x5,29360320.0,29360320.0,0.0,0.162821576719,16,5p_to_3x3_to_4x4_to_5x5_nested,16,1.305337,0,486,254803968,1.0,offline_union_5x5_target_distance_confirmation,3:3,0:0;0:1;0:2;0:3;0:4;1:0;1:1;1:2;1:3;1:4;2:0;2:1;2:2;2:3;2:4;3:0;3:1;3:2;3:3;3:4;4:0;4:1;4:2;4:3;4:4,target_distance_confirmation_5x5,"train_seed,train_row_group_start,train_length_multiplier",held_out_evaluation_only,Submit GPU jobs to gpumedium; do not use pilot/gpupilot.
fsl_targetdistance_confirm_source5x5_s201_206_20260713_1637_n3-d3-dep4-md512-it486-x1p00-s202-rg0,source_delta_support_process_control,canonical,4,72,64,512,202,486,254803968,524288,16,2048,40,1,L,fsl-targetdistance-confirm-source5x5-s201-206-20260713-1637-n3-d3-dep4-md512-it486-x1p00-s202-rg0,3,3,roihu_delta_support_process_control,4,254803968,524288,Fresh 5x5 source union for a frozen target-distance confirmation. The same measured source rows are reused for sealed x100 and x150 referees.,controlled_model_dim_source_prefix_smalln_5x5,29360320.0,29360320.0,0.0,0.162821576719,16,5p_to_3x3_to_4x4_to_5x5_nested,16,1.305337,0,486,254803968,1.0,offline_union_5x5_target_distance_confirmation,3:3,0:0;0:1;0:2;0:3;0:4;1:0;1:1;1:2;1:3;1:4;2:0;2:1;2:2;2:3;2:4;3:0;3:1;3:2;3:3;3:4;4:0;4:1;4:2;4:3;4:4,target_distance_confirmation_5x5,"train_seed,train_row_group_start,train_length_multiplier",held_out_evaluation_only,Submit GPU jobs to gpumedium; do not use pilot/gpupilot.
fsl_targetdistance_confirm_source5x5_s201_206_20260713_1637_n3-d3-dep4-md512-it486-x1p00-s203-rg0,source_delta_support_process_control,canonical,4,72,64,512,203,486,254803968,524288,16,2048,40,1,L,fsl-targetdistance-confirm-source5x5-s201-206-20260713-1637-n3-d3-dep4-md512-it486-x1p00-s203-rg0,3,3,roihu_delta_support_process_control,4,254803968,524288,Fresh 5x5 source union for a frozen target-distance confirmation. The same measured source rows are reused for sealed x100 and x150 referees.,controlled_model_dim_source_prefix_smalln_5x5,29360320.0,29360320.0,0.0,0.162821576719,16,5p_to_3x3_to_4x4_to_5x5_nested,16,1.305337,0,486,254803968,1.0,offline_union_5x5_target_distance_confirmation,3:3,0:0;0:1;0:2;0:3;0:4;1:0;1:1;1:2;1:3;1:4;2:0;2:1;2:2;2:3;2:4;3:0;3:1;3:2;3:3;3:4;4:0;4:1;4:2;4:3;4:4,target_distance_confirmation_5x5,"train_seed,train_row_group_start,train_length_multiplier",held_out_evaluation_only,Submit GPU jobs to gpumedium; do not use pilot/gpupilot.
fsl_targetdistance_confirm_source5x5_s201_206_20260713_1637_n3-d3-dep4-md512-it486-x1p00-s204-rg0,source_delta_support_process_control,canonical,4,72,64,512,204,486,254803968,524288,16,2048,40,1,L,fsl-targetdistance-confirm-source5x5-s201-206-20260713-1637-n3-d3-dep4-md512-it486-x1p00-s204-rg0,3,3,roihu_delta_support_process_control,4,254803968,524288,Fresh 5x5 source union for a frozen target-distance confirmation. The same measured source rows are reused for sealed x100 and x150 referees.,controlled_model_dim_source_prefix_smalln_5x5,29360320.0,29360320.0,0.0,0.162821576719,16,5p_to_3x3_to_4x4_to_5x5_nested,16,1.305337,0,486,254803968,1.0,offline_union_5x5_target_distance_confirmation,3:3,0:0;0:1;0:2;0:3;0:4;1:0;1:1;1:2;1:3;1:4;2:0;2:1;2:2;2:3;2:4;3:0;3:1;3:2;3:3;3:4;4:0;4:1;4:2;4:3;4:4,target_distance_confirmation_5x5,"train_seed,train_row_group_start,train_length_multiplier",held_out_evaluation_only,Submit GPU jobs to gpumedium; do not use pilot/gpupilot.
fsl_targetdistance_confirm_source5x5_s201_206_20260713_1637_n3-d3-dep4-md512-it486-x1p00-s205-rg0,source_delta_support_process_control,canonical,4,72,64,512,205,486,254803968,524288,16,2048,40,1,L,fsl-targetdistance-confirm-source5x5-s201-206-20260713-1637-n3-d3-dep4-md512-it486-x1p00-s205-rg0,3,3,roihu_delta_support_process_control,4,254803968,524288,Fresh 5x5 source union for a frozen target-distance confirmation. The same measured source rows are reused for sealed x100 and x150 referees.,controlled_model_dim_source_prefix_smalln_5x5,29360320.0,29360320.0,0.0,0.162821576719,16,5p_to_3x3_to_4x4_to_5x5_nested,16,1.305337,0,486,254803968,1.0,offline_union_5x5_target_distance_confirmation,3:3,0:0;0:1;0:2;0:3;0:4;1:0;1:1;1:2;1:3;1:4;2:0;2:1;2:2;2:3;2:4;3:0;3:1;3:2;3:3;3:4;4:0;4:1;4:2;4:3;4:4,target_distance_confirmation_5x5,"train_seed,train_row_group_start,train_length_multiplier",held_out_evaluation_only,Submit GPU jobs to gpumedium; do not use pilot/gpupilot.
fsl_targetdistance_confirm_source5x5_s201_206_20260713_1637_n3-d3-dep4-md512-it486-x1p00-s206-rg0,source_delta_support_process_control,canonical,4,72,64,512,206,486,254803968,524288,16,2048,40,1,L,fsl-targetdistance-confirm-source5x5-s201-206-20260713-1637-n3-d3-dep4-md512-it486-x1p00-s206-rg0,3,3,roihu_delta_support_process_control,4,254803968,524288,Fresh 5x5 source union for a frozen target-distance confirmation. The same measured source rows are reused for sealed x100 and x150 referees.,controlled_model_dim_source_prefix_smalln_5x5,29360320.0,29360320.0,0.0,0.162821576719,16,5p_to_3x3_to_4x4_to_5x5_nested,16,1.305337,0,486,254803968,1.0,offline_union_5x5_target_distance_confirmation,3:3,0:0;0:1;0:2;0:3;0:4;1:0;1:1;1:2;1:3;1:4;2:0;2:1;2:2;2:3;2:4;3:0;3:1;3:2;3:3;3:4;4:0;4:1;4:2;4:3;4:4,target_distance_confirmation_5x5,"train_seed,train_row_group_start,train_length_multiplier",held_out_evaluation_only,Submit GPU jobs to gpumedium; do not use pilot/gpupilot.
fsl_targetdistance_confirm_source5x5_s201_206_20260713_1637_n3-d4-dep4-md512-it729-x1p00-s201-rg0,source_delta_support_process_control,canonical,4,72,64,512,201,729,382205952,524288,16,2048,40,1,L,fsl-targetdistance-confirm-source5x5-s201-206-20260713-1637-n3-d4-dep4-md512-it729-x1p00-s201-rg0,3,4,roihu_delta_support_process_control,4,382205952,524288,Fresh 5x5 source union for a frozen target-distance confirmation. The same measured source rows are reused for sealed x100 and x150 referees.,controlled_model_dim_source_prefix_smalln_5x5,29360320.0,29360320.0,0.0,0.162821576719,24,5p_to_3x3_to_4x4_to_5x5_nested,25,1.305337,0,729,382205952,1.0,offline_union_5x5_target_distance_confirmation,3:4,0:0;0:1;0:2;0:3;0:4;1:0;1:1;1:2;1:3;1:4;2:0;2:1;2:2;2:3;2:4;3:0;3:1;3:2;3:3;3:4;4:0;4:1;4:2;4:3;4:4,target_distance_confirmation_5x5,"train_seed,train_row_group_start,train_length_multiplier",held_out_evaluation_only,Submit GPU jobs to gpumedium; do not use pilot/gpupilot.
fsl_targetdistance_confirm_source5x5_s201_206_20260713_1637_n3-d4-dep4-md512-it729-x1p00-s202-rg0,source_delta_support_process_control,canonical,4,72,64,512,202,729,382205952,524288,16,2048,40,1,L,fsl-targetdistance-confirm-source5x5-s201-206-20260713-1637-n3-d4-dep4-md512-it729-x1p00-s202-rg0,3,4,roihu_delta_support_process_control,4,382205952,524288,Fresh 5x5 source union for a frozen target-distance confirmation. The same measured source rows are reused for sealed x100 and x150 referees.,controlled_model_dim_source_prefix_smalln_5x5,29360320.0,29360320.0,0.0,0.162821576719,24,5p_to_3x3_to_4x4_to_5x5_nested,25,1.305337,0,729,382205952,1.0,offline_union_5x5_target_distance_confirmation,3:4,0:0;0:1;0:2;0:3;0:4;1:0;1:1;1:2;1:3;1:4;2:0;2:1;2:2;2:3;2:4;3:0;3:1;3:2;3:3;3:4;4:0;4:1;4:2;4:3;4:4,target_distance_confirmation_5x5,"train_seed,train_row_group_start,train_length_multiplier",held_out_evaluation_only,Submit GPU jobs to gpumedium; do not use pilot/gpupilot.
fsl_targetdistance_confirm_source5x5_s201_206_20260713_1637_n3-d4-dep4-md512-it729-x1p00-s203-rg0,source_delta_support_process_control,canonical,4,72,64,512,203,729,382205952,524288,16,2048,40,1,L,fsl-targetdistance-confirm-source5x5-s201-206-20260713-1637-n3-d4-dep4-md512-it729-x1p00-s203-rg0,3,4,roihu_delta_support_process_control,4,382205952,524288,Fresh 5x5 source union for a frozen target-distance confirmation. The same measured source rows are reused for sealed x100 and x150 referees.,controlled_model_dim_source_prefix_smalln_5x5,29360320.0,29360320.0,0.0,0.162821576719,24,5p_to_3x3_to_4x4_to_5x5_nested,25,1.305337,0,729,382205952,1.0,offline_union_5x5_target_distance_confirmation,3:4,0:0;0:1;0:2;0:3;0:4;1:0;1:1;1:2;1:3;1:4;2:0;2:1;2:2;2:3;2:4;3:0;3:1;3:2;3:3;3:4;4:0;4:1;4:2;4:3;4:4,target_distance_confirmation_5x5,"train_seed,train_row_group_start,train_length_multiplier",held_out_evaluation_only,Submit GPU jobs to gpumedium; do not use pilot/gpupilot.
fsl_targetdistance_confirm_source5x5_s201_206_20260713_1637_n3-d4-dep4-md512-it729-x1p00-s204-rg0,source_delta_support_process_control,canonical,4,72,64,512,204,729,382205952,524288,16,2048,40,1,L,fsl-targetdistance-confirm-source5x5-s201-206-20260713-1637-n3-d4-dep4-md512-it729-x1p00-s204-rg0,3,4,roihu_delta_support_process_control,4,382205952,524288,Fresh 5x5 source union for a frozen target-distance confirmation. The same measured source rows are reused for sealed x100 and x150 referees.,controlled_model_dim_source_prefix_smalln_5x5,29360320.0,29360320.0,0.0,0.162821576719,24,5p_to_3x3_to_4x4_to_5x5_nested,25,1.305337,0,729,382205952,1.0,offline_union_5x5_target_distance_confirmation,3:4,0:0;0:1;0:2;0:3;0:4;1:0;1:1;1:2;1:3;1:4;2:0;2:1;2:2;2:3;2:4;3:0;3:1;3:2;3:3;3:4;4:0;4:1;4:2;4:3;4:4,target_distance_confirmation_5x5,"train_seed,train_row_group_start,train_length_multiplier",held_out_evaluation_only,Submit GPU jobs to gpumedium; do not use pilot/gpupilot.
fsl_targetdistance_confirm_source5x5_s201_206_20260713_1637_n3-d4-dep4-md512-it729-x1p00-s205-rg0,source_delta_support_process_control,canonical,4,72,64,512,205,729,382205952,524288,16,2048,40,1,L,fsl-targetdistance-confirm-source5x5-s201-206-20260713-1637-n3-d4-dep4-md512-it729-x1p00-s205-rg0,3,4,roihu_delta_support_process_control,4,382205952,524288,Fresh 5x5 source union for a frozen target-distance confirmation. The same measured source rows are reused for sealed x100 and x150 referees.,controlled_model_dim_source_prefix_smalln_5x5,29360320.0,29360320.0,0.0,0.162821576719,24,5p_to_3x3_to_4x4_to_5x5_nested,25,1.305337,0,729,382205952,1.0,offline_union_5x5_target_distance_confirmation,3:4,0:0;0:1;0:2;0:3;0:4;1:0;1:1;1:2;1:3;1:4;2:0;2:1;2:2;2:3;2:4;3:0;3:1;3:2;3:3;3:4;4:0;4:1;4:2;4:3;4:4,target_distance_confirmation_5x5,"train_seed,train_row_group_start,train_length_multiplier",held_out_evaluation_only,Submit GPU jobs to gpumedium; do not use pilot/gpupilot.
fsl_targetdistance_confirm_source5x5_s201_206_20260713_1637_n3-d4-dep4-md512-it729-x1p00-s206-rg0,source_delta_support_process_control,canonical,4,72,64,512,206,729,382205952,524288,16,2048,40,1,L,fsl-targetdistance-confirm-source5x5-s201-206-20260713-1637-n3-d4-dep4-md512-it729-x1p00-s206-rg0,3,4,roihu_delta_support_process_control,4,382205952,524288,Fresh 5x5 source union for a frozen target-distance confirmation. The same measured source rows are reused for sealed x100 and x150 referees.,controlled_model_dim_source_prefix_smalln_5x5,29360320.0,29360320.0,0.0,0.162821576719,24,5p_to_3x3_to_4x4_to_5x5_nested,25,1.305337,0,729,382205952,1.0,offline_union_5x5_target_distance_confirmation,3:4,0:0;0:1;0:2;0:3;0:4;1:0;1:1;1:2;1:3;1:4;2:0;2:1;2:2;2:3;2:4;3:0;3:1;3:2;3:3;3:4;4:0;4:1;4:2;4:3;4:4,target_distance_confirmation_5x5,"train_seed,train_row_group_start,train_length_multiplier",held_out_evaluation_only,Submit GPU jobs to gpumedium; do not use pilot/gpupilot.
fsl_targetdistance_confirm_source5x5_s201_206_20260713_1637_n4-d0-dep4-md704-it144-x1p00-s201-rg0,source_delta_support_process_control,canonical,4,72,64,704,201,144,75497472,524288,16,2048,40,1,L,fsl-targetdistance-confirm-source5x5-s201-206-20260713-1637-n4-d0-dep4-md704-it144-x1p00-s201-rg0,4,0,roihu_delta_support_process_control,4,75497472,524288,Fresh 5x5 source union for a frozen target-distance confirmation. The same measured source rows are reused for sealed x100 and x150 referees.,controlled_model_dim_source_prefix_smalln_5x5,46858504.0,46858504.0,0.0,0.162821576719,17,5p_to_3x3_to_4x4_to_5x5_nested,25,1.305337,0,144,75497472,1.0,offline_union_5x5_target_distance_confirmation,4:0,0:0;0:1;0:2;0:3;0:4;1:0;1:1;1:2;1:3;1:4;2:0;2:1;2:2;2:3;2:4;3:0;3:1;3:2;3:3;3:4;4:0;4:1;4:2;4:3;4:4,target_distance_confirmation_5x5,"train_seed,train_row_group_start,train_length_multiplier",held_out_evaluation_only,Submit GPU jobs to gpumedium; do not use pilot/gpupilot.
fsl_targetdistance_confirm_source5x5_s201_206_20260713_1637_n4-d0-dep4-md704-it144-x1p00-s202-rg0,source_delta_support_process_control,canonical,4,72,64,704,202,144,75497472,524288,16,2048,40,1,L,fsl-targetdistance-confirm-source5x5-s201-206-20260713-1637-n4-d0-dep4-md704-it144-x1p00-s202-rg0,4,0,roihu_delta_support_process_control,4,75497472,524288,Fresh 5x5 source union for a frozen target-distance confirmation. The same measured source rows are reused for sealed x100 and x150 referees.,controlled_model_dim_source_prefix_smalln_5x5,46858504.0,46858504.0,0.0,0.162821576719,17,5p_to_3x3_to_4x4_to_5x5_nested,25,1.305337,0,144,75497472,1.0,offline_union_5x5_target_distance_confirmation,4:0,0:0;0:1;0:2;0:3;0:4;1:0;1:1;1:2;1:3;1:4;2:0;2:1;2:2;2:3;2:4;3:0;3:1;3:2;3:3;3:4;4:0;4:1;4:2;4:3;4:4,target_distance_confirmation_5x5,"train_seed,train_row_group_start,train_length_multiplier",held_out_evaluation_only,Submit GPU jobs to gpumedium; do not use pilot/gpupilot.
fsl_targetdistance_confirm_source5x5_s201_206_20260713_1637_n4-d0-dep4-md704-it144-x1p00-s203-rg0,source_delta_support_process_control,canonical,4,72,64,704,203,144,75497472,524288,16,2048,40,1,L,fsl-targetdistance-confirm-source5x5-s201-206-20260713-1637-n4-d0-dep4-md704-it144-x1p00-s203-rg0,4,0,roihu_delta_support_process_control,4,75497472,524288,Fresh 5x5 source union for a frozen target-distance confirmation. The same measured source rows are reused for sealed x100 and x150 referees.,controlled_model_dim_source_prefix_smalln_5x5,46858504.0,46858504.0,0.0,0.162821576719,17,5p_to_3x3_to_4x4_to_5x5_nested,25,1.305337,0,144,75497472,1.0,offline_union_5x5_target_distance_confirmation,4:0,0:0;0:1;0:2;0:3;0:4;1:0;1:1;1:2;1:3;1:4;2:0;2:1;2:2;2:3;2:4;3:0;3:1;3:2;3:3;3:4;4:0;4:1;4:2;4:3;4:4,target_distance_confirmation_5x5,"train_seed,train_row_group_start,train_length_multiplier",held_out_evaluation_only,Submit GPU jobs to gpumedium; do not use pilot/gpupilot.
fsl_targetdistance_confirm_source5x5_s201_206_20260713_1637_n4-d0-dep4-md704-it144-x1p00-s204-rg0,source_delta_support_process_control,canonical,4,72,64,704,204,144,75497472,524288,16,2048,40,1,L,fsl-targetdistance-confirm-source5x5-s201-206-20260713-1637-n4-d0-dep4-md704-it144-x1p00-s204-rg0,4,0,roihu_delta_support_process_control,4,75497472,524288,Fresh 5x5 source union for a frozen target-distance confirmation. The same measured source rows are reused for sealed x100 and x150 referees.,controlled_model_dim_source_prefix_smalln_5x5,46858504.0,46858504.0,0.0,0.162821576719,17,5p_to_3x3_to_4x4_to_5x5_nested,25,1.305337,0,144,75497472,1.0,offline_union_5x5_target_distance_confirmation,4:0,0:0;0:1;0:2;0:3;0:4;1:0;1:1;1:2;1:3;1:4;2:0;2:1;2:2;2:3;2:4;3:0;3:1;3:2;3:3;3:4;4:0;4:1;4:2;4:3;4:4,target_distance_confirmation_5x5,"train_seed,train_row_group_start,train_length_multiplier",held_out_evaluation_only,Submit GPU jobs to gpumedium; do not use pilot/gpupilot.
fsl_targetdistance_confirm_source5x5_s201_206_20260713_1637_n4-d0-dep4-md704-it144-x1p00-s205-rg0,source_delta_support_process_control,canonical,4,72,64,704,205,144,75497472,524288,16,2048,40,1,L,fsl-targetdistance-confirm-source5x5-s201-206-20260713-1637-n4-d0-dep4-md704-it144-x1p00-s205-rg0,4,0,roihu_delta_support_process_control,4,75497472,524288,Fresh 5x5 source union for a frozen target-distance confirmation. The same measured source rows are reused for sealed x100 and x150 referees.,controlled_model_dim_source_prefix_smalln_5x5,46858504.0,46858504.0,0.0,0.162821576719,17,5p_to_3x3_to_4x4_to_5x5_nested,25,1.305337,0,144,75497472,1.0,offline_union_5x5_target_distance_confirmation,4:0,0:0;0:1;0:2;0:3;0:4;1:0;1:1;1:2;1:3;1:4;2:0;2:1;2:2;2:3;2:4;3:0;3:1;3:2;3:3;3:4;4:0;4:1;4:2;4:3;4:4,target_distance_confirmation_5x5,"train_seed,train_row_group_start,train_length_multiplier",held_out_evaluation_only,Submit GPU jobs to gpumedium; do not use pilot/gpupilot.
fsl_targetdistance_confirm_source5x5_s201_206_20260713_1637_n4-d0-dep4-md704-it144-x1p00-s206-rg0,source_delta_support_process_control,canonical,4,72,64,704,206,144,75497472,524288,16,2048,40,1,L,fsl-targetdistance-confirm-source5x5-s201-206-20260713-1637-n4-d0-dep4-md704-it144-x1p00-s206-rg0,4,0,roihu_delta_support_process_control,4,75497472,524288,Fresh 5x5 source union for a frozen target-distance confirmation. The same measured source rows are reused for sealed x100 and x150 referees.,controlled_model_dim_source_prefix_smalln_5x5,46858504.0,46858504.0,0.0,0.162821576719,17,5p_to_3x3_to_4x4_to_5x5_nested,25,1.305337,0,144,75497472,1.0,offline_union_5x5_target_distance_confirmation,4:0,0:0;0:1;0:2;0:3;0:4;1:0;1:1;1:2;1:3;1:4;2:0;2:1;2:2;2:3;2:4;3:0;3:1;3:2;3:3;3:4;4:0;4:1;4:2;4:3;4:4,target_distance_confirmation_5x5,"train_seed,train_row_group_start,train_length_multiplier",held_out_evaluation_only,Submit GPU jobs to gpumedium; do not use pilot/gpupilot.
fsl_targetdistance_confirm_source5x5_s201_206_20260713_1637_n4-d1-dep4-md704-it216-x1p00-s201-rg0,source_delta_support_process_control,canonical,4,72,64,704,201,216,113246208,524288,16,2048,40,1,L,fsl-targetdistance-confirm-source5x5-s201-206-20260713-1637-n4-d1-dep4-md704-it216-x1p00-s201-rg0,4,1,roihu_delta_support_process_control,4,113246208,524288,Fresh 5x5 source union for a frozen target-distance confirmation. The same measured source rows are reused for sealed x100 and x150 referees.,controlled_model_dim_source_prefix_smalln_5x5,46858504.0,46858504.0,0.0,0.162821576719,18,5p_to_3x3_to_4x4_to_5x5_nested,25,1.305337,0,216,113246208,1.0,offline_union_5x5_target_distance_confirmation,4:1,0:0;0:1;0:2;0:3;0:4;1:0;1:1;1:2;1:3;1:4;2:0;2:1;2:2;2:3;2:4;3:0;3:1;3:2;3:3;3:4;4:0;4:1;4:2;4:3;4:4,target_distance_confirmation_5x5,"train_seed,train_row_group_start,train_length_multiplier",held_out_evaluation_only,Submit GPU jobs to gpumedium; do not use pilot/gpupilot.
fsl_targetdistance_confirm_source5x5_s201_206_20260713_1637_n4-d1-dep4-md704-it216-x1p00-s202-rg0,source_delta_support_process_control,canonical,4,72,64,704,202,216,113246208,524288,16,2048,40,1,L,fsl-targetdistance-confirm-source5x5-s201-206-20260713-1637-n4-d1-dep4-md704-it216-x1p00-s202-rg0,4,1,roihu_delta_support_process_control,4,113246208,524288,Fresh 5x5 source union for a frozen target-distance confirmation. The same measured source rows are reused for sealed x100 and x150 referees.,controlled_model_dim_source_prefix_smalln_5x5,46858504.0,46858504.0,0.0,0.162821576719,18,5p_to_3x3_to_4x4_to_5x5_nested,25,1.305337,0,216,113246208,1.0,offline_union_5x5_target_distance_confirmation,4:1,0:0;0:1;0:2;0:3;0:4;1:0;1:1;1:2;1:3;1:4;2:0;2:1;2:2;2:3;2:4;3:0;3:1;3:2;3:3;3:4;4:0;4:1;4:2;4:3;4:4,target_distance_confirmation_5x5,"train_seed,train_row_group_start,train_length_multiplier",held_out_evaluation_only,Submit GPU jobs to gpumedium; do not use pilot/gpupilot.
fsl_targetdistance_confirm_source5x5_s201_206_20260713_1637_n4-d1-dep4-md704-it216-x1p00-s203-rg0,source_delta_support_process_control,canonical,4,72,64,704,203,216,113246208,524288,16,2048,40,1,L,fsl-targetdistance-confirm-source5x5-s201-206-20260713-1637-n4-d1-dep4-md704-it216-x1p00-s203-rg0,4,1,roihu_delta_support_process_control,4,113246208,524288,Fresh 5x5 source union for a frozen target-distance confirmation. The same measured source rows are reused for sealed x100 and x150 referees.,controlled_model_dim_source_prefix_smalln_5x5,46858504.0,46858504.0,0.0,0.162821576719,18,5p_to_3x3_to_4x4_to_5x5_nested,25,1.305337,0,216,113246208,1.0,offline_union_5x5_target_distance_confirmation,4:1,0:0;0:1;0:2;0:3;0:4;1:0;1:1;1:2;1:3;1:4;2:0;2:1;2:2;2:3;2:4;3:0;3:1;3:2;3:3;3:4;4:0;4:1;4:2;4:3;4:4,target_distance_confirmation_5x5,"train_seed,train_row_group_start,train_length_multiplier",held_out_evaluation_only,Submit GPU jobs to gpumedium; do not use pilot/gpupilot.
fsl_targetdistance_confirm_source5x5_s201_206_20260713_1637_n4-d1-dep4-md704-it216-x1p00-s204-rg0,source_delta_support_process_control,canonical,4,72,64,704,204,216,113246208,524288,16,2048,40,1,L,fsl-targetdistance-confirm-source5x5-s201-206-20260713-1637-n4-d1-dep4-md704-it216-x1p00-s204-rg0,4,1,roihu_delta_support_process_control,4,113246208,524288,Fresh 5x5 source union for a frozen target-distance confirmation. The same measured source rows are reused for sealed x100 and x150 referees.,controlled_model_dim_source_prefix_smalln_5x5,46858504.0,46858504.0,0.0,0.162821576719,18,5p_to_3x3_to_4x4_to_5x5_nested,25,1.305337,0,216,113246208,1.0,offline_union_5x5_target_distance_confirmation,4:1,0:0;0:1;0:2;0:3;0:4;1:0;1:1;1:2;1:3;1:4;2:0;2:1;2:2;2:3;2:4;3:0;3:1;3:2;3:3;3:4;4:0;4:1;4:2;4:3;4:4,target_distance_confirmation_5x5,"train_seed,train_row_group_start,train_length_multiplier",held_out_evaluation_only,Submit GPU jobs to gpumedium; do not use pilot/gpupilot.
fsl_targetdistance_confirm_source5x5_s201_206_20260713_1637_n4-d1-dep4-md704-it216-x1p00-s205-rg0,source_delta_support_process_control,canonical,4,72,64,704,205,216,113246208,524288,16,2048,40,1,L,fsl-targetdistance-confirm-source5x5-s201-206-20260713-1637-n4-d1-dep4-md704-it216-x1p00-s205-rg0,4,1,roihu_delta_support_process_control,4,113246208,524288,Fresh 5x5 source union for a frozen target-distance confirmation. The same measured source rows are reused for sealed x100 and x150 referees.,controlled_model_dim_source_prefix_smalln_5x5,46858504.0,46858504.0,0.0,0.162821576719,18,5p_to_3x3_to_4x4_to_5x5_nested,25,1.305337,0,216,113246208,1.0,offline_union_5x5_target_distance_confirmation,4:1,0:0;0:1;0:2;0:3;0:4;1:0;1:1;1:2;1:3;1:4;2:0;2:1;2:2;2:3;2:4;3:0;3:1;3:2;3:3;3:4;4:0;4:1;4:2;4:3;4:4,target_distance_confirmation_5x5,"train_seed,train_row_group_start,train_length_multiplier",held_out_evaluation_only,Submit GPU jobs to gpumedium; do not use pilot/gpupilot.
fsl_targetdistance_confirm_source5x5_s201_206_20260713_1637_n4-d1-dep4-md704-it216-x1p00-s206-rg0,source_delta_support_process_control,canonical,4,72,64,704,206,216,113246208,524288,16,2048,40,1,L,fsl-targetdistance-confirm-source5x5-s201-206-20260713-1637-n4-d1-dep4-md704-it216-x1p00-s206-rg0,4,1,roihu_delta_support_process_control,4,113246208,524288,Fresh 5x5 source union for a frozen target-distance confirmation. The same measured source rows are reused for sealed x100 and x150 referees.,controlled_model_dim_source_prefix_smalln_5x5,46858504.0,46858504.0,0.0,0.162821576719,18,5p_to_3x3_to_4x4_to_5x5_nested,25,1.305337,0,216,113246208,1.0,offline_union_5x5_target_distance_confirmation,4:1,0:0;0:1;0:2;0:3;0:4;1:0;1:1;1:2;1:3;1:4;2:0;2:1;2:2;2:3;2:4;3:0;3:1;3:2;3:3;3:4;4:0;4:1;4:2;4:3;4:4,target_distance_confirmation_5x5,"train_seed,train_row_group_start,train_length_multiplier",held_out_evaluation_only,Submit GPU jobs to gpumedium; do not use pilot/gpupilot.
fsl_targetdistance_confirm_source5x5_s201_206_20260713_1637_n4-d2-dep4-md704-it324-x1p00-s201-rg0,source_delta_support_process_control,canonical,4,72,64,704,201,324,169869312,524288,16,2048,40,1,L,fsl-targetdistance-confirm-source5x5-s201-206-20260713-1637-n4-d2-dep4-md704-it324-x1p00-s201-rg0,4,2,roihu_delta_support_process_control,4,169869312,524288,Fresh 5x5 source union for a frozen target-distance confirmation. The same measured source rows are reused for sealed x100 and x150 referees.,controlled_model_dim_source_prefix_smalln_5x5,46858504.0,46858504.0,0.0,0.162821576719,19,5p_to_3x3_to_4x4_to_5x5_nested,25,1.305337,0,324,169869312,1.0,offline_union_5x5_target_distance_confirmation,4:2,0:0;0:1;0:2;0:3;0:4;1:0;1:1;1:2;1:3;1:4;2:0;2:1;2:2;2:3;2:4;3:0;3:1;3:2;3:3;3:4;4:0;4:1;4:2;4:3;4:4,target_distance_confirmation_5x5,"train_seed,train_row_group_start,train_length_multiplier",held_out_evaluation_only,Submit GPU jobs to gpumedium; do not use pilot/gpupilot.
fsl_targetdistance_confirm_source5x5_s201_206_20260713_1637_n4-d2-dep4-md704-it324-x1p00-s202-rg0,source_delta_support_process_control,canonical,4,72,64,704,202,324,169869312,524288,16,2048,40,1,L,fsl-targetdistance-confirm-source5x5-s201-206-20260713-1637-n4-d2-dep4-md704-it324-x1p00-s202-rg0,4,2,roihu_delta_support_process_control,4,169869312,524288,Fresh 5x5 source union for a frozen target-distance confirmation. The same measured source rows are reused for sealed x100 and x150 referees.,controlled_model_dim_source_prefix_smalln_5x5,46858504.0,46858504.0,0.0,0.162821576719,19,5p_to_3x3_to_4x4_to_5x5_nested,25,1.305337,0,324,169869312,1.0,offline_union_5x5_target_distance_confirmation,4:2,0:0;0:1;0:2;0:3;0:4;1:0;1:1;1:2;1:3;1:4;2:0;2:1;2:2;2:3;2:4;3:0;3:1;3:2;3:3;3:4;4:0;4:1;4:2;4:3;4:4,target_distance_confirmation_5x5,"train_seed,train_row_group_start,train_length_multiplier",held_out_evaluation_only,Submit GPU jobs to gpumedium; do not use pilot/gpupilot.
fsl_targetdistance_confirm_source5x5_s201_206_20260713_1637_n4-d2-dep4-md704-it324-x1p00-s203-rg0,source_delta_support_process_control,canonical,4,72,64,704,203,324,169869312,524288,16,2048,40,1,L,fsl-targetdistance-confirm-source5x5-s201-206-20260713-1637-n4-d2-dep4-md704-it324-x1p00-s203-rg0,4,2,roihu_delta_support_process_control,4,169869312,524288,Fresh 5x5 source union for a frozen target-distance confirmation. The same measured source rows are reused for sealed x100 and x150 referees.,controlled_model_dim_source_prefix_smalln_5x5,46858504.0,46858504.0,0.0,0.162821576719,19,5p_to_3x3_to_4x4_to_5x5_nested,25,1.305337,0,324,169869312,1.0,offline_union_5x5_target_distance_confirmation,4:2,0:0;0:1;0:2;0:3;0:4;1:0;1:1;1:2;1:3;1:4;2:0;2:1;2:2;2:3;2:4;3:0;3:1;3:2;3:3;3:4;4:0;4:1;4:2;4:3;4:4,target_distance_confirmation_5x5,"train_seed,train_row_group_start,train_length_multiplier",held_out_evaluation_only,Submit GPU jobs to gpumedium; do not use pilot/gpupilot.
fsl_targetdistance_confirm_source5x5_s201_206_20260713_1637_n4-d2-dep4-md704-it324-x1p00-s204-rg0,source_delta_support_process_control,canonical,4,72,64,704,204,324,169869312,524288,16,2048,40,1,L,fsl-targetdistance-confirm-source5x5-s201-206-20260713-1637-n4-d2-dep4-md704-it324-x1p00-s204-rg0,4,2,roihu_delta_support_process_control,4,169869312,524288,Fresh 5x5 source union for a frozen target-distance confirmation. The same measured source rows are reused for sealed x100 and x150 referees.,controlled_model_dim_source_prefix_smalln_5x5,46858504.0,46858504.0,0.0,0.162821576719,19,5p_to_3x3_to_4x4_to_5x5_nested,25,1.305337,0,324,169869312,1.0,offline_union_5x5_target_distance_confirmation,4:2,0:0;0:1;0:2;0:3;0:4;1:0;1:1;1:2;1:3;1:4;2:0;2:1;2:2;2:3;2:4;3:0;3:1;3:2;3:3;3:4;4:0;4:1;4:2;4:3;4:4,target_distance_confirmation_5x5,"train_seed,train_row_group_start,train_length_multiplier",held_out_evaluation_only,Submit GPU jobs to gpumedium; do not use pilot/gpupilot.
fsl_targetdistance_confirm_source5x5_s201_206_20260713_1637_n4-d2-dep4-md704-it324-x1p00-s205-rg0,source_delta_support_process_control,canonical,4,72,64,704,205,324,169869312,524288,16,2048,40,1,L,fsl-targetdistance-confirm-source5x5-s201-206-20260713-1637-n4-d2-dep4-md704-it324-x1p00-s205-rg0,4,2,roihu_delta_support_process_control,4,169869312,524288,Fresh 5x5 source union for a frozen target-distance confirmation. The same measured source rows are reused for sealed x100 and x150 referees.,controlled_model_dim_source_prefix_smalln_5x5,46858504.0,46858504.0,0.0,0.162821576719,19,5p_to_3x3_to_4x4_to_5x5_nested,25,1.305337,0,324,169869312,1.0,offline_union_5x5_target_distance_confirmation,4:2,0:0;0:1;0:2;0:3;0:4;1:0;1:1;1:2;1:3;1:4;2:0;2:1;2:2;2:3;2:4;3:0;3:1;3:2;3:3;3:4;4:0;4:1;4:2;4:3;4:4,target_distance_confirmation_5x5,"train_seed,train_row_group_start,train_length_multiplier",held_out_evaluation_only,Submit GPU jobs to gpumedium; do not use pilot/gpupilot.
fsl_targetdistance_confirm_source5x5_s201_206_20260713_1637_n4-d2-dep4-md704-it324-x1p00-s206-rg0,source_delta_support_process_control,canonical,4,72,64,704,206,324,169869312,524288,16,2048,40,1,L,fsl-targetdistance-confirm-source5x5-s201-206-20260713-1637-n4-d2-dep4-md704-it324-x1p00-s206-rg0,4,2,roihu_delta_support_process_control,4,169869312,524288,Fresh 5x5 source union for a frozen target-distance confirmation. The same measured source rows are reused for sealed x100 and x150 referees.,controlled_model_dim_source_prefix_smalln_5x5,46858504.0,46858504.0,0.0,0.162821576719,19,5p_to_3x3_to_4x4_to_5x5_nested,25,1.305337,0,324,169869312,1.0,offline_union_5x5_target_distance_confirmation,4:2,0:0;0:1;0:2;0:3;0:4;1:0;1:1;1:2;1:3;1:4;2:0;2:1;2:2;2:3;2:4;3:0;3:1;3:2;3:3;3:4;4:0;4:1;4:2;4:3;4:4,target_distance_confirmation_5x5,"train_seed,train_row_group_start,train_length_multiplier",held_out_evaluation_only,Submit GPU jobs to gpumedium; do not use pilot/gpupilot.
fsl_targetdistance_confirm_source5x5_s201_206_20260713_1637_n4-d3-dep4-md704-it486-x1p00-s201-rg0,source_delta_support_process_control,canonical,4,72,64,704,201,486,254803968,524288,16,2048,40,1,L,fsl-targetdistance-confirm-source5x5-s201-206-20260713-1637-n4-d3-dep4-md704-it486-x1p00-s201-rg0,4,3,roihu_delta_support_process_control,4,254803968,524288,Fresh 5x5 source union for a frozen target-distance confirmation. The same measured source rows are reused for sealed x100 and x150 referees.,controlled_model_dim_source_prefix_smalln_5x5,46858504.0,46858504.0,0.0,0.162821576719,20,5p_to_3x3_to_4x4_to_5x5_nested,25,1.305337,0,486,254803968,1.0,offline_union_5x5_target_distance_confirmation,4:3,0:0;0:1;0:2;0:3;0:4;1:0;1:1;1:2;1:3;1:4;2:0;2:1;2:2;2:3;2:4;3:0;3:1;3:2;3:3;3:4;4:0;4:1;4:2;4:3;4:4,target_distance_confirmation_5x5,"train_seed,train_row_group_start,train_length_multiplier",held_out_evaluation_only,Submit GPU jobs to gpumedium; do not use pilot/gpupilot.
fsl_targetdistance_confirm_source5x5_s201_206_20260713_1637_n4-d3-dep4-md704-it486-x1p00-s202-rg0,source_delta_support_process_control,canonical,4,72,64,704,202,486,254803968,524288,16,2048,40,1,L,fsl-targetdistance-confirm-source5x5-s201-206-20260713-1637-n4-d3-dep4-md704-it486-x1p00-s202-rg0,4,3,roihu_delta_support_process_control,4,254803968,524288,Fresh 5x5 source union for a frozen target-distance confirmation. The same measured source rows are reused for sealed x100 and x150 referees.,controlled_model_dim_source_prefix_smalln_5x5,46858504.0,46858504.0,0.0,0.162821576719,20,5p_to_3x3_to_4x4_to_5x5_nested,25,1.305337,0,486,254803968,1.0,offline_union_5x5_target_distance_confirmation,4:3,0:0;0:1;0:2;0:3;0:4;1:0;1:1;1:2;1:3;1:4;2:0;2:1;2:2;2:3;2:4;3:0;3:1;3:2;3:3;3:4;4:0;4:1;4:2;4:3;4:4,target_distance_confirmation_5x5,"train_seed,train_row_group_start,train_length_multiplier",held_out_evaluation_only,Submit GPU jobs to gpumedium; do not use pilot/gpupilot.
fsl_targetdistance_confirm_source5x5_s201_206_20260713_1637_n4-d3-dep4-md704-it486-x1p00-s203-rg0,source_delta_support_process_control,canonical,4,72,64,704,203,486,254803968,524288,16,2048,40,1,L,fsl-targetdistance-confirm-source5x5-s201-206-20260713-1637-n4-d3-dep4-md704-it486-x1p00-s203-rg0,4,3,roihu_delta_support_process_control,4,254803968,524288,Fresh 5x5 source union for a frozen target-distance confirmation. The same measured source rows are reused for sealed x100 and x150 referees.,controlled_model_dim_source_prefix_smalln_5x5,46858504.0,46858504.0,0.0,0.162821576719,20,5p_to_3x3_to_4x4_to_5x5_nested,25,1.305337,0,486,254803968,1.0,offline_union_5x5_target_distance_confirmation,4:3,0:0;0:1;0:2;0:3;0:4;1:0;1:1;1:2;1:3;1:4;2:0;2:1;2:2;2:3;2:4;3:0;3:1;3:2;3:3;3:4;4:0;4:1;4:2;4:3;4:4,target_distance_confirmation_5x5,"train_seed,train_row_group_start,train_length_multiplier",held_out_evaluation_only,Submit GPU jobs to gpumedium; do not use pilot/gpupilot.
fsl_targetdistance_confirm_source5x5_s201_206_20260713_1637_n4-d3-dep4-md704-it486-x1p00-s204-rg0,source_delta_support_process_control,canonical,4,72,64,704,204,486,254803968,524288,16,2048,40,1,L,fsl-targetdistance-confirm-source5x5-s201-206-20260713-1637-n4-d3-dep4-md704-it486-x1p00-s204-rg0,4,3,roihu_delta_support_process_control,4,254803968,524288,Fresh 5x5 source union for a frozen target-distance confirmation. The same measured source rows are reused for sealed x100 and x150 referees.,controlled_model_dim_source_prefix_smalln_5x5,46858504.0,46858504.0,0.0,0.162821576719,20,5p_to_3x3_to_4x4_to_5x5_nested,25,1.305337,0,486,254803968,1.0,offline_union_5x5_target_distance_confirmation,4:3,0:0;0:1;0:2;0:3;0:4;1:0;1:1;1:2;1:3;1:4;2:0;2:1;2:2;2:3;2:4;3:0;3:1;3:2;3:3;3:4;4:0;4:1;4:2;4:3;4:4,target_distance_confirmation_5x5,"train_seed,train_row_group_start,train_length_multiplier",held_out_evaluation_only,Submit GPU jobs to gpumedium; do not use pilot/gpupilot.
fsl_targetdistance_confirm_source5x5_s201_206_20260713_1637_n4-d3-dep4-md704-it486-x1p00-s205-rg0,source_delta_support_process_control,canonical,4,72,64,704,205,486,254803968,524288,16,2048,40,1,L,fsl-targetdistance-confirm-source5x5-s201-206-20260713-1637-n4-d3-dep4-md704-it486-x1p00-s205-rg0,4,3,roihu_delta_support_process_control,4,254803968,524288,Fresh 5x5 source union for a frozen target-distance confirmation. The same measured source rows are reused for sealed x100 and x150 referees.,controlled_model_dim_source_prefix_smalln_5x5,46858504.0,46858504.0,0.0,0.162821576719,20,5p_to_3x3_to_4x4_to_5x5_nested,25,1.305337,0,486,254803968,1.0,offline_union_5x5_target_distance_confirmation,4:3,0:0;0:1;0:2;0:3;0:4;1:0;1:1;1:2;1:3;1:4;2:0;2:1;2:2;2:3;2:4;3:0;3:1;3:2;3:3;3:4;4:0;4:1;4:2;4:3;4:4,target_distance_confirmation_5x5,"train_seed,train_row_group_start,train_length_multiplier",held_out_evaluation_only,Submit GPU jobs to gpumedium; do not use pilot/gpupilot.
fsl_targetdistance_confirm_source5x5_s201_206_20260713_1637_n4-d3-dep4-md704-it486-x1p00-s206-rg0,source_delta_support_process_control,canonical,4,72,64,704,206,486,254803968,524288,16,2048,40,1,L,fsl-targetdistance-confirm-source5x5-s201-206-20260713-1637-n4-d3-dep4-md704-it486-x1p00-s206-rg0,4,3,roihu_delta_support_process_control,4,254803968,524288,Fresh 5x5 source union for a frozen target-distance confirmation. The same measured source rows are reused for sealed x100 and x150 referees.,controlled_model_dim_source_prefix_smalln_5x5,46858504.0,46858504.0,0.0,0.162821576719,20,5p_to_3x3_to_4x4_to_5x5_nested,25,1.305337,0,486,254803968,1.0,offline_union_5x5_target_distance_confirmation,4:3,0:0;0:1;0:2;0:3;0:4;1:0;1:1;1:2;1:3;1:4;2:0;2:1;2:2;2:3;2:4;3:0;3:1;3:2;3:3;3:4;4:0;4:1;4:2;4:3;4:4,target_distance_confirmation_5x5,"train_seed,train_row_group_start,train_length_multiplier",held_out_evaluation_only,Submit GPU jobs to gpumedium; do not use pilot/gpupilot.
fsl_targetdistance_confirm_source5x5_s201_206_20260713_1637_n4-d4-dep4-md704-it729-x1p00-s201-rg0,source_delta_support_process_control,canonical,4,72,64,704,201,729,382205952,524288,16,2048,40,1,L,fsl-targetdistance-confirm-source5x5-s201-206-20260713-1637-n4-d4-dep4-md704-it729-x1p00-s201-rg0,4,4,roihu_delta_support_process_control,4,382205952,524288,Fresh 5x5 source union for a frozen target-distance confirmation. The same measured source rows are reused for sealed x100 and x150 referees.,controlled_model_dim_source_prefix_smalln_5x5,46858504.0,46858504.0,0.0,0.162821576719,25,5p_to_3x3_to_4x4_to_5x5_nested,25,1.305337,0,729,382205952,1.0,offline_union_5x5_target_distance_confirmation,4:4,0:0;0:1;0:2;0:3;0:4;1:0;1:1;1:2;1:3;1:4;2:0;2:1;2:2;2:3;2:4;3:0;3:1;3:2;3:3;3:4;4:0;4:1;4:2;4:3;4:4,target_distance_confirmation_5x5,"train_seed,train_row_group_start,train_length_multiplier",held_out_evaluation_only,Submit GPU jobs to gpumedium; do not use pilot/gpupilot.
fsl_targetdistance_confirm_source5x5_s201_206_20260713_1637_n4-d4-dep4-md704-it729-x1p00-s202-rg0,source_delta_support_process_control,canonical,4,72,64,704,202,729,382205952,524288,16,2048,40,1,L,fsl-targetdistance-confirm-source5x5-s201-206-20260713-1637-n4-d4-dep4-md704-it729-x1p00-s202-rg0,4,4,roihu_delta_support_process_control,4,382205952,524288,Fresh 5x5 source union for a frozen target-distance confirmation. The same measured source rows are reused for sealed x100 and x150 referees.,controlled_model_dim_source_prefix_smalln_5x5,46858504.0,46858504.0,0.0,0.162821576719,25,5p_to_3x3_to_4x4_to_5x5_nested,25,1.305337,0,729,382205952,1.0,offline_union_5x5_target_distance_confirmation,4:4,0:0;0:1;0:2;0:3;0:4;1:0;1:1;1:2;1:3;1:4;2:0;2:1;2:2;2:3;2:4;3:0;3:1;3:2;3:3;3:4;4:0;4:1;4:2;4:3;4:4,target_distance_confirmation_5x5,"train_seed,train_row_group_start,train_length_multiplier",held_out_evaluation_only,Submit GPU jobs to gpumedium; do not use pilot/gpupilot.
fsl_targetdistance_confirm_source5x5_s201_206_20260713_1637_n4-d4-dep4-md704-it729-x1p00-s203-rg0,source_delta_support_process_control,canonical,4,72,64,704,203,729,382205952,524288,16,2048,40,1,L,fsl-targetdistance-confirm-source5x5-s201-206-20260713-1637-n4-d4-dep4-md704-it729-x1p00-s203-rg0,4,4,roihu_delta_support_process_control,4,382205952,524288,Fresh 5x5 source union for a frozen target-distance confirmation. The same measured source rows are reused for sealed x100 and x150 referees.,controlled_model_dim_source_prefix_smalln_5x5,46858504.0,46858504.0,0.0,0.162821576719,25,5p_to_3x3_to_4x4_to_5x5_nested,25,1.305337,0,729,382205952,1.0,offline_union_5x5_target_distance_confirmation,4:4,0:0;0:1;0:2;0:3;0:4;1:0;1:1;1:2;1:3;1:4;2:0;2:1;2:2;2:3;2:4;3:0;3:1;3:2;3:3;3:4;4:0;4:1;4:2;4:3;4:4,target_distance_confirmation_5x5,"train_seed,train_row_group_start,train_length_multiplier",held_out_evaluation_only,Submit GPU jobs to gpumedium; do not use pilot/gpupilot.
fsl_targetdistance_confirm_source5x5_s201_206_20260713_1637_n4-d4-dep4-md704-it729-x1p00-s204-rg0,source_delta_support_process_control,canonical,4,72,64,704,204,729,382205952,524288,16,2048,40,1,L,fsl-targetdistance-confirm-source5x5-s201-206-20260713-1637-n4-d4-dep4-md704-it729-x1p00-s204-rg0,4,4,roihu_delta_support_process_control,4,382205952,524288,Fresh 5x5 source union for a frozen target-distance confirmation. The same measured source rows are reused for sealed x100 and x150 referees.,controlled_model_dim_source_prefix_smalln_5x5,46858504.0,46858504.0,0.0,0.162821576719,25,5p_to_3x3_to_4x4_to_5x5_nested,25,1.305337,0,729,382205952,1.0,offline_union_5x5_target_distance_confirmation,4:4,0:0;0:1;0:2;0:3;0:4;1:0;1:1;1:2;1:3;1:4;2:0;2:1;2:2;2:3;2:4;3:0;3:1;3:2;3:3;3:4;4:0;4:1;4:2;4:3;4:4,target_distance_confirmation_5x5,"train_seed,train_row_group_start,train_length_multiplier",held_out_evaluation_only,Submit GPU jobs to gpumedium; do not use pilot/gpupilot.
fsl_targetdistance_confirm_source5x5_s201_206_20260713_1637_n4-d4-dep4-md704-it729-x1p00-s205-rg0,source_delta_support_process_control,canonical,4,72,64,704,205,729,382205952,524288,16,2048,40,1,L,fsl-targetdistance-confirm-source5x5-s201-206-20260713-1637-n4-d4-dep4-md704-it729-x1p00-s205-rg0,4,4,roihu_delta_support_process_control,4,382205952,524288,Fresh 5x5 source union for a frozen target-distance confirmation. The same measured source rows are reused for sealed x100 and x150 referees.,controlled_model_dim_source_prefix_smalln_5x5,46858504.0,46858504.0,0.0,0.162821576719,25,5p_to_3x3_to_4x4_to_5x5_nested,25,1.305337,0,729,382205952,1.0,offline_union_5x5_target_distance_confirmation,4:4,0:0;0:1;0:2;0:3;0:4;1:0;1:1;1:2;1:3;1:4;2:0;2:1;2:2;2:3;2:4;3:0;3:1;3:2;3:3;3:4;4:0;4:1;4:2;4:3;4:4,target_distance_confirmation_5x5,"train_seed,train_row_group_start,train_length_multiplier",held_out_evaluation_only,Submit GPU jobs to gpumedium; do not use pilot/gpupilot.
fsl_targetdistance_confirm_source5x5_s201_206_20260713_1637_n4-d4-dep4-md704-it729-x1p00-s206-rg0,source_delta_support_process_control,canonical,4,72,64,704,206,729,382205952,524288,16,2048,40,1,L,fsl-targetdistance-confirm-source5x5-s201-206-20260713-1637-n4-d4-dep4-md704-it729-x1p00-s206-rg0,4,4,roihu_delta_support_process_control,4,382205952,524288,Fresh 5x5 source union for a frozen target-distance confirmation. The same measured source rows are reused for sealed x100 and x150 referees.,controlled_model_dim_source_prefix_smalln_5x5,46858504.0,46858504.0,0.0,0.162821576719,25,5p_to_3x3_to_4x4_to_5x5_nested,25,1.305337,0,729,382205952,1.0,offline_union_5x5_target_distance_confirmation,4:4,0:0;0:1;0:2;0:3;0:4;1:0;1:1;1:2;1:3;1:4;2:0;2:1;2:2;2:3;2:4;3:0;3:1;3:2;3:3;3:4;4:0;4:1;4:2;4:3;4:4,target_distance_confirmation_5x5,"train_seed,train_row_group_start,train_length_multiplier",held_out_evaluation_only,Submit GPU jobs to gpumedium; do not use pilot/gpupilot.
