stage,split,recipe_band,depth,aspect_ratio,head_dim,model_dim,seed,num_iterations,target_tokens,total_batch_size,device_batch_size,max_seq_len,warmup_steps,fp8,window_pattern,model_tag,n_index,d_index,planned_family,planned_model_depth,planned_data_tokens,planned_total_batch_size,planned_note,sizing_family,target_n_scaling,preflight_n_scaling,target_n_scaling_rel_error,n_geometric_rel_error,source_prefix_order,source_prefix_family,source_prefix_q_hint,target_budget_b,train_row_group_start,base_num_iterations,D_actual,train_length_multiplier,support_policy,support_point_id,support_keys,delta_support_process_family,delta_support_process_repeats,target_line_referee_usage,roihu_partition_note,paired_stream_block,muon_momentum_warmup_steps,weight_decay_horizon_tokens,weight_decay_horizon_source,optimizer_schedule_arm,optimizer_schedule_role,schedule_reference_target_index,schedule_reference_iterations,lr_warmup_ratio,muon_momentum_warmup_ratio,warmdown_ratio,final_lr_fraction
fsl_x225_schedule_a00_source5x5_s401_424_20260716_1136_n0-d0-dep4-md128-it144-x1p00-s401-rg0,source_delta_support_process_control,canonical,4,72,64,128,401,144,75497472,524288,16,2048,40,1,L,fsl-x225-schedule-a00-source5x5-s401-424-20260716-1136-n0-d0-dep4-md128-it144-x1p00-s401-rg0,0,0,x225_multisupport_delta_confirmation_source,4,75497472,524288,Fresh measured 5x5 source grid for the sealed x225 multi-support Delta confirmation. Target losses are evaluation-only.,controlled_model_dim_source_prefix_smalln_5x5,4980784.0,4980784.0,0.0,0.162821576719,1,x225_multisupport_full_5x5_collection,,1.305337,0,144,75497472,1.0,physical_full_5x5_collection,0:0,0:0;0:1;0:2;0:3;0:4;1:0;1:1;1:2;1:3;1:4;2:0;2:1;2:2;2:3;2:4;3:0;3:1;3:2;3:3;3:4;4:0;4:1;4:2;4:3;4:4,x225_multisupport_confirmation,paired_train_seed,sealed_evaluation_only,Submit GPU jobs to gpumedium; do not use pilot/gpupilot.,1,400,-1,legacy_nominal_12N,A00_legacy,source_surface,5,2615,,,0.65,0.05
fsl_x225_schedule_a00_source5x5_s401_424_20260716_1136_n0-d1-dep4-md128-it216-x1p00-s401-rg0,source_delta_support_process_control,canonical,4,72,64,128,401,216,113246208,524288,16,2048,40,1,L,fsl-x225-schedule-a00-source5x5-s401-424-20260716-1136-n0-d1-dep4-md128-it216-x1p00-s401-rg0,0,1,x225_multisupport_delta_confirmation_source,4,113246208,524288,Fresh measured 5x5 source grid for the sealed x225 multi-support Delta confirmation. Target losses are evaluation-only.,controlled_model_dim_source_prefix_smalln_5x5,4980784.0,4980784.0,0.0,0.162821576719,2,x225_multisupport_full_5x5_collection,,1.305337,0,216,113246208,1.0,physical_full_5x5_collection,0:1,0:0;0:1;0:2;0:3;0:4;1:0;1:1;1:2;1:3;1:4;2:0;2:1;2:2;2:3;2:4;3:0;3:1;3:2;3:3;3:4;4:0;4:1;4:2;4:3;4:4,x225_multisupport_confirmation,paired_train_seed,sealed_evaluation_only,Submit GPU jobs to gpumedium; do not use pilot/gpupilot.,1,400,-1,legacy_nominal_12N,A00_legacy,source_surface,5,2615,,,0.65,0.05
fsl_x225_schedule_a00_source5x5_s401_424_20260716_1136_n0-d2-dep4-md128-it324-x1p00-s401-rg0,source_delta_support_process_control,canonical,4,72,64,128,401,324,169869312,524288,16,2048,40,1,L,fsl-x225-schedule-a00-source5x5-s401-424-20260716-1136-n0-d2-dep4-md128-it324-x1p00-s401-rg0,0,2,x225_multisupport_delta_confirmation_source,4,169869312,524288,Fresh measured 5x5 source grid for the sealed x225 multi-support Delta confirmation. Target losses are evaluation-only.,controlled_model_dim_source_prefix_smalln_5x5,4980784.0,4980784.0,0.0,0.162821576719,3,x225_multisupport_full_5x5_collection,,1.305337,0,324,169869312,1.0,physical_full_5x5_collection,0:2,0:0;0:1;0:2;0:3;0:4;1:0;1:1;1:2;1:3;1:4;2:0;2:1;2:2;2:3;2:4;3:0;3:1;3:2;3:3;3:4;4:0;4:1;4:2;4:3;4:4,x225_multisupport_confirmation,paired_train_seed,sealed_evaluation_only,Submit GPU jobs to gpumedium; do not use pilot/gpupilot.,1,400,-1,legacy_nominal_12N,A00_legacy,source_surface,5,2615,,,0.65,0.05
fsl_x225_schedule_a00_source5x5_s401_424_20260716_1136_n0-d3-dep4-md128-it486-x1p00-s401-rg0,source_delta_support_process_control,canonical,4,72,64,128,401,486,254803968,524288,16,2048,40,1,L,fsl-x225-schedule-a00-source5x5-s401-424-20260716-1136-n0-d3-dep4-md128-it486-x1p00-s401-rg0,0,3,x225_multisupport_delta_confirmation_source,4,254803968,524288,Fresh measured 5x5 source grid for the sealed x225 multi-support Delta confirmation. Target losses are evaluation-only.,controlled_model_dim_source_prefix_smalln_5x5,4980784.0,4980784.0,0.0,0.162821576719,4,x225_multisupport_full_5x5_collection,,1.305337,0,486,254803968,1.0,physical_full_5x5_collection,0:3,0:0;0:1;0:2;0:3;0:4;1:0;1:1;1:2;1:3;1:4;2:0;2:1;2:2;2:3;2:4;3:0;3:1;3:2;3:3;3:4;4:0;4:1;4:2;4:3;4:4,x225_multisupport_confirmation,paired_train_seed,sealed_evaluation_only,Submit GPU jobs to gpumedium; do not use pilot/gpupilot.,1,400,-1,legacy_nominal_12N,A00_legacy,source_surface,5,2615,,,0.65,0.05
fsl_x225_schedule_a00_source5x5_s401_424_20260716_1136_n0-d4-dep4-md128-it729-x1p00-s401-rg0,source_delta_support_process_control,canonical,4,72,64,128,401,729,382205952,524288,16,2048,40,1,L,fsl-x225-schedule-a00-source5x5-s401-424-20260716-1136-n0-d4-dep4-md128-it729-x1p00-s401-rg0,0,4,x225_multisupport_delta_confirmation_source,4,382205952,524288,Fresh measured 5x5 source grid for the sealed x225 multi-support Delta confirmation. Target losses are evaluation-only.,controlled_model_dim_source_prefix_smalln_5x5,4980784.0,4980784.0,0.0,0.162821576719,5,x225_multisupport_full_5x5_collection,,1.305337,0,729,382205952,1.0,physical_full_5x5_collection,0:4,0:0;0:1;0:2;0:3;0:4;1:0;1:1;1:2;1:3;1:4;2:0;2:1;2:2;2:3;2:4;3:0;3:1;3:2;3:3;3:4;4:0;4:1;4:2;4:3;4:4,x225_multisupport_confirmation,paired_train_seed,sealed_evaluation_only,Submit GPU jobs to gpumedium; do not use pilot/gpupilot.,1,400,-1,legacy_nominal_12N,A00_legacy,source_surface,5,2615,,,0.65,0.05
fsl_x225_schedule_a00_source5x5_s401_424_20260716_1136_n1-d0-dep4-md192-it144-x1p00-s401-rg0,source_delta_support_process_control,canonical,4,72,64,192,401,144,75497472,524288,16,2048,40,1,L,fsl-x225-schedule-a00-source5x5-s401-424-20260716-1136-n1-d0-dep4-md192-it144-x1p00-s401-rg0,1,0,x225_multisupport_delta_confirmation_source,4,75497472,524288,Fresh measured 5x5 source grid for the sealed x225 multi-support Delta confirmation. Target losses are evaluation-only.,controlled_model_dim_source_prefix_smalln_5x5,8061000.0,8061000.0,0.0,0.162821576719,6,x225_multisupport_full_5x5_collection,,1.305337,0,144,75497472,1.0,physical_full_5x5_collection,1:0,0:0;0:1;0:2;0:3;0:4;1:0;1:1;1:2;1:3;1:4;2:0;2:1;2:2;2:3;2:4;3:0;3:1;3:2;3:3;3:4;4:0;4:1;4:2;4:3;4:4,x225_multisupport_confirmation,paired_train_seed,sealed_evaluation_only,Submit GPU jobs to gpumedium; do not use pilot/gpupilot.,1,400,-1,legacy_nominal_12N,A00_legacy,source_surface,5,2615,,,0.65,0.05
fsl_x225_schedule_a00_source5x5_s401_424_20260716_1136_n1-d1-dep4-md192-it216-x1p00-s401-rg0,source_delta_support_process_control,canonical,4,72,64,192,401,216,113246208,524288,16,2048,40,1,L,fsl-x225-schedule-a00-source5x5-s401-424-20260716-1136-n1-d1-dep4-md192-it216-x1p00-s401-rg0,1,1,x225_multisupport_delta_confirmation_source,4,113246208,524288,Fresh measured 5x5 source grid for the sealed x225 multi-support Delta confirmation. Target losses are evaluation-only.,controlled_model_dim_source_prefix_smalln_5x5,8061000.0,8061000.0,0.0,0.162821576719,7,x225_multisupport_full_5x5_collection,,1.305337,0,216,113246208,1.0,physical_full_5x5_collection,1:1,0:0;0:1;0:2;0:3;0:4;1:0;1:1;1:2;1:3;1:4;2:0;2:1;2:2;2:3;2:4;3:0;3:1;3:2;3:3;3:4;4:0;4:1;4:2;4:3;4:4,x225_multisupport_confirmation,paired_train_seed,sealed_evaluation_only,Submit GPU jobs to gpumedium; do not use pilot/gpupilot.,1,400,-1,legacy_nominal_12N,A00_legacy,source_surface,5,2615,,,0.65,0.05
fsl_x225_schedule_a00_source5x5_s401_424_20260716_1136_n1-d2-dep4-md192-it324-x1p00-s401-rg0,source_delta_support_process_control,canonical,4,72,64,192,401,324,169869312,524288,16,2048,40,1,L,fsl-x225-schedule-a00-source5x5-s401-424-20260716-1136-n1-d2-dep4-md192-it324-x1p00-s401-rg0,1,2,x225_multisupport_delta_confirmation_source,4,169869312,524288,Fresh measured 5x5 source grid for the sealed x225 multi-support Delta confirmation. Target losses are evaluation-only.,controlled_model_dim_source_prefix_smalln_5x5,8061000.0,8061000.0,0.0,0.162821576719,8,x225_multisupport_full_5x5_collection,,1.305337,0,324,169869312,1.0,physical_full_5x5_collection,1:2,0:0;0:1;0:2;0:3;0:4;1:0;1:1;1:2;1:3;1:4;2:0;2:1;2:2;2:3;2:4;3:0;3:1;3:2;3:3;3:4;4:0;4:1;4:2;4:3;4:4,x225_multisupport_confirmation,paired_train_seed,sealed_evaluation_only,Submit GPU jobs to gpumedium; do not use pilot/gpupilot.,1,400,-1,legacy_nominal_12N,A00_legacy,source_surface,5,2615,,,0.65,0.05
fsl_x225_schedule_a00_source5x5_s401_424_20260716_1136_n1-d3-dep4-md192-it486-x1p00-s401-rg0,source_delta_support_process_control,canonical,4,72,64,192,401,486,254803968,524288,16,2048,40,1,L,fsl-x225-schedule-a00-source5x5-s401-424-20260716-1136-n1-d3-dep4-md192-it486-x1p00-s401-rg0,1,3,x225_multisupport_delta_confirmation_source,4,254803968,524288,Fresh measured 5x5 source grid for the sealed x225 multi-support Delta confirmation. Target losses are evaluation-only.,controlled_model_dim_source_prefix_smalln_5x5,8061000.0,8061000.0,0.0,0.162821576719,9,x225_multisupport_full_5x5_collection,,1.305337,0,486,254803968,1.0,physical_full_5x5_collection,1:3,0:0;0:1;0:2;0:3;0:4;1:0;1:1;1:2;1:3;1:4;2:0;2:1;2:2;2:3;2:4;3:0;3:1;3:2;3:3;3:4;4:0;4:1;4:2;4:3;4:4,x225_multisupport_confirmation,paired_train_seed,sealed_evaluation_only,Submit GPU jobs to gpumedium; do not use pilot/gpupilot.,1,400,-1,legacy_nominal_12N,A00_legacy,source_surface,5,2615,,,0.65,0.05
fsl_x225_schedule_a00_source5x5_s401_424_20260716_1136_n1-d4-dep4-md192-it729-x1p00-s401-rg0,source_delta_support_process_control,canonical,4,72,64,192,401,729,382205952,524288,16,2048,40,1,L,fsl-x225-schedule-a00-source5x5-s401-424-20260716-1136-n1-d4-dep4-md192-it729-x1p00-s401-rg0,1,4,x225_multisupport_delta_confirmation_source,4,382205952,524288,Fresh measured 5x5 source grid for the sealed x225 multi-support Delta confirmation. Target losses are evaluation-only.,controlled_model_dim_source_prefix_smalln_5x5,8061000.0,8061000.0,0.0,0.162821576719,10,x225_multisupport_full_5x5_collection,,1.305337,0,729,382205952,1.0,physical_full_5x5_collection,1:4,0:0;0:1;0:2;0:3;0:4;1:0;1:1;1:2;1:3;1:4;2:0;2:1;2:2;2:3;2:4;3:0;3:1;3:2;3:3;3:4;4:0;4:1;4:2;4:3;4:4,x225_multisupport_confirmation,paired_train_seed,sealed_evaluation_only,Submit GPU jobs to gpumedium; do not use pilot/gpupilot.,1,400,-1,legacy_nominal_12N,A00_legacy,source_surface,5,2615,,,0.65,0.05
fsl_x225_schedule_a00_source5x5_s401_424_20260716_1136_n2-d0-dep4-md320-it144-x1p00-s401-rg0,source_delta_support_process_control,canonical,4,72,64,320,401,144,75497472,524288,16,2048,40,1,L,fsl-x225-schedule-a00-source5x5-s401-424-20260716-1136-n2-d0-dep4-md320-it144-x1p00-s401-rg0,2,0,x225_multisupport_delta_confirmation_source,4,75497472,524288,Fresh measured 5x5 source grid for the sealed x225 multi-support Delta confirmation. Target losses are evaluation-only.,controlled_model_dim_source_prefix_smalln_5x5,15401080.0,15401080.0,0.0,0.162821576719,11,x225_multisupport_full_5x5_collection,,1.305337,0,144,75497472,1.0,physical_full_5x5_collection,2:0,0:0;0:1;0:2;0:3;0:4;1:0;1:1;1:2;1:3;1:4;2:0;2:1;2:2;2:3;2:4;3:0;3:1;3:2;3:3;3:4;4:0;4:1;4:2;4:3;4:4,x225_multisupport_confirmation,paired_train_seed,sealed_evaluation_only,Submit GPU jobs to gpumedium; do not use pilot/gpupilot.,1,400,-1,legacy_nominal_12N,A00_legacy,source_surface,5,2615,,,0.65,0.05
fsl_x225_schedule_a00_source5x5_s401_424_20260716_1136_n2-d1-dep4-md320-it216-x1p00-s401-rg0,source_delta_support_process_control,canonical,4,72,64,320,401,216,113246208,524288,16,2048,40,1,L,fsl-x225-schedule-a00-source5x5-s401-424-20260716-1136-n2-d1-dep4-md320-it216-x1p00-s401-rg0,2,1,x225_multisupport_delta_confirmation_source,4,113246208,524288,Fresh measured 5x5 source grid for the sealed x225 multi-support Delta confirmation. Target losses are evaluation-only.,controlled_model_dim_source_prefix_smalln_5x5,15401080.0,15401080.0,0.0,0.162821576719,12,x225_multisupport_full_5x5_collection,,1.305337,0,216,113246208,1.0,physical_full_5x5_collection,2:1,0:0;0:1;0:2;0:3;0:4;1:0;1:1;1:2;1:3;1:4;2:0;2:1;2:2;2:3;2:4;3:0;3:1;3:2;3:3;3:4;4:0;4:1;4:2;4:3;4:4,x225_multisupport_confirmation,paired_train_seed,sealed_evaluation_only,Submit GPU jobs to gpumedium; do not use pilot/gpupilot.,1,400,-1,legacy_nominal_12N,A00_legacy,source_surface,5,2615,,,0.65,0.05
fsl_x225_schedule_a00_source5x5_s401_424_20260716_1136_n2-d2-dep4-md320-it324-x1p00-s401-rg0,source_delta_support_process_control,canonical,4,72,64,320,401,324,169869312,524288,16,2048,40,1,L,fsl-x225-schedule-a00-source5x5-s401-424-20260716-1136-n2-d2-dep4-md320-it324-x1p00-s401-rg0,2,2,x225_multisupport_delta_confirmation_source,4,169869312,524288,Fresh measured 5x5 source grid for the sealed x225 multi-support Delta confirmation. Target losses are evaluation-only.,controlled_model_dim_source_prefix_smalln_5x5,15401080.0,15401080.0,0.0,0.162821576719,13,x225_multisupport_full_5x5_collection,,1.305337,0,324,169869312,1.0,physical_full_5x5_collection,2:2,0:0;0:1;0:2;0:3;0:4;1:0;1:1;1:2;1:3;1:4;2:0;2:1;2:2;2:3;2:4;3:0;3:1;3:2;3:3;3:4;4:0;4:1;4:2;4:3;4:4,x225_multisupport_confirmation,paired_train_seed,sealed_evaluation_only,Submit GPU jobs to gpumedium; do not use pilot/gpupilot.,1,400,-1,legacy_nominal_12N,A00_legacy,source_surface,5,2615,,,0.65,0.05
fsl_x225_schedule_a00_source5x5_s401_424_20260716_1136_n2-d3-dep4-md320-it486-x1p00-s401-rg0,source_delta_support_process_control,canonical,4,72,64,320,401,486,254803968,524288,16,2048,40,1,L,fsl-x225-schedule-a00-source5x5-s401-424-20260716-1136-n2-d3-dep4-md320-it486-x1p00-s401-rg0,2,3,x225_multisupport_delta_confirmation_source,4,254803968,524288,Fresh measured 5x5 source grid for the sealed x225 multi-support Delta confirmation. Target losses are evaluation-only.,controlled_model_dim_source_prefix_smalln_5x5,15401080.0,15401080.0,0.0,0.162821576719,14,x225_multisupport_full_5x5_collection,,1.305337,0,486,254803968,1.0,physical_full_5x5_collection,2:3,0:0;0:1;0:2;0:3;0:4;1:0;1:1;1:2;1:3;1:4;2:0;2:1;2:2;2:3;2:4;3:0;3:1;3:2;3:3;3:4;4:0;4:1;4:2;4:3;4:4,x225_multisupport_confirmation,paired_train_seed,sealed_evaluation_only,Submit GPU jobs to gpumedium; do not use pilot/gpupilot.,1,400,-1,legacy_nominal_12N,A00_legacy,source_surface,5,2615,,,0.65,0.05
fsl_x225_schedule_a00_source5x5_s401_424_20260716_1136_n2-d4-dep4-md320-it729-x1p00-s401-rg0,source_delta_support_process_control,canonical,4,72,64,320,401,729,382205952,524288,16,2048,40,1,L,fsl-x225-schedule-a00-source5x5-s401-424-20260716-1136-n2-d4-dep4-md320-it729-x1p00-s401-rg0,2,4,x225_multisupport_delta_confirmation_source,4,382205952,524288,Fresh measured 5x5 source grid for the sealed x225 multi-support Delta confirmation. Target losses are evaluation-only.,controlled_model_dim_source_prefix_smalln_5x5,15401080.0,15401080.0,0.0,0.162821576719,15,x225_multisupport_full_5x5_collection,,1.305337,0,729,382205952,1.0,physical_full_5x5_collection,2:4,0:0;0:1;0:2;0:3;0:4;1:0;1:1;1:2;1:3;1:4;2:0;2:1;2:2;2:3;2:4;3:0;3:1;3:2;3:3;3:4;4:0;4:1;4:2;4:3;4:4,x225_multisupport_confirmation,paired_train_seed,sealed_evaluation_only,Submit GPU jobs to gpumedium; do not use pilot/gpupilot.,1,400,-1,legacy_nominal_12N,A00_legacy,source_surface,5,2615,,,0.65,0.05
fsl_x225_schedule_a00_source5x5_s401_424_20260716_1136_n3-d0-dep4-md512-it144-x1p00-s401-rg0,source_delta_support_process_control,canonical,4,72,64,512,401,144,75497472,524288,16,2048,40,1,L,fsl-x225-schedule-a00-source5x5-s401-424-20260716-1136-n3-d0-dep4-md512-it144-x1p00-s401-rg0,3,0,x225_multisupport_delta_confirmation_source,4,75497472,524288,Fresh measured 5x5 source grid for the sealed x225 multi-support Delta confirmation. Target losses are evaluation-only.,controlled_model_dim_source_prefix_smalln_5x5,29360320.0,29360320.0,0.0,0.162821576719,16,x225_multisupport_full_5x5_collection,,1.305337,0,144,75497472,1.0,physical_full_5x5_collection,3:0,0:0;0:1;0:2;0:3;0:4;1:0;1:1;1:2;1:3;1:4;2:0;2:1;2:2;2:3;2:4;3:0;3:1;3:2;3:3;3:4;4:0;4:1;4:2;4:3;4:4,x225_multisupport_confirmation,paired_train_seed,sealed_evaluation_only,Submit GPU jobs to gpumedium; do not use pilot/gpupilot.,1,400,-1,legacy_nominal_12N,A00_legacy,source_surface,5,2615,,,0.65,0.05
fsl_x225_schedule_a00_source5x5_s401_424_20260716_1136_n3-d1-dep4-md512-it216-x1p00-s401-rg0,source_delta_support_process_control,canonical,4,72,64,512,401,216,113246208,524288,16,2048,40,1,L,fsl-x225-schedule-a00-source5x5-s401-424-20260716-1136-n3-d1-dep4-md512-it216-x1p00-s401-rg0,3,1,x225_multisupport_delta_confirmation_source,4,113246208,524288,Fresh measured 5x5 source grid for the sealed x225 multi-support Delta confirmation. Target losses are evaluation-only.,controlled_model_dim_source_prefix_smalln_5x5,29360320.0,29360320.0,0.0,0.162821576719,17,x225_multisupport_full_5x5_collection,,1.305337,0,216,113246208,1.0,physical_full_5x5_collection,3:1,0:0;0:1;0:2;0:3;0:4;1:0;1:1;1:2;1:3;1:4;2:0;2:1;2:2;2:3;2:4;3:0;3:1;3:2;3:3;3:4;4:0;4:1;4:2;4:3;4:4,x225_multisupport_confirmation,paired_train_seed,sealed_evaluation_only,Submit GPU jobs to gpumedium; do not use pilot/gpupilot.,1,400,-1,legacy_nominal_12N,A00_legacy,source_surface,5,2615,,,0.65,0.05
fsl_x225_schedule_a00_source5x5_s401_424_20260716_1136_n3-d2-dep4-md512-it324-x1p00-s401-rg0,source_delta_support_process_control,canonical,4,72,64,512,401,324,169869312,524288,16,2048,40,1,L,fsl-x225-schedule-a00-source5x5-s401-424-20260716-1136-n3-d2-dep4-md512-it324-x1p00-s401-rg0,3,2,x225_multisupport_delta_confirmation_source,4,169869312,524288,Fresh measured 5x5 source grid for the sealed x225 multi-support Delta confirmation. Target losses are evaluation-only.,controlled_model_dim_source_prefix_smalln_5x5,29360320.0,29360320.0,0.0,0.162821576719,18,x225_multisupport_full_5x5_collection,,1.305337,0,324,169869312,1.0,physical_full_5x5_collection,3:2,0:0;0:1;0:2;0:3;0:4;1:0;1:1;1:2;1:3;1:4;2:0;2:1;2:2;2:3;2:4;3:0;3:1;3:2;3:3;3:4;4:0;4:1;4:2;4:3;4:4,x225_multisupport_confirmation,paired_train_seed,sealed_evaluation_only,Submit GPU jobs to gpumedium; do not use pilot/gpupilot.,1,400,-1,legacy_nominal_12N,A00_legacy,source_surface,5,2615,,,0.65,0.05
fsl_x225_schedule_a00_source5x5_s401_424_20260716_1136_n3-d3-dep4-md512-it486-x1p00-s401-rg0,source_delta_support_process_control,canonical,4,72,64,512,401,486,254803968,524288,16,2048,40,1,L,fsl-x225-schedule-a00-source5x5-s401-424-20260716-1136-n3-d3-dep4-md512-it486-x1p00-s401-rg0,3,3,x225_multisupport_delta_confirmation_source,4,254803968,524288,Fresh measured 5x5 source grid for the sealed x225 multi-support Delta confirmation. Target losses are evaluation-only.,controlled_model_dim_source_prefix_smalln_5x5,29360320.0,29360320.0,0.0,0.162821576719,19,x225_multisupport_full_5x5_collection,,1.305337,0,486,254803968,1.0,physical_full_5x5_collection,3:3,0:0;0:1;0:2;0:3;0:4;1:0;1:1;1:2;1:3;1:4;2:0;2:1;2:2;2:3;2:4;3:0;3:1;3:2;3:3;3:4;4:0;4:1;4:2;4:3;4:4,x225_multisupport_confirmation,paired_train_seed,sealed_evaluation_only,Submit GPU jobs to gpumedium; do not use pilot/gpupilot.,1,400,-1,legacy_nominal_12N,A00_legacy,source_surface,5,2615,,,0.65,0.05
fsl_x225_schedule_a00_source5x5_s401_424_20260716_1136_n3-d4-dep4-md512-it729-x1p00-s401-rg0,source_delta_support_process_control,canonical,4,72,64,512,401,729,382205952,524288,16,2048,40,1,L,fsl-x225-schedule-a00-source5x5-s401-424-20260716-1136-n3-d4-dep4-md512-it729-x1p00-s401-rg0,3,4,x225_multisupport_delta_confirmation_source,4,382205952,524288,Fresh measured 5x5 source grid for the sealed x225 multi-support Delta confirmation. Target losses are evaluation-only.,controlled_model_dim_source_prefix_smalln_5x5,29360320.0,29360320.0,0.0,0.162821576719,20,x225_multisupport_full_5x5_collection,,1.305337,0,729,382205952,1.0,physical_full_5x5_collection,3:4,0:0;0:1;0:2;0:3;0:4;1:0;1:1;1:2;1:3;1:4;2:0;2:1;2:2;2:3;2:4;3:0;3:1;3:2;3:3;3:4;4:0;4:1;4:2;4:3;4:4,x225_multisupport_confirmation,paired_train_seed,sealed_evaluation_only,Submit GPU jobs to gpumedium; do not use pilot/gpupilot.,1,400,-1,legacy_nominal_12N,A00_legacy,source_surface,5,2615,,,0.65,0.05
fsl_x225_schedule_a00_source5x5_s401_424_20260716_1136_n4-d0-dep4-md704-it144-x1p00-s401-rg0,source_delta_support_process_control,canonical,4,72,64,704,401,144,75497472,524288,16,2048,40,1,L,fsl-x225-schedule-a00-source5x5-s401-424-20260716-1136-n4-d0-dep4-md704-it144-x1p00-s401-rg0,4,0,x225_multisupport_delta_confirmation_source,4,75497472,524288,Fresh measured 5x5 source grid for the sealed x225 multi-support Delta confirmation. Target losses are evaluation-only.,controlled_model_dim_source_prefix_smalln_5x5,46858504.0,46858504.0,0.0,0.162821576719,21,x225_multisupport_full_5x5_collection,,1.305337,0,144,75497472,1.0,physical_full_5x5_collection,4:0,0:0;0:1;0:2;0:3;0:4;1:0;1:1;1:2;1:3;1:4;2:0;2:1;2:2;2:3;2:4;3:0;3:1;3:2;3:3;3:4;4:0;4:1;4:2;4:3;4:4,x225_multisupport_confirmation,paired_train_seed,sealed_evaluation_only,Submit GPU jobs to gpumedium; do not use pilot/gpupilot.,1,400,-1,legacy_nominal_12N,A00_legacy,source_surface,5,2615,,,0.65,0.05
fsl_x225_schedule_a00_source5x5_s401_424_20260716_1136_n4-d1-dep4-md704-it216-x1p00-s401-rg0,source_delta_support_process_control,canonical,4,72,64,704,401,216,113246208,524288,16,2048,40,1,L,fsl-x225-schedule-a00-source5x5-s401-424-20260716-1136-n4-d1-dep4-md704-it216-x1p00-s401-rg0,4,1,x225_multisupport_delta_confirmation_source,4,113246208,524288,Fresh measured 5x5 source grid for the sealed x225 multi-support Delta confirmation. Target losses are evaluation-only.,controlled_model_dim_source_prefix_smalln_5x5,46858504.0,46858504.0,0.0,0.162821576719,22,x225_multisupport_full_5x5_collection,,1.305337,0,216,113246208,1.0,physical_full_5x5_collection,4:1,0:0;0:1;0:2;0:3;0:4;1:0;1:1;1:2;1:3;1:4;2:0;2:1;2:2;2:3;2:4;3:0;3:1;3:2;3:3;3:4;4:0;4:1;4:2;4:3;4:4,x225_multisupport_confirmation,paired_train_seed,sealed_evaluation_only,Submit GPU jobs to gpumedium; do not use pilot/gpupilot.,1,400,-1,legacy_nominal_12N,A00_legacy,source_surface,5,2615,,,0.65,0.05
fsl_x225_schedule_a00_source5x5_s401_424_20260716_1136_n4-d2-dep4-md704-it324-x1p00-s401-rg0,source_delta_support_process_control,canonical,4,72,64,704,401,324,169869312,524288,16,2048,40,1,L,fsl-x225-schedule-a00-source5x5-s401-424-20260716-1136-n4-d2-dep4-md704-it324-x1p00-s401-rg0,4,2,x225_multisupport_delta_confirmation_source,4,169869312,524288,Fresh measured 5x5 source grid for the sealed x225 multi-support Delta confirmation. Target losses are evaluation-only.,controlled_model_dim_source_prefix_smalln_5x5,46858504.0,46858504.0,0.0,0.162821576719,23,x225_multisupport_full_5x5_collection,,1.305337,0,324,169869312,1.0,physical_full_5x5_collection,4:2,0:0;0:1;0:2;0:3;0:4;1:0;1:1;1:2;1:3;1:4;2:0;2:1;2:2;2:3;2:4;3:0;3:1;3:2;3:3;3:4;4:0;4:1;4:2;4:3;4:4,x225_multisupport_confirmation,paired_train_seed,sealed_evaluation_only,Submit GPU jobs to gpumedium; do not use pilot/gpupilot.,1,400,-1,legacy_nominal_12N,A00_legacy,source_surface,5,2615,,,0.65,0.05
fsl_x225_schedule_a00_source5x5_s401_424_20260716_1136_n4-d3-dep4-md704-it486-x1p00-s401-rg0,source_delta_support_process_control,canonical,4,72,64,704,401,486,254803968,524288,16,2048,40,1,L,fsl-x225-schedule-a00-source5x5-s401-424-20260716-1136-n4-d3-dep4-md704-it486-x1p00-s401-rg0,4,3,x225_multisupport_delta_confirmation_source,4,254803968,524288,Fresh measured 5x5 source grid for the sealed x225 multi-support Delta confirmation. Target losses are evaluation-only.,controlled_model_dim_source_prefix_smalln_5x5,46858504.0,46858504.0,0.0,0.162821576719,24,x225_multisupport_full_5x5_collection,,1.305337,0,486,254803968,1.0,physical_full_5x5_collection,4:3,0:0;0:1;0:2;0:3;0:4;1:0;1:1;1:2;1:3;1:4;2:0;2:1;2:2;2:3;2:4;3:0;3:1;3:2;3:3;3:4;4:0;4:1;4:2;4:3;4:4,x225_multisupport_confirmation,paired_train_seed,sealed_evaluation_only,Submit GPU jobs to gpumedium; do not use pilot/gpupilot.,1,400,-1,legacy_nominal_12N,A00_legacy,source_surface,5,2615,,,0.65,0.05
fsl_x225_schedule_a00_source5x5_s401_424_20260716_1136_n4-d4-dep4-md704-it729-x1p00-s401-rg0,source_delta_support_process_control,canonical,4,72,64,704,401,729,382205952,524288,16,2048,40,1,L,fsl-x225-schedule-a00-source5x5-s401-424-20260716-1136-n4-d4-dep4-md704-it729-x1p00-s401-rg0,4,4,x225_multisupport_delta_confirmation_source,4,382205952,524288,Fresh measured 5x5 source grid for the sealed x225 multi-support Delta confirmation. Target losses are evaluation-only.,controlled_model_dim_source_prefix_smalln_5x5,46858504.0,46858504.0,0.0,0.162821576719,25,x225_multisupport_full_5x5_collection,,1.305337,0,729,382205952,1.0,physical_full_5x5_collection,4:4,0:0;0:1;0:2;0:3;0:4;1:0;1:1;1:2;1:3;1:4;2:0;2:1;2:2;2:3;2:4;3:0;3:1;3:2;3:3;3:4;4:0;4:1;4:2;4:3;4:4,x225_multisupport_confirmation,paired_train_seed,sealed_evaluation_only,Submit GPU jobs to gpumedium; do not use pilot/gpupilot.,1,400,-1,legacy_nominal_12N,A00_legacy,source_surface,5,2615,,,0.65,0.05
fsl_x225_schedule_a00_source5x5_s401_424_20260716_1136_n0-d0-dep4-md128-it144-x1p00-s402-rg0,source_delta_support_process_control,canonical,4,72,64,128,402,144,75497472,524288,16,2048,40,1,L,fsl-x225-schedule-a00-source5x5-s401-424-20260716-1136-n0-d0-dep4-md128-it144-x1p00-s402-rg0,0,0,x225_multisupport_delta_confirmation_source,4,75497472,524288,Fresh measured 5x5 source grid for the sealed x225 multi-support Delta confirmation. Target losses are evaluation-only.,controlled_model_dim_source_prefix_smalln_5x5,4980784.0,4980784.0,0.0,0.162821576719,1,x225_multisupport_full_5x5_collection,,1.305337,0,144,75497472,1.0,physical_full_5x5_collection,0:0,0:0;0:1;0:2;0:3;0:4;1:0;1:1;1:2;1:3;1:4;2:0;2:1;2:2;2:3;2:4;3:0;3:1;3:2;3:3;3:4;4:0;4:1;4:2;4:3;4:4,x225_multisupport_confirmation,paired_train_seed,sealed_evaluation_only,Submit GPU jobs to gpumedium; do not use pilot/gpupilot.,1,400,-1,legacy_nominal_12N,A00_legacy,source_surface,5,2615,,,0.65,0.05
fsl_x225_schedule_a00_source5x5_s401_424_20260716_1136_n0-d1-dep4-md128-it216-x1p00-s402-rg0,source_delta_support_process_control,canonical,4,72,64,128,402,216,113246208,524288,16,2048,40,1,L,fsl-x225-schedule-a00-source5x5-s401-424-20260716-1136-n0-d1-dep4-md128-it216-x1p00-s402-rg0,0,1,x225_multisupport_delta_confirmation_source,4,113246208,524288,Fresh measured 5x5 source grid for the sealed x225 multi-support Delta confirmation. Target losses are evaluation-only.,controlled_model_dim_source_prefix_smalln_5x5,4980784.0,4980784.0,0.0,0.162821576719,2,x225_multisupport_full_5x5_collection,,1.305337,0,216,113246208,1.0,physical_full_5x5_collection,0:1,0:0;0:1;0:2;0:3;0:4;1:0;1:1;1:2;1:3;1:4;2:0;2:1;2:2;2:3;2:4;3:0;3:1;3:2;3:3;3:4;4:0;4:1;4:2;4:3;4:4,x225_multisupport_confirmation,paired_train_seed,sealed_evaluation_only,Submit GPU jobs to gpumedium; do not use pilot/gpupilot.,1,400,-1,legacy_nominal_12N,A00_legacy,source_surface,5,2615,,,0.65,0.05
fsl_x225_schedule_a00_source5x5_s401_424_20260716_1136_n0-d2-dep4-md128-it324-x1p00-s402-rg0,source_delta_support_process_control,canonical,4,72,64,128,402,324,169869312,524288,16,2048,40,1,L,fsl-x225-schedule-a00-source5x5-s401-424-20260716-1136-n0-d2-dep4-md128-it324-x1p00-s402-rg0,0,2,x225_multisupport_delta_confirmation_source,4,169869312,524288,Fresh measured 5x5 source grid for the sealed x225 multi-support Delta confirmation. Target losses are evaluation-only.,controlled_model_dim_source_prefix_smalln_5x5,4980784.0,4980784.0,0.0,0.162821576719,3,x225_multisupport_full_5x5_collection,,1.305337,0,324,169869312,1.0,physical_full_5x5_collection,0:2,0:0;0:1;0:2;0:3;0:4;1:0;1:1;1:2;1:3;1:4;2:0;2:1;2:2;2:3;2:4;3:0;3:1;3:2;3:3;3:4;4:0;4:1;4:2;4:3;4:4,x225_multisupport_confirmation,paired_train_seed,sealed_evaluation_only,Submit GPU jobs to gpumedium; do not use pilot/gpupilot.,1,400,-1,legacy_nominal_12N,A00_legacy,source_surface,5,2615,,,0.65,0.05
fsl_x225_schedule_a00_source5x5_s401_424_20260716_1136_n0-d3-dep4-md128-it486-x1p00-s402-rg0,source_delta_support_process_control,canonical,4,72,64,128,402,486,254803968,524288,16,2048,40,1,L,fsl-x225-schedule-a00-source5x5-s401-424-20260716-1136-n0-d3-dep4-md128-it486-x1p00-s402-rg0,0,3,x225_multisupport_delta_confirmation_source,4,254803968,524288,Fresh measured 5x5 source grid for the sealed x225 multi-support Delta confirmation. Target losses are evaluation-only.,controlled_model_dim_source_prefix_smalln_5x5,4980784.0,4980784.0,0.0,0.162821576719,4,x225_multisupport_full_5x5_collection,,1.305337,0,486,254803968,1.0,physical_full_5x5_collection,0:3,0:0;0:1;0:2;0:3;0:4;1:0;1:1;1:2;1:3;1:4;2:0;2:1;2:2;2:3;2:4;3:0;3:1;3:2;3:3;3:4;4:0;4:1;4:2;4:3;4:4,x225_multisupport_confirmation,paired_train_seed,sealed_evaluation_only,Submit GPU jobs to gpumedium; do not use pilot/gpupilot.,1,400,-1,legacy_nominal_12N,A00_legacy,source_surface,5,2615,,,0.65,0.05
fsl_x225_schedule_a00_source5x5_s401_424_20260716_1136_n0-d4-dep4-md128-it729-x1p00-s402-rg0,source_delta_support_process_control,canonical,4,72,64,128,402,729,382205952,524288,16,2048,40,1,L,fsl-x225-schedule-a00-source5x5-s401-424-20260716-1136-n0-d4-dep4-md128-it729-x1p00-s402-rg0,0,4,x225_multisupport_delta_confirmation_source,4,382205952,524288,Fresh measured 5x5 source grid for the sealed x225 multi-support Delta confirmation. Target losses are evaluation-only.,controlled_model_dim_source_prefix_smalln_5x5,4980784.0,4980784.0,0.0,0.162821576719,5,x225_multisupport_full_5x5_collection,,1.305337,0,729,382205952,1.0,physical_full_5x5_collection,0:4,0:0;0:1;0:2;0:3;0:4;1:0;1:1;1:2;1:3;1:4;2:0;2:1;2:2;2:3;2:4;3:0;3:1;3:2;3:3;3:4;4:0;4:1;4:2;4:3;4:4,x225_multisupport_confirmation,paired_train_seed,sealed_evaluation_only,Submit GPU jobs to gpumedium; do not use pilot/gpupilot.,1,400,-1,legacy_nominal_12N,A00_legacy,source_surface,5,2615,,,0.65,0.05
fsl_x225_schedule_a00_source5x5_s401_424_20260716_1136_n1-d0-dep4-md192-it144-x1p00-s402-rg0,source_delta_support_process_control,canonical,4,72,64,192,402,144,75497472,524288,16,2048,40,1,L,fsl-x225-schedule-a00-source5x5-s401-424-20260716-1136-n1-d0-dep4-md192-it144-x1p00-s402-rg0,1,0,x225_multisupport_delta_confirmation_source,4,75497472,524288,Fresh measured 5x5 source grid for the sealed x225 multi-support Delta confirmation. Target losses are evaluation-only.,controlled_model_dim_source_prefix_smalln_5x5,8061000.0,8061000.0,0.0,0.162821576719,6,x225_multisupport_full_5x5_collection,,1.305337,0,144,75497472,1.0,physical_full_5x5_collection,1:0,0:0;0:1;0:2;0:3;0:4;1:0;1:1;1:2;1:3;1:4;2:0;2:1;2:2;2:3;2:4;3:0;3:1;3:2;3:3;3:4;4:0;4:1;4:2;4:3;4:4,x225_multisupport_confirmation,paired_train_seed,sealed_evaluation_only,Submit GPU jobs to gpumedium; do not use pilot/gpupilot.,1,400,-1,legacy_nominal_12N,A00_legacy,source_surface,5,2615,,,0.65,0.05
fsl_x225_schedule_a00_source5x5_s401_424_20260716_1136_n1-d1-dep4-md192-it216-x1p00-s402-rg0,source_delta_support_process_control,canonical,4,72,64,192,402,216,113246208,524288,16,2048,40,1,L,fsl-x225-schedule-a00-source5x5-s401-424-20260716-1136-n1-d1-dep4-md192-it216-x1p00-s402-rg0,1,1,x225_multisupport_delta_confirmation_source,4,113246208,524288,Fresh measured 5x5 source grid for the sealed x225 multi-support Delta confirmation. Target losses are evaluation-only.,controlled_model_dim_source_prefix_smalln_5x5,8061000.0,8061000.0,0.0,0.162821576719,7,x225_multisupport_full_5x5_collection,,1.305337,0,216,113246208,1.0,physical_full_5x5_collection,1:1,0:0;0:1;0:2;0:3;0:4;1:0;1:1;1:2;1:3;1:4;2:0;2:1;2:2;2:3;2:4;3:0;3:1;3:2;3:3;3:4;4:0;4:1;4:2;4:3;4:4,x225_multisupport_confirmation,paired_train_seed,sealed_evaluation_only,Submit GPU jobs to gpumedium; do not use pilot/gpupilot.,1,400,-1,legacy_nominal_12N,A00_legacy,source_surface,5,2615,,,0.65,0.05
fsl_x225_schedule_a00_source5x5_s401_424_20260716_1136_n1-d2-dep4-md192-it324-x1p00-s402-rg0,source_delta_support_process_control,canonical,4,72,64,192,402,324,169869312,524288,16,2048,40,1,L,fsl-x225-schedule-a00-source5x5-s401-424-20260716-1136-n1-d2-dep4-md192-it324-x1p00-s402-rg0,1,2,x225_multisupport_delta_confirmation_source,4,169869312,524288,Fresh measured 5x5 source grid for the sealed x225 multi-support Delta confirmation. Target losses are evaluation-only.,controlled_model_dim_source_prefix_smalln_5x5,8061000.0,8061000.0,0.0,0.162821576719,8,x225_multisupport_full_5x5_collection,,1.305337,0,324,169869312,1.0,physical_full_5x5_collection,1:2,0:0;0:1;0:2;0:3;0:4;1:0;1:1;1:2;1:3;1:4;2:0;2:1;2:2;2:3;2:4;3:0;3:1;3:2;3:3;3:4;4:0;4:1;4:2;4:3;4:4,x225_multisupport_confirmation,paired_train_seed,sealed_evaluation_only,Submit GPU jobs to gpumedium; do not use pilot/gpupilot.,1,400,-1,legacy_nominal_12N,A00_legacy,source_surface,5,2615,,,0.65,0.05
fsl_x225_schedule_a00_source5x5_s401_424_20260716_1136_n1-d3-dep4-md192-it486-x1p00-s402-rg0,source_delta_support_process_control,canonical,4,72,64,192,402,486,254803968,524288,16,2048,40,1,L,fsl-x225-schedule-a00-source5x5-s401-424-20260716-1136-n1-d3-dep4-md192-it486-x1p00-s402-rg0,1,3,x225_multisupport_delta_confirmation_source,4,254803968,524288,Fresh measured 5x5 source grid for the sealed x225 multi-support Delta confirmation. Target losses are evaluation-only.,controlled_model_dim_source_prefix_smalln_5x5,8061000.0,8061000.0,0.0,0.162821576719,9,x225_multisupport_full_5x5_collection,,1.305337,0,486,254803968,1.0,physical_full_5x5_collection,1:3,0:0;0:1;0:2;0:3;0:4;1:0;1:1;1:2;1:3;1:4;2:0;2:1;2:2;2:3;2:4;3:0;3:1;3:2;3:3;3:4;4:0;4:1;4:2;4:3;4:4,x225_multisupport_confirmation,paired_train_seed,sealed_evaluation_only,Submit GPU jobs to gpumedium; do not use pilot/gpupilot.,1,400,-1,legacy_nominal_12N,A00_legacy,source_surface,5,2615,,,0.65,0.05
fsl_x225_schedule_a00_source5x5_s401_424_20260716_1136_n1-d4-dep4-md192-it729-x1p00-s402-rg0,source_delta_support_process_control,canonical,4,72,64,192,402,729,382205952,524288,16,2048,40,1,L,fsl-x225-schedule-a00-source5x5-s401-424-20260716-1136-n1-d4-dep4-md192-it729-x1p00-s402-rg0,1,4,x225_multisupport_delta_confirmation_source,4,382205952,524288,Fresh measured 5x5 source grid for the sealed x225 multi-support Delta confirmation. Target losses are evaluation-only.,controlled_model_dim_source_prefix_smalln_5x5,8061000.0,8061000.0,0.0,0.162821576719,10,x225_multisupport_full_5x5_collection,,1.305337,0,729,382205952,1.0,physical_full_5x5_collection,1:4,0:0;0:1;0:2;0:3;0:4;1:0;1:1;1:2;1:3;1:4;2:0;2:1;2:2;2:3;2:4;3:0;3:1;3:2;3:3;3:4;4:0;4:1;4:2;4:3;4:4,x225_multisupport_confirmation,paired_train_seed,sealed_evaluation_only,Submit GPU jobs to gpumedium; do not use pilot/gpupilot.,1,400,-1,legacy_nominal_12N,A00_legacy,source_surface,5,2615,,,0.65,0.05
fsl_x225_schedule_a00_source5x5_s401_424_20260716_1136_n2-d0-dep4-md320-it144-x1p00-s402-rg0,source_delta_support_process_control,canonical,4,72,64,320,402,144,75497472,524288,16,2048,40,1,L,fsl-x225-schedule-a00-source5x5-s401-424-20260716-1136-n2-d0-dep4-md320-it144-x1p00-s402-rg0,2,0,x225_multisupport_delta_confirmation_source,4,75497472,524288,Fresh measured 5x5 source grid for the sealed x225 multi-support Delta confirmation. Target losses are evaluation-only.,controlled_model_dim_source_prefix_smalln_5x5,15401080.0,15401080.0,0.0,0.162821576719,11,x225_multisupport_full_5x5_collection,,1.305337,0,144,75497472,1.0,physical_full_5x5_collection,2:0,0:0;0:1;0:2;0:3;0:4;1:0;1:1;1:2;1:3;1:4;2:0;2:1;2:2;2:3;2:4;3:0;3:1;3:2;3:3;3:4;4:0;4:1;4:2;4:3;4:4,x225_multisupport_confirmation,paired_train_seed,sealed_evaluation_only,Submit GPU jobs to gpumedium; do not use pilot/gpupilot.,1,400,-1,legacy_nominal_12N,A00_legacy,source_surface,5,2615,,,0.65,0.05
fsl_x225_schedule_a00_source5x5_s401_424_20260716_1136_n2-d1-dep4-md320-it216-x1p00-s402-rg0,source_delta_support_process_control,canonical,4,72,64,320,402,216,113246208,524288,16,2048,40,1,L,fsl-x225-schedule-a00-source5x5-s401-424-20260716-1136-n2-d1-dep4-md320-it216-x1p00-s402-rg0,2,1,x225_multisupport_delta_confirmation_source,4,113246208,524288,Fresh measured 5x5 source grid for the sealed x225 multi-support Delta confirmation. Target losses are evaluation-only.,controlled_model_dim_source_prefix_smalln_5x5,15401080.0,15401080.0,0.0,0.162821576719,12,x225_multisupport_full_5x5_collection,,1.305337,0,216,113246208,1.0,physical_full_5x5_collection,2:1,0:0;0:1;0:2;0:3;0:4;1:0;1:1;1:2;1:3;1:4;2:0;2:1;2:2;2:3;2:4;3:0;3:1;3:2;3:3;3:4;4:0;4:1;4:2;4:3;4:4,x225_multisupport_confirmation,paired_train_seed,sealed_evaluation_only,Submit GPU jobs to gpumedium; do not use pilot/gpupilot.,1,400,-1,legacy_nominal_12N,A00_legacy,source_surface,5,2615,,,0.65,0.05
fsl_x225_schedule_a00_source5x5_s401_424_20260716_1136_n2-d2-dep4-md320-it324-x1p00-s402-rg0,source_delta_support_process_control,canonical,4,72,64,320,402,324,169869312,524288,16,2048,40,1,L,fsl-x225-schedule-a00-source5x5-s401-424-20260716-1136-n2-d2-dep4-md320-it324-x1p00-s402-rg0,2,2,x225_multisupport_delta_confirmation_source,4,169869312,524288,Fresh measured 5x5 source grid for the sealed x225 multi-support Delta confirmation. Target losses are evaluation-only.,controlled_model_dim_source_prefix_smalln_5x5,15401080.0,15401080.0,0.0,0.162821576719,13,x225_multisupport_full_5x5_collection,,1.305337,0,324,169869312,1.0,physical_full_5x5_collection,2:2,0:0;0:1;0:2;0:3;0:4;1:0;1:1;1:2;1:3;1:4;2:0;2:1;2:2;2:3;2:4;3:0;3:1;3:2;3:3;3:4;4:0;4:1;4:2;4:3;4:4,x225_multisupport_confirmation,paired_train_seed,sealed_evaluation_only,Submit GPU jobs to gpumedium; do not use pilot/gpupilot.,1,400,-1,legacy_nominal_12N,A00_legacy,source_surface,5,2615,,,0.65,0.05
fsl_x225_schedule_a00_source5x5_s401_424_20260716_1136_n2-d3-dep4-md320-it486-x1p00-s402-rg0,source_delta_support_process_control,canonical,4,72,64,320,402,486,254803968,524288,16,2048,40,1,L,fsl-x225-schedule-a00-source5x5-s401-424-20260716-1136-n2-d3-dep4-md320-it486-x1p00-s402-rg0,2,3,x225_multisupport_delta_confirmation_source,4,254803968,524288,Fresh measured 5x5 source grid for the sealed x225 multi-support Delta confirmation. Target losses are evaluation-only.,controlled_model_dim_source_prefix_smalln_5x5,15401080.0,15401080.0,0.0,0.162821576719,14,x225_multisupport_full_5x5_collection,,1.305337,0,486,254803968,1.0,physical_full_5x5_collection,2:3,0:0;0:1;0:2;0:3;0:4;1:0;1:1;1:2;1:3;1:4;2:0;2:1;2:2;2:3;2:4;3:0;3:1;3:2;3:3;3:4;4:0;4:1;4:2;4:3;4:4,x225_multisupport_confirmation,paired_train_seed,sealed_evaluation_only,Submit GPU jobs to gpumedium; do not use pilot/gpupilot.,1,400,-1,legacy_nominal_12N,A00_legacy,source_surface,5,2615,,,0.65,0.05
fsl_x225_schedule_a00_source5x5_s401_424_20260716_1136_n2-d4-dep4-md320-it729-x1p00-s402-rg0,source_delta_support_process_control,canonical,4,72,64,320,402,729,382205952,524288,16,2048,40,1,L,fsl-x225-schedule-a00-source5x5-s401-424-20260716-1136-n2-d4-dep4-md320-it729-x1p00-s402-rg0,2,4,x225_multisupport_delta_confirmation_source,4,382205952,524288,Fresh measured 5x5 source grid for the sealed x225 multi-support Delta confirmation. Target losses are evaluation-only.,controlled_model_dim_source_prefix_smalln_5x5,15401080.0,15401080.0,0.0,0.162821576719,15,x225_multisupport_full_5x5_collection,,1.305337,0,729,382205952,1.0,physical_full_5x5_collection,2:4,0:0;0:1;0:2;0:3;0:4;1:0;1:1;1:2;1:3;1:4;2:0;2:1;2:2;2:3;2:4;3:0;3:1;3:2;3:3;3:4;4:0;4:1;4:2;4:3;4:4,x225_multisupport_confirmation,paired_train_seed,sealed_evaluation_only,Submit GPU jobs to gpumedium; do not use pilot/gpupilot.,1,400,-1,legacy_nominal_12N,A00_legacy,source_surface,5,2615,,,0.65,0.05
fsl_x225_schedule_a00_source5x5_s401_424_20260716_1136_n3-d0-dep4-md512-it144-x1p00-s402-rg0,source_delta_support_process_control,canonical,4,72,64,512,402,144,75497472,524288,16,2048,40,1,L,fsl-x225-schedule-a00-source5x5-s401-424-20260716-1136-n3-d0-dep4-md512-it144-x1p00-s402-rg0,3,0,x225_multisupport_delta_confirmation_source,4,75497472,524288,Fresh measured 5x5 source grid for the sealed x225 multi-support Delta confirmation. Target losses are evaluation-only.,controlled_model_dim_source_prefix_smalln_5x5,29360320.0,29360320.0,0.0,0.162821576719,16,x225_multisupport_full_5x5_collection,,1.305337,0,144,75497472,1.0,physical_full_5x5_collection,3:0,0:0;0:1;0:2;0:3;0:4;1:0;1:1;1:2;1:3;1:4;2:0;2:1;2:2;2:3;2:4;3:0;3:1;3:2;3:3;3:4;4:0;4:1;4:2;4:3;4:4,x225_multisupport_confirmation,paired_train_seed,sealed_evaluation_only,Submit GPU jobs to gpumedium; do not use pilot/gpupilot.,1,400,-1,legacy_nominal_12N,A00_legacy,source_surface,5,2615,,,0.65,0.05
fsl_x225_schedule_a00_source5x5_s401_424_20260716_1136_n3-d1-dep4-md512-it216-x1p00-s402-rg0,source_delta_support_process_control,canonical,4,72,64,512,402,216,113246208,524288,16,2048,40,1,L,fsl-x225-schedule-a00-source5x5-s401-424-20260716-1136-n3-d1-dep4-md512-it216-x1p00-s402-rg0,3,1,x225_multisupport_delta_confirmation_source,4,113246208,524288,Fresh measured 5x5 source grid for the sealed x225 multi-support Delta confirmation. Target losses are evaluation-only.,controlled_model_dim_source_prefix_smalln_5x5,29360320.0,29360320.0,0.0,0.162821576719,17,x225_multisupport_full_5x5_collection,,1.305337,0,216,113246208,1.0,physical_full_5x5_collection,3:1,0:0;0:1;0:2;0:3;0:4;1:0;1:1;1:2;1:3;1:4;2:0;2:1;2:2;2:3;2:4;3:0;3:1;3:2;3:3;3:4;4:0;4:1;4:2;4:3;4:4,x225_multisupport_confirmation,paired_train_seed,sealed_evaluation_only,Submit GPU jobs to gpumedium; do not use pilot/gpupilot.,1,400,-1,legacy_nominal_12N,A00_legacy,source_surface,5,2615,,,0.65,0.05
fsl_x225_schedule_a00_source5x5_s401_424_20260716_1136_n3-d2-dep4-md512-it324-x1p00-s402-rg0,source_delta_support_process_control,canonical,4,72,64,512,402,324,169869312,524288,16,2048,40,1,L,fsl-x225-schedule-a00-source5x5-s401-424-20260716-1136-n3-d2-dep4-md512-it324-x1p00-s402-rg0,3,2,x225_multisupport_delta_confirmation_source,4,169869312,524288,Fresh measured 5x5 source grid for the sealed x225 multi-support Delta confirmation. Target losses are evaluation-only.,controlled_model_dim_source_prefix_smalln_5x5,29360320.0,29360320.0,0.0,0.162821576719,18,x225_multisupport_full_5x5_collection,,1.305337,0,324,169869312,1.0,physical_full_5x5_collection,3:2,0:0;0:1;0:2;0:3;0:4;1:0;1:1;1:2;1:3;1:4;2:0;2:1;2:2;2:3;2:4;3:0;3:1;3:2;3:3;3:4;4:0;4:1;4:2;4:3;4:4,x225_multisupport_confirmation,paired_train_seed,sealed_evaluation_only,Submit GPU jobs to gpumedium; do not use pilot/gpupilot.,1,400,-1,legacy_nominal_12N,A00_legacy,source_surface,5,2615,,,0.65,0.05
fsl_x225_schedule_a00_source5x5_s401_424_20260716_1136_n3-d3-dep4-md512-it486-x1p00-s402-rg0,source_delta_support_process_control,canonical,4,72,64,512,402,486,254803968,524288,16,2048,40,1,L,fsl-x225-schedule-a00-source5x5-s401-424-20260716-1136-n3-d3-dep4-md512-it486-x1p00-s402-rg0,3,3,x225_multisupport_delta_confirmation_source,4,254803968,524288,Fresh measured 5x5 source grid for the sealed x225 multi-support Delta confirmation. Target losses are evaluation-only.,controlled_model_dim_source_prefix_smalln_5x5,29360320.0,29360320.0,0.0,0.162821576719,19,x225_multisupport_full_5x5_collection,,1.305337,0,486,254803968,1.0,physical_full_5x5_collection,3:3,0:0;0:1;0:2;0:3;0:4;1:0;1:1;1:2;1:3;1:4;2:0;2:1;2:2;2:3;2:4;3:0;3:1;3:2;3:3;3:4;4:0;4:1;4:2;4:3;4:4,x225_multisupport_confirmation,paired_train_seed,sealed_evaluation_only,Submit GPU jobs to gpumedium; do not use pilot/gpupilot.,1,400,-1,legacy_nominal_12N,A00_legacy,source_surface,5,2615,,,0.65,0.05
fsl_x225_schedule_a00_source5x5_s401_424_20260716_1136_n3-d4-dep4-md512-it729-x1p00-s402-rg0,source_delta_support_process_control,canonical,4,72,64,512,402,729,382205952,524288,16,2048,40,1,L,fsl-x225-schedule-a00-source5x5-s401-424-20260716-1136-n3-d4-dep4-md512-it729-x1p00-s402-rg0,3,4,x225_multisupport_delta_confirmation_source,4,382205952,524288,Fresh measured 5x5 source grid for the sealed x225 multi-support Delta confirmation. Target losses are evaluation-only.,controlled_model_dim_source_prefix_smalln_5x5,29360320.0,29360320.0,0.0,0.162821576719,20,x225_multisupport_full_5x5_collection,,1.305337,0,729,382205952,1.0,physical_full_5x5_collection,3:4,0:0;0:1;0:2;0:3;0:4;1:0;1:1;1:2;1:3;1:4;2:0;2:1;2:2;2:3;2:4;3:0;3:1;3:2;3:3;3:4;4:0;4:1;4:2;4:3;4:4,x225_multisupport_confirmation,paired_train_seed,sealed_evaluation_only,Submit GPU jobs to gpumedium; do not use pilot/gpupilot.,1,400,-1,legacy_nominal_12N,A00_legacy,source_surface,5,2615,,,0.65,0.05
fsl_x225_schedule_a00_source5x5_s401_424_20260716_1136_n4-d0-dep4-md704-it144-x1p00-s402-rg0,source_delta_support_process_control,canonical,4,72,64,704,402,144,75497472,524288,16,2048,40,1,L,fsl-x225-schedule-a00-source5x5-s401-424-20260716-1136-n4-d0-dep4-md704-it144-x1p00-s402-rg0,4,0,x225_multisupport_delta_confirmation_source,4,75497472,524288,Fresh measured 5x5 source grid for the sealed x225 multi-support Delta confirmation. Target losses are evaluation-only.,controlled_model_dim_source_prefix_smalln_5x5,46858504.0,46858504.0,0.0,0.162821576719,21,x225_multisupport_full_5x5_collection,,1.305337,0,144,75497472,1.0,physical_full_5x5_collection,4:0,0:0;0:1;0:2;0:3;0:4;1:0;1:1;1:2;1:3;1:4;2:0;2:1;2:2;2:3;2:4;3:0;3:1;3:2;3:3;3:4;4:0;4:1;4:2;4:3;4:4,x225_multisupport_confirmation,paired_train_seed,sealed_evaluation_only,Submit GPU jobs to gpumedium; do not use pilot/gpupilot.,1,400,-1,legacy_nominal_12N,A00_legacy,source_surface,5,2615,,,0.65,0.05
fsl_x225_schedule_a00_source5x5_s401_424_20260716_1136_n4-d1-dep4-md704-it216-x1p00-s402-rg0,source_delta_support_process_control,canonical,4,72,64,704,402,216,113246208,524288,16,2048,40,1,L,fsl-x225-schedule-a00-source5x5-s401-424-20260716-1136-n4-d1-dep4-md704-it216-x1p00-s402-rg0,4,1,x225_multisupport_delta_confirmation_source,4,113246208,524288,Fresh measured 5x5 source grid for the sealed x225 multi-support Delta confirmation. Target losses are evaluation-only.,controlled_model_dim_source_prefix_smalln_5x5,46858504.0,46858504.0,0.0,0.162821576719,22,x225_multisupport_full_5x5_collection,,1.305337,0,216,113246208,1.0,physical_full_5x5_collection,4:1,0:0;0:1;0:2;0:3;0:4;1:0;1:1;1:2;1:3;1:4;2:0;2:1;2:2;2:3;2:4;3:0;3:1;3:2;3:3;3:4;4:0;4:1;4:2;4:3;4:4,x225_multisupport_confirmation,paired_train_seed,sealed_evaluation_only,Submit GPU jobs to gpumedium; do not use pilot/gpupilot.,1,400,-1,legacy_nominal_12N,A00_legacy,source_surface,5,2615,,,0.65,0.05
fsl_x225_schedule_a00_source5x5_s401_424_20260716_1136_n4-d2-dep4-md704-it324-x1p00-s402-rg0,source_delta_support_process_control,canonical,4,72,64,704,402,324,169869312,524288,16,2048,40,1,L,fsl-x225-schedule-a00-source5x5-s401-424-20260716-1136-n4-d2-dep4-md704-it324-x1p00-s402-rg0,4,2,x225_multisupport_delta_confirmation_source,4,169869312,524288,Fresh measured 5x5 source grid for the sealed x225 multi-support Delta confirmation. Target losses are evaluation-only.,controlled_model_dim_source_prefix_smalln_5x5,46858504.0,46858504.0,0.0,0.162821576719,23,x225_multisupport_full_5x5_collection,,1.305337,0,324,169869312,1.0,physical_full_5x5_collection,4:2,0:0;0:1;0:2;0:3;0:4;1:0;1:1;1:2;1:3;1:4;2:0;2:1;2:2;2:3;2:4;3:0;3:1;3:2;3:3;3:4;4:0;4:1;4:2;4:3;4:4,x225_multisupport_confirmation,paired_train_seed,sealed_evaluation_only,Submit GPU jobs to gpumedium; do not use pilot/gpupilot.,1,400,-1,legacy_nominal_12N,A00_legacy,source_surface,5,2615,,,0.65,0.05
fsl_x225_schedule_a00_source5x5_s401_424_20260716_1136_n4-d3-dep4-md704-it486-x1p00-s402-rg0,source_delta_support_process_control,canonical,4,72,64,704,402,486,254803968,524288,16,2048,40,1,L,fsl-x225-schedule-a00-source5x5-s401-424-20260716-1136-n4-d3-dep4-md704-it486-x1p00-s402-rg0,4,3,x225_multisupport_delta_confirmation_source,4,254803968,524288,Fresh measured 5x5 source grid for the sealed x225 multi-support Delta confirmation. Target losses are evaluation-only.,controlled_model_dim_source_prefix_smalln_5x5,46858504.0,46858504.0,0.0,0.162821576719,24,x225_multisupport_full_5x5_collection,,1.305337,0,486,254803968,1.0,physical_full_5x5_collection,4:3,0:0;0:1;0:2;0:3;0:4;1:0;1:1;1:2;1:3;1:4;2:0;2:1;2:2;2:3;2:4;3:0;3:1;3:2;3:3;3:4;4:0;4:1;4:2;4:3;4:4,x225_multisupport_confirmation,paired_train_seed,sealed_evaluation_only,Submit GPU jobs to gpumedium; do not use pilot/gpupilot.,1,400,-1,legacy_nominal_12N,A00_legacy,source_surface,5,2615,,,0.65,0.05
fsl_x225_schedule_a00_source5x5_s401_424_20260716_1136_n4-d4-dep4-md704-it729-x1p00-s402-rg0,source_delta_support_process_control,canonical,4,72,64,704,402,729,382205952,524288,16,2048,40,1,L,fsl-x225-schedule-a00-source5x5-s401-424-20260716-1136-n4-d4-dep4-md704-it729-x1p00-s402-rg0,4,4,x225_multisupport_delta_confirmation_source,4,382205952,524288,Fresh measured 5x5 source grid for the sealed x225 multi-support Delta confirmation. Target losses are evaluation-only.,controlled_model_dim_source_prefix_smalln_5x5,46858504.0,46858504.0,0.0,0.162821576719,25,x225_multisupport_full_5x5_collection,,1.305337,0,729,382205952,1.0,physical_full_5x5_collection,4:4,0:0;0:1;0:2;0:3;0:4;1:0;1:1;1:2;1:3;1:4;2:0;2:1;2:2;2:3;2:4;3:0;3:1;3:2;3:3;3:4;4:0;4:1;4:2;4:3;4:4,x225_multisupport_confirmation,paired_train_seed,sealed_evaluation_only,Submit GPU jobs to gpumedium; do not use pilot/gpupilot.,1,400,-1,legacy_nominal_12N,A00_legacy,source_surface,5,2615,,,0.65,0.05
fsl_x225_schedule_a00_source5x5_s401_424_20260716_1136_n0-d0-dep4-md128-it144-x1p00-s403-rg0,source_delta_support_process_control,canonical,4,72,64,128,403,144,75497472,524288,16,2048,40,1,L,fsl-x225-schedule-a00-source5x5-s401-424-20260716-1136-n0-d0-dep4-md128-it144-x1p00-s403-rg0,0,0,x225_multisupport_delta_confirmation_source,4,75497472,524288,Fresh measured 5x5 source grid for the sealed x225 multi-support Delta confirmation. Target losses are evaluation-only.,controlled_model_dim_source_prefix_smalln_5x5,4980784.0,4980784.0,0.0,0.162821576719,1,x225_multisupport_full_5x5_collection,,1.305337,4,144,75497472,1.0,physical_full_5x5_collection,0:0,0:0;0:1;0:2;0:3;0:4;1:0;1:1;1:2;1:3;1:4;2:0;2:1;2:2;2:3;2:4;3:0;3:1;3:2;3:3;3:4;4:0;4:1;4:2;4:3;4:4,x225_multisupport_confirmation,paired_train_seed,sealed_evaluation_only,Submit GPU jobs to gpumedium; do not use pilot/gpupilot.,2,400,-1,legacy_nominal_12N,A00_legacy,source_surface,5,2615,,,0.65,0.05
fsl_x225_schedule_a00_source5x5_s401_424_20260716_1136_n0-d1-dep4-md128-it216-x1p00-s403-rg0,source_delta_support_process_control,canonical,4,72,64,128,403,216,113246208,524288,16,2048,40,1,L,fsl-x225-schedule-a00-source5x5-s401-424-20260716-1136-n0-d1-dep4-md128-it216-x1p00-s403-rg0,0,1,x225_multisupport_delta_confirmation_source,4,113246208,524288,Fresh measured 5x5 source grid for the sealed x225 multi-support Delta confirmation. Target losses are evaluation-only.,controlled_model_dim_source_prefix_smalln_5x5,4980784.0,4980784.0,0.0,0.162821576719,2,x225_multisupport_full_5x5_collection,,1.305337,4,216,113246208,1.0,physical_full_5x5_collection,0:1,0:0;0:1;0:2;0:3;0:4;1:0;1:1;1:2;1:3;1:4;2:0;2:1;2:2;2:3;2:4;3:0;3:1;3:2;3:3;3:4;4:0;4:1;4:2;4:3;4:4,x225_multisupport_confirmation,paired_train_seed,sealed_evaluation_only,Submit GPU jobs to gpumedium; do not use pilot/gpupilot.,2,400,-1,legacy_nominal_12N,A00_legacy,source_surface,5,2615,,,0.65,0.05
fsl_x225_schedule_a00_source5x5_s401_424_20260716_1136_n0-d2-dep4-md128-it324-x1p00-s403-rg0,source_delta_support_process_control,canonical,4,72,64,128,403,324,169869312,524288,16,2048,40,1,L,fsl-x225-schedule-a00-source5x5-s401-424-20260716-1136-n0-d2-dep4-md128-it324-x1p00-s403-rg0,0,2,x225_multisupport_delta_confirmation_source,4,169869312,524288,Fresh measured 5x5 source grid for the sealed x225 multi-support Delta confirmation. Target losses are evaluation-only.,controlled_model_dim_source_prefix_smalln_5x5,4980784.0,4980784.0,0.0,0.162821576719,3,x225_multisupport_full_5x5_collection,,1.305337,4,324,169869312,1.0,physical_full_5x5_collection,0:2,0:0;0:1;0:2;0:3;0:4;1:0;1:1;1:2;1:3;1:4;2:0;2:1;2:2;2:3;2:4;3:0;3:1;3:2;3:3;3:4;4:0;4:1;4:2;4:3;4:4,x225_multisupport_confirmation,paired_train_seed,sealed_evaluation_only,Submit GPU jobs to gpumedium; do not use pilot/gpupilot.,2,400,-1,legacy_nominal_12N,A00_legacy,source_surface,5,2615,,,0.65,0.05
fsl_x225_schedule_a00_source5x5_s401_424_20260716_1136_n0-d3-dep4-md128-it486-x1p00-s403-rg0,source_delta_support_process_control,canonical,4,72,64,128,403,486,254803968,524288,16,2048,40,1,L,fsl-x225-schedule-a00-source5x5-s401-424-20260716-1136-n0-d3-dep4-md128-it486-x1p00-s403-rg0,0,3,x225_multisupport_delta_confirmation_source,4,254803968,524288,Fresh measured 5x5 source grid for the sealed x225 multi-support Delta confirmation. Target losses are evaluation-only.,controlled_model_dim_source_prefix_smalln_5x5,4980784.0,4980784.0,0.0,0.162821576719,4,x225_multisupport_full_5x5_collection,,1.305337,4,486,254803968,1.0,physical_full_5x5_collection,0:3,0:0;0:1;0:2;0:3;0:4;1:0;1:1;1:2;1:3;1:4;2:0;2:1;2:2;2:3;2:4;3:0;3:1;3:2;3:3;3:4;4:0;4:1;4:2;4:3;4:4,x225_multisupport_confirmation,paired_train_seed,sealed_evaluation_only,Submit GPU jobs to gpumedium; do not use pilot/gpupilot.,2,400,-1,legacy_nominal_12N,A00_legacy,source_surface,5,2615,,,0.65,0.05
fsl_x225_schedule_a00_source5x5_s401_424_20260716_1136_n0-d4-dep4-md128-it729-x1p00-s403-rg0,source_delta_support_process_control,canonical,4,72,64,128,403,729,382205952,524288,16,2048,40,1,L,fsl-x225-schedule-a00-source5x5-s401-424-20260716-1136-n0-d4-dep4-md128-it729-x1p00-s403-rg0,0,4,x225_multisupport_delta_confirmation_source,4,382205952,524288,Fresh measured 5x5 source grid for the sealed x225 multi-support Delta confirmation. Target losses are evaluation-only.,controlled_model_dim_source_prefix_smalln_5x5,4980784.0,4980784.0,0.0,0.162821576719,5,x225_multisupport_full_5x5_collection,,1.305337,4,729,382205952,1.0,physical_full_5x5_collection,0:4,0:0;0:1;0:2;0:3;0:4;1:0;1:1;1:2;1:3;1:4;2:0;2:1;2:2;2:3;2:4;3:0;3:1;3:2;3:3;3:4;4:0;4:1;4:2;4:3;4:4,x225_multisupport_confirmation,paired_train_seed,sealed_evaluation_only,Submit GPU jobs to gpumedium; do not use pilot/gpupilot.,2,400,-1,legacy_nominal_12N,A00_legacy,source_surface,5,2615,,,0.65,0.05
fsl_x225_schedule_a00_source5x5_s401_424_20260716_1136_n1-d0-dep4-md192-it144-x1p00-s403-rg0,source_delta_support_process_control,canonical,4,72,64,192,403,144,75497472,524288,16,2048,40,1,L,fsl-x225-schedule-a00-source5x5-s401-424-20260716-1136-n1-d0-dep4-md192-it144-x1p00-s403-rg0,1,0,x225_multisupport_delta_confirmation_source,4,75497472,524288,Fresh measured 5x5 source grid for the sealed x225 multi-support Delta confirmation. Target losses are evaluation-only.,controlled_model_dim_source_prefix_smalln_5x5,8061000.0,8061000.0,0.0,0.162821576719,6,x225_multisupport_full_5x5_collection,,1.305337,4,144,75497472,1.0,physical_full_5x5_collection,1:0,0:0;0:1;0:2;0:3;0:4;1:0;1:1;1:2;1:3;1:4;2:0;2:1;2:2;2:3;2:4;3:0;3:1;3:2;3:3;3:4;4:0;4:1;4:2;4:3;4:4,x225_multisupport_confirmation,paired_train_seed,sealed_evaluation_only,Submit GPU jobs to gpumedium; do not use pilot/gpupilot.,2,400,-1,legacy_nominal_12N,A00_legacy,source_surface,5,2615,,,0.65,0.05
fsl_x225_schedule_a00_source5x5_s401_424_20260716_1136_n1-d1-dep4-md192-it216-x1p00-s403-rg0,source_delta_support_process_control,canonical,4,72,64,192,403,216,113246208,524288,16,2048,40,1,L,fsl-x225-schedule-a00-source5x5-s401-424-20260716-1136-n1-d1-dep4-md192-it216-x1p00-s403-rg0,1,1,x225_multisupport_delta_confirmation_source,4,113246208,524288,Fresh measured 5x5 source grid for the sealed x225 multi-support Delta confirmation. Target losses are evaluation-only.,controlled_model_dim_source_prefix_smalln_5x5,8061000.0,8061000.0,0.0,0.162821576719,7,x225_multisupport_full_5x5_collection,,1.305337,4,216,113246208,1.0,physical_full_5x5_collection,1:1,0:0;0:1;0:2;0:3;0:4;1:0;1:1;1:2;1:3;1:4;2:0;2:1;2:2;2:3;2:4;3:0;3:1;3:2;3:3;3:4;4:0;4:1;4:2;4:3;4:4,x225_multisupport_confirmation,paired_train_seed,sealed_evaluation_only,Submit GPU jobs to gpumedium; do not use pilot/gpupilot.,2,400,-1,legacy_nominal_12N,A00_legacy,source_surface,5,2615,,,0.65,0.05
fsl_x225_schedule_a00_source5x5_s401_424_20260716_1136_n1-d2-dep4-md192-it324-x1p00-s403-rg0,source_delta_support_process_control,canonical,4,72,64,192,403,324,169869312,524288,16,2048,40,1,L,fsl-x225-schedule-a00-source5x5-s401-424-20260716-1136-n1-d2-dep4-md192-it324-x1p00-s403-rg0,1,2,x225_multisupport_delta_confirmation_source,4,169869312,524288,Fresh measured 5x5 source grid for the sealed x225 multi-support Delta confirmation. Target losses are evaluation-only.,controlled_model_dim_source_prefix_smalln_5x5,8061000.0,8061000.0,0.0,0.162821576719,8,x225_multisupport_full_5x5_collection,,1.305337,4,324,169869312,1.0,physical_full_5x5_collection,1:2,0:0;0:1;0:2;0:3;0:4;1:0;1:1;1:2;1:3;1:4;2:0;2:1;2:2;2:3;2:4;3:0;3:1;3:2;3:3;3:4;4:0;4:1;4:2;4:3;4:4,x225_multisupport_confirmation,paired_train_seed,sealed_evaluation_only,Submit GPU jobs to gpumedium; do not use pilot/gpupilot.,2,400,-1,legacy_nominal_12N,A00_legacy,source_surface,5,2615,,,0.65,0.05
fsl_x225_schedule_a00_source5x5_s401_424_20260716_1136_n1-d3-dep4-md192-it486-x1p00-s403-rg0,source_delta_support_process_control,canonical,4,72,64,192,403,486,254803968,524288,16,2048,40,1,L,fsl-x225-schedule-a00-source5x5-s401-424-20260716-1136-n1-d3-dep4-md192-it486-x1p00-s403-rg0,1,3,x225_multisupport_delta_confirmation_source,4,254803968,524288,Fresh measured 5x5 source grid for the sealed x225 multi-support Delta confirmation. Target losses are evaluation-only.,controlled_model_dim_source_prefix_smalln_5x5,8061000.0,8061000.0,0.0,0.162821576719,9,x225_multisupport_full_5x5_collection,,1.305337,4,486,254803968,1.0,physical_full_5x5_collection,1:3,0:0;0:1;0:2;0:3;0:4;1:0;1:1;1:2;1:3;1:4;2:0;2:1;2:2;2:3;2:4;3:0;3:1;3:2;3:3;3:4;4:0;4:1;4:2;4:3;4:4,x225_multisupport_confirmation,paired_train_seed,sealed_evaluation_only,Submit GPU jobs to gpumedium; do not use pilot/gpupilot.,2,400,-1,legacy_nominal_12N,A00_legacy,source_surface,5,2615,,,0.65,0.05
fsl_x225_schedule_a00_source5x5_s401_424_20260716_1136_n1-d4-dep4-md192-it729-x1p00-s403-rg0,source_delta_support_process_control,canonical,4,72,64,192,403,729,382205952,524288,16,2048,40,1,L,fsl-x225-schedule-a00-source5x5-s401-424-20260716-1136-n1-d4-dep4-md192-it729-x1p00-s403-rg0,1,4,x225_multisupport_delta_confirmation_source,4,382205952,524288,Fresh measured 5x5 source grid for the sealed x225 multi-support Delta confirmation. Target losses are evaluation-only.,controlled_model_dim_source_prefix_smalln_5x5,8061000.0,8061000.0,0.0,0.162821576719,10,x225_multisupport_full_5x5_collection,,1.305337,4,729,382205952,1.0,physical_full_5x5_collection,1:4,0:0;0:1;0:2;0:3;0:4;1:0;1:1;1:2;1:3;1:4;2:0;2:1;2:2;2:3;2:4;3:0;3:1;3:2;3:3;3:4;4:0;4:1;4:2;4:3;4:4,x225_multisupport_confirmation,paired_train_seed,sealed_evaluation_only,Submit GPU jobs to gpumedium; do not use pilot/gpupilot.,2,400,-1,legacy_nominal_12N,A00_legacy,source_surface,5,2615,,,0.65,0.05
fsl_x225_schedule_a00_source5x5_s401_424_20260716_1136_n2-d0-dep4-md320-it144-x1p00-s403-rg0,source_delta_support_process_control,canonical,4,72,64,320,403,144,75497472,524288,16,2048,40,1,L,fsl-x225-schedule-a00-source5x5-s401-424-20260716-1136-n2-d0-dep4-md320-it144-x1p00-s403-rg0,2,0,x225_multisupport_delta_confirmation_source,4,75497472,524288,Fresh measured 5x5 source grid for the sealed x225 multi-support Delta confirmation. Target losses are evaluation-only.,controlled_model_dim_source_prefix_smalln_5x5,15401080.0,15401080.0,0.0,0.162821576719,11,x225_multisupport_full_5x5_collection,,1.305337,4,144,75497472,1.0,physical_full_5x5_collection,2:0,0:0;0:1;0:2;0:3;0:4;1:0;1:1;1:2;1:3;1:4;2:0;2:1;2:2;2:3;2:4;3:0;3:1;3:2;3:3;3:4;4:0;4:1;4:2;4:3;4:4,x225_multisupport_confirmation,paired_train_seed,sealed_evaluation_only,Submit GPU jobs to gpumedium; do not use pilot/gpupilot.,2,400,-1,legacy_nominal_12N,A00_legacy,source_surface,5,2615,,,0.65,0.05
fsl_x225_schedule_a00_source5x5_s401_424_20260716_1136_n2-d1-dep4-md320-it216-x1p00-s403-rg0,source_delta_support_process_control,canonical,4,72,64,320,403,216,113246208,524288,16,2048,40,1,L,fsl-x225-schedule-a00-source5x5-s401-424-20260716-1136-n2-d1-dep4-md320-it216-x1p00-s403-rg0,2,1,x225_multisupport_delta_confirmation_source,4,113246208,524288,Fresh measured 5x5 source grid for the sealed x225 multi-support Delta confirmation. Target losses are evaluation-only.,controlled_model_dim_source_prefix_smalln_5x5,15401080.0,15401080.0,0.0,0.162821576719,12,x225_multisupport_full_5x5_collection,,1.305337,4,216,113246208,1.0,physical_full_5x5_collection,2:1,0:0;0:1;0:2;0:3;0:4;1:0;1:1;1:2;1:3;1:4;2:0;2:1;2:2;2:3;2:4;3:0;3:1;3:2;3:3;3:4;4:0;4:1;4:2;4:3;4:4,x225_multisupport_confirmation,paired_train_seed,sealed_evaluation_only,Submit GPU jobs to gpumedium; do not use pilot/gpupilot.,2,400,-1,legacy_nominal_12N,A00_legacy,source_surface,5,2615,,,0.65,0.05
fsl_x225_schedule_a00_source5x5_s401_424_20260716_1136_n2-d2-dep4-md320-it324-x1p00-s403-rg0,source_delta_support_process_control,canonical,4,72,64,320,403,324,169869312,524288,16,2048,40,1,L,fsl-x225-schedule-a00-source5x5-s401-424-20260716-1136-n2-d2-dep4-md320-it324-x1p00-s403-rg0,2,2,x225_multisupport_delta_confirmation_source,4,169869312,524288,Fresh measured 5x5 source grid for the sealed x225 multi-support Delta confirmation. Target losses are evaluation-only.,controlled_model_dim_source_prefix_smalln_5x5,15401080.0,15401080.0,0.0,0.162821576719,13,x225_multisupport_full_5x5_collection,,1.305337,4,324,169869312,1.0,physical_full_5x5_collection,2:2,0:0;0:1;0:2;0:3;0:4;1:0;1:1;1:2;1:3;1:4;2:0;2:1;2:2;2:3;2:4;3:0;3:1;3:2;3:3;3:4;4:0;4:1;4:2;4:3;4:4,x225_multisupport_confirmation,paired_train_seed,sealed_evaluation_only,Submit GPU jobs to gpumedium; do not use pilot/gpupilot.,2,400,-1,legacy_nominal_12N,A00_legacy,source_surface,5,2615,,,0.65,0.05
fsl_x225_schedule_a00_source5x5_s401_424_20260716_1136_n2-d3-dep4-md320-it486-x1p00-s403-rg0,source_delta_support_process_control,canonical,4,72,64,320,403,486,254803968,524288,16,2048,40,1,L,fsl-x225-schedule-a00-source5x5-s401-424-20260716-1136-n2-d3-dep4-md320-it486-x1p00-s403-rg0,2,3,x225_multisupport_delta_confirmation_source,4,254803968,524288,Fresh measured 5x5 source grid for the sealed x225 multi-support Delta confirmation. Target losses are evaluation-only.,controlled_model_dim_source_prefix_smalln_5x5,15401080.0,15401080.0,0.0,0.162821576719,14,x225_multisupport_full_5x5_collection,,1.305337,4,486,254803968,1.0,physical_full_5x5_collection,2:3,0:0;0:1;0:2;0:3;0:4;1:0;1:1;1:2;1:3;1:4;2:0;2:1;2:2;2:3;2:4;3:0;3:1;3:2;3:3;3:4;4:0;4:1;4:2;4:3;4:4,x225_multisupport_confirmation,paired_train_seed,sealed_evaluation_only,Submit GPU jobs to gpumedium; do not use pilot/gpupilot.,2,400,-1,legacy_nominal_12N,A00_legacy,source_surface,5,2615,,,0.65,0.05
fsl_x225_schedule_a00_source5x5_s401_424_20260716_1136_n2-d4-dep4-md320-it729-x1p00-s403-rg0,source_delta_support_process_control,canonical,4,72,64,320,403,729,382205952,524288,16,2048,40,1,L,fsl-x225-schedule-a00-source5x5-s401-424-20260716-1136-n2-d4-dep4-md320-it729-x1p00-s403-rg0,2,4,x225_multisupport_delta_confirmation_source,4,382205952,524288,Fresh measured 5x5 source grid for the sealed x225 multi-support Delta confirmation. Target losses are evaluation-only.,controlled_model_dim_source_prefix_smalln_5x5,15401080.0,15401080.0,0.0,0.162821576719,15,x225_multisupport_full_5x5_collection,,1.305337,4,729,382205952,1.0,physical_full_5x5_collection,2:4,0:0;0:1;0:2;0:3;0:4;1:0;1:1;1:2;1:3;1:4;2:0;2:1;2:2;2:3;2:4;3:0;3:1;3:2;3:3;3:4;4:0;4:1;4:2;4:3;4:4,x225_multisupport_confirmation,paired_train_seed,sealed_evaluation_only,Submit GPU jobs to gpumedium; do not use pilot/gpupilot.,2,400,-1,legacy_nominal_12N,A00_legacy,source_surface,5,2615,,,0.65,0.05
fsl_x225_schedule_a00_source5x5_s401_424_20260716_1136_n3-d0-dep4-md512-it144-x1p00-s403-rg0,source_delta_support_process_control,canonical,4,72,64,512,403,144,75497472,524288,16,2048,40,1,L,fsl-x225-schedule-a00-source5x5-s401-424-20260716-1136-n3-d0-dep4-md512-it144-x1p00-s403-rg0,3,0,x225_multisupport_delta_confirmation_source,4,75497472,524288,Fresh measured 5x5 source grid for the sealed x225 multi-support Delta confirmation. Target losses are evaluation-only.,controlled_model_dim_source_prefix_smalln_5x5,29360320.0,29360320.0,0.0,0.162821576719,16,x225_multisupport_full_5x5_collection,,1.305337,4,144,75497472,1.0,physical_full_5x5_collection,3:0,0:0;0:1;0:2;0:3;0:4;1:0;1:1;1:2;1:3;1:4;2:0;2:1;2:2;2:3;2:4;3:0;3:1;3:2;3:3;3:4;4:0;4:1;4:2;4:3;4:4,x225_multisupport_confirmation,paired_train_seed,sealed_evaluation_only,Submit GPU jobs to gpumedium; do not use pilot/gpupilot.,2,400,-1,legacy_nominal_12N,A00_legacy,source_surface,5,2615,,,0.65,0.05
fsl_x225_schedule_a00_source5x5_s401_424_20260716_1136_n3-d1-dep4-md512-it216-x1p00-s403-rg0,source_delta_support_process_control,canonical,4,72,64,512,403,216,113246208,524288,16,2048,40,1,L,fsl-x225-schedule-a00-source5x5-s401-424-20260716-1136-n3-d1-dep4-md512-it216-x1p00-s403-rg0,3,1,x225_multisupport_delta_confirmation_source,4,113246208,524288,Fresh measured 5x5 source grid for the sealed x225 multi-support Delta confirmation. Target losses are evaluation-only.,controlled_model_dim_source_prefix_smalln_5x5,29360320.0,29360320.0,0.0,0.162821576719,17,x225_multisupport_full_5x5_collection,,1.305337,4,216,113246208,1.0,physical_full_5x5_collection,3:1,0:0;0:1;0:2;0:3;0:4;1:0;1:1;1:2;1:3;1:4;2:0;2:1;2:2;2:3;2:4;3:0;3:1;3:2;3:3;3:4;4:0;4:1;4:2;4:3;4:4,x225_multisupport_confirmation,paired_train_seed,sealed_evaluation_only,Submit GPU jobs to gpumedium; do not use pilot/gpupilot.,2,400,-1,legacy_nominal_12N,A00_legacy,source_surface,5,2615,,,0.65,0.05
fsl_x225_schedule_a00_source5x5_s401_424_20260716_1136_n3-d2-dep4-md512-it324-x1p00-s403-rg0,source_delta_support_process_control,canonical,4,72,64,512,403,324,169869312,524288,16,2048,40,1,L,fsl-x225-schedule-a00-source5x5-s401-424-20260716-1136-n3-d2-dep4-md512-it324-x1p00-s403-rg0,3,2,x225_multisupport_delta_confirmation_source,4,169869312,524288,Fresh measured 5x5 source grid for the sealed x225 multi-support Delta confirmation. Target losses are evaluation-only.,controlled_model_dim_source_prefix_smalln_5x5,29360320.0,29360320.0,0.0,0.162821576719,18,x225_multisupport_full_5x5_collection,,1.305337,4,324,169869312,1.0,physical_full_5x5_collection,3:2,0:0;0:1;0:2;0:3;0:4;1:0;1:1;1:2;1:3;1:4;2:0;2:1;2:2;2:3;2:4;3:0;3:1;3:2;3:3;3:4;4:0;4:1;4:2;4:3;4:4,x225_multisupport_confirmation,paired_train_seed,sealed_evaluation_only,Submit GPU jobs to gpumedium; do not use pilot/gpupilot.,2,400,-1,legacy_nominal_12N,A00_legacy,source_surface,5,2615,,,0.65,0.05
fsl_x225_schedule_a00_source5x5_s401_424_20260716_1136_n3-d3-dep4-md512-it486-x1p00-s403-rg0,source_delta_support_process_control,canonical,4,72,64,512,403,486,254803968,524288,16,2048,40,1,L,fsl-x225-schedule-a00-source5x5-s401-424-20260716-1136-n3-d3-dep4-md512-it486-x1p00-s403-rg0,3,3,x225_multisupport_delta_confirmation_source,4,254803968,524288,Fresh measured 5x5 source grid for the sealed x225 multi-support Delta confirmation. Target losses are evaluation-only.,controlled_model_dim_source_prefix_smalln_5x5,29360320.0,29360320.0,0.0,0.162821576719,19,x225_multisupport_full_5x5_collection,,1.305337,4,486,254803968,1.0,physical_full_5x5_collection,3:3,0:0;0:1;0:2;0:3;0:4;1:0;1:1;1:2;1:3;1:4;2:0;2:1;2:2;2:3;2:4;3:0;3:1;3:2;3:3;3:4;4:0;4:1;4:2;4:3;4:4,x225_multisupport_confirmation,paired_train_seed,sealed_evaluation_only,Submit GPU jobs to gpumedium; do not use pilot/gpupilot.,2,400,-1,legacy_nominal_12N,A00_legacy,source_surface,5,2615,,,0.65,0.05
fsl_x225_schedule_a00_source5x5_s401_424_20260716_1136_n3-d4-dep4-md512-it729-x1p00-s403-rg0,source_delta_support_process_control,canonical,4,72,64,512,403,729,382205952,524288,16,2048,40,1,L,fsl-x225-schedule-a00-source5x5-s401-424-20260716-1136-n3-d4-dep4-md512-it729-x1p00-s403-rg0,3,4,x225_multisupport_delta_confirmation_source,4,382205952,524288,Fresh measured 5x5 source grid for the sealed x225 multi-support Delta confirmation. Target losses are evaluation-only.,controlled_model_dim_source_prefix_smalln_5x5,29360320.0,29360320.0,0.0,0.162821576719,20,x225_multisupport_full_5x5_collection,,1.305337,4,729,382205952,1.0,physical_full_5x5_collection,3:4,0:0;0:1;0:2;0:3;0:4;1:0;1:1;1:2;1:3;1:4;2:0;2:1;2:2;2:3;2:4;3:0;3:1;3:2;3:3;3:4;4:0;4:1;4:2;4:3;4:4,x225_multisupport_confirmation,paired_train_seed,sealed_evaluation_only,Submit GPU jobs to gpumedium; do not use pilot/gpupilot.,2,400,-1,legacy_nominal_12N,A00_legacy,source_surface,5,2615,,,0.65,0.05
fsl_x225_schedule_a00_source5x5_s401_424_20260716_1136_n4-d0-dep4-md704-it144-x1p00-s403-rg0,source_delta_support_process_control,canonical,4,72,64,704,403,144,75497472,524288,16,2048,40,1,L,fsl-x225-schedule-a00-source5x5-s401-424-20260716-1136-n4-d0-dep4-md704-it144-x1p00-s403-rg0,4,0,x225_multisupport_delta_confirmation_source,4,75497472,524288,Fresh measured 5x5 source grid for the sealed x225 multi-support Delta confirmation. Target losses are evaluation-only.,controlled_model_dim_source_prefix_smalln_5x5,46858504.0,46858504.0,0.0,0.162821576719,21,x225_multisupport_full_5x5_collection,,1.305337,4,144,75497472,1.0,physical_full_5x5_collection,4:0,0:0;0:1;0:2;0:3;0:4;1:0;1:1;1:2;1:3;1:4;2:0;2:1;2:2;2:3;2:4;3:0;3:1;3:2;3:3;3:4;4:0;4:1;4:2;4:3;4:4,x225_multisupport_confirmation,paired_train_seed,sealed_evaluation_only,Submit GPU jobs to gpumedium; do not use pilot/gpupilot.,2,400,-1,legacy_nominal_12N,A00_legacy,source_surface,5,2615,,,0.65,0.05
fsl_x225_schedule_a00_source5x5_s401_424_20260716_1136_n4-d1-dep4-md704-it216-x1p00-s403-rg0,source_delta_support_process_control,canonical,4,72,64,704,403,216,113246208,524288,16,2048,40,1,L,fsl-x225-schedule-a00-source5x5-s401-424-20260716-1136-n4-d1-dep4-md704-it216-x1p00-s403-rg0,4,1,x225_multisupport_delta_confirmation_source,4,113246208,524288,Fresh measured 5x5 source grid for the sealed x225 multi-support Delta confirmation. Target losses are evaluation-only.,controlled_model_dim_source_prefix_smalln_5x5,46858504.0,46858504.0,0.0,0.162821576719,22,x225_multisupport_full_5x5_collection,,1.305337,4,216,113246208,1.0,physical_full_5x5_collection,4:1,0:0;0:1;0:2;0:3;0:4;1:0;1:1;1:2;1:3;1:4;2:0;2:1;2:2;2:3;2:4;3:0;3:1;3:2;3:3;3:4;4:0;4:1;4:2;4:3;4:4,x225_multisupport_confirmation,paired_train_seed,sealed_evaluation_only,Submit GPU jobs to gpumedium; do not use pilot/gpupilot.,2,400,-1,legacy_nominal_12N,A00_legacy,source_surface,5,2615,,,0.65,0.05
fsl_x225_schedule_a00_source5x5_s401_424_20260716_1136_n4-d2-dep4-md704-it324-x1p00-s403-rg0,source_delta_support_process_control,canonical,4,72,64,704,403,324,169869312,524288,16,2048,40,1,L,fsl-x225-schedule-a00-source5x5-s401-424-20260716-1136-n4-d2-dep4-md704-it324-x1p00-s403-rg0,4,2,x225_multisupport_delta_confirmation_source,4,169869312,524288,Fresh measured 5x5 source grid for the sealed x225 multi-support Delta confirmation. Target losses are evaluation-only.,controlled_model_dim_source_prefix_smalln_5x5,46858504.0,46858504.0,0.0,0.162821576719,23,x225_multisupport_full_5x5_collection,,1.305337,4,324,169869312,1.0,physical_full_5x5_collection,4:2,0:0;0:1;0:2;0:3;0:4;1:0;1:1;1:2;1:3;1:4;2:0;2:1;2:2;2:3;2:4;3:0;3:1;3:2;3:3;3:4;4:0;4:1;4:2;4:3;4:4,x225_multisupport_confirmation,paired_train_seed,sealed_evaluation_only,Submit GPU jobs to gpumedium; do not use pilot/gpupilot.,2,400,-1,legacy_nominal_12N,A00_legacy,source_surface,5,2615,,,0.65,0.05
fsl_x225_schedule_a00_source5x5_s401_424_20260716_1136_n4-d3-dep4-md704-it486-x1p00-s403-rg0,source_delta_support_process_control,canonical,4,72,64,704,403,486,254803968,524288,16,2048,40,1,L,fsl-x225-schedule-a00-source5x5-s401-424-20260716-1136-n4-d3-dep4-md704-it486-x1p00-s403-rg0,4,3,x225_multisupport_delta_confirmation_source,4,254803968,524288,Fresh measured 5x5 source grid for the sealed x225 multi-support Delta confirmation. Target losses are evaluation-only.,controlled_model_dim_source_prefix_smalln_5x5,46858504.0,46858504.0,0.0,0.162821576719,24,x225_multisupport_full_5x5_collection,,1.305337,4,486,254803968,1.0,physical_full_5x5_collection,4:3,0:0;0:1;0:2;0:3;0:4;1:0;1:1;1:2;1:3;1:4;2:0;2:1;2:2;2:3;2:4;3:0;3:1;3:2;3:3;3:4;4:0;4:1;4:2;4:3;4:4,x225_multisupport_confirmation,paired_train_seed,sealed_evaluation_only,Submit GPU jobs to gpumedium; do not use pilot/gpupilot.,2,400,-1,legacy_nominal_12N,A00_legacy,source_surface,5,2615,,,0.65,0.05
fsl_x225_schedule_a00_source5x5_s401_424_20260716_1136_n4-d4-dep4-md704-it729-x1p00-s403-rg0,source_delta_support_process_control,canonical,4,72,64,704,403,729,382205952,524288,16,2048,40,1,L,fsl-x225-schedule-a00-source5x5-s401-424-20260716-1136-n4-d4-dep4-md704-it729-x1p00-s403-rg0,4,4,x225_multisupport_delta_confirmation_source,4,382205952,524288,Fresh measured 5x5 source grid for the sealed x225 multi-support Delta confirmation. Target losses are evaluation-only.,controlled_model_dim_source_prefix_smalln_5x5,46858504.0,46858504.0,0.0,0.162821576719,25,x225_multisupport_full_5x5_collection,,1.305337,4,729,382205952,1.0,physical_full_5x5_collection,4:4,0:0;0:1;0:2;0:3;0:4;1:0;1:1;1:2;1:3;1:4;2:0;2:1;2:2;2:3;2:4;3:0;3:1;3:2;3:3;3:4;4:0;4:1;4:2;4:3;4:4,x225_multisupport_confirmation,paired_train_seed,sealed_evaluation_only,Submit GPU jobs to gpumedium; do not use pilot/gpupilot.,2,400,-1,legacy_nominal_12N,A00_legacy,source_surface,5,2615,,,0.65,0.05
fsl_x225_schedule_a00_source5x5_s401_424_20260716_1136_n0-d0-dep4-md128-it144-x1p00-s404-rg0,source_delta_support_process_control,canonical,4,72,64,128,404,144,75497472,524288,16,2048,40,1,L,fsl-x225-schedule-a00-source5x5-s401-424-20260716-1136-n0-d0-dep4-md128-it144-x1p00-s404-rg0,0,0,x225_multisupport_delta_confirmation_source,4,75497472,524288,Fresh measured 5x5 source grid for the sealed x225 multi-support Delta confirmation. Target losses are evaluation-only.,controlled_model_dim_source_prefix_smalln_5x5,4980784.0,4980784.0,0.0,0.162821576719,1,x225_multisupport_full_5x5_collection,,1.305337,4,144,75497472,1.0,physical_full_5x5_collection,0:0,0:0;0:1;0:2;0:3;0:4;1:0;1:1;1:2;1:3;1:4;2:0;2:1;2:2;2:3;2:4;3:0;3:1;3:2;3:3;3:4;4:0;4:1;4:2;4:3;4:4,x225_multisupport_confirmation,paired_train_seed,sealed_evaluation_only,Submit GPU jobs to gpumedium; do not use pilot/gpupilot.,2,400,-1,legacy_nominal_12N,A00_legacy,source_surface,5,2615,,,0.65,0.05
fsl_x225_schedule_a00_source5x5_s401_424_20260716_1136_n0-d1-dep4-md128-it216-x1p00-s404-rg0,source_delta_support_process_control,canonical,4,72,64,128,404,216,113246208,524288,16,2048,40,1,L,fsl-x225-schedule-a00-source5x5-s401-424-20260716-1136-n0-d1-dep4-md128-it216-x1p00-s404-rg0,0,1,x225_multisupport_delta_confirmation_source,4,113246208,524288,Fresh measured 5x5 source grid for the sealed x225 multi-support Delta confirmation. Target losses are evaluation-only.,controlled_model_dim_source_prefix_smalln_5x5,4980784.0,4980784.0,0.0,0.162821576719,2,x225_multisupport_full_5x5_collection,,1.305337,4,216,113246208,1.0,physical_full_5x5_collection,0:1,0:0;0:1;0:2;0:3;0:4;1:0;1:1;1:2;1:3;1:4;2:0;2:1;2:2;2:3;2:4;3:0;3:1;3:2;3:3;3:4;4:0;4:1;4:2;4:3;4:4,x225_multisupport_confirmation,paired_train_seed,sealed_evaluation_only,Submit GPU jobs to gpumedium; do not use pilot/gpupilot.,2,400,-1,legacy_nominal_12N,A00_legacy,source_surface,5,2615,,,0.65,0.05
fsl_x225_schedule_a00_source5x5_s401_424_20260716_1136_n0-d2-dep4-md128-it324-x1p00-s404-rg0,source_delta_support_process_control,canonical,4,72,64,128,404,324,169869312,524288,16,2048,40,1,L,fsl-x225-schedule-a00-source5x5-s401-424-20260716-1136-n0-d2-dep4-md128-it324-x1p00-s404-rg0,0,2,x225_multisupport_delta_confirmation_source,4,169869312,524288,Fresh measured 5x5 source grid for the sealed x225 multi-support Delta confirmation. Target losses are evaluation-only.,controlled_model_dim_source_prefix_smalln_5x5,4980784.0,4980784.0,0.0,0.162821576719,3,x225_multisupport_full_5x5_collection,,1.305337,4,324,169869312,1.0,physical_full_5x5_collection,0:2,0:0;0:1;0:2;0:3;0:4;1:0;1:1;1:2;1:3;1:4;2:0;2:1;2:2;2:3;2:4;3:0;3:1;3:2;3:3;3:4;4:0;4:1;4:2;4:3;4:4,x225_multisupport_confirmation,paired_train_seed,sealed_evaluation_only,Submit GPU jobs to gpumedium; do not use pilot/gpupilot.,2,400,-1,legacy_nominal_12N,A00_legacy,source_surface,5,2615,,,0.65,0.05
fsl_x225_schedule_a00_source5x5_s401_424_20260716_1136_n0-d3-dep4-md128-it486-x1p00-s404-rg0,source_delta_support_process_control,canonical,4,72,64,128,404,486,254803968,524288,16,2048,40,1,L,fsl-x225-schedule-a00-source5x5-s401-424-20260716-1136-n0-d3-dep4-md128-it486-x1p00-s404-rg0,0,3,x225_multisupport_delta_confirmation_source,4,254803968,524288,Fresh measured 5x5 source grid for the sealed x225 multi-support Delta confirmation. Target losses are evaluation-only.,controlled_model_dim_source_prefix_smalln_5x5,4980784.0,4980784.0,0.0,0.162821576719,4,x225_multisupport_full_5x5_collection,,1.305337,4,486,254803968,1.0,physical_full_5x5_collection,0:3,0:0;0:1;0:2;0:3;0:4;1:0;1:1;1:2;1:3;1:4;2:0;2:1;2:2;2:3;2:4;3:0;3:1;3:2;3:3;3:4;4:0;4:1;4:2;4:3;4:4,x225_multisupport_confirmation,paired_train_seed,sealed_evaluation_only,Submit GPU jobs to gpumedium; do not use pilot/gpupilot.,2,400,-1,legacy_nominal_12N,A00_legacy,source_surface,5,2615,,,0.65,0.05
fsl_x225_schedule_a00_source5x5_s401_424_20260716_1136_n0-d4-dep4-md128-it729-x1p00-s404-rg0,source_delta_support_process_control,canonical,4,72,64,128,404,729,382205952,524288,16,2048,40,1,L,fsl-x225-schedule-a00-source5x5-s401-424-20260716-1136-n0-d4-dep4-md128-it729-x1p00-s404-rg0,0,4,x225_multisupport_delta_confirmation_source,4,382205952,524288,Fresh measured 5x5 source grid for the sealed x225 multi-support Delta confirmation. Target losses are evaluation-only.,controlled_model_dim_source_prefix_smalln_5x5,4980784.0,4980784.0,0.0,0.162821576719,5,x225_multisupport_full_5x5_collection,,1.305337,4,729,382205952,1.0,physical_full_5x5_collection,0:4,0:0;0:1;0:2;0:3;0:4;1:0;1:1;1:2;1:3;1:4;2:0;2:1;2:2;2:3;2:4;3:0;3:1;3:2;3:3;3:4;4:0;4:1;4:2;4:3;4:4,x225_multisupport_confirmation,paired_train_seed,sealed_evaluation_only,Submit GPU jobs to gpumedium; do not use pilot/gpupilot.,2,400,-1,legacy_nominal_12N,A00_legacy,source_surface,5,2615,,,0.65,0.05
fsl_x225_schedule_a00_source5x5_s401_424_20260716_1136_n1-d0-dep4-md192-it144-x1p00-s404-rg0,source_delta_support_process_control,canonical,4,72,64,192,404,144,75497472,524288,16,2048,40,1,L,fsl-x225-schedule-a00-source5x5-s401-424-20260716-1136-n1-d0-dep4-md192-it144-x1p00-s404-rg0,1,0,x225_multisupport_delta_confirmation_source,4,75497472,524288,Fresh measured 5x5 source grid for the sealed x225 multi-support Delta confirmation. Target losses are evaluation-only.,controlled_model_dim_source_prefix_smalln_5x5,8061000.0,8061000.0,0.0,0.162821576719,6,x225_multisupport_full_5x5_collection,,1.305337,4,144,75497472,1.0,physical_full_5x5_collection,1:0,0:0;0:1;0:2;0:3;0:4;1:0;1:1;1:2;1:3;1:4;2:0;2:1;2:2;2:3;2:4;3:0;3:1;3:2;3:3;3:4;4:0;4:1;4:2;4:3;4:4,x225_multisupport_confirmation,paired_train_seed,sealed_evaluation_only,Submit GPU jobs to gpumedium; do not use pilot/gpupilot.,2,400,-1,legacy_nominal_12N,A00_legacy,source_surface,5,2615,,,0.65,0.05
fsl_x225_schedule_a00_source5x5_s401_424_20260716_1136_n1-d1-dep4-md192-it216-x1p00-s404-rg0,source_delta_support_process_control,canonical,4,72,64,192,404,216,113246208,524288,16,2048,40,1,L,fsl-x225-schedule-a00-source5x5-s401-424-20260716-1136-n1-d1-dep4-md192-it216-x1p00-s404-rg0,1,1,x225_multisupport_delta_confirmation_source,4,113246208,524288,Fresh measured 5x5 source grid for the sealed x225 multi-support Delta confirmation. Target losses are evaluation-only.,controlled_model_dim_source_prefix_smalln_5x5,8061000.0,8061000.0,0.0,0.162821576719,7,x225_multisupport_full_5x5_collection,,1.305337,4,216,113246208,1.0,physical_full_5x5_collection,1:1,0:0;0:1;0:2;0:3;0:4;1:0;1:1;1:2;1:3;1:4;2:0;2:1;2:2;2:3;2:4;3:0;3:1;3:2;3:3;3:4;4:0;4:1;4:2;4:3;4:4,x225_multisupport_confirmation,paired_train_seed,sealed_evaluation_only,Submit GPU jobs to gpumedium; do not use pilot/gpupilot.,2,400,-1,legacy_nominal_12N,A00_legacy,source_surface,5,2615,,,0.65,0.05
fsl_x225_schedule_a00_source5x5_s401_424_20260716_1136_n1-d2-dep4-md192-it324-x1p00-s404-rg0,source_delta_support_process_control,canonical,4,72,64,192,404,324,169869312,524288,16,2048,40,1,L,fsl-x225-schedule-a00-source5x5-s401-424-20260716-1136-n1-d2-dep4-md192-it324-x1p00-s404-rg0,1,2,x225_multisupport_delta_confirmation_source,4,169869312,524288,Fresh measured 5x5 source grid for the sealed x225 multi-support Delta confirmation. Target losses are evaluation-only.,controlled_model_dim_source_prefix_smalln_5x5,8061000.0,8061000.0,0.0,0.162821576719,8,x225_multisupport_full_5x5_collection,,1.305337,4,324,169869312,1.0,physical_full_5x5_collection,1:2,0:0;0:1;0:2;0:3;0:4;1:0;1:1;1:2;1:3;1:4;2:0;2:1;2:2;2:3;2:4;3:0;3:1;3:2;3:3;3:4;4:0;4:1;4:2;4:3;4:4,x225_multisupport_confirmation,paired_train_seed,sealed_evaluation_only,Submit GPU jobs to gpumedium; do not use pilot/gpupilot.,2,400,-1,legacy_nominal_12N,A00_legacy,source_surface,5,2615,,,0.65,0.05
fsl_x225_schedule_a00_source5x5_s401_424_20260716_1136_n1-d3-dep4-md192-it486-x1p00-s404-rg0,source_delta_support_process_control,canonical,4,72,64,192,404,486,254803968,524288,16,2048,40,1,L,fsl-x225-schedule-a00-source5x5-s401-424-20260716-1136-n1-d3-dep4-md192-it486-x1p00-s404-rg0,1,3,x225_multisupport_delta_confirmation_source,4,254803968,524288,Fresh measured 5x5 source grid for the sealed x225 multi-support Delta confirmation. Target losses are evaluation-only.,controlled_model_dim_source_prefix_smalln_5x5,8061000.0,8061000.0,0.0,0.162821576719,9,x225_multisupport_full_5x5_collection,,1.305337,4,486,254803968,1.0,physical_full_5x5_collection,1:3,0:0;0:1;0:2;0:3;0:4;1:0;1:1;1:2;1:3;1:4;2:0;2:1;2:2;2:3;2:4;3:0;3:1;3:2;3:3;3:4;4:0;4:1;4:2;4:3;4:4,x225_multisupport_confirmation,paired_train_seed,sealed_evaluation_only,Submit GPU jobs to gpumedium; do not use pilot/gpupilot.,2,400,-1,legacy_nominal_12N,A00_legacy,source_surface,5,2615,,,0.65,0.05
fsl_x225_schedule_a00_source5x5_s401_424_20260716_1136_n1-d4-dep4-md192-it729-x1p00-s404-rg0,source_delta_support_process_control,canonical,4,72,64,192,404,729,382205952,524288,16,2048,40,1,L,fsl-x225-schedule-a00-source5x5-s401-424-20260716-1136-n1-d4-dep4-md192-it729-x1p00-s404-rg0,1,4,x225_multisupport_delta_confirmation_source,4,382205952,524288,Fresh measured 5x5 source grid for the sealed x225 multi-support Delta confirmation. Target losses are evaluation-only.,controlled_model_dim_source_prefix_smalln_5x5,8061000.0,8061000.0,0.0,0.162821576719,10,x225_multisupport_full_5x5_collection,,1.305337,4,729,382205952,1.0,physical_full_5x5_collection,1:4,0:0;0:1;0:2;0:3;0:4;1:0;1:1;1:2;1:3;1:4;2:0;2:1;2:2;2:3;2:4;3:0;3:1;3:2;3:3;3:4;4:0;4:1;4:2;4:3;4:4,x225_multisupport_confirmation,paired_train_seed,sealed_evaluation_only,Submit GPU jobs to gpumedium; do not use pilot/gpupilot.,2,400,-1,legacy_nominal_12N,A00_legacy,source_surface,5,2615,,,0.65,0.05
fsl_x225_schedule_a00_source5x5_s401_424_20260716_1136_n2-d0-dep4-md320-it144-x1p00-s404-rg0,source_delta_support_process_control,canonical,4,72,64,320,404,144,75497472,524288,16,2048,40,1,L,fsl-x225-schedule-a00-source5x5-s401-424-20260716-1136-n2-d0-dep4-md320-it144-x1p00-s404-rg0,2,0,x225_multisupport_delta_confirmation_source,4,75497472,524288,Fresh measured 5x5 source grid for the sealed x225 multi-support Delta confirmation. Target losses are evaluation-only.,controlled_model_dim_source_prefix_smalln_5x5,15401080.0,15401080.0,0.0,0.162821576719,11,x225_multisupport_full_5x5_collection,,1.305337,4,144,75497472,1.0,physical_full_5x5_collection,2:0,0:0;0:1;0:2;0:3;0:4;1:0;1:1;1:2;1:3;1:4;2:0;2:1;2:2;2:3;2:4;3:0;3:1;3:2;3:3;3:4;4:0;4:1;4:2;4:3;4:4,x225_multisupport_confirmation,paired_train_seed,sealed_evaluation_only,Submit GPU jobs to gpumedium; do not use pilot/gpupilot.,2,400,-1,legacy_nominal_12N,A00_legacy,source_surface,5,2615,,,0.65,0.05
fsl_x225_schedule_a00_source5x5_s401_424_20260716_1136_n2-d1-dep4-md320-it216-x1p00-s404-rg0,source_delta_support_process_control,canonical,4,72,64,320,404,216,113246208,524288,16,2048,40,1,L,fsl-x225-schedule-a00-source5x5-s401-424-20260716-1136-n2-d1-dep4-md320-it216-x1p00-s404-rg0,2,1,x225_multisupport_delta_confirmation_source,4,113246208,524288,Fresh measured 5x5 source grid for the sealed x225 multi-support Delta confirmation. Target losses are evaluation-only.,controlled_model_dim_source_prefix_smalln_5x5,15401080.0,15401080.0,0.0,0.162821576719,12,x225_multisupport_full_5x5_collection,,1.305337,4,216,113246208,1.0,physical_full_5x5_collection,2:1,0:0;0:1;0:2;0:3;0:4;1:0;1:1;1:2;1:3;1:4;2:0;2:1;2:2;2:3;2:4;3:0;3:1;3:2;3:3;3:4;4:0;4:1;4:2;4:3;4:4,x225_multisupport_confirmation,paired_train_seed,sealed_evaluation_only,Submit GPU jobs to gpumedium; do not use pilot/gpupilot.,2,400,-1,legacy_nominal_12N,A00_legacy,source_surface,5,2615,,,0.65,0.05
fsl_x225_schedule_a00_source5x5_s401_424_20260716_1136_n2-d2-dep4-md320-it324-x1p00-s404-rg0,source_delta_support_process_control,canonical,4,72,64,320,404,324,169869312,524288,16,2048,40,1,L,fsl-x225-schedule-a00-source5x5-s401-424-20260716-1136-n2-d2-dep4-md320-it324-x1p00-s404-rg0,2,2,x225_multisupport_delta_confirmation_source,4,169869312,524288,Fresh measured 5x5 source grid for the sealed x225 multi-support Delta confirmation. Target losses are evaluation-only.,controlled_model_dim_source_prefix_smalln_5x5,15401080.0,15401080.0,0.0,0.162821576719,13,x225_multisupport_full_5x5_collection,,1.305337,4,324,169869312,1.0,physical_full_5x5_collection,2:2,0:0;0:1;0:2;0:3;0:4;1:0;1:1;1:2;1:3;1:4;2:0;2:1;2:2;2:3;2:4;3:0;3:1;3:2;3:3;3:4;4:0;4:1;4:2;4:3;4:4,x225_multisupport_confirmation,paired_train_seed,sealed_evaluation_only,Submit GPU jobs to gpumedium; do not use pilot/gpupilot.,2,400,-1,legacy_nominal_12N,A00_legacy,source_surface,5,2615,,,0.65,0.05
fsl_x225_schedule_a00_source5x5_s401_424_20260716_1136_n2-d3-dep4-md320-it486-x1p00-s404-rg0,source_delta_support_process_control,canonical,4,72,64,320,404,486,254803968,524288,16,2048,40,1,L,fsl-x225-schedule-a00-source5x5-s401-424-20260716-1136-n2-d3-dep4-md320-it486-x1p00-s404-rg0,2,3,x225_multisupport_delta_confirmation_source,4,254803968,524288,Fresh measured 5x5 source grid for the sealed x225 multi-support Delta confirmation. Target losses are evaluation-only.,controlled_model_dim_source_prefix_smalln_5x5,15401080.0,15401080.0,0.0,0.162821576719,14,x225_multisupport_full_5x5_collection,,1.305337,4,486,254803968,1.0,physical_full_5x5_collection,2:3,0:0;0:1;0:2;0:3;0:4;1:0;1:1;1:2;1:3;1:4;2:0;2:1;2:2;2:3;2:4;3:0;3:1;3:2;3:3;3:4;4:0;4:1;4:2;4:3;4:4,x225_multisupport_confirmation,paired_train_seed,sealed_evaluation_only,Submit GPU jobs to gpumedium; do not use pilot/gpupilot.,2,400,-1,legacy_nominal_12N,A00_legacy,source_surface,5,2615,,,0.65,0.05
fsl_x225_schedule_a00_source5x5_s401_424_20260716_1136_n2-d4-dep4-md320-it729-x1p00-s404-rg0,source_delta_support_process_control,canonical,4,72,64,320,404,729,382205952,524288,16,2048,40,1,L,fsl-x225-schedule-a00-source5x5-s401-424-20260716-1136-n2-d4-dep4-md320-it729-x1p00-s404-rg0,2,4,x225_multisupport_delta_confirmation_source,4,382205952,524288,Fresh measured 5x5 source grid for the sealed x225 multi-support Delta confirmation. Target losses are evaluation-only.,controlled_model_dim_source_prefix_smalln_5x5,15401080.0,15401080.0,0.0,0.162821576719,15,x225_multisupport_full_5x5_collection,,1.305337,4,729,382205952,1.0,physical_full_5x5_collection,2:4,0:0;0:1;0:2;0:3;0:4;1:0;1:1;1:2;1:3;1:4;2:0;2:1;2:2;2:3;2:4;3:0;3:1;3:2;3:3;3:4;4:0;4:1;4:2;4:3;4:4,x225_multisupport_confirmation,paired_train_seed,sealed_evaluation_only,Submit GPU jobs to gpumedium; do not use pilot/gpupilot.,2,400,-1,legacy_nominal_12N,A00_legacy,source_surface,5,2615,,,0.65,0.05
fsl_x225_schedule_a00_source5x5_s401_424_20260716_1136_n3-d0-dep4-md512-it144-x1p00-s404-rg0,source_delta_support_process_control,canonical,4,72,64,512,404,144,75497472,524288,16,2048,40,1,L,fsl-x225-schedule-a00-source5x5-s401-424-20260716-1136-n3-d0-dep4-md512-it144-x1p00-s404-rg0,3,0,x225_multisupport_delta_confirmation_source,4,75497472,524288,Fresh measured 5x5 source grid for the sealed x225 multi-support Delta confirmation. Target losses are evaluation-only.,controlled_model_dim_source_prefix_smalln_5x5,29360320.0,29360320.0,0.0,0.162821576719,16,x225_multisupport_full_5x5_collection,,1.305337,4,144,75497472,1.0,physical_full_5x5_collection,3:0,0:0;0:1;0:2;0:3;0:4;1:0;1:1;1:2;1:3;1:4;2:0;2:1;2:2;2:3;2:4;3:0;3:1;3:2;3:3;3:4;4:0;4:1;4:2;4:3;4:4,x225_multisupport_confirmation,paired_train_seed,sealed_evaluation_only,Submit GPU jobs to gpumedium; do not use pilot/gpupilot.,2,400,-1,legacy_nominal_12N,A00_legacy,source_surface,5,2615,,,0.65,0.05
fsl_x225_schedule_a00_source5x5_s401_424_20260716_1136_n3-d1-dep4-md512-it216-x1p00-s404-rg0,source_delta_support_process_control,canonical,4,72,64,512,404,216,113246208,524288,16,2048,40,1,L,fsl-x225-schedule-a00-source5x5-s401-424-20260716-1136-n3-d1-dep4-md512-it216-x1p00-s404-rg0,3,1,x225_multisupport_delta_confirmation_source,4,113246208,524288,Fresh measured 5x5 source grid for the sealed x225 multi-support Delta confirmation. Target losses are evaluation-only.,controlled_model_dim_source_prefix_smalln_5x5,29360320.0,29360320.0,0.0,0.162821576719,17,x225_multisupport_full_5x5_collection,,1.305337,4,216,113246208,1.0,physical_full_5x5_collection,3:1,0:0;0:1;0:2;0:3;0:4;1:0;1:1;1:2;1:3;1:4;2:0;2:1;2:2;2:3;2:4;3:0;3:1;3:2;3:3;3:4;4:0;4:1;4:2;4:3;4:4,x225_multisupport_confirmation,paired_train_seed,sealed_evaluation_only,Submit GPU jobs to gpumedium; do not use pilot/gpupilot.,2,400,-1,legacy_nominal_12N,A00_legacy,source_surface,5,2615,,,0.65,0.05
fsl_x225_schedule_a00_source5x5_s401_424_20260716_1136_n3-d2-dep4-md512-it324-x1p00-s404-rg0,source_delta_support_process_control,canonical,4,72,64,512,404,324,169869312,524288,16,2048,40,1,L,fsl-x225-schedule-a00-source5x5-s401-424-20260716-1136-n3-d2-dep4-md512-it324-x1p00-s404-rg0,3,2,x225_multisupport_delta_confirmation_source,4,169869312,524288,Fresh measured 5x5 source grid for the sealed x225 multi-support Delta confirmation. Target losses are evaluation-only.,controlled_model_dim_source_prefix_smalln_5x5,29360320.0,29360320.0,0.0,0.162821576719,18,x225_multisupport_full_5x5_collection,,1.305337,4,324,169869312,1.0,physical_full_5x5_collection,3:2,0:0;0:1;0:2;0:3;0:4;1:0;1:1;1:2;1:3;1:4;2:0;2:1;2:2;2:3;2:4;3:0;3:1;3:2;3:3;3:4;4:0;4:1;4:2;4:3;4:4,x225_multisupport_confirmation,paired_train_seed,sealed_evaluation_only,Submit GPU jobs to gpumedium; do not use pilot/gpupilot.,2,400,-1,legacy_nominal_12N,A00_legacy,source_surface,5,2615,,,0.65,0.05
fsl_x225_schedule_a00_source5x5_s401_424_20260716_1136_n3-d3-dep4-md512-it486-x1p00-s404-rg0,source_delta_support_process_control,canonical,4,72,64,512,404,486,254803968,524288,16,2048,40,1,L,fsl-x225-schedule-a00-source5x5-s401-424-20260716-1136-n3-d3-dep4-md512-it486-x1p00-s404-rg0,3,3,x225_multisupport_delta_confirmation_source,4,254803968,524288,Fresh measured 5x5 source grid for the sealed x225 multi-support Delta confirmation. Target losses are evaluation-only.,controlled_model_dim_source_prefix_smalln_5x5,29360320.0,29360320.0,0.0,0.162821576719,19,x225_multisupport_full_5x5_collection,,1.305337,4,486,254803968,1.0,physical_full_5x5_collection,3:3,0:0;0:1;0:2;0:3;0:4;1:0;1:1;1:2;1:3;1:4;2:0;2:1;2:2;2:3;2:4;3:0;3:1;3:2;3:3;3:4;4:0;4:1;4:2;4:3;4:4,x225_multisupport_confirmation,paired_train_seed,sealed_evaluation_only,Submit GPU jobs to gpumedium; do not use pilot/gpupilot.,2,400,-1,legacy_nominal_12N,A00_legacy,source_surface,5,2615,,,0.65,0.05
fsl_x225_schedule_a00_source5x5_s401_424_20260716_1136_n3-d4-dep4-md512-it729-x1p00-s404-rg0,source_delta_support_process_control,canonical,4,72,64,512,404,729,382205952,524288,16,2048,40,1,L,fsl-x225-schedule-a00-source5x5-s401-424-20260716-1136-n3-d4-dep4-md512-it729-x1p00-s404-rg0,3,4,x225_multisupport_delta_confirmation_source,4,382205952,524288,Fresh measured 5x5 source grid for the sealed x225 multi-support Delta confirmation. Target losses are evaluation-only.,controlled_model_dim_source_prefix_smalln_5x5,29360320.0,29360320.0,0.0,0.162821576719,20,x225_multisupport_full_5x5_collection,,1.305337,4,729,382205952,1.0,physical_full_5x5_collection,3:4,0:0;0:1;0:2;0:3;0:4;1:0;1:1;1:2;1:3;1:4;2:0;2:1;2:2;2:3;2:4;3:0;3:1;3:2;3:3;3:4;4:0;4:1;4:2;4:3;4:4,x225_multisupport_confirmation,paired_train_seed,sealed_evaluation_only,Submit GPU jobs to gpumedium; do not use pilot/gpupilot.,2,400,-1,legacy_nominal_12N,A00_legacy,source_surface,5,2615,,,0.65,0.05
fsl_x225_schedule_a00_source5x5_s401_424_20260716_1136_n4-d0-dep4-md704-it144-x1p00-s404-rg0,source_delta_support_process_control,canonical,4,72,64,704,404,144,75497472,524288,16,2048,40,1,L,fsl-x225-schedule-a00-source5x5-s401-424-20260716-1136-n4-d0-dep4-md704-it144-x1p00-s404-rg0,4,0,x225_multisupport_delta_confirmation_source,4,75497472,524288,Fresh measured 5x5 source grid for the sealed x225 multi-support Delta confirmation. Target losses are evaluation-only.,controlled_model_dim_source_prefix_smalln_5x5,46858504.0,46858504.0,0.0,0.162821576719,21,x225_multisupport_full_5x5_collection,,1.305337,4,144,75497472,1.0,physical_full_5x5_collection,4:0,0:0;0:1;0:2;0:3;0:4;1:0;1:1;1:2;1:3;1:4;2:0;2:1;2:2;2:3;2:4;3:0;3:1;3:2;3:3;3:4;4:0;4:1;4:2;4:3;4:4,x225_multisupport_confirmation,paired_train_seed,sealed_evaluation_only,Submit GPU jobs to gpumedium; do not use pilot/gpupilot.,2,400,-1,legacy_nominal_12N,A00_legacy,source_surface,5,2615,,,0.65,0.05
fsl_x225_schedule_a00_source5x5_s401_424_20260716_1136_n4-d1-dep4-md704-it216-x1p00-s404-rg0,source_delta_support_process_control,canonical,4,72,64,704,404,216,113246208,524288,16,2048,40,1,L,fsl-x225-schedule-a00-source5x5-s401-424-20260716-1136-n4-d1-dep4-md704-it216-x1p00-s404-rg0,4,1,x225_multisupport_delta_confirmation_source,4,113246208,524288,Fresh measured 5x5 source grid for the sealed x225 multi-support Delta confirmation. Target losses are evaluation-only.,controlled_model_dim_source_prefix_smalln_5x5,46858504.0,46858504.0,0.0,0.162821576719,22,x225_multisupport_full_5x5_collection,,1.305337,4,216,113246208,1.0,physical_full_5x5_collection,4:1,0:0;0:1;0:2;0:3;0:4;1:0;1:1;1:2;1:3;1:4;2:0;2:1;2:2;2:3;2:4;3:0;3:1;3:2;3:3;3:4;4:0;4:1;4:2;4:3;4:4,x225_multisupport_confirmation,paired_train_seed,sealed_evaluation_only,Submit GPU jobs to gpumedium; do not use pilot/gpupilot.,2,400,-1,legacy_nominal_12N,A00_legacy,source_surface,5,2615,,,0.65,0.05
fsl_x225_schedule_a00_source5x5_s401_424_20260716_1136_n4-d2-dep4-md704-it324-x1p00-s404-rg0,source_delta_support_process_control,canonical,4,72,64,704,404,324,169869312,524288,16,2048,40,1,L,fsl-x225-schedule-a00-source5x5-s401-424-20260716-1136-n4-d2-dep4-md704-it324-x1p00-s404-rg0,4,2,x225_multisupport_delta_confirmation_source,4,169869312,524288,Fresh measured 5x5 source grid for the sealed x225 multi-support Delta confirmation. Target losses are evaluation-only.,controlled_model_dim_source_prefix_smalln_5x5,46858504.0,46858504.0,0.0,0.162821576719,23,x225_multisupport_full_5x5_collection,,1.305337,4,324,169869312,1.0,physical_full_5x5_collection,4:2,0:0;0:1;0:2;0:3;0:4;1:0;1:1;1:2;1:3;1:4;2:0;2:1;2:2;2:3;2:4;3:0;3:1;3:2;3:3;3:4;4:0;4:1;4:2;4:3;4:4,x225_multisupport_confirmation,paired_train_seed,sealed_evaluation_only,Submit GPU jobs to gpumedium; do not use pilot/gpupilot.,2,400,-1,legacy_nominal_12N,A00_legacy,source_surface,5,2615,,,0.65,0.05
fsl_x225_schedule_a00_source5x5_s401_424_20260716_1136_n4-d3-dep4-md704-it486-x1p00-s404-rg0,source_delta_support_process_control,canonical,4,72,64,704,404,486,254803968,524288,16,2048,40,1,L,fsl-x225-schedule-a00-source5x5-s401-424-20260716-1136-n4-d3-dep4-md704-it486-x1p00-s404-rg0,4,3,x225_multisupport_delta_confirmation_source,4,254803968,524288,Fresh measured 5x5 source grid for the sealed x225 multi-support Delta confirmation. Target losses are evaluation-only.,controlled_model_dim_source_prefix_smalln_5x5,46858504.0,46858504.0,0.0,0.162821576719,24,x225_multisupport_full_5x5_collection,,1.305337,4,486,254803968,1.0,physical_full_5x5_collection,4:3,0:0;0:1;0:2;0:3;0:4;1:0;1:1;1:2;1:3;1:4;2:0;2:1;2:2;2:3;2:4;3:0;3:1;3:2;3:3;3:4;4:0;4:1;4:2;4:3;4:4,x225_multisupport_confirmation,paired_train_seed,sealed_evaluation_only,Submit GPU jobs to gpumedium; do not use pilot/gpupilot.,2,400,-1,legacy_nominal_12N,A00_legacy,source_surface,5,2615,,,0.65,0.05
fsl_x225_schedule_a00_source5x5_s401_424_20260716_1136_n4-d4-dep4-md704-it729-x1p00-s404-rg0,source_delta_support_process_control,canonical,4,72,64,704,404,729,382205952,524288,16,2048,40,1,L,fsl-x225-schedule-a00-source5x5-s401-424-20260716-1136-n4-d4-dep4-md704-it729-x1p00-s404-rg0,4,4,x225_multisupport_delta_confirmation_source,4,382205952,524288,Fresh measured 5x5 source grid for the sealed x225 multi-support Delta confirmation. Target losses are evaluation-only.,controlled_model_dim_source_prefix_smalln_5x5,46858504.0,46858504.0,0.0,0.162821576719,25,x225_multisupport_full_5x5_collection,,1.305337,4,729,382205952,1.0,physical_full_5x5_collection,4:4,0:0;0:1;0:2;0:3;0:4;1:0;1:1;1:2;1:3;1:4;2:0;2:1;2:2;2:3;2:4;3:0;3:1;3:2;3:3;3:4;4:0;4:1;4:2;4:3;4:4,x225_multisupport_confirmation,paired_train_seed,sealed_evaluation_only,Submit GPU jobs to gpumedium; do not use pilot/gpupilot.,2,400,-1,legacy_nominal_12N,A00_legacy,source_surface,5,2615,,,0.65,0.05
fsl_x225_schedule_a00_source5x5_s401_424_20260716_1136_n0-d0-dep4-md128-it144-x1p00-s405-rg0,source_delta_support_process_control,canonical,4,72,64,128,405,144,75497472,524288,16,2048,40,1,L,fsl-x225-schedule-a00-source5x5-s401-424-20260716-1136-n0-d0-dep4-md128-it144-x1p00-s405-rg0,0,0,x225_multisupport_delta_confirmation_source,4,75497472,524288,Fresh measured 5x5 source grid for the sealed x225 multi-support Delta confirmation. Target losses are evaluation-only.,controlled_model_dim_source_prefix_smalln_5x5,4980784.0,4980784.0,0.0,0.162821576719,1,x225_multisupport_full_5x5_collection,,1.305337,8,144,75497472,1.0,physical_full_5x5_collection,0:0,0:0;0:1;0:2;0:3;0:4;1:0;1:1;1:2;1:3;1:4;2:0;2:1;2:2;2:3;2:4;3:0;3:1;3:2;3:3;3:4;4:0;4:1;4:2;4:3;4:4,x225_multisupport_confirmation,paired_train_seed,sealed_evaluation_only,Submit GPU jobs to gpumedium; do not use pilot/gpupilot.,3,400,-1,legacy_nominal_12N,A00_legacy,source_surface,5,2615,,,0.65,0.05
fsl_x225_schedule_a00_source5x5_s401_424_20260716_1136_n0-d1-dep4-md128-it216-x1p00-s405-rg0,source_delta_support_process_control,canonical,4,72,64,128,405,216,113246208,524288,16,2048,40,1,L,fsl-x225-schedule-a00-source5x5-s401-424-20260716-1136-n0-d1-dep4-md128-it216-x1p00-s405-rg0,0,1,x225_multisupport_delta_confirmation_source,4,113246208,524288,Fresh measured 5x5 source grid for the sealed x225 multi-support Delta confirmation. Target losses are evaluation-only.,controlled_model_dim_source_prefix_smalln_5x5,4980784.0,4980784.0,0.0,0.162821576719,2,x225_multisupport_full_5x5_collection,,1.305337,8,216,113246208,1.0,physical_full_5x5_collection,0:1,0:0;0:1;0:2;0:3;0:4;1:0;1:1;1:2;1:3;1:4;2:0;2:1;2:2;2:3;2:4;3:0;3:1;3:2;3:3;3:4;4:0;4:1;4:2;4:3;4:4,x225_multisupport_confirmation,paired_train_seed,sealed_evaluation_only,Submit GPU jobs to gpumedium; do not use pilot/gpupilot.,3,400,-1,legacy_nominal_12N,A00_legacy,source_surface,5,2615,,,0.65,0.05
fsl_x225_schedule_a00_source5x5_s401_424_20260716_1136_n0-d2-dep4-md128-it324-x1p00-s405-rg0,source_delta_support_process_control,canonical,4,72,64,128,405,324,169869312,524288,16,2048,40,1,L,fsl-x225-schedule-a00-source5x5-s401-424-20260716-1136-n0-d2-dep4-md128-it324-x1p00-s405-rg0,0,2,x225_multisupport_delta_confirmation_source,4,169869312,524288,Fresh measured 5x5 source grid for the sealed x225 multi-support Delta confirmation. Target losses are evaluation-only.,controlled_model_dim_source_prefix_smalln_5x5,4980784.0,4980784.0,0.0,0.162821576719,3,x225_multisupport_full_5x5_collection,,1.305337,8,324,169869312,1.0,physical_full_5x5_collection,0:2,0:0;0:1;0:2;0:3;0:4;1:0;1:1;1:2;1:3;1:4;2:0;2:1;2:2;2:3;2:4;3:0;3:1;3:2;3:3;3:4;4:0;4:1;4:2;4:3;4:4,x225_multisupport_confirmation,paired_train_seed,sealed_evaluation_only,Submit GPU jobs to gpumedium; do not use pilot/gpupilot.,3,400,-1,legacy_nominal_12N,A00_legacy,source_surface,5,2615,,,0.65,0.05
fsl_x225_schedule_a00_source5x5_s401_424_20260716_1136_n0-d3-dep4-md128-it486-x1p00-s405-rg0,source_delta_support_process_control,canonical,4,72,64,128,405,486,254803968,524288,16,2048,40,1,L,fsl-x225-schedule-a00-source5x5-s401-424-20260716-1136-n0-d3-dep4-md128-it486-x1p00-s405-rg0,0,3,x225_multisupport_delta_confirmation_source,4,254803968,524288,Fresh measured 5x5 source grid for the sealed x225 multi-support Delta confirmation. Target losses are evaluation-only.,controlled_model_dim_source_prefix_smalln_5x5,4980784.0,4980784.0,0.0,0.162821576719,4,x225_multisupport_full_5x5_collection,,1.305337,8,486,254803968,1.0,physical_full_5x5_collection,0:3,0:0;0:1;0:2;0:3;0:4;1:0;1:1;1:2;1:3;1:4;2:0;2:1;2:2;2:3;2:4;3:0;3:1;3:2;3:3;3:4;4:0;4:1;4:2;4:3;4:4,x225_multisupport_confirmation,paired_train_seed,sealed_evaluation_only,Submit GPU jobs to gpumedium; do not use pilot/gpupilot.,3,400,-1,legacy_nominal_12N,A00_legacy,source_surface,5,2615,,,0.65,0.05
fsl_x225_schedule_a00_source5x5_s401_424_20260716_1136_n0-d4-dep4-md128-it729-x1p00-s405-rg0,source_delta_support_process_control,canonical,4,72,64,128,405,729,382205952,524288,16,2048,40,1,L,fsl-x225-schedule-a00-source5x5-s401-424-20260716-1136-n0-d4-dep4-md128-it729-x1p00-s405-rg0,0,4,x225_multisupport_delta_confirmation_source,4,382205952,524288,Fresh measured 5x5 source grid for the sealed x225 multi-support Delta confirmation. Target losses are evaluation-only.,controlled_model_dim_source_prefix_smalln_5x5,4980784.0,4980784.0,0.0,0.162821576719,5,x225_multisupport_full_5x5_collection,,1.305337,8,729,382205952,1.0,physical_full_5x5_collection,0:4,0:0;0:1;0:2;0:3;0:4;1:0;1:1;1:2;1:3;1:4;2:0;2:1;2:2;2:3;2:4;3:0;3:1;3:2;3:3;3:4;4:0;4:1;4:2;4:3;4:4,x225_multisupport_confirmation,paired_train_seed,sealed_evaluation_only,Submit GPU jobs to gpumedium; do not use pilot/gpupilot.,3,400,-1,legacy_nominal_12N,A00_legacy,source_surface,5,2615,,,0.65,0.05
fsl_x225_schedule_a00_source5x5_s401_424_20260716_1136_n1-d0-dep4-md192-it144-x1p00-s405-rg0,source_delta_support_process_control,canonical,4,72,64,192,405,144,75497472,524288,16,2048,40,1,L,fsl-x225-schedule-a00-source5x5-s401-424-20260716-1136-n1-d0-dep4-md192-it144-x1p00-s405-rg0,1,0,x225_multisupport_delta_confirmation_source,4,75497472,524288,Fresh measured 5x5 source grid for the sealed x225 multi-support Delta confirmation. Target losses are evaluation-only.,controlled_model_dim_source_prefix_smalln_5x5,8061000.0,8061000.0,0.0,0.162821576719,6,x225_multisupport_full_5x5_collection,,1.305337,8,144,75497472,1.0,physical_full_5x5_collection,1:0,0:0;0:1;0:2;0:3;0:4;1:0;1:1;1:2;1:3;1:4;2:0;2:1;2:2;2:3;2:4;3:0;3:1;3:2;3:3;3:4;4:0;4:1;4:2;4:3;4:4,x225_multisupport_confirmation,paired_train_seed,sealed_evaluation_only,Submit GPU jobs to gpumedium; do not use pilot/gpupilot.,3,400,-1,legacy_nominal_12N,A00_legacy,source_surface,5,2615,,,0.65,0.05
fsl_x225_schedule_a00_source5x5_s401_424_20260716_1136_n1-d1-dep4-md192-it216-x1p00-s405-rg0,source_delta_support_process_control,canonical,4,72,64,192,405,216,113246208,524288,16,2048,40,1,L,fsl-x225-schedule-a00-source5x5-s401-424-20260716-1136-n1-d1-dep4-md192-it216-x1p00-s405-rg0,1,1,x225_multisupport_delta_confirmation_source,4,113246208,524288,Fresh measured 5x5 source grid for the sealed x225 multi-support Delta confirmation. Target losses are evaluation-only.,controlled_model_dim_source_prefix_smalln_5x5,8061000.0,8061000.0,0.0,0.162821576719,7,x225_multisupport_full_5x5_collection,,1.305337,8,216,113246208,1.0,physical_full_5x5_collection,1:1,0:0;0:1;0:2;0:3;0:4;1:0;1:1;1:2;1:3;1:4;2:0;2:1;2:2;2:3;2:4;3:0;3:1;3:2;3:3;3:4;4:0;4:1;4:2;4:3;4:4,x225_multisupport_confirmation,paired_train_seed,sealed_evaluation_only,Submit GPU jobs to gpumedium; do not use pilot/gpupilot.,3,400,-1,legacy_nominal_12N,A00_legacy,source_surface,5,2615,,,0.65,0.05
fsl_x225_schedule_a00_source5x5_s401_424_20260716_1136_n1-d2-dep4-md192-it324-x1p00-s405-rg0,source_delta_support_process_control,canonical,4,72,64,192,405,324,169869312,524288,16,2048,40,1,L,fsl-x225-schedule-a00-source5x5-s401-424-20260716-1136-n1-d2-dep4-md192-it324-x1p00-s405-rg0,1,2,x225_multisupport_delta_confirmation_source,4,169869312,524288,Fresh measured 5x5 source grid for the sealed x225 multi-support Delta confirmation. Target losses are evaluation-only.,controlled_model_dim_source_prefix_smalln_5x5,8061000.0,8061000.0,0.0,0.162821576719,8,x225_multisupport_full_5x5_collection,,1.305337,8,324,169869312,1.0,physical_full_5x5_collection,1:2,0:0;0:1;0:2;0:3;0:4;1:0;1:1;1:2;1:3;1:4;2:0;2:1;2:2;2:3;2:4;3:0;3:1;3:2;3:3;3:4;4:0;4:1;4:2;4:3;4:4,x225_multisupport_confirmation,paired_train_seed,sealed_evaluation_only,Submit GPU jobs to gpumedium; do not use pilot/gpupilot.,3,400,-1,legacy_nominal_12N,A00_legacy,source_surface,5,2615,,,0.65,0.05
fsl_x225_schedule_a00_source5x5_s401_424_20260716_1136_n1-d3-dep4-md192-it486-x1p00-s405-rg0,source_delta_support_process_control,canonical,4,72,64,192,405,486,254803968,524288,16,2048,40,1,L,fsl-x225-schedule-a00-source5x5-s401-424-20260716-1136-n1-d3-dep4-md192-it486-x1p00-s405-rg0,1,3,x225_multisupport_delta_confirmation_source,4,254803968,524288,Fresh measured 5x5 source grid for the sealed x225 multi-support Delta confirmation. Target losses are evaluation-only.,controlled_model_dim_source_prefix_smalln_5x5,8061000.0,8061000.0,0.0,0.162821576719,9,x225_multisupport_full_5x5_collection,,1.305337,8,486,254803968,1.0,physical_full_5x5_collection,1:3,0:0;0:1;0:2;0:3;0:4;1:0;1:1;1:2;1:3;1:4;2:0;2:1;2:2;2:3;2:4;3:0;3:1;3:2;3:3;3:4;4:0;4:1;4:2;4:3;4:4,x225_multisupport_confirmation,paired_train_seed,sealed_evaluation_only,Submit GPU jobs to gpumedium; do not use pilot/gpupilot.,3,400,-1,legacy_nominal_12N,A00_legacy,source_surface,5,2615,,,0.65,0.05
fsl_x225_schedule_a00_source5x5_s401_424_20260716_1136_n1-d4-dep4-md192-it729-x1p00-s405-rg0,source_delta_support_process_control,canonical,4,72,64,192,405,729,382205952,524288,16,2048,40,1,L,fsl-x225-schedule-a00-source5x5-s401-424-20260716-1136-n1-d4-dep4-md192-it729-x1p00-s405-rg0,1,4,x225_multisupport_delta_confirmation_source,4,382205952,524288,Fresh measured 5x5 source grid for the sealed x225 multi-support Delta confirmation. Target losses are evaluation-only.,controlled_model_dim_source_prefix_smalln_5x5,8061000.0,8061000.0,0.0,0.162821576719,10,x225_multisupport_full_5x5_collection,,1.305337,8,729,382205952,1.0,physical_full_5x5_collection,1:4,0:0;0:1;0:2;0:3;0:4;1:0;1:1;1:2;1:3;1:4;2:0;2:1;2:2;2:3;2:4;3:0;3:1;3:2;3:3;3:4;4:0;4:1;4:2;4:3;4:4,x225_multisupport_confirmation,paired_train_seed,sealed_evaluation_only,Submit GPU jobs to gpumedium; do not use pilot/gpupilot.,3,400,-1,legacy_nominal_12N,A00_legacy,source_surface,5,2615,,,0.65,0.05
fsl_x225_schedule_a00_source5x5_s401_424_20260716_1136_n2-d0-dep4-md320-it144-x1p00-s405-rg0,source_delta_support_process_control,canonical,4,72,64,320,405,144,75497472,524288,16,2048,40,1,L,fsl-x225-schedule-a00-source5x5-s401-424-20260716-1136-n2-d0-dep4-md320-it144-x1p00-s405-rg0,2,0,x225_multisupport_delta_confirmation_source,4,75497472,524288,Fresh measured 5x5 source grid for the sealed x225 multi-support Delta confirmation. Target losses are evaluation-only.,controlled_model_dim_source_prefix_smalln_5x5,15401080.0,15401080.0,0.0,0.162821576719,11,x225_multisupport_full_5x5_collection,,1.305337,8,144,75497472,1.0,physical_full_5x5_collection,2:0,0:0;0:1;0:2;0:3;0:4;1:0;1:1;1:2;1:3;1:4;2:0;2:1;2:2;2:3;2:4;3:0;3:1;3:2;3:3;3:4;4:0;4:1;4:2;4:3;4:4,x225_multisupport_confirmation,paired_train_seed,sealed_evaluation_only,Submit GPU jobs to gpumedium; do not use pilot/gpupilot.,3,400,-1,legacy_nominal_12N,A00_legacy,source_surface,5,2615,,,0.65,0.05
fsl_x225_schedule_a00_source5x5_s401_424_20260716_1136_n2-d1-dep4-md320-it216-x1p00-s405-rg0,source_delta_support_process_control,canonical,4,72,64,320,405,216,113246208,524288,16,2048,40,1,L,fsl-x225-schedule-a00-source5x5-s401-424-20260716-1136-n2-d1-dep4-md320-it216-x1p00-s405-rg0,2,1,x225_multisupport_delta_confirmation_source,4,113246208,524288,Fresh measured 5x5 source grid for the sealed x225 multi-support Delta confirmation. Target losses are evaluation-only.,controlled_model_dim_source_prefix_smalln_5x5,15401080.0,15401080.0,0.0,0.162821576719,12,x225_multisupport_full_5x5_collection,,1.305337,8,216,113246208,1.0,physical_full_5x5_collection,2:1,0:0;0:1;0:2;0:3;0:4;1:0;1:1;1:2;1:3;1:4;2:0;2:1;2:2;2:3;2:4;3:0;3:1;3:2;3:3;3:4;4:0;4:1;4:2;4:3;4:4,x225_multisupport_confirmation,paired_train_seed,sealed_evaluation_only,Submit GPU jobs to gpumedium; do not use pilot/gpupilot.,3,400,-1,legacy_nominal_12N,A00_legacy,source_surface,5,2615,,,0.65,0.05
fsl_x225_schedule_a00_source5x5_s401_424_20260716_1136_n2-d2-dep4-md320-it324-x1p00-s405-rg0,source_delta_support_process_control,canonical,4,72,64,320,405,324,169869312,524288,16,2048,40,1,L,fsl-x225-schedule-a00-source5x5-s401-424-20260716-1136-n2-d2-dep4-md320-it324-x1p00-s405-rg0,2,2,x225_multisupport_delta_confirmation_source,4,169869312,524288,Fresh measured 5x5 source grid for the sealed x225 multi-support Delta confirmation. Target losses are evaluation-only.,controlled_model_dim_source_prefix_smalln_5x5,15401080.0,15401080.0,0.0,0.162821576719,13,x225_multisupport_full_5x5_collection,,1.305337,8,324,169869312,1.0,physical_full_5x5_collection,2:2,0:0;0:1;0:2;0:3;0:4;1:0;1:1;1:2;1:3;1:4;2:0;2:1;2:2;2:3;2:4;3:0;3:1;3:2;3:3;3:4;4:0;4:1;4:2;4:3;4:4,x225_multisupport_confirmation,paired_train_seed,sealed_evaluation_only,Submit GPU jobs to gpumedium; do not use pilot/gpupilot.,3,400,-1,legacy_nominal_12N,A00_legacy,source_surface,5,2615,,,0.65,0.05
fsl_x225_schedule_a00_source5x5_s401_424_20260716_1136_n2-d3-dep4-md320-it486-x1p00-s405-rg0,source_delta_support_process_control,canonical,4,72,64,320,405,486,254803968,524288,16,2048,40,1,L,fsl-x225-schedule-a00-source5x5-s401-424-20260716-1136-n2-d3-dep4-md320-it486-x1p00-s405-rg0,2,3,x225_multisupport_delta_confirmation_source,4,254803968,524288,Fresh measured 5x5 source grid for the sealed x225 multi-support Delta confirmation. Target losses are evaluation-only.,controlled_model_dim_source_prefix_smalln_5x5,15401080.0,15401080.0,0.0,0.162821576719,14,x225_multisupport_full_5x5_collection,,1.305337,8,486,254803968,1.0,physical_full_5x5_collection,2:3,0:0;0:1;0:2;0:3;0:4;1:0;1:1;1:2;1:3;1:4;2:0;2:1;2:2;2:3;2:4;3:0;3:1;3:2;3:3;3:4;4:0;4:1;4:2;4:3;4:4,x225_multisupport_confirmation,paired_train_seed,sealed_evaluation_only,Submit GPU jobs to gpumedium; do not use pilot/gpupilot.,3,400,-1,legacy_nominal_12N,A00_legacy,source_surface,5,2615,,,0.65,0.05
fsl_x225_schedule_a00_source5x5_s401_424_20260716_1136_n2-d4-dep4-md320-it729-x1p00-s405-rg0,source_delta_support_process_control,canonical,4,72,64,320,405,729,382205952,524288,16,2048,40,1,L,fsl-x225-schedule-a00-source5x5-s401-424-20260716-1136-n2-d4-dep4-md320-it729-x1p00-s405-rg0,2,4,x225_multisupport_delta_confirmation_source,4,382205952,524288,Fresh measured 5x5 source grid for the sealed x225 multi-support Delta confirmation. Target losses are evaluation-only.,controlled_model_dim_source_prefix_smalln_5x5,15401080.0,15401080.0,0.0,0.162821576719,15,x225_multisupport_full_5x5_collection,,1.305337,8,729,382205952,1.0,physical_full_5x5_collection,2:4,0:0;0:1;0:2;0:3;0:4;1:0;1:1;1:2;1:3;1:4;2:0;2:1;2:2;2:3;2:4;3:0;3:1;3:2;3:3;3:4;4:0;4:1;4:2;4:3;4:4,x225_multisupport_confirmation,paired_train_seed,sealed_evaluation_only,Submit GPU jobs to gpumedium; do not use pilot/gpupilot.,3,400,-1,legacy_nominal_12N,A00_legacy,source_surface,5,2615,,,0.65,0.05
fsl_x225_schedule_a00_source5x5_s401_424_20260716_1136_n3-d0-dep4-md512-it144-x1p00-s405-rg0,source_delta_support_process_control,canonical,4,72,64,512,405,144,75497472,524288,16,2048,40,1,L,fsl-x225-schedule-a00-source5x5-s401-424-20260716-1136-n3-d0-dep4-md512-it144-x1p00-s405-rg0,3,0,x225_multisupport_delta_confirmation_source,4,75497472,524288,Fresh measured 5x5 source grid for the sealed x225 multi-support Delta confirmation. Target losses are evaluation-only.,controlled_model_dim_source_prefix_smalln_5x5,29360320.0,29360320.0,0.0,0.162821576719,16,x225_multisupport_full_5x5_collection,,1.305337,8,144,75497472,1.0,physical_full_5x5_collection,3:0,0:0;0:1;0:2;0:3;0:4;1:0;1:1;1:2;1:3;1:4;2:0;2:1;2:2;2:3;2:4;3:0;3:1;3:2;3:3;3:4;4:0;4:1;4:2;4:3;4:4,x225_multisupport_confirmation,paired_train_seed,sealed_evaluation_only,Submit GPU jobs to gpumedium; do not use pilot/gpupilot.,3,400,-1,legacy_nominal_12N,A00_legacy,source_surface,5,2615,,,0.65,0.05
fsl_x225_schedule_a00_source5x5_s401_424_20260716_1136_n3-d1-dep4-md512-it216-x1p00-s405-rg0,source_delta_support_process_control,canonical,4,72,64,512,405,216,113246208,524288,16,2048,40,1,L,fsl-x225-schedule-a00-source5x5-s401-424-20260716-1136-n3-d1-dep4-md512-it216-x1p00-s405-rg0,3,1,x225_multisupport_delta_confirmation_source,4,113246208,524288,Fresh measured 5x5 source grid for the sealed x225 multi-support Delta confirmation. Target losses are evaluation-only.,controlled_model_dim_source_prefix_smalln_5x5,29360320.0,29360320.0,0.0,0.162821576719,17,x225_multisupport_full_5x5_collection,,1.305337,8,216,113246208,1.0,physical_full_5x5_collection,3:1,0:0;0:1;0:2;0:3;0:4;1:0;1:1;1:2;1:3;1:4;2:0;2:1;2:2;2:3;2:4;3:0;3:1;3:2;3:3;3:4;4:0;4:1;4:2;4:3;4:4,x225_multisupport_confirmation,paired_train_seed,sealed_evaluation_only,Submit GPU jobs to gpumedium; do not use pilot/gpupilot.,3,400,-1,legacy_nominal_12N,A00_legacy,source_surface,5,2615,,,0.65,0.05
fsl_x225_schedule_a00_source5x5_s401_424_20260716_1136_n3-d2-dep4-md512-it324-x1p00-s405-rg0,source_delta_support_process_control,canonical,4,72,64,512,405,324,169869312,524288,16,2048,40,1,L,fsl-x225-schedule-a00-source5x5-s401-424-20260716-1136-n3-d2-dep4-md512-it324-x1p00-s405-rg0,3,2,x225_multisupport_delta_confirmation_source,4,169869312,524288,Fresh measured 5x5 source grid for the sealed x225 multi-support Delta confirmation. Target losses are evaluation-only.,controlled_model_dim_source_prefix_smalln_5x5,29360320.0,29360320.0,0.0,0.162821576719,18,x225_multisupport_full_5x5_collection,,1.305337,8,324,169869312,1.0,physical_full_5x5_collection,3:2,0:0;0:1;0:2;0:3;0:4;1:0;1:1;1:2;1:3;1:4;2:0;2:1;2:2;2:3;2:4;3:0;3:1;3:2;3:3;3:4;4:0;4:1;4:2;4:3;4:4,x225_multisupport_confirmation,paired_train_seed,sealed_evaluation_only,Submit GPU jobs to gpumedium; do not use pilot/gpupilot.,3,400,-1,legacy_nominal_12N,A00_legacy,source_surface,5,2615,,,0.65,0.05
fsl_x225_schedule_a00_source5x5_s401_424_20260716_1136_n3-d3-dep4-md512-it486-x1p00-s405-rg0,source_delta_support_process_control,canonical,4,72,64,512,405,486,254803968,524288,16,2048,40,1,L,fsl-x225-schedule-a00-source5x5-s401-424-20260716-1136-n3-d3-dep4-md512-it486-x1p00-s405-rg0,3,3,x225_multisupport_delta_confirmation_source,4,254803968,524288,Fresh measured 5x5 source grid for the sealed x225 multi-support Delta confirmation. Target losses are evaluation-only.,controlled_model_dim_source_prefix_smalln_5x5,29360320.0,29360320.0,0.0,0.162821576719,19,x225_multisupport_full_5x5_collection,,1.305337,8,486,254803968,1.0,physical_full_5x5_collection,3:3,0:0;0:1;0:2;0:3;0:4;1:0;1:1;1:2;1:3;1:4;2:0;2:1;2:2;2:3;2:4;3:0;3:1;3:2;3:3;3:4;4:0;4:1;4:2;4:3;4:4,x225_multisupport_confirmation,paired_train_seed,sealed_evaluation_only,Submit GPU jobs to gpumedium; do not use pilot/gpupilot.,3,400,-1,legacy_nominal_12N,A00_legacy,source_surface,5,2615,,,0.65,0.05
fsl_x225_schedule_a00_source5x5_s401_424_20260716_1136_n3-d4-dep4-md512-it729-x1p00-s405-rg0,source_delta_support_process_control,canonical,4,72,64,512,405,729,382205952,524288,16,2048,40,1,L,fsl-x225-schedule-a00-source5x5-s401-424-20260716-1136-n3-d4-dep4-md512-it729-x1p00-s405-rg0,3,4,x225_multisupport_delta_confirmation_source,4,382205952,524288,Fresh measured 5x5 source grid for the sealed x225 multi-support Delta confirmation. Target losses are evaluation-only.,controlled_model_dim_source_prefix_smalln_5x5,29360320.0,29360320.0,0.0,0.162821576719,20,x225_multisupport_full_5x5_collection,,1.305337,8,729,382205952,1.0,physical_full_5x5_collection,3:4,0:0;0:1;0:2;0:3;0:4;1:0;1:1;1:2;1:3;1:4;2:0;2:1;2:2;2:3;2:4;3:0;3:1;3:2;3:3;3:4;4:0;4:1;4:2;4:3;4:4,x225_multisupport_confirmation,paired_train_seed,sealed_evaluation_only,Submit GPU jobs to gpumedium; do not use pilot/gpupilot.,3,400,-1,legacy_nominal_12N,A00_legacy,source_surface,5,2615,,,0.65,0.05
fsl_x225_schedule_a00_source5x5_s401_424_20260716_1136_n4-d0-dep4-md704-it144-x1p00-s405-rg0,source_delta_support_process_control,canonical,4,72,64,704,405,144,75497472,524288,16,2048,40,1,L,fsl-x225-schedule-a00-source5x5-s401-424-20260716-1136-n4-d0-dep4-md704-it144-x1p00-s405-rg0,4,0,x225_multisupport_delta_confirmation_source,4,75497472,524288,Fresh measured 5x5 source grid for the sealed x225 multi-support Delta confirmation. Target losses are evaluation-only.,controlled_model_dim_source_prefix_smalln_5x5,46858504.0,46858504.0,0.0,0.162821576719,21,x225_multisupport_full_5x5_collection,,1.305337,8,144,75497472,1.0,physical_full_5x5_collection,4:0,0:0;0:1;0:2;0:3;0:4;1:0;1:1;1:2;1:3;1:4;2:0;2:1;2:2;2:3;2:4;3:0;3:1;3:2;3:3;3:4;4:0;4:1;4:2;4:3;4:4,x225_multisupport_confirmation,paired_train_seed,sealed_evaluation_only,Submit GPU jobs to gpumedium; do not use pilot/gpupilot.,3,400,-1,legacy_nominal_12N,A00_legacy,source_surface,5,2615,,,0.65,0.05
fsl_x225_schedule_a00_source5x5_s401_424_20260716_1136_n4-d1-dep4-md704-it216-x1p00-s405-rg0,source_delta_support_process_control,canonical,4,72,64,704,405,216,113246208,524288,16,2048,40,1,L,fsl-x225-schedule-a00-source5x5-s401-424-20260716-1136-n4-d1-dep4-md704-it216-x1p00-s405-rg0,4,1,x225_multisupport_delta_confirmation_source,4,113246208,524288,Fresh measured 5x5 source grid for the sealed x225 multi-support Delta confirmation. Target losses are evaluation-only.,controlled_model_dim_source_prefix_smalln_5x5,46858504.0,46858504.0,0.0,0.162821576719,22,x225_multisupport_full_5x5_collection,,1.305337,8,216,113246208,1.0,physical_full_5x5_collection,4:1,0:0;0:1;0:2;0:3;0:4;1:0;1:1;1:2;1:3;1:4;2:0;2:1;2:2;2:3;2:4;3:0;3:1;3:2;3:3;3:4;4:0;4:1;4:2;4:3;4:4,x225_multisupport_confirmation,paired_train_seed,sealed_evaluation_only,Submit GPU jobs to gpumedium; do not use pilot/gpupilot.,3,400,-1,legacy_nominal_12N,A00_legacy,source_surface,5,2615,,,0.65,0.05
fsl_x225_schedule_a00_source5x5_s401_424_20260716_1136_n4-d2-dep4-md704-it324-x1p00-s405-rg0,source_delta_support_process_control,canonical,4,72,64,704,405,324,169869312,524288,16,2048,40,1,L,fsl-x225-schedule-a00-source5x5-s401-424-20260716-1136-n4-d2-dep4-md704-it324-x1p00-s405-rg0,4,2,x225_multisupport_delta_confirmation_source,4,169869312,524288,Fresh measured 5x5 source grid for the sealed x225 multi-support Delta confirmation. Target losses are evaluation-only.,controlled_model_dim_source_prefix_smalln_5x5,46858504.0,46858504.0,0.0,0.162821576719,23,x225_multisupport_full_5x5_collection,,1.305337,8,324,169869312,1.0,physical_full_5x5_collection,4:2,0:0;0:1;0:2;0:3;0:4;1:0;1:1;1:2;1:3;1:4;2:0;2:1;2:2;2:3;2:4;3:0;3:1;3:2;3:3;3:4;4:0;4:1;4:2;4:3;4:4,x225_multisupport_confirmation,paired_train_seed,sealed_evaluation_only,Submit GPU jobs to gpumedium; do not use pilot/gpupilot.,3,400,-1,legacy_nominal_12N,A00_legacy,source_surface,5,2615,,,0.65,0.05
fsl_x225_schedule_a00_source5x5_s401_424_20260716_1136_n4-d3-dep4-md704-it486-x1p00-s405-rg0,source_delta_support_process_control,canonical,4,72,64,704,405,486,254803968,524288,16,2048,40,1,L,fsl-x225-schedule-a00-source5x5-s401-424-20260716-1136-n4-d3-dep4-md704-it486-x1p00-s405-rg0,4,3,x225_multisupport_delta_confirmation_source,4,254803968,524288,Fresh measured 5x5 source grid for the sealed x225 multi-support Delta confirmation. Target losses are evaluation-only.,controlled_model_dim_source_prefix_smalln_5x5,46858504.0,46858504.0,0.0,0.162821576719,24,x225_multisupport_full_5x5_collection,,1.305337,8,486,254803968,1.0,physical_full_5x5_collection,4:3,0:0;0:1;0:2;0:3;0:4;1:0;1:1;1:2;1:3;1:4;2:0;2:1;2:2;2:3;2:4;3:0;3:1;3:2;3:3;3:4;4:0;4:1;4:2;4:3;4:4,x225_multisupport_confirmation,paired_train_seed,sealed_evaluation_only,Submit GPU jobs to gpumedium; do not use pilot/gpupilot.,3,400,-1,legacy_nominal_12N,A00_legacy,source_surface,5,2615,,,0.65,0.05
fsl_x225_schedule_a00_source5x5_s401_424_20260716_1136_n4-d4-dep4-md704-it729-x1p00-s405-rg0,source_delta_support_process_control,canonical,4,72,64,704,405,729,382205952,524288,16,2048,40,1,L,fsl-x225-schedule-a00-source5x5-s401-424-20260716-1136-n4-d4-dep4-md704-it729-x1p00-s405-rg0,4,4,x225_multisupport_delta_confirmation_source,4,382205952,524288,Fresh measured 5x5 source grid for the sealed x225 multi-support Delta confirmation. Target losses are evaluation-only.,controlled_model_dim_source_prefix_smalln_5x5,46858504.0,46858504.0,0.0,0.162821576719,25,x225_multisupport_full_5x5_collection,,1.305337,8,729,382205952,1.0,physical_full_5x5_collection,4:4,0:0;0:1;0:2;0:3;0:4;1:0;1:1;1:2;1:3;1:4;2:0;2:1;2:2;2:3;2:4;3:0;3:1;3:2;3:3;3:4;4:0;4:1;4:2;4:3;4:4,x225_multisupport_confirmation,paired_train_seed,sealed_evaluation_only,Submit GPU jobs to gpumedium; do not use pilot/gpupilot.,3,400,-1,legacy_nominal_12N,A00_legacy,source_surface,5,2615,,,0.65,0.05
fsl_x225_schedule_a00_source5x5_s401_424_20260716_1136_n0-d0-dep4-md128-it144-x1p00-s406-rg0,source_delta_support_process_control,canonical,4,72,64,128,406,144,75497472,524288,16,2048,40,1,L,fsl-x225-schedule-a00-source5x5-s401-424-20260716-1136-n0-d0-dep4-md128-it144-x1p00-s406-rg0,0,0,x225_multisupport_delta_confirmation_source,4,75497472,524288,Fresh measured 5x5 source grid for the sealed x225 multi-support Delta confirmation. Target losses are evaluation-only.,controlled_model_dim_source_prefix_smalln_5x5,4980784.0,4980784.0,0.0,0.162821576719,1,x225_multisupport_full_5x5_collection,,1.305337,8,144,75497472,1.0,physical_full_5x5_collection,0:0,0:0;0:1;0:2;0:3;0:4;1:0;1:1;1:2;1:3;1:4;2:0;2:1;2:2;2:3;2:4;3:0;3:1;3:2;3:3;3:4;4:0;4:1;4:2;4:3;4:4,x225_multisupport_confirmation,paired_train_seed,sealed_evaluation_only,Submit GPU jobs to gpumedium; do not use pilot/gpupilot.,3,400,-1,legacy_nominal_12N,A00_legacy,source_surface,5,2615,,,0.65,0.05
fsl_x225_schedule_a00_source5x5_s401_424_20260716_1136_n0-d1-dep4-md128-it216-x1p00-s406-rg0,source_delta_support_process_control,canonical,4,72,64,128,406,216,113246208,524288,16,2048,40,1,L,fsl-x225-schedule-a00-source5x5-s401-424-20260716-1136-n0-d1-dep4-md128-it216-x1p00-s406-rg0,0,1,x225_multisupport_delta_confirmation_source,4,113246208,524288,Fresh measured 5x5 source grid for the sealed x225 multi-support Delta confirmation. Target losses are evaluation-only.,controlled_model_dim_source_prefix_smalln_5x5,4980784.0,4980784.0,0.0,0.162821576719,2,x225_multisupport_full_5x5_collection,,1.305337,8,216,113246208,1.0,physical_full_5x5_collection,0:1,0:0;0:1;0:2;0:3;0:4;1:0;1:1;1:2;1:3;1:4;2:0;2:1;2:2;2:3;2:4;3:0;3:1;3:2;3:3;3:4;4:0;4:1;4:2;4:3;4:4,x225_multisupport_confirmation,paired_train_seed,sealed_evaluation_only,Submit GPU jobs to gpumedium; do not use pilot/gpupilot.,3,400,-1,legacy_nominal_12N,A00_legacy,source_surface,5,2615,,,0.65,0.05
fsl_x225_schedule_a00_source5x5_s401_424_20260716_1136_n0-d2-dep4-md128-it324-x1p00-s406-rg0,source_delta_support_process_control,canonical,4,72,64,128,406,324,169869312,524288,16,2048,40,1,L,fsl-x225-schedule-a00-source5x5-s401-424-20260716-1136-n0-d2-dep4-md128-it324-x1p00-s406-rg0,0,2,x225_multisupport_delta_confirmation_source,4,169869312,524288,Fresh measured 5x5 source grid for the sealed x225 multi-support Delta confirmation. Target losses are evaluation-only.,controlled_model_dim_source_prefix_smalln_5x5,4980784.0,4980784.0,0.0,0.162821576719,3,x225_multisupport_full_5x5_collection,,1.305337,8,324,169869312,1.0,physical_full_5x5_collection,0:2,0:0;0:1;0:2;0:3;0:4;1:0;1:1;1:2;1:3;1:4;2:0;2:1;2:2;2:3;2:4;3:0;3:1;3:2;3:3;3:4;4:0;4:1;4:2;4:3;4:4,x225_multisupport_confirmation,paired_train_seed,sealed_evaluation_only,Submit GPU jobs to gpumedium; do not use pilot/gpupilot.,3,400,-1,legacy_nominal_12N,A00_legacy,source_surface,5,2615,,,0.65,0.05
fsl_x225_schedule_a00_source5x5_s401_424_20260716_1136_n0-d3-dep4-md128-it486-x1p00-s406-rg0,source_delta_support_process_control,canonical,4,72,64,128,406,486,254803968,524288,16,2048,40,1,L,fsl-x225-schedule-a00-source5x5-s401-424-20260716-1136-n0-d3-dep4-md128-it486-x1p00-s406-rg0,0,3,x225_multisupport_delta_confirmation_source,4,254803968,524288,Fresh measured 5x5 source grid for the sealed x225 multi-support Delta confirmation. Target losses are evaluation-only.,controlled_model_dim_source_prefix_smalln_5x5,4980784.0,4980784.0,0.0,0.162821576719,4,x225_multisupport_full_5x5_collection,,1.305337,8,486,254803968,1.0,physical_full_5x5_collection,0:3,0:0;0:1;0:2;0:3;0:4;1:0;1:1;1:2;1:3;1:4;2:0;2:1;2:2;2:3;2:4;3:0;3:1;3:2;3:3;3:4;4:0;4:1;4:2;4:3;4:4,x225_multisupport_confirmation,paired_train_seed,sealed_evaluation_only,Submit GPU jobs to gpumedium; do not use pilot/gpupilot.,3,400,-1,legacy_nominal_12N,A00_legacy,source_surface,5,2615,,,0.65,0.05
fsl_x225_schedule_a00_source5x5_s401_424_20260716_1136_n0-d4-dep4-md128-it729-x1p00-s406-rg0,source_delta_support_process_control,canonical,4,72,64,128,406,729,382205952,524288,16,2048,40,1,L,fsl-x225-schedule-a00-source5x5-s401-424-20260716-1136-n0-d4-dep4-md128-it729-x1p00-s406-rg0,0,4,x225_multisupport_delta_confirmation_source,4,382205952,524288,Fresh measured 5x5 source grid for the sealed x225 multi-support Delta confirmation. Target losses are evaluation-only.,controlled_model_dim_source_prefix_smalln_5x5,4980784.0,4980784.0,0.0,0.162821576719,5,x225_multisupport_full_5x5_collection,,1.305337,8,729,382205952,1.0,physical_full_5x5_collection,0:4,0:0;0:1;0:2;0:3;0:4;1:0;1:1;1:2;1:3;1:4;2:0;2:1;2:2;2:3;2:4;3:0;3:1;3:2;3:3;3:4;4:0;4:1;4:2;4:3;4:4,x225_multisupport_confirmation,paired_train_seed,sealed_evaluation_only,Submit GPU jobs to gpumedium; do not use pilot/gpupilot.,3,400,-1,legacy_nominal_12N,A00_legacy,source_surface,5,2615,,,0.65,0.05
fsl_x225_schedule_a00_source5x5_s401_424_20260716_1136_n1-d0-dep4-md192-it144-x1p00-s406-rg0,source_delta_support_process_control,canonical,4,72,64,192,406,144,75497472,524288,16,2048,40,1,L,fsl-x225-schedule-a00-source5x5-s401-424-20260716-1136-n1-d0-dep4-md192-it144-x1p00-s406-rg0,1,0,x225_multisupport_delta_confirmation_source,4,75497472,524288,Fresh measured 5x5 source grid for the sealed x225 multi-support Delta confirmation. Target losses are evaluation-only.,controlled_model_dim_source_prefix_smalln_5x5,8061000.0,8061000.0,0.0,0.162821576719,6,x225_multisupport_full_5x5_collection,,1.305337,8,144,75497472,1.0,physical_full_5x5_collection,1:0,0:0;0:1;0:2;0:3;0:4;1:0;1:1;1:2;1:3;1:4;2:0;2:1;2:2;2:3;2:4;3:0;3:1;3:2;3:3;3:4;4:0;4:1;4:2;4:3;4:4,x225_multisupport_confirmation,paired_train_seed,sealed_evaluation_only,Submit GPU jobs to gpumedium; do not use pilot/gpupilot.,3,400,-1,legacy_nominal_12N,A00_legacy,source_surface,5,2615,,,0.65,0.05
fsl_x225_schedule_a00_source5x5_s401_424_20260716_1136_n1-d1-dep4-md192-it216-x1p00-s406-rg0,source_delta_support_process_control,canonical,4,72,64,192,406,216,113246208,524288,16,2048,40,1,L,fsl-x225-schedule-a00-source5x5-s401-424-20260716-1136-n1-d1-dep4-md192-it216-x1p00-s406-rg0,1,1,x225_multisupport_delta_confirmation_source,4,113246208,524288,Fresh measured 5x5 source grid for the sealed x225 multi-support Delta confirmation. Target losses are evaluation-only.,controlled_model_dim_source_prefix_smalln_5x5,8061000.0,8061000.0,0.0,0.162821576719,7,x225_multisupport_full_5x5_collection,,1.305337,8,216,113246208,1.0,physical_full_5x5_collection,1:1,0:0;0:1;0:2;0:3;0:4;1:0;1:1;1:2;1:3;1:4;2:0;2:1;2:2;2:3;2:4;3:0;3:1;3:2;3:3;3:4;4:0;4:1;4:2;4:3;4:4,x225_multisupport_confirmation,paired_train_seed,sealed_evaluation_only,Submit GPU jobs to gpumedium; do not use pilot/gpupilot.,3,400,-1,legacy_nominal_12N,A00_legacy,source_surface,5,2615,,,0.65,0.05
fsl_x225_schedule_a00_source5x5_s401_424_20260716_1136_n1-d2-dep4-md192-it324-x1p00-s406-rg0,source_delta_support_process_control,canonical,4,72,64,192,406,324,169869312,524288,16,2048,40,1,L,fsl-x225-schedule-a00-source5x5-s401-424-20260716-1136-n1-d2-dep4-md192-it324-x1p00-s406-rg0,1,2,x225_multisupport_delta_confirmation_source,4,169869312,524288,Fresh measured 5x5 source grid for the sealed x225 multi-support Delta confirmation. Target losses are evaluation-only.,controlled_model_dim_source_prefix_smalln_5x5,8061000.0,8061000.0,0.0,0.162821576719,8,x225_multisupport_full_5x5_collection,,1.305337,8,324,169869312,1.0,physical_full_5x5_collection,1:2,0:0;0:1;0:2;0:3;0:4;1:0;1:1;1:2;1:3;1:4;2:0;2:1;2:2;2:3;2:4;3:0;3:1;3:2;3:3;3:4;4:0;4:1;4:2;4:3;4:4,x225_multisupport_confirmation,paired_train_seed,sealed_evaluation_only,Submit GPU jobs to gpumedium; do not use pilot/gpupilot.,3,400,-1,legacy_nominal_12N,A00_legacy,source_surface,5,2615,,,0.65,0.05
fsl_x225_schedule_a00_source5x5_s401_424_20260716_1136_n1-d3-dep4-md192-it486-x1p00-s406-rg0,source_delta_support_process_control,canonical,4,72,64,192,406,486,254803968,524288,16,2048,40,1,L,fsl-x225-schedule-a00-source5x5-s401-424-20260716-1136-n1-d3-dep4-md192-it486-x1p00-s406-rg0,1,3,x225_multisupport_delta_confirmation_source,4,254803968,524288,Fresh measured 5x5 source grid for the sealed x225 multi-support Delta confirmation. Target losses are evaluation-only.,controlled_model_dim_source_prefix_smalln_5x5,8061000.0,8061000.0,0.0,0.162821576719,9,x225_multisupport_full_5x5_collection,,1.305337,8,486,254803968,1.0,physical_full_5x5_collection,1:3,0:0;0:1;0:2;0:3;0:4;1:0;1:1;1:2;1:3;1:4;2:0;2:1;2:2;2:3;2:4;3:0;3:1;3:2;3:3;3:4;4:0;4:1;4:2;4:3;4:4,x225_multisupport_confirmation,paired_train_seed,sealed_evaluation_only,Submit GPU jobs to gpumedium; do not use pilot/gpupilot.,3,400,-1,legacy_nominal_12N,A00_legacy,source_surface,5,2615,,,0.65,0.05
fsl_x225_schedule_a00_source5x5_s401_424_20260716_1136_n1-d4-dep4-md192-it729-x1p00-s406-rg0,source_delta_support_process_control,canonical,4,72,64,192,406,729,382205952,524288,16,2048,40,1,L,fsl-x225-schedule-a00-source5x5-s401-424-20260716-1136-n1-d4-dep4-md192-it729-x1p00-s406-rg0,1,4,x225_multisupport_delta_confirmation_source,4,382205952,524288,Fresh measured 5x5 source grid for the sealed x225 multi-support Delta confirmation. Target losses are evaluation-only.,controlled_model_dim_source_prefix_smalln_5x5,8061000.0,8061000.0,0.0,0.162821576719,10,x225_multisupport_full_5x5_collection,,1.305337,8,729,382205952,1.0,physical_full_5x5_collection,1:4,0:0;0:1;0:2;0:3;0:4;1:0;1:1;1:2;1:3;1:4;2:0;2:1;2:2;2:3;2:4;3:0;3:1;3:2;3:3;3:4;4:0;4:1;4:2;4:3;4:4,x225_multisupport_confirmation,paired_train_seed,sealed_evaluation_only,Submit GPU jobs to gpumedium; do not use pilot/gpupilot.,3,400,-1,legacy_nominal_12N,A00_legacy,source_surface,5,2615,,,0.65,0.05
fsl_x225_schedule_a00_source5x5_s401_424_20260716_1136_n2-d0-dep4-md320-it144-x1p00-s406-rg0,source_delta_support_process_control,canonical,4,72,64,320,406,144,75497472,524288,16,2048,40,1,L,fsl-x225-schedule-a00-source5x5-s401-424-20260716-1136-n2-d0-dep4-md320-it144-x1p00-s406-rg0,2,0,x225_multisupport_delta_confirmation_source,4,75497472,524288,Fresh measured 5x5 source grid for the sealed x225 multi-support Delta confirmation. Target losses are evaluation-only.,controlled_model_dim_source_prefix_smalln_5x5,15401080.0,15401080.0,0.0,0.162821576719,11,x225_multisupport_full_5x5_collection,,1.305337,8,144,75497472,1.0,physical_full_5x5_collection,2:0,0:0;0:1;0:2;0:3;0:4;1:0;1:1;1:2;1:3;1:4;2:0;2:1;2:2;2:3;2:4;3:0;3:1;3:2;3:3;3:4;4:0;4:1;4:2;4:3;4:4,x225_multisupport_confirmation,paired_train_seed,sealed_evaluation_only,Submit GPU jobs to gpumedium; do not use pilot/gpupilot.,3,400,-1,legacy_nominal_12N,A00_legacy,source_surface,5,2615,,,0.65,0.05
fsl_x225_schedule_a00_source5x5_s401_424_20260716_1136_n2-d1-dep4-md320-it216-x1p00-s406-rg0,source_delta_support_process_control,canonical,4,72,64,320,406,216,113246208,524288,16,2048,40,1,L,fsl-x225-schedule-a00-source5x5-s401-424-20260716-1136-n2-d1-dep4-md320-it216-x1p00-s406-rg0,2,1,x225_multisupport_delta_confirmation_source,4,113246208,524288,Fresh measured 5x5 source grid for the sealed x225 multi-support Delta confirmation. Target losses are evaluation-only.,controlled_model_dim_source_prefix_smalln_5x5,15401080.0,15401080.0,0.0,0.162821576719,12,x225_multisupport_full_5x5_collection,,1.305337,8,216,113246208,1.0,physical_full_5x5_collection,2:1,0:0;0:1;0:2;0:3;0:4;1:0;1:1;1:2;1:3;1:4;2:0;2:1;2:2;2:3;2:4;3:0;3:1;3:2;3:3;3:4;4:0;4:1;4:2;4:3;4:4,x225_multisupport_confirmation,paired_train_seed,sealed_evaluation_only,Submit GPU jobs to gpumedium; do not use pilot/gpupilot.,3,400,-1,legacy_nominal_12N,A00_legacy,source_surface,5,2615,,,0.65,0.05
fsl_x225_schedule_a00_source5x5_s401_424_20260716_1136_n2-d2-dep4-md320-it324-x1p00-s406-rg0,source_delta_support_process_control,canonical,4,72,64,320,406,324,169869312,524288,16,2048,40,1,L,fsl-x225-schedule-a00-source5x5-s401-424-20260716-1136-n2-d2-dep4-md320-it324-x1p00-s406-rg0,2,2,x225_multisupport_delta_confirmation_source,4,169869312,524288,Fresh measured 5x5 source grid for the sealed x225 multi-support Delta confirmation. Target losses are evaluation-only.,controlled_model_dim_source_prefix_smalln_5x5,15401080.0,15401080.0,0.0,0.162821576719,13,x225_multisupport_full_5x5_collection,,1.305337,8,324,169869312,1.0,physical_full_5x5_collection,2:2,0:0;0:1;0:2;0:3;0:4;1:0;1:1;1:2;1:3;1:4;2:0;2:1;2:2;2:3;2:4;3:0;3:1;3:2;3:3;3:4;4:0;4:1;4:2;4:3;4:4,x225_multisupport_confirmation,paired_train_seed,sealed_evaluation_only,Submit GPU jobs to gpumedium; do not use pilot/gpupilot.,3,400,-1,legacy_nominal_12N,A00_legacy,source_surface,5,2615,,,0.65,0.05
fsl_x225_schedule_a00_source5x5_s401_424_20260716_1136_n2-d3-dep4-md320-it486-x1p00-s406-rg0,source_delta_support_process_control,canonical,4,72,64,320,406,486,254803968,524288,16,2048,40,1,L,fsl-x225-schedule-a00-source5x5-s401-424-20260716-1136-n2-d3-dep4-md320-it486-x1p00-s406-rg0,2,3,x225_multisupport_delta_confirmation_source,4,254803968,524288,Fresh measured 5x5 source grid for the sealed x225 multi-support Delta confirmation. Target losses are evaluation-only.,controlled_model_dim_source_prefix_smalln_5x5,15401080.0,15401080.0,0.0,0.162821576719,14,x225_multisupport_full_5x5_collection,,1.305337,8,486,254803968,1.0,physical_full_5x5_collection,2:3,0:0;0:1;0:2;0:3;0:4;1:0;1:1;1:2;1:3;1:4;2:0;2:1;2:2;2:3;2:4;3:0;3:1;3:2;3:3;3:4;4:0;4:1;4:2;4:3;4:4,x225_multisupport_confirmation,paired_train_seed,sealed_evaluation_only,Submit GPU jobs to gpumedium; do not use pilot/gpupilot.,3,400,-1,legacy_nominal_12N,A00_legacy,source_surface,5,2615,,,0.65,0.05
fsl_x225_schedule_a00_source5x5_s401_424_20260716_1136_n2-d4-dep4-md320-it729-x1p00-s406-rg0,source_delta_support_process_control,canonical,4,72,64,320,406,729,382205952,524288,16,2048,40,1,L,fsl-x225-schedule-a00-source5x5-s401-424-20260716-1136-n2-d4-dep4-md320-it729-x1p00-s406-rg0,2,4,x225_multisupport_delta_confirmation_source,4,382205952,524288,Fresh measured 5x5 source grid for the sealed x225 multi-support Delta confirmation. Target losses are evaluation-only.,controlled_model_dim_source_prefix_smalln_5x5,15401080.0,15401080.0,0.0,0.162821576719,15,x225_multisupport_full_5x5_collection,,1.305337,8,729,382205952,1.0,physical_full_5x5_collection,2:4,0:0;0:1;0:2;0:3;0:4;1:0;1:1;1:2;1:3;1:4;2:0;2:1;2:2;2:3;2:4;3:0;3:1;3:2;3:3;3:4;4:0;4:1;4:2;4:3;4:4,x225_multisupport_confirmation,paired_train_seed,sealed_evaluation_only,Submit GPU jobs to gpumedium; do not use pilot/gpupilot.,3,400,-1,legacy_nominal_12N,A00_legacy,source_surface,5,2615,,,0.65,0.05
fsl_x225_schedule_a00_source5x5_s401_424_20260716_1136_n3-d0-dep4-md512-it144-x1p00-s406-rg0,source_delta_support_process_control,canonical,4,72,64,512,406,144,75497472,524288,16,2048,40,1,L,fsl-x225-schedule-a00-source5x5-s401-424-20260716-1136-n3-d0-dep4-md512-it144-x1p00-s406-rg0,3,0,x225_multisupport_delta_confirmation_source,4,75497472,524288,Fresh measured 5x5 source grid for the sealed x225 multi-support Delta confirmation. Target losses are evaluation-only.,controlled_model_dim_source_prefix_smalln_5x5,29360320.0,29360320.0,0.0,0.162821576719,16,x225_multisupport_full_5x5_collection,,1.305337,8,144,75497472,1.0,physical_full_5x5_collection,3:0,0:0;0:1;0:2;0:3;0:4;1:0;1:1;1:2;1:3;1:4;2:0;2:1;2:2;2:3;2:4;3:0;3:1;3:2;3:3;3:4;4:0;4:1;4:2;4:3;4:4,x225_multisupport_confirmation,paired_train_seed,sealed_evaluation_only,Submit GPU jobs to gpumedium; do not use pilot/gpupilot.,3,400,-1,legacy_nominal_12N,A00_legacy,source_surface,5,2615,,,0.65,0.05
fsl_x225_schedule_a00_source5x5_s401_424_20260716_1136_n3-d1-dep4-md512-it216-x1p00-s406-rg0,source_delta_support_process_control,canonical,4,72,64,512,406,216,113246208,524288,16,2048,40,1,L,fsl-x225-schedule-a00-source5x5-s401-424-20260716-1136-n3-d1-dep4-md512-it216-x1p00-s406-rg0,3,1,x225_multisupport_delta_confirmation_source,4,113246208,524288,Fresh measured 5x5 source grid for the sealed x225 multi-support Delta confirmation. Target losses are evaluation-only.,controlled_model_dim_source_prefix_smalln_5x5,29360320.0,29360320.0,0.0,0.162821576719,17,x225_multisupport_full_5x5_collection,,1.305337,8,216,113246208,1.0,physical_full_5x5_collection,3:1,0:0;0:1;0:2;0:3;0:4;1:0;1:1;1:2;1:3;1:4;2:0;2:1;2:2;2:3;2:4;3:0;3:1;3:2;3:3;3:4;4:0;4:1;4:2;4:3;4:4,x225_multisupport_confirmation,paired_train_seed,sealed_evaluation_only,Submit GPU jobs to gpumedium; do not use pilot/gpupilot.,3,400,-1,legacy_nominal_12N,A00_legacy,source_surface,5,2615,,,0.65,0.05
fsl_x225_schedule_a00_source5x5_s401_424_20260716_1136_n3-d2-dep4-md512-it324-x1p00-s406-rg0,source_delta_support_process_control,canonical,4,72,64,512,406,324,169869312,524288,16,2048,40,1,L,fsl-x225-schedule-a00-source5x5-s401-424-20260716-1136-n3-d2-dep4-md512-it324-x1p00-s406-rg0,3,2,x225_multisupport_delta_confirmation_source,4,169869312,524288,Fresh measured 5x5 source grid for the sealed x225 multi-support Delta confirmation. Target losses are evaluation-only.,controlled_model_dim_source_prefix_smalln_5x5,29360320.0,29360320.0,0.0,0.162821576719,18,x225_multisupport_full_5x5_collection,,1.305337,8,324,169869312,1.0,physical_full_5x5_collection,3:2,0:0;0:1;0:2;0:3;0:4;1:0;1:1;1:2;1:3;1:4;2:0;2:1;2:2;2:3;2:4;3:0;3:1;3:2;3:3;3:4;4:0;4:1;4:2;4:3;4:4,x225_multisupport_confirmation,paired_train_seed,sealed_evaluation_only,Submit GPU jobs to gpumedium; do not use pilot/gpupilot.,3,400,-1,legacy_nominal_12N,A00_legacy,source_surface,5,2615,,,0.65,0.05
fsl_x225_schedule_a00_source5x5_s401_424_20260716_1136_n3-d3-dep4-md512-it486-x1p00-s406-rg0,source_delta_support_process_control,canonical,4,72,64,512,406,486,254803968,524288,16,2048,40,1,L,fsl-x225-schedule-a00-source5x5-s401-424-20260716-1136-n3-d3-dep4-md512-it486-x1p00-s406-rg0,3,3,x225_multisupport_delta_confirmation_source,4,254803968,524288,Fresh measured 5x5 source grid for the sealed x225 multi-support Delta confirmation. Target losses are evaluation-only.,controlled_model_dim_source_prefix_smalln_5x5,29360320.0,29360320.0,0.0,0.162821576719,19,x225_multisupport_full_5x5_collection,,1.305337,8,486,254803968,1.0,physical_full_5x5_collection,3:3,0:0;0:1;0:2;0:3;0:4;1:0;1:1;1:2;1:3;1:4;2:0;2:1;2:2;2:3;2:4;3:0;3:1;3:2;3:3;3:4;4:0;4:1;4:2;4:3;4:4,x225_multisupport_confirmation,paired_train_seed,sealed_evaluation_only,Submit GPU jobs to gpumedium; do not use pilot/gpupilot.,3,400,-1,legacy_nominal_12N,A00_legacy,source_surface,5,2615,,,0.65,0.05
fsl_x225_schedule_a00_source5x5_s401_424_20260716_1136_n3-d4-dep4-md512-it729-x1p00-s406-rg0,source_delta_support_process_control,canonical,4,72,64,512,406,729,382205952,524288,16,2048,40,1,L,fsl-x225-schedule-a00-source5x5-s401-424-20260716-1136-n3-d4-dep4-md512-it729-x1p00-s406-rg0,3,4,x225_multisupport_delta_confirmation_source,4,382205952,524288,Fresh measured 5x5 source grid for the sealed x225 multi-support Delta confirmation. Target losses are evaluation-only.,controlled_model_dim_source_prefix_smalln_5x5,29360320.0,29360320.0,0.0,0.162821576719,20,x225_multisupport_full_5x5_collection,,1.305337,8,729,382205952,1.0,physical_full_5x5_collection,3:4,0:0;0:1;0:2;0:3;0:4;1:0;1:1;1:2;1:3;1:4;2:0;2:1;2:2;2:3;2:4;3:0;3:1;3:2;3:3;3:4;4:0;4:1;4:2;4:3;4:4,x225_multisupport_confirmation,paired_train_seed,sealed_evaluation_only,Submit GPU jobs to gpumedium; do not use pilot/gpupilot.,3,400,-1,legacy_nominal_12N,A00_legacy,source_surface,5,2615,,,0.65,0.05
fsl_x225_schedule_a00_source5x5_s401_424_20260716_1136_n4-d0-dep4-md704-it144-x1p00-s406-rg0,source_delta_support_process_control,canonical,4,72,64,704,406,144,75497472,524288,16,2048,40,1,L,fsl-x225-schedule-a00-source5x5-s401-424-20260716-1136-n4-d0-dep4-md704-it144-x1p00-s406-rg0,4,0,x225_multisupport_delta_confirmation_source,4,75497472,524288,Fresh measured 5x5 source grid for the sealed x225 multi-support Delta confirmation. Target losses are evaluation-only.,controlled_model_dim_source_prefix_smalln_5x5,46858504.0,46858504.0,0.0,0.162821576719,21,x225_multisupport_full_5x5_collection,,1.305337,8,144,75497472,1.0,physical_full_5x5_collection,4:0,0:0;0:1;0:2;0:3;0:4;1:0;1:1;1:2;1:3;1:4;2:0;2:1;2:2;2:3;2:4;3:0;3:1;3:2;3:3;3:4;4:0;4:1;4:2;4:3;4:4,x225_multisupport_confirmation,paired_train_seed,sealed_evaluation_only,Submit GPU jobs to gpumedium; do not use pilot/gpupilot.,3,400,-1,legacy_nominal_12N,A00_legacy,source_surface,5,2615,,,0.65,0.05
fsl_x225_schedule_a00_source5x5_s401_424_20260716_1136_n4-d1-dep4-md704-it216-x1p00-s406-rg0,source_delta_support_process_control,canonical,4,72,64,704,406,216,113246208,524288,16,2048,40,1,L,fsl-x225-schedule-a00-source5x5-s401-424-20260716-1136-n4-d1-dep4-md704-it216-x1p00-s406-rg0,4,1,x225_multisupport_delta_confirmation_source,4,113246208,524288,Fresh measured 5x5 source grid for the sealed x225 multi-support Delta confirmation. Target losses are evaluation-only.,controlled_model_dim_source_prefix_smalln_5x5,46858504.0,46858504.0,0.0,0.162821576719,22,x225_multisupport_full_5x5_collection,,1.305337,8,216,113246208,1.0,physical_full_5x5_collection,4:1,0:0;0:1;0:2;0:3;0:4;1:0;1:1;1:2;1:3;1:4;2:0;2:1;2:2;2:3;2:4;3:0;3:1;3:2;3:3;3:4;4:0;4:1;4:2;4:3;4:4,x225_multisupport_confirmation,paired_train_seed,sealed_evaluation_only,Submit GPU jobs to gpumedium; do not use pilot/gpupilot.,3,400,-1,legacy_nominal_12N,A00_legacy,source_surface,5,2615,,,0.65,0.05
fsl_x225_schedule_a00_source5x5_s401_424_20260716_1136_n4-d2-dep4-md704-it324-x1p00-s406-rg0,source_delta_support_process_control,canonical,4,72,64,704,406,324,169869312,524288,16,2048,40,1,L,fsl-x225-schedule-a00-source5x5-s401-424-20260716-1136-n4-d2-dep4-md704-it324-x1p00-s406-rg0,4,2,x225_multisupport_delta_confirmation_source,4,169869312,524288,Fresh measured 5x5 source grid for the sealed x225 multi-support Delta confirmation. Target losses are evaluation-only.,controlled_model_dim_source_prefix_smalln_5x5,46858504.0,46858504.0,0.0,0.162821576719,23,x225_multisupport_full_5x5_collection,,1.305337,8,324,169869312,1.0,physical_full_5x5_collection,4:2,0:0;0:1;0:2;0:3;0:4;1:0;1:1;1:2;1:3;1:4;2:0;2:1;2:2;2:3;2:4;3:0;3:1;3:2;3:3;3:4;4:0;4:1;4:2;4:3;4:4,x225_multisupport_confirmation,paired_train_seed,sealed_evaluation_only,Submit GPU jobs to gpumedium; do not use pilot/gpupilot.,3,400,-1,legacy_nominal_12N,A00_legacy,source_surface,5,2615,,,0.65,0.05
fsl_x225_schedule_a00_source5x5_s401_424_20260716_1136_n4-d3-dep4-md704-it486-x1p00-s406-rg0,source_delta_support_process_control,canonical,4,72,64,704,406,486,254803968,524288,16,2048,40,1,L,fsl-x225-schedule-a00-source5x5-s401-424-20260716-1136-n4-d3-dep4-md704-it486-x1p00-s406-rg0,4,3,x225_multisupport_delta_confirmation_source,4,254803968,524288,Fresh measured 5x5 source grid for the sealed x225 multi-support Delta confirmation. Target losses are evaluation-only.,controlled_model_dim_source_prefix_smalln_5x5,46858504.0,46858504.0,0.0,0.162821576719,24,x225_multisupport_full_5x5_collection,,1.305337,8,486,254803968,1.0,physical_full_5x5_collection,4:3,0:0;0:1;0:2;0:3;0:4;1:0;1:1;1:2;1:3;1:4;2:0;2:1;2:2;2:3;2:4;3:0;3:1;3:2;3:3;3:4;4:0;4:1;4:2;4:3;4:4,x225_multisupport_confirmation,paired_train_seed,sealed_evaluation_only,Submit GPU jobs to gpumedium; do not use pilot/gpupilot.,3,400,-1,legacy_nominal_12N,A00_legacy,source_surface,5,2615,,,0.65,0.05
fsl_x225_schedule_a00_source5x5_s401_424_20260716_1136_n4-d4-dep4-md704-it729-x1p00-s406-rg0,source_delta_support_process_control,canonical,4,72,64,704,406,729,382205952,524288,16,2048,40,1,L,fsl-x225-schedule-a00-source5x5-s401-424-20260716-1136-n4-d4-dep4-md704-it729-x1p00-s406-rg0,4,4,x225_multisupport_delta_confirmation_source,4,382205952,524288,Fresh measured 5x5 source grid for the sealed x225 multi-support Delta confirmation. Target losses are evaluation-only.,controlled_model_dim_source_prefix_smalln_5x5,46858504.0,46858504.0,0.0,0.162821576719,25,x225_multisupport_full_5x5_collection,,1.305337,8,729,382205952,1.0,physical_full_5x5_collection,4:4,0:0;0:1;0:2;0:3;0:4;1:0;1:1;1:2;1:3;1:4;2:0;2:1;2:2;2:3;2:4;3:0;3:1;3:2;3:3;3:4;4:0;4:1;4:2;4:3;4:4,x225_multisupport_confirmation,paired_train_seed,sealed_evaluation_only,Submit GPU jobs to gpumedium; do not use pilot/gpupilot.,3,400,-1,legacy_nominal_12N,A00_legacy,source_surface,5,2615,,,0.65,0.05
fsl_x225_schedule_a00_source5x5_s401_424_20260716_1136_n0-d0-dep4-md128-it144-x1p00-s407-rg0,source_delta_support_process_control,canonical,4,72,64,128,407,144,75497472,524288,16,2048,40,1,L,fsl-x225-schedule-a00-source5x5-s401-424-20260716-1136-n0-d0-dep4-md128-it144-x1p00-s407-rg0,0,0,x225_multisupport_delta_confirmation_source,4,75497472,524288,Fresh measured 5x5 source grid for the sealed x225 multi-support Delta confirmation. Target losses are evaluation-only.,controlled_model_dim_source_prefix_smalln_5x5,4980784.0,4980784.0,0.0,0.162821576719,1,x225_multisupport_full_5x5_collection,,1.305337,12,144,75497472,1.0,physical_full_5x5_collection,0:0,0:0;0:1;0:2;0:3;0:4;1:0;1:1;1:2;1:3;1:4;2:0;2:1;2:2;2:3;2:4;3:0;3:1;3:2;3:3;3:4;4:0;4:1;4:2;4:3;4:4,x225_multisupport_confirmation,paired_train_seed,sealed_evaluation_only,Submit GPU jobs to gpumedium; do not use pilot/gpupilot.,4,400,-1,legacy_nominal_12N,A00_legacy,source_surface,5,2615,,,0.65,0.05
fsl_x225_schedule_a00_source5x5_s401_424_20260716_1136_n0-d1-dep4-md128-it216-x1p00-s407-rg0,source_delta_support_process_control,canonical,4,72,64,128,407,216,113246208,524288,16,2048,40,1,L,fsl-x225-schedule-a00-source5x5-s401-424-20260716-1136-n0-d1-dep4-md128-it216-x1p00-s407-rg0,0,1,x225_multisupport_delta_confirmation_source,4,113246208,524288,Fresh measured 5x5 source grid for the sealed x225 multi-support Delta confirmation. Target losses are evaluation-only.,controlled_model_dim_source_prefix_smalln_5x5,4980784.0,4980784.0,0.0,0.162821576719,2,x225_multisupport_full_5x5_collection,,1.305337,12,216,113246208,1.0,physical_full_5x5_collection,0:1,0:0;0:1;0:2;0:3;0:4;1:0;1:1;1:2;1:3;1:4;2:0;2:1;2:2;2:3;2:4;3:0;3:1;3:2;3:3;3:4;4:0;4:1;4:2;4:3;4:4,x225_multisupport_confirmation,paired_train_seed,sealed_evaluation_only,Submit GPU jobs to gpumedium; do not use pilot/gpupilot.,4,400,-1,legacy_nominal_12N,A00_legacy,source_surface,5,2615,,,0.65,0.05
fsl_x225_schedule_a00_source5x5_s401_424_20260716_1136_n0-d2-dep4-md128-it324-x1p00-s407-rg0,source_delta_support_process_control,canonical,4,72,64,128,407,324,169869312,524288,16,2048,40,1,L,fsl-x225-schedule-a00-source5x5-s401-424-20260716-1136-n0-d2-dep4-md128-it324-x1p00-s407-rg0,0,2,x225_multisupport_delta_confirmation_source,4,169869312,524288,Fresh measured 5x5 source grid for the sealed x225 multi-support Delta confirmation. Target losses are evaluation-only.,controlled_model_dim_source_prefix_smalln_5x5,4980784.0,4980784.0,0.0,0.162821576719,3,x225_multisupport_full_5x5_collection,,1.305337,12,324,169869312,1.0,physical_full_5x5_collection,0:2,0:0;0:1;0:2;0:3;0:4;1:0;1:1;1:2;1:3;1:4;2:0;2:1;2:2;2:3;2:4;3:0;3:1;3:2;3:3;3:4;4:0;4:1;4:2;4:3;4:4,x225_multisupport_confirmation,paired_train_seed,sealed_evaluation_only,Submit GPU jobs to gpumedium; do not use pilot/gpupilot.,4,400,-1,legacy_nominal_12N,A00_legacy,source_surface,5,2615,,,0.65,0.05
fsl_x225_schedule_a00_source5x5_s401_424_20260716_1136_n0-d3-dep4-md128-it486-x1p00-s407-rg0,source_delta_support_process_control,canonical,4,72,64,128,407,486,254803968,524288,16,2048,40,1,L,fsl-x225-schedule-a00-source5x5-s401-424-20260716-1136-n0-d3-dep4-md128-it486-x1p00-s407-rg0,0,3,x225_multisupport_delta_confirmation_source,4,254803968,524288,Fresh measured 5x5 source grid for the sealed x225 multi-support Delta confirmation. Target losses are evaluation-only.,controlled_model_dim_source_prefix_smalln_5x5,4980784.0,4980784.0,0.0,0.162821576719,4,x225_multisupport_full_5x5_collection,,1.305337,12,486,254803968,1.0,physical_full_5x5_collection,0:3,0:0;0:1;0:2;0:3;0:4;1:0;1:1;1:2;1:3;1:4;2:0;2:1;2:2;2:3;2:4;3:0;3:1;3:2;3:3;3:4;4:0;4:1;4:2;4:3;4:4,x225_multisupport_confirmation,paired_train_seed,sealed_evaluation_only,Submit GPU jobs to gpumedium; do not use pilot/gpupilot.,4,400,-1,legacy_nominal_12N,A00_legacy,source_surface,5,2615,,,0.65,0.05
fsl_x225_schedule_a00_source5x5_s401_424_20260716_1136_n0-d4-dep4-md128-it729-x1p00-s407-rg0,source_delta_support_process_control,canonical,4,72,64,128,407,729,382205952,524288,16,2048,40,1,L,fsl-x225-schedule-a00-source5x5-s401-424-20260716-1136-n0-d4-dep4-md128-it729-x1p00-s407-rg0,0,4,x225_multisupport_delta_confirmation_source,4,382205952,524288,Fresh measured 5x5 source grid for the sealed x225 multi-support Delta confirmation. Target losses are evaluation-only.,controlled_model_dim_source_prefix_smalln_5x5,4980784.0,4980784.0,0.0,0.162821576719,5,x225_multisupport_full_5x5_collection,,1.305337,12,729,382205952,1.0,physical_full_5x5_collection,0:4,0:0;0:1;0:2;0:3;0:4;1:0;1:1;1:2;1:3;1:4;2:0;2:1;2:2;2:3;2:4;3:0;3:1;3:2;3:3;3:4;4:0;4:1;4:2;4:3;4:4,x225_multisupport_confirmation,paired_train_seed,sealed_evaluation_only,Submit GPU jobs to gpumedium; do not use pilot/gpupilot.,4,400,-1,legacy_nominal_12N,A00_legacy,source_surface,5,2615,,,0.65,0.05
fsl_x225_schedule_a00_source5x5_s401_424_20260716_1136_n1-d0-dep4-md192-it144-x1p00-s407-rg0,source_delta_support_process_control,canonical,4,72,64,192,407,144,75497472,524288,16,2048,40,1,L,fsl-x225-schedule-a00-source5x5-s401-424-20260716-1136-n1-d0-dep4-md192-it144-x1p00-s407-rg0,1,0,x225_multisupport_delta_confirmation_source,4,75497472,524288,Fresh measured 5x5 source grid for the sealed x225 multi-support Delta confirmation. Target losses are evaluation-only.,controlled_model_dim_source_prefix_smalln_5x5,8061000.0,8061000.0,0.0,0.162821576719,6,x225_multisupport_full_5x5_collection,,1.305337,12,144,75497472,1.0,physical_full_5x5_collection,1:0,0:0;0:1;0:2;0:3;0:4;1:0;1:1;1:2;1:3;1:4;2:0;2:1;2:2;2:3;2:4;3:0;3:1;3:2;3:3;3:4;4:0;4:1;4:2;4:3;4:4,x225_multisupport_confirmation,paired_train_seed,sealed_evaluation_only,Submit GPU jobs to gpumedium; do not use pilot/gpupilot.,4,400,-1,legacy_nominal_12N,A00_legacy,source_surface,5,2615,,,0.65,0.05
fsl_x225_schedule_a00_source5x5_s401_424_20260716_1136_n1-d1-dep4-md192-it216-x1p00-s407-rg0,source_delta_support_process_control,canonical,4,72,64,192,407,216,113246208,524288,16,2048,40,1,L,fsl-x225-schedule-a00-source5x5-s401-424-20260716-1136-n1-d1-dep4-md192-it216-x1p00-s407-rg0,1,1,x225_multisupport_delta_confirmation_source,4,113246208,524288,Fresh measured 5x5 source grid for the sealed x225 multi-support Delta confirmation. Target losses are evaluation-only.,controlled_model_dim_source_prefix_smalln_5x5,8061000.0,8061000.0,0.0,0.162821576719,7,x225_multisupport_full_5x5_collection,,1.305337,12,216,113246208,1.0,physical_full_5x5_collection,1:1,0:0;0:1;0:2;0:3;0:4;1:0;1:1;1:2;1:3;1:4;2:0;2:1;2:2;2:3;2:4;3:0;3:1;3:2;3:3;3:4;4:0;4:1;4:2;4:3;4:4,x225_multisupport_confirmation,paired_train_seed,sealed_evaluation_only,Submit GPU jobs to gpumedium; do not use pilot/gpupilot.,4,400,-1,legacy_nominal_12N,A00_legacy,source_surface,5,2615,,,0.65,0.05
fsl_x225_schedule_a00_source5x5_s401_424_20260716_1136_n1-d2-dep4-md192-it324-x1p00-s407-rg0,source_delta_support_process_control,canonical,4,72,64,192,407,324,169869312,524288,16,2048,40,1,L,fsl-x225-schedule-a00-source5x5-s401-424-20260716-1136-n1-d2-dep4-md192-it324-x1p00-s407-rg0,1,2,x225_multisupport_delta_confirmation_source,4,169869312,524288,Fresh measured 5x5 source grid for the sealed x225 multi-support Delta confirmation. Target losses are evaluation-only.,controlled_model_dim_source_prefix_smalln_5x5,8061000.0,8061000.0,0.0,0.162821576719,8,x225_multisupport_full_5x5_collection,,1.305337,12,324,169869312,1.0,physical_full_5x5_collection,1:2,0:0;0:1;0:2;0:3;0:4;1:0;1:1;1:2;1:3;1:4;2:0;2:1;2:2;2:3;2:4;3:0;3:1;3:2;3:3;3:4;4:0;4:1;4:2;4:3;4:4,x225_multisupport_confirmation,paired_train_seed,sealed_evaluation_only,Submit GPU jobs to gpumedium; do not use pilot/gpupilot.,4,400,-1,legacy_nominal_12N,A00_legacy,source_surface,5,2615,,,0.65,0.05
fsl_x225_schedule_a00_source5x5_s401_424_20260716_1136_n1-d3-dep4-md192-it486-x1p00-s407-rg0,source_delta_support_process_control,canonical,4,72,64,192,407,486,254803968,524288,16,2048,40,1,L,fsl-x225-schedule-a00-source5x5-s401-424-20260716-1136-n1-d3-dep4-md192-it486-x1p00-s407-rg0,1,3,x225_multisupport_delta_confirmation_source,4,254803968,524288,Fresh measured 5x5 source grid for the sealed x225 multi-support Delta confirmation. Target losses are evaluation-only.,controlled_model_dim_source_prefix_smalln_5x5,8061000.0,8061000.0,0.0,0.162821576719,9,x225_multisupport_full_5x5_collection,,1.305337,12,486,254803968,1.0,physical_full_5x5_collection,1:3,0:0;0:1;0:2;0:3;0:4;1:0;1:1;1:2;1:3;1:4;2:0;2:1;2:2;2:3;2:4;3:0;3:1;3:2;3:3;3:4;4:0;4:1;4:2;4:3;4:4,x225_multisupport_confirmation,paired_train_seed,sealed_evaluation_only,Submit GPU jobs to gpumedium; do not use pilot/gpupilot.,4,400,-1,legacy_nominal_12N,A00_legacy,source_surface,5,2615,,,0.65,0.05
fsl_x225_schedule_a00_source5x5_s401_424_20260716_1136_n1-d4-dep4-md192-it729-x1p00-s407-rg0,source_delta_support_process_control,canonical,4,72,64,192,407,729,382205952,524288,16,2048,40,1,L,fsl-x225-schedule-a00-source5x5-s401-424-20260716-1136-n1-d4-dep4-md192-it729-x1p00-s407-rg0,1,4,x225_multisupport_delta_confirmation_source,4,382205952,524288,Fresh measured 5x5 source grid for the sealed x225 multi-support Delta confirmation. Target losses are evaluation-only.,controlled_model_dim_source_prefix_smalln_5x5,8061000.0,8061000.0,0.0,0.162821576719,10,x225_multisupport_full_5x5_collection,,1.305337,12,729,382205952,1.0,physical_full_5x5_collection,1:4,0:0;0:1;0:2;0:3;0:4;1:0;1:1;1:2;1:3;1:4;2:0;2:1;2:2;2:3;2:4;3:0;3:1;3:2;3:3;3:4;4:0;4:1;4:2;4:3;4:4,x225_multisupport_confirmation,paired_train_seed,sealed_evaluation_only,Submit GPU jobs to gpumedium; do not use pilot/gpupilot.,4,400,-1,legacy_nominal_12N,A00_legacy,source_surface,5,2615,,,0.65,0.05
fsl_x225_schedule_a00_source5x5_s401_424_20260716_1136_n2-d0-dep4-md320-it144-x1p00-s407-rg0,source_delta_support_process_control,canonical,4,72,64,320,407,144,75497472,524288,16,2048,40,1,L,fsl-x225-schedule-a00-source5x5-s401-424-20260716-1136-n2-d0-dep4-md320-it144-x1p00-s407-rg0,2,0,x225_multisupport_delta_confirmation_source,4,75497472,524288,Fresh measured 5x5 source grid for the sealed x225 multi-support Delta confirmation. Target losses are evaluation-only.,controlled_model_dim_source_prefix_smalln_5x5,15401080.0,15401080.0,0.0,0.162821576719,11,x225_multisupport_full_5x5_collection,,1.305337,12,144,75497472,1.0,physical_full_5x5_collection,2:0,0:0;0:1;0:2;0:3;0:4;1:0;1:1;1:2;1:3;1:4;2:0;2:1;2:2;2:3;2:4;3:0;3:1;3:2;3:3;3:4;4:0;4:1;4:2;4:3;4:4,x225_multisupport_confirmation,paired_train_seed,sealed_evaluation_only,Submit GPU jobs to gpumedium; do not use pilot/gpupilot.,4,400,-1,legacy_nominal_12N,A00_legacy,source_surface,5,2615,,,0.65,0.05
fsl_x225_schedule_a00_source5x5_s401_424_20260716_1136_n2-d1-dep4-md320-it216-x1p00-s407-rg0,source_delta_support_process_control,canonical,4,72,64,320,407,216,113246208,524288,16,2048,40,1,L,fsl-x225-schedule-a00-source5x5-s401-424-20260716-1136-n2-d1-dep4-md320-it216-x1p00-s407-rg0,2,1,x225_multisupport_delta_confirmation_source,4,113246208,524288,Fresh measured 5x5 source grid for the sealed x225 multi-support Delta confirmation. Target losses are evaluation-only.,controlled_model_dim_source_prefix_smalln_5x5,15401080.0,15401080.0,0.0,0.162821576719,12,x225_multisupport_full_5x5_collection,,1.305337,12,216,113246208,1.0,physical_full_5x5_collection,2:1,0:0;0:1;0:2;0:3;0:4;1:0;1:1;1:2;1:3;1:4;2:0;2:1;2:2;2:3;2:4;3:0;3:1;3:2;3:3;3:4;4:0;4:1;4:2;4:3;4:4,x225_multisupport_confirmation,paired_train_seed,sealed_evaluation_only,Submit GPU jobs to gpumedium; do not use pilot/gpupilot.,4,400,-1,legacy_nominal_12N,A00_legacy,source_surface,5,2615,,,0.65,0.05
fsl_x225_schedule_a00_source5x5_s401_424_20260716_1136_n2-d2-dep4-md320-it324-x1p00-s407-rg0,source_delta_support_process_control,canonical,4,72,64,320,407,324,169869312,524288,16,2048,40,1,L,fsl-x225-schedule-a00-source5x5-s401-424-20260716-1136-n2-d2-dep4-md320-it324-x1p00-s407-rg0,2,2,x225_multisupport_delta_confirmation_source,4,169869312,524288,Fresh measured 5x5 source grid for the sealed x225 multi-support Delta confirmation. Target losses are evaluation-only.,controlled_model_dim_source_prefix_smalln_5x5,15401080.0,15401080.0,0.0,0.162821576719,13,x225_multisupport_full_5x5_collection,,1.305337,12,324,169869312,1.0,physical_full_5x5_collection,2:2,0:0;0:1;0:2;0:3;0:4;1:0;1:1;1:2;1:3;1:4;2:0;2:1;2:2;2:3;2:4;3:0;3:1;3:2;3:3;3:4;4:0;4:1;4:2;4:3;4:4,x225_multisupport_confirmation,paired_train_seed,sealed_evaluation_only,Submit GPU jobs to gpumedium; do not use pilot/gpupilot.,4,400,-1,legacy_nominal_12N,A00_legacy,source_surface,5,2615,,,0.65,0.05
fsl_x225_schedule_a00_source5x5_s401_424_20260716_1136_n2-d3-dep4-md320-it486-x1p00-s407-rg0,source_delta_support_process_control,canonical,4,72,64,320,407,486,254803968,524288,16,2048,40,1,L,fsl-x225-schedule-a00-source5x5-s401-424-20260716-1136-n2-d3-dep4-md320-it486-x1p00-s407-rg0,2,3,x225_multisupport_delta_confirmation_source,4,254803968,524288,Fresh measured 5x5 source grid for the sealed x225 multi-support Delta confirmation. Target losses are evaluation-only.,controlled_model_dim_source_prefix_smalln_5x5,15401080.0,15401080.0,0.0,0.162821576719,14,x225_multisupport_full_5x5_collection,,1.305337,12,486,254803968,1.0,physical_full_5x5_collection,2:3,0:0;0:1;0:2;0:3;0:4;1:0;1:1;1:2;1:3;1:4;2:0;2:1;2:2;2:3;2:4;3:0;3:1;3:2;3:3;3:4;4:0;4:1;4:2;4:3;4:4,x225_multisupport_confirmation,paired_train_seed,sealed_evaluation_only,Submit GPU jobs to gpumedium; do not use pilot/gpupilot.,4,400,-1,legacy_nominal_12N,A00_legacy,source_surface,5,2615,,,0.65,0.05
fsl_x225_schedule_a00_source5x5_s401_424_20260716_1136_n2-d4-dep4-md320-it729-x1p00-s407-rg0,source_delta_support_process_control,canonical,4,72,64,320,407,729,382205952,524288,16,2048,40,1,L,fsl-x225-schedule-a00-source5x5-s401-424-20260716-1136-n2-d4-dep4-md320-it729-x1p00-s407-rg0,2,4,x225_multisupport_delta_confirmation_source,4,382205952,524288,Fresh measured 5x5 source grid for the sealed x225 multi-support Delta confirmation. Target losses are evaluation-only.,controlled_model_dim_source_prefix_smalln_5x5,15401080.0,15401080.0,0.0,0.162821576719,15,x225_multisupport_full_5x5_collection,,1.305337,12,729,382205952,1.0,physical_full_5x5_collection,2:4,0:0;0:1;0:2;0:3;0:4;1:0;1:1;1:2;1:3;1:4;2:0;2:1;2:2;2:3;2:4;3:0;3:1;3:2;3:3;3:4;4:0;4:1;4:2;4:3;4:4,x225_multisupport_confirmation,paired_train_seed,sealed_evaluation_only,Submit GPU jobs to gpumedium; do not use pilot/gpupilot.,4,400,-1,legacy_nominal_12N,A00_legacy,source_surface,5,2615,,,0.65,0.05
fsl_x225_schedule_a00_source5x5_s401_424_20260716_1136_n3-d0-dep4-md512-it144-x1p00-s407-rg0,source_delta_support_process_control,canonical,4,72,64,512,407,144,75497472,524288,16,2048,40,1,L,fsl-x225-schedule-a00-source5x5-s401-424-20260716-1136-n3-d0-dep4-md512-it144-x1p00-s407-rg0,3,0,x225_multisupport_delta_confirmation_source,4,75497472,524288,Fresh measured 5x5 source grid for the sealed x225 multi-support Delta confirmation. Target losses are evaluation-only.,controlled_model_dim_source_prefix_smalln_5x5,29360320.0,29360320.0,0.0,0.162821576719,16,x225_multisupport_full_5x5_collection,,1.305337,12,144,75497472,1.0,physical_full_5x5_collection,3:0,0:0;0:1;0:2;0:3;0:4;1:0;1:1;1:2;1:3;1:4;2:0;2:1;2:2;2:3;2:4;3:0;3:1;3:2;3:3;3:4;4:0;4:1;4:2;4:3;4:4,x225_multisupport_confirmation,paired_train_seed,sealed_evaluation_only,Submit GPU jobs to gpumedium; do not use pilot/gpupilot.,4,400,-1,legacy_nominal_12N,A00_legacy,source_surface,5,2615,,,0.65,0.05
fsl_x225_schedule_a00_source5x5_s401_424_20260716_1136_n3-d1-dep4-md512-it216-x1p00-s407-rg0,source_delta_support_process_control,canonical,4,72,64,512,407,216,113246208,524288,16,2048,40,1,L,fsl-x225-schedule-a00-source5x5-s401-424-20260716-1136-n3-d1-dep4-md512-it216-x1p00-s407-rg0,3,1,x225_multisupport_delta_confirmation_source,4,113246208,524288,Fresh measured 5x5 source grid for the sealed x225 multi-support Delta confirmation. Target losses are evaluation-only.,controlled_model_dim_source_prefix_smalln_5x5,29360320.0,29360320.0,0.0,0.162821576719,17,x225_multisupport_full_5x5_collection,,1.305337,12,216,113246208,1.0,physical_full_5x5_collection,3:1,0:0;0:1;0:2;0:3;0:4;1:0;1:1;1:2;1:3;1:4;2:0;2:1;2:2;2:3;2:4;3:0;3:1;3:2;3:3;3:4;4:0;4:1;4:2;4:3;4:4,x225_multisupport_confirmation,paired_train_seed,sealed_evaluation_only,Submit GPU jobs to gpumedium; do not use pilot/gpupilot.,4,400,-1,legacy_nominal_12N,A00_legacy,source_surface,5,2615,,,0.65,0.05
fsl_x225_schedule_a00_source5x5_s401_424_20260716_1136_n3-d2-dep4-md512-it324-x1p00-s407-rg0,source_delta_support_process_control,canonical,4,72,64,512,407,324,169869312,524288,16,2048,40,1,L,fsl-x225-schedule-a00-source5x5-s401-424-20260716-1136-n3-d2-dep4-md512-it324-x1p00-s407-rg0,3,2,x225_multisupport_delta_confirmation_source,4,169869312,524288,Fresh measured 5x5 source grid for the sealed x225 multi-support Delta confirmation. Target losses are evaluation-only.,controlled_model_dim_source_prefix_smalln_5x5,29360320.0,29360320.0,0.0,0.162821576719,18,x225_multisupport_full_5x5_collection,,1.305337,12,324,169869312,1.0,physical_full_5x5_collection,3:2,0:0;0:1;0:2;0:3;0:4;1:0;1:1;1:2;1:3;1:4;2:0;2:1;2:2;2:3;2:4;3:0;3:1;3:2;3:3;3:4;4:0;4:1;4:2;4:3;4:4,x225_multisupport_confirmation,paired_train_seed,sealed_evaluation_only,Submit GPU jobs to gpumedium; do not use pilot/gpupilot.,4,400,-1,legacy_nominal_12N,A00_legacy,source_surface,5,2615,,,0.65,0.05
fsl_x225_schedule_a00_source5x5_s401_424_20260716_1136_n3-d3-dep4-md512-it486-x1p00-s407-rg0,source_delta_support_process_control,canonical,4,72,64,512,407,486,254803968,524288,16,2048,40,1,L,fsl-x225-schedule-a00-source5x5-s401-424-20260716-1136-n3-d3-dep4-md512-it486-x1p00-s407-rg0,3,3,x225_multisupport_delta_confirmation_source,4,254803968,524288,Fresh measured 5x5 source grid for the sealed x225 multi-support Delta confirmation. Target losses are evaluation-only.,controlled_model_dim_source_prefix_smalln_5x5,29360320.0,29360320.0,0.0,0.162821576719,19,x225_multisupport_full_5x5_collection,,1.305337,12,486,254803968,1.0,physical_full_5x5_collection,3:3,0:0;0:1;0:2;0:3;0:4;1:0;1:1;1:2;1:3;1:4;2:0;2:1;2:2;2:3;2:4;3:0;3:1;3:2;3:3;3:4;4:0;4:1;4:2;4:3;4:4,x225_multisupport_confirmation,paired_train_seed,sealed_evaluation_only,Submit GPU jobs to gpumedium; do not use pilot/gpupilot.,4,400,-1,legacy_nominal_12N,A00_legacy,source_surface,5,2615,,,0.65,0.05
fsl_x225_schedule_a00_source5x5_s401_424_20260716_1136_n3-d4-dep4-md512-it729-x1p00-s407-rg0,source_delta_support_process_control,canonical,4,72,64,512,407,729,382205952,524288,16,2048,40,1,L,fsl-x225-schedule-a00-source5x5-s401-424-20260716-1136-n3-d4-dep4-md512-it729-x1p00-s407-rg0,3,4,x225_multisupport_delta_confirmation_source,4,382205952,524288,Fresh measured 5x5 source grid for the sealed x225 multi-support Delta confirmation. Target losses are evaluation-only.,controlled_model_dim_source_prefix_smalln_5x5,29360320.0,29360320.0,0.0,0.162821576719,20,x225_multisupport_full_5x5_collection,,1.305337,12,729,382205952,1.0,physical_full_5x5_collection,3:4,0:0;0:1;0:2;0:3;0:4;1:0;1:1;1:2;1:3;1:4;2:0;2:1;2:2;2:3;2:4;3:0;3:1;3:2;3:3;3:4;4:0;4:1;4:2;4:3;4:4,x225_multisupport_confirmation,paired_train_seed,sealed_evaluation_only,Submit GPU jobs to gpumedium; do not use pilot/gpupilot.,4,400,-1,legacy_nominal_12N,A00_legacy,source_surface,5,2615,,,0.65,0.05
fsl_x225_schedule_a00_source5x5_s401_424_20260716_1136_n4-d0-dep4-md704-it144-x1p00-s407-rg0,source_delta_support_process_control,canonical,4,72,64,704,407,144,75497472,524288,16,2048,40,1,L,fsl-x225-schedule-a00-source5x5-s401-424-20260716-1136-n4-d0-dep4-md704-it144-x1p00-s407-rg0,4,0,x225_multisupport_delta_confirmation_source,4,75497472,524288,Fresh measured 5x5 source grid for the sealed x225 multi-support Delta confirmation. Target losses are evaluation-only.,controlled_model_dim_source_prefix_smalln_5x5,46858504.0,46858504.0,0.0,0.162821576719,21,x225_multisupport_full_5x5_collection,,1.305337,12,144,75497472,1.0,physical_full_5x5_collection,4:0,0:0;0:1;0:2;0:3;0:4;1:0;1:1;1:2;1:3;1:4;2:0;2:1;2:2;2:3;2:4;3:0;3:1;3:2;3:3;3:4;4:0;4:1;4:2;4:3;4:4,x225_multisupport_confirmation,paired_train_seed,sealed_evaluation_only,Submit GPU jobs to gpumedium; do not use pilot/gpupilot.,4,400,-1,legacy_nominal_12N,A00_legacy,source_surface,5,2615,,,0.65,0.05
fsl_x225_schedule_a00_source5x5_s401_424_20260716_1136_n4-d1-dep4-md704-it216-x1p00-s407-rg0,source_delta_support_process_control,canonical,4,72,64,704,407,216,113246208,524288,16,2048,40,1,L,fsl-x225-schedule-a00-source5x5-s401-424-20260716-1136-n4-d1-dep4-md704-it216-x1p00-s407-rg0,4,1,x225_multisupport_delta_confirmation_source,4,113246208,524288,Fresh measured 5x5 source grid for the sealed x225 multi-support Delta confirmation. Target losses are evaluation-only.,controlled_model_dim_source_prefix_smalln_5x5,46858504.0,46858504.0,0.0,0.162821576719,22,x225_multisupport_full_5x5_collection,,1.305337,12,216,113246208,1.0,physical_full_5x5_collection,4:1,0:0;0:1;0:2;0:3;0:4;1:0;1:1;1:2;1:3;1:4;2:0;2:1;2:2;2:3;2:4;3:0;3:1;3:2;3:3;3:4;4:0;4:1;4:2;4:3;4:4,x225_multisupport_confirmation,paired_train_seed,sealed_evaluation_only,Submit GPU jobs to gpumedium; do not use pilot/gpupilot.,4,400,-1,legacy_nominal_12N,A00_legacy,source_surface,5,2615,,,0.65,0.05
fsl_x225_schedule_a00_source5x5_s401_424_20260716_1136_n4-d2-dep4-md704-it324-x1p00-s407-rg0,source_delta_support_process_control,canonical,4,72,64,704,407,324,169869312,524288,16,2048,40,1,L,fsl-x225-schedule-a00-source5x5-s401-424-20260716-1136-n4-d2-dep4-md704-it324-x1p00-s407-rg0,4,2,x225_multisupport_delta_confirmation_source,4,169869312,524288,Fresh measured 5x5 source grid for the sealed x225 multi-support Delta confirmation. Target losses are evaluation-only.,controlled_model_dim_source_prefix_smalln_5x5,46858504.0,46858504.0,0.0,0.162821576719,23,x225_multisupport_full_5x5_collection,,1.305337,12,324,169869312,1.0,physical_full_5x5_collection,4:2,0:0;0:1;0:2;0:3;0:4;1:0;1:1;1:2;1:3;1:4;2:0;2:1;2:2;2:3;2:4;3:0;3:1;3:2;3:3;3:4;4:0;4:1;4:2;4:3;4:4,x225_multisupport_confirmation,paired_train_seed,sealed_evaluation_only,Submit GPU jobs to gpumedium; do not use pilot/gpupilot.,4,400,-1,legacy_nominal_12N,A00_legacy,source_surface,5,2615,,,0.65,0.05
fsl_x225_schedule_a00_source5x5_s401_424_20260716_1136_n4-d3-dep4-md704-it486-x1p00-s407-rg0,source_delta_support_process_control,canonical,4,72,64,704,407,486,254803968,524288,16,2048,40,1,L,fsl-x225-schedule-a00-source5x5-s401-424-20260716-1136-n4-d3-dep4-md704-it486-x1p00-s407-rg0,4,3,x225_multisupport_delta_confirmation_source,4,254803968,524288,Fresh measured 5x5 source grid for the sealed x225 multi-support Delta confirmation. Target losses are evaluation-only.,controlled_model_dim_source_prefix_smalln_5x5,46858504.0,46858504.0,0.0,0.162821576719,24,x225_multisupport_full_5x5_collection,,1.305337,12,486,254803968,1.0,physical_full_5x5_collection,4:3,0:0;0:1;0:2;0:3;0:4;1:0;1:1;1:2;1:3;1:4;2:0;2:1;2:2;2:3;2:4;3:0;3:1;3:2;3:3;3:4;4:0;4:1;4:2;4:3;4:4,x225_multisupport_confirmation,paired_train_seed,sealed_evaluation_only,Submit GPU jobs to gpumedium; do not use pilot/gpupilot.,4,400,-1,legacy_nominal_12N,A00_legacy,source_surface,5,2615,,,0.65,0.05
fsl_x225_schedule_a00_source5x5_s401_424_20260716_1136_n4-d4-dep4-md704-it729-x1p00-s407-rg0,source_delta_support_process_control,canonical,4,72,64,704,407,729,382205952,524288,16,2048,40,1,L,fsl-x225-schedule-a00-source5x5-s401-424-20260716-1136-n4-d4-dep4-md704-it729-x1p00-s407-rg0,4,4,x225_multisupport_delta_confirmation_source,4,382205952,524288,Fresh measured 5x5 source grid for the sealed x225 multi-support Delta confirmation. Target losses are evaluation-only.,controlled_model_dim_source_prefix_smalln_5x5,46858504.0,46858504.0,0.0,0.162821576719,25,x225_multisupport_full_5x5_collection,,1.305337,12,729,382205952,1.0,physical_full_5x5_collection,4:4,0:0;0:1;0:2;0:3;0:4;1:0;1:1;1:2;1:3;1:4;2:0;2:1;2:2;2:3;2:4;3:0;3:1;3:2;3:3;3:4;4:0;4:1;4:2;4:3;4:4,x225_multisupport_confirmation,paired_train_seed,sealed_evaluation_only,Submit GPU jobs to gpumedium; do not use pilot/gpupilot.,4,400,-1,legacy_nominal_12N,A00_legacy,source_surface,5,2615,,,0.65,0.05
fsl_x225_schedule_a00_source5x5_s401_424_20260716_1136_n0-d0-dep4-md128-it144-x1p00-s408-rg0,source_delta_support_process_control,canonical,4,72,64,128,408,144,75497472,524288,16,2048,40,1,L,fsl-x225-schedule-a00-source5x5-s401-424-20260716-1136-n0-d0-dep4-md128-it144-x1p00-s408-rg0,0,0,x225_multisupport_delta_confirmation_source,4,75497472,524288,Fresh measured 5x5 source grid for the sealed x225 multi-support Delta confirmation. Target losses are evaluation-only.,controlled_model_dim_source_prefix_smalln_5x5,4980784.0,4980784.0,0.0,0.162821576719,1,x225_multisupport_full_5x5_collection,,1.305337,12,144,75497472,1.0,physical_full_5x5_collection,0:0,0:0;0:1;0:2;0:3;0:4;1:0;1:1;1:2;1:3;1:4;2:0;2:1;2:2;2:3;2:4;3:0;3:1;3:2;3:3;3:4;4:0;4:1;4:2;4:3;4:4,x225_multisupport_confirmation,paired_train_seed,sealed_evaluation_only,Submit GPU jobs to gpumedium; do not use pilot/gpupilot.,4,400,-1,legacy_nominal_12N,A00_legacy,source_surface,5,2615,,,0.65,0.05
fsl_x225_schedule_a00_source5x5_s401_424_20260716_1136_n0-d1-dep4-md128-it216-x1p00-s408-rg0,source_delta_support_process_control,canonical,4,72,64,128,408,216,113246208,524288,16,2048,40,1,L,fsl-x225-schedule-a00-source5x5-s401-424-20260716-1136-n0-d1-dep4-md128-it216-x1p00-s408-rg0,0,1,x225_multisupport_delta_confirmation_source,4,113246208,524288,Fresh measured 5x5 source grid for the sealed x225 multi-support Delta confirmation. Target losses are evaluation-only.,controlled_model_dim_source_prefix_smalln_5x5,4980784.0,4980784.0,0.0,0.162821576719,2,x225_multisupport_full_5x5_collection,,1.305337,12,216,113246208,1.0,physical_full_5x5_collection,0:1,0:0;0:1;0:2;0:3;0:4;1:0;1:1;1:2;1:3;1:4;2:0;2:1;2:2;2:3;2:4;3:0;3:1;3:2;3:3;3:4;4:0;4:1;4:2;4:3;4:4,x225_multisupport_confirmation,paired_train_seed,sealed_evaluation_only,Submit GPU jobs to gpumedium; do not use pilot/gpupilot.,4,400,-1,legacy_nominal_12N,A00_legacy,source_surface,5,2615,,,0.65,0.05
fsl_x225_schedule_a00_source5x5_s401_424_20260716_1136_n0-d2-dep4-md128-it324-x1p00-s408-rg0,source_delta_support_process_control,canonical,4,72,64,128,408,324,169869312,524288,16,2048,40,1,L,fsl-x225-schedule-a00-source5x5-s401-424-20260716-1136-n0-d2-dep4-md128-it324-x1p00-s408-rg0,0,2,x225_multisupport_delta_confirmation_source,4,169869312,524288,Fresh measured 5x5 source grid for the sealed x225 multi-support Delta confirmation. Target losses are evaluation-only.,controlled_model_dim_source_prefix_smalln_5x5,4980784.0,4980784.0,0.0,0.162821576719,3,x225_multisupport_full_5x5_collection,,1.305337,12,324,169869312,1.0,physical_full_5x5_collection,0:2,0:0;0:1;0:2;0:3;0:4;1:0;1:1;1:2;1:3;1:4;2:0;2:1;2:2;2:3;2:4;3:0;3:1;3:2;3:3;3:4;4:0;4:1;4:2;4:3;4:4,x225_multisupport_confirmation,paired_train_seed,sealed_evaluation_only,Submit GPU jobs to gpumedium; do not use pilot/gpupilot.,4,400,-1,legacy_nominal_12N,A00_legacy,source_surface,5,2615,,,0.65,0.05
fsl_x225_schedule_a00_source5x5_s401_424_20260716_1136_n0-d3-dep4-md128-it486-x1p00-s408-rg0,source_delta_support_process_control,canonical,4,72,64,128,408,486,254803968,524288,16,2048,40,1,L,fsl-x225-schedule-a00-source5x5-s401-424-20260716-1136-n0-d3-dep4-md128-it486-x1p00-s408-rg0,0,3,x225_multisupport_delta_confirmation_source,4,254803968,524288,Fresh measured 5x5 source grid for the sealed x225 multi-support Delta confirmation. Target losses are evaluation-only.,controlled_model_dim_source_prefix_smalln_5x5,4980784.0,4980784.0,0.0,0.162821576719,4,x225_multisupport_full_5x5_collection,,1.305337,12,486,254803968,1.0,physical_full_5x5_collection,0:3,0:0;0:1;0:2;0:3;0:4;1:0;1:1;1:2;1:3;1:4;2:0;2:1;2:2;2:3;2:4;3:0;3:1;3:2;3:3;3:4;4:0;4:1;4:2;4:3;4:4,x225_multisupport_confirmation,paired_train_seed,sealed_evaluation_only,Submit GPU jobs to gpumedium; do not use pilot/gpupilot.,4,400,-1,legacy_nominal_12N,A00_legacy,source_surface,5,2615,,,0.65,0.05
fsl_x225_schedule_a00_source5x5_s401_424_20260716_1136_n0-d4-dep4-md128-it729-x1p00-s408-rg0,source_delta_support_process_control,canonical,4,72,64,128,408,729,382205952,524288,16,2048,40,1,L,fsl-x225-schedule-a00-source5x5-s401-424-20260716-1136-n0-d4-dep4-md128-it729-x1p00-s408-rg0,0,4,x225_multisupport_delta_confirmation_source,4,382205952,524288,Fresh measured 5x5 source grid for the sealed x225 multi-support Delta confirmation. Target losses are evaluation-only.,controlled_model_dim_source_prefix_smalln_5x5,4980784.0,4980784.0,0.0,0.162821576719,5,x225_multisupport_full_5x5_collection,,1.305337,12,729,382205952,1.0,physical_full_5x5_collection,0:4,0:0;0:1;0:2;0:3;0:4;1:0;1:1;1:2;1:3;1:4;2:0;2:1;2:2;2:3;2:4;3:0;3:1;3:2;3:3;3:4;4:0;4:1;4:2;4:3;4:4,x225_multisupport_confirmation,paired_train_seed,sealed_evaluation_only,Submit GPU jobs to gpumedium; do not use pilot/gpupilot.,4,400,-1,legacy_nominal_12N,A00_legacy,source_surface,5,2615,,,0.65,0.05
fsl_x225_schedule_a00_source5x5_s401_424_20260716_1136_n1-d0-dep4-md192-it144-x1p00-s408-rg0,source_delta_support_process_control,canonical,4,72,64,192,408,144,75497472,524288,16,2048,40,1,L,fsl-x225-schedule-a00-source5x5-s401-424-20260716-1136-n1-d0-dep4-md192-it144-x1p00-s408-rg0,1,0,x225_multisupport_delta_confirmation_source,4,75497472,524288,Fresh measured 5x5 source grid for the sealed x225 multi-support Delta confirmation. Target losses are evaluation-only.,controlled_model_dim_source_prefix_smalln_5x5,8061000.0,8061000.0,0.0,0.162821576719,6,x225_multisupport_full_5x5_collection,,1.305337,12,144,75497472,1.0,physical_full_5x5_collection,1:0,0:0;0:1;0:2;0:3;0:4;1:0;1:1;1:2;1:3;1:4;2:0;2:1;2:2;2:3;2:4;3:0;3:1;3:2;3:3;3:4;4:0;4:1;4:2;4:3;4:4,x225_multisupport_confirmation,paired_train_seed,sealed_evaluation_only,Submit GPU jobs to gpumedium; do not use pilot/gpupilot.,4,400,-1,legacy_nominal_12N,A00_legacy,source_surface,5,2615,,,0.65,0.05
fsl_x225_schedule_a00_source5x5_s401_424_20260716_1136_n1-d1-dep4-md192-it216-x1p00-s408-rg0,source_delta_support_process_control,canonical,4,72,64,192,408,216,113246208,524288,16,2048,40,1,L,fsl-x225-schedule-a00-source5x5-s401-424-20260716-1136-n1-d1-dep4-md192-it216-x1p00-s408-rg0,1,1,x225_multisupport_delta_confirmation_source,4,113246208,524288,Fresh measured 5x5 source grid for the sealed x225 multi-support Delta confirmation. Target losses are evaluation-only.,controlled_model_dim_source_prefix_smalln_5x5,8061000.0,8061000.0,0.0,0.162821576719,7,x225_multisupport_full_5x5_collection,,1.305337,12,216,113246208,1.0,physical_full_5x5_collection,1:1,0:0;0:1;0:2;0:3;0:4;1:0;1:1;1:2;1:3;1:4;2:0;2:1;2:2;2:3;2:4;3:0;3:1;3:2;3:3;3:4;4:0;4:1;4:2;4:3;4:4,x225_multisupport_confirmation,paired_train_seed,sealed_evaluation_only,Submit GPU jobs to gpumedium; do not use pilot/gpupilot.,4,400,-1,legacy_nominal_12N,A00_legacy,source_surface,5,2615,,,0.65,0.05
fsl_x225_schedule_a00_source5x5_s401_424_20260716_1136_n1-d2-dep4-md192-it324-x1p00-s408-rg0,source_delta_support_process_control,canonical,4,72,64,192,408,324,169869312,524288,16,2048,40,1,L,fsl-x225-schedule-a00-source5x5-s401-424-20260716-1136-n1-d2-dep4-md192-it324-x1p00-s408-rg0,1,2,x225_multisupport_delta_confirmation_source,4,169869312,524288,Fresh measured 5x5 source grid for the sealed x225 multi-support Delta confirmation. Target losses are evaluation-only.,controlled_model_dim_source_prefix_smalln_5x5,8061000.0,8061000.0,0.0,0.162821576719,8,x225_multisupport_full_5x5_collection,,1.305337,12,324,169869312,1.0,physical_full_5x5_collection,1:2,0:0;0:1;0:2;0:3;0:4;1:0;1:1;1:2;1:3;1:4;2:0;2:1;2:2;2:3;2:4;3:0;3:1;3:2;3:3;3:4;4:0;4:1;4:2;4:3;4:4,x225_multisupport_confirmation,paired_train_seed,sealed_evaluation_only,Submit GPU jobs to gpumedium; do not use pilot/gpupilot.,4,400,-1,legacy_nominal_12N,A00_legacy,source_surface,5,2615,,,0.65,0.05
fsl_x225_schedule_a00_source5x5_s401_424_20260716_1136_n1-d3-dep4-md192-it486-x1p00-s408-rg0,source_delta_support_process_control,canonical,4,72,64,192,408,486,254803968,524288,16,2048,40,1,L,fsl-x225-schedule-a00-source5x5-s401-424-20260716-1136-n1-d3-dep4-md192-it486-x1p00-s408-rg0,1,3,x225_multisupport_delta_confirmation_source,4,254803968,524288,Fresh measured 5x5 source grid for the sealed x225 multi-support Delta confirmation. Target losses are evaluation-only.,controlled_model_dim_source_prefix_smalln_5x5,8061000.0,8061000.0,0.0,0.162821576719,9,x225_multisupport_full_5x5_collection,,1.305337,12,486,254803968,1.0,physical_full_5x5_collection,1:3,0:0;0:1;0:2;0:3;0:4;1:0;1:1;1:2;1:3;1:4;2:0;2:1;2:2;2:3;2:4;3:0;3:1;3:2;3:3;3:4;4:0;4:1;4:2;4:3;4:4,x225_multisupport_confirmation,paired_train_seed,sealed_evaluation_only,Submit GPU jobs to gpumedium; do not use pilot/gpupilot.,4,400,-1,legacy_nominal_12N,A00_legacy,source_surface,5,2615,,,0.65,0.05
fsl_x225_schedule_a00_source5x5_s401_424_20260716_1136_n1-d4-dep4-md192-it729-x1p00-s408-rg0,source_delta_support_process_control,canonical,4,72,64,192,408,729,382205952,524288,16,2048,40,1,L,fsl-x225-schedule-a00-source5x5-s401-424-20260716-1136-n1-d4-dep4-md192-it729-x1p00-s408-rg0,1,4,x225_multisupport_delta_confirmation_source,4,382205952,524288,Fresh measured 5x5 source grid for the sealed x225 multi-support Delta confirmation. Target losses are evaluation-only.,controlled_model_dim_source_prefix_smalln_5x5,8061000.0,8061000.0,0.0,0.162821576719,10,x225_multisupport_full_5x5_collection,,1.305337,12,729,382205952,1.0,physical_full_5x5_collection,1:4,0:0;0:1;0:2;0:3;0:4;1:0;1:1;1:2;1:3;1:4;2:0;2:1;2:2;2:3;2:4;3:0;3:1;3:2;3:3;3:4;4:0;4:1;4:2;4:3;4:4,x225_multisupport_confirmation,paired_train_seed,sealed_evaluation_only,Submit GPU jobs to gpumedium; do not use pilot/gpupilot.,4,400,-1,legacy_nominal_12N,A00_legacy,source_surface,5,2615,,,0.65,0.05
fsl_x225_schedule_a00_source5x5_s401_424_20260716_1136_n2-d0-dep4-md320-it144-x1p00-s408-rg0,source_delta_support_process_control,canonical,4,72,64,320,408,144,75497472,524288,16,2048,40,1,L,fsl-x225-schedule-a00-source5x5-s401-424-20260716-1136-n2-d0-dep4-md320-it144-x1p00-s408-rg0,2,0,x225_multisupport_delta_confirmation_source,4,75497472,524288,Fresh measured 5x5 source grid for the sealed x225 multi-support Delta confirmation. Target losses are evaluation-only.,controlled_model_dim_source_prefix_smalln_5x5,15401080.0,15401080.0,0.0,0.162821576719,11,x225_multisupport_full_5x5_collection,,1.305337,12,144,75497472,1.0,physical_full_5x5_collection,2:0,0:0;0:1;0:2;0:3;0:4;1:0;1:1;1:2;1:3;1:4;2:0;2:1;2:2;2:3;2:4;3:0;3:1;3:2;3:3;3:4;4:0;4:1;4:2;4:3;4:4,x225_multisupport_confirmation,paired_train_seed,sealed_evaluation_only,Submit GPU jobs to gpumedium; do not use pilot/gpupilot.,4,400,-1,legacy_nominal_12N,A00_legacy,source_surface,5,2615,,,0.65,0.05
fsl_x225_schedule_a00_source5x5_s401_424_20260716_1136_n2-d1-dep4-md320-it216-x1p00-s408-rg0,source_delta_support_process_control,canonical,4,72,64,320,408,216,113246208,524288,16,2048,40,1,L,fsl-x225-schedule-a00-source5x5-s401-424-20260716-1136-n2-d1-dep4-md320-it216-x1p00-s408-rg0,2,1,x225_multisupport_delta_confirmation_source,4,113246208,524288,Fresh measured 5x5 source grid for the sealed x225 multi-support Delta confirmation. Target losses are evaluation-only.,controlled_model_dim_source_prefix_smalln_5x5,15401080.0,15401080.0,0.0,0.162821576719,12,x225_multisupport_full_5x5_collection,,1.305337,12,216,113246208,1.0,physical_full_5x5_collection,2:1,0:0;0:1;0:2;0:3;0:4;1:0;1:1;1:2;1:3;1:4;2:0;2:1;2:2;2:3;2:4;3:0;3:1;3:2;3:3;3:4;4:0;4:1;4:2;4:3;4:4,x225_multisupport_confirmation,paired_train_seed,sealed_evaluation_only,Submit GPU jobs to gpumedium; do not use pilot/gpupilot.,4,400,-1,legacy_nominal_12N,A00_legacy,source_surface,5,2615,,,0.65,0.05
fsl_x225_schedule_a00_source5x5_s401_424_20260716_1136_n2-d2-dep4-md320-it324-x1p00-s408-rg0,source_delta_support_process_control,canonical,4,72,64,320,408,324,169869312,524288,16,2048,40,1,L,fsl-x225-schedule-a00-source5x5-s401-424-20260716-1136-n2-d2-dep4-md320-it324-x1p00-s408-rg0,2,2,x225_multisupport_delta_confirmation_source,4,169869312,524288,Fresh measured 5x5 source grid for the sealed x225 multi-support Delta confirmation. Target losses are evaluation-only.,controlled_model_dim_source_prefix_smalln_5x5,15401080.0,15401080.0,0.0,0.162821576719,13,x225_multisupport_full_5x5_collection,,1.305337,12,324,169869312,1.0,physical_full_5x5_collection,2:2,0:0;0:1;0:2;0:3;0:4;1:0;1:1;1:2;1:3;1:4;2:0;2:1;2:2;2:3;2:4;3:0;3:1;3:2;3:3;3:4;4:0;4:1;4:2;4:3;4:4,x225_multisupport_confirmation,paired_train_seed,sealed_evaluation_only,Submit GPU jobs to gpumedium; do not use pilot/gpupilot.,4,400,-1,legacy_nominal_12N,A00_legacy,source_surface,5,2615,,,0.65,0.05
fsl_x225_schedule_a00_source5x5_s401_424_20260716_1136_n2-d3-dep4-md320-it486-x1p00-s408-rg0,source_delta_support_process_control,canonical,4,72,64,320,408,486,254803968,524288,16,2048,40,1,L,fsl-x225-schedule-a00-source5x5-s401-424-20260716-1136-n2-d3-dep4-md320-it486-x1p00-s408-rg0,2,3,x225_multisupport_delta_confirmation_source,4,254803968,524288,Fresh measured 5x5 source grid for the sealed x225 multi-support Delta confirmation. Target losses are evaluation-only.,controlled_model_dim_source_prefix_smalln_5x5,15401080.0,15401080.0,0.0,0.162821576719,14,x225_multisupport_full_5x5_collection,,1.305337,12,486,254803968,1.0,physical_full_5x5_collection,2:3,0:0;0:1;0:2;0:3;0:4;1:0;1:1;1:2;1:3;1:4;2:0;2:1;2:2;2:3;2:4;3:0;3:1;3:2;3:3;3:4;4:0;4:1;4:2;4:3;4:4,x225_multisupport_confirmation,paired_train_seed,sealed_evaluation_only,Submit GPU jobs to gpumedium; do not use pilot/gpupilot.,4,400,-1,legacy_nominal_12N,A00_legacy,source_surface,5,2615,,,0.65,0.05
fsl_x225_schedule_a00_source5x5_s401_424_20260716_1136_n2-d4-dep4-md320-it729-x1p00-s408-rg0,source_delta_support_process_control,canonical,4,72,64,320,408,729,382205952,524288,16,2048,40,1,L,fsl-x225-schedule-a00-source5x5-s401-424-20260716-1136-n2-d4-dep4-md320-it729-x1p00-s408-rg0,2,4,x225_multisupport_delta_confirmation_source,4,382205952,524288,Fresh measured 5x5 source grid for the sealed x225 multi-support Delta confirmation. Target losses are evaluation-only.,controlled_model_dim_source_prefix_smalln_5x5,15401080.0,15401080.0,0.0,0.162821576719,15,x225_multisupport_full_5x5_collection,,1.305337,12,729,382205952,1.0,physical_full_5x5_collection,2:4,0:0;0:1;0:2;0:3;0:4;1:0;1:1;1:2;1:3;1:4;2:0;2:1;2:2;2:3;2:4;3:0;3:1;3:2;3:3;3:4;4:0;4:1;4:2;4:3;4:4,x225_multisupport_confirmation,paired_train_seed,sealed_evaluation_only,Submit GPU jobs to gpumedium; do not use pilot/gpupilot.,4,400,-1,legacy_nominal_12N,A00_legacy,source_surface,5,2615,,,0.65,0.05
fsl_x225_schedule_a00_source5x5_s401_424_20260716_1136_n3-d0-dep4-md512-it144-x1p00-s408-rg0,source_delta_support_process_control,canonical,4,72,64,512,408,144,75497472,524288,16,2048,40,1,L,fsl-x225-schedule-a00-source5x5-s401-424-20260716-1136-n3-d0-dep4-md512-it144-x1p00-s408-rg0,3,0,x225_multisupport_delta_confirmation_source,4,75497472,524288,Fresh measured 5x5 source grid for the sealed x225 multi-support Delta confirmation. Target losses are evaluation-only.,controlled_model_dim_source_prefix_smalln_5x5,29360320.0,29360320.0,0.0,0.162821576719,16,x225_multisupport_full_5x5_collection,,1.305337,12,144,75497472,1.0,physical_full_5x5_collection,3:0,0:0;0:1;0:2;0:3;0:4;1:0;1:1;1:2;1:3;1:4;2:0;2:1;2:2;2:3;2:4;3:0;3:1;3:2;3:3;3:4;4:0;4:1;4:2;4:3;4:4,x225_multisupport_confirmation,paired_train_seed,sealed_evaluation_only,Submit GPU jobs to gpumedium; do not use pilot/gpupilot.,4,400,-1,legacy_nominal_12N,A00_legacy,source_surface,5,2615,,,0.65,0.05
fsl_x225_schedule_a00_source5x5_s401_424_20260716_1136_n3-d1-dep4-md512-it216-x1p00-s408-rg0,source_delta_support_process_control,canonical,4,72,64,512,408,216,113246208,524288,16,2048,40,1,L,fsl-x225-schedule-a00-source5x5-s401-424-20260716-1136-n3-d1-dep4-md512-it216-x1p00-s408-rg0,3,1,x225_multisupport_delta_confirmation_source,4,113246208,524288,Fresh measured 5x5 source grid for the sealed x225 multi-support Delta confirmation. Target losses are evaluation-only.,controlled_model_dim_source_prefix_smalln_5x5,29360320.0,29360320.0,0.0,0.162821576719,17,x225_multisupport_full_5x5_collection,,1.305337,12,216,113246208,1.0,physical_full_5x5_collection,3:1,0:0;0:1;0:2;0:3;0:4;1:0;1:1;1:2;1:3;1:4;2:0;2:1;2:2;2:3;2:4;3:0;3:1;3:2;3:3;3:4;4:0;4:1;4:2;4:3;4:4,x225_multisupport_confirmation,paired_train_seed,sealed_evaluation_only,Submit GPU jobs to gpumedium; do not use pilot/gpupilot.,4,400,-1,legacy_nominal_12N,A00_legacy,source_surface,5,2615,,,0.65,0.05
fsl_x225_schedule_a00_source5x5_s401_424_20260716_1136_n3-d2-dep4-md512-it324-x1p00-s408-rg0,source_delta_support_process_control,canonical,4,72,64,512,408,324,169869312,524288,16,2048,40,1,L,fsl-x225-schedule-a00-source5x5-s401-424-20260716-1136-n3-d2-dep4-md512-it324-x1p00-s408-rg0,3,2,x225_multisupport_delta_confirmation_source,4,169869312,524288,Fresh measured 5x5 source grid for the sealed x225 multi-support Delta confirmation. Target losses are evaluation-only.,controlled_model_dim_source_prefix_smalln_5x5,29360320.0,29360320.0,0.0,0.162821576719,18,x225_multisupport_full_5x5_collection,,1.305337,12,324,169869312,1.0,physical_full_5x5_collection,3:2,0:0;0:1;0:2;0:3;0:4;1:0;1:1;1:2;1:3;1:4;2:0;2:1;2:2;2:3;2:4;3:0;3:1;3:2;3:3;3:4;4:0;4:1;4:2;4:3;4:4,x225_multisupport_confirmation,paired_train_seed,sealed_evaluation_only,Submit GPU jobs to gpumedium; do not use pilot/gpupilot.,4,400,-1,legacy_nominal_12N,A00_legacy,source_surface,5,2615,,,0.65,0.05
fsl_x225_schedule_a00_source5x5_s401_424_20260716_1136_n3-d3-dep4-md512-it486-x1p00-s408-rg0,source_delta_support_process_control,canonical,4,72,64,512,408,486,254803968,524288,16,2048,40,1,L,fsl-x225-schedule-a00-source5x5-s401-424-20260716-1136-n3-d3-dep4-md512-it486-x1p00-s408-rg0,3,3,x225_multisupport_delta_confirmation_source,4,254803968,524288,Fresh measured 5x5 source grid for the sealed x225 multi-support Delta confirmation. Target losses are evaluation-only.,controlled_model_dim_source_prefix_smalln_5x5,29360320.0,29360320.0,0.0,0.162821576719,19,x225_multisupport_full_5x5_collection,,1.305337,12,486,254803968,1.0,physical_full_5x5_collection,3:3,0:0;0:1;0:2;0:3;0:4;1:0;1:1;1:2;1:3;1:4;2:0;2:1;2:2;2:3;2:4;3:0;3:1;3:2;3:3;3:4;4:0;4:1;4:2;4:3;4:4,x225_multisupport_confirmation,paired_train_seed,sealed_evaluation_only,Submit GPU jobs to gpumedium; do not use pilot/gpupilot.,4,400,-1,legacy_nominal_12N,A00_legacy,source_surface,5,2615,,,0.65,0.05
fsl_x225_schedule_a00_source5x5_s401_424_20260716_1136_n3-d4-dep4-md512-it729-x1p00-s408-rg0,source_delta_support_process_control,canonical,4,72,64,512,408,729,382205952,524288,16,2048,40,1,L,fsl-x225-schedule-a00-source5x5-s401-424-20260716-1136-n3-d4-dep4-md512-it729-x1p00-s408-rg0,3,4,x225_multisupport_delta_confirmation_source,4,382205952,524288,Fresh measured 5x5 source grid for the sealed x225 multi-support Delta confirmation. Target losses are evaluation-only.,controlled_model_dim_source_prefix_smalln_5x5,29360320.0,29360320.0,0.0,0.162821576719,20,x225_multisupport_full_5x5_collection,,1.305337,12,729,382205952,1.0,physical_full_5x5_collection,3:4,0:0;0:1;0:2;0:3;0:4;1:0;1:1;1:2;1:3;1:4;2:0;2:1;2:2;2:3;2:4;3:0;3:1;3:2;3:3;3:4;4:0;4:1;4:2;4:3;4:4,x225_multisupport_confirmation,paired_train_seed,sealed_evaluation_only,Submit GPU jobs to gpumedium; do not use pilot/gpupilot.,4,400,-1,legacy_nominal_12N,A00_legacy,source_surface,5,2615,,,0.65,0.05
fsl_x225_schedule_a00_source5x5_s401_424_20260716_1136_n4-d0-dep4-md704-it144-x1p00-s408-rg0,source_delta_support_process_control,canonical,4,72,64,704,408,144,75497472,524288,16,2048,40,1,L,fsl-x225-schedule-a00-source5x5-s401-424-20260716-1136-n4-d0-dep4-md704-it144-x1p00-s408-rg0,4,0,x225_multisupport_delta_confirmation_source,4,75497472,524288,Fresh measured 5x5 source grid for the sealed x225 multi-support Delta confirmation. Target losses are evaluation-only.,controlled_model_dim_source_prefix_smalln_5x5,46858504.0,46858504.0,0.0,0.162821576719,21,x225_multisupport_full_5x5_collection,,1.305337,12,144,75497472,1.0,physical_full_5x5_collection,4:0,0:0;0:1;0:2;0:3;0:4;1:0;1:1;1:2;1:3;1:4;2:0;2:1;2:2;2:3;2:4;3:0;3:1;3:2;3:3;3:4;4:0;4:1;4:2;4:3;4:4,x225_multisupport_confirmation,paired_train_seed,sealed_evaluation_only,Submit GPU jobs to gpumedium; do not use pilot/gpupilot.,4,400,-1,legacy_nominal_12N,A00_legacy,source_surface,5,2615,,,0.65,0.05
fsl_x225_schedule_a00_source5x5_s401_424_20260716_1136_n4-d1-dep4-md704-it216-x1p00-s408-rg0,source_delta_support_process_control,canonical,4,72,64,704,408,216,113246208,524288,16,2048,40,1,L,fsl-x225-schedule-a00-source5x5-s401-424-20260716-1136-n4-d1-dep4-md704-it216-x1p00-s408-rg0,4,1,x225_multisupport_delta_confirmation_source,4,113246208,524288,Fresh measured 5x5 source grid for the sealed x225 multi-support Delta confirmation. Target losses are evaluation-only.,controlled_model_dim_source_prefix_smalln_5x5,46858504.0,46858504.0,0.0,0.162821576719,22,x225_multisupport_full_5x5_collection,,1.305337,12,216,113246208,1.0,physical_full_5x5_collection,4:1,0:0;0:1;0:2;0:3;0:4;1:0;1:1;1:2;1:3;1:4;2:0;2:1;2:2;2:3;2:4;3:0;3:1;3:2;3:3;3:4;4:0;4:1;4:2;4:3;4:4,x225_multisupport_confirmation,paired_train_seed,sealed_evaluation_only,Submit GPU jobs to gpumedium; do not use pilot/gpupilot.,4,400,-1,legacy_nominal_12N,A00_legacy,source_surface,5,2615,,,0.65,0.05
fsl_x225_schedule_a00_source5x5_s401_424_20260716_1136_n4-d2-dep4-md704-it324-x1p00-s408-rg0,source_delta_support_process_control,canonical,4,72,64,704,408,324,169869312,524288,16,2048,40,1,L,fsl-x225-schedule-a00-source5x5-s401-424-20260716-1136-n4-d2-dep4-md704-it324-x1p00-s408-rg0,4,2,x225_multisupport_delta_confirmation_source,4,169869312,524288,Fresh measured 5x5 source grid for the sealed x225 multi-support Delta confirmation. Target losses are evaluation-only.,controlled_model_dim_source_prefix_smalln_5x5,46858504.0,46858504.0,0.0,0.162821576719,23,x225_multisupport_full_5x5_collection,,1.305337,12,324,169869312,1.0,physical_full_5x5_collection,4:2,0:0;0:1;0:2;0:3;0:4;1:0;1:1;1:2;1:3;1:4;2:0;2:1;2:2;2:3;2:4;3:0;3:1;3:2;3:3;3:4;4:0;4:1;4:2;4:3;4:4,x225_multisupport_confirmation,paired_train_seed,sealed_evaluation_only,Submit GPU jobs to gpumedium; do not use pilot/gpupilot.,4,400,-1,legacy_nominal_12N,A00_legacy,source_surface,5,2615,,,0.65,0.05
fsl_x225_schedule_a00_source5x5_s401_424_20260716_1136_n4-d3-dep4-md704-it486-x1p00-s408-rg0,source_delta_support_process_control,canonical,4,72,64,704,408,486,254803968,524288,16,2048,40,1,L,fsl-x225-schedule-a00-source5x5-s401-424-20260716-1136-n4-d3-dep4-md704-it486-x1p00-s408-rg0,4,3,x225_multisupport_delta_confirmation_source,4,254803968,524288,Fresh measured 5x5 source grid for the sealed x225 multi-support Delta confirmation. Target losses are evaluation-only.,controlled_model_dim_source_prefix_smalln_5x5,46858504.0,46858504.0,0.0,0.162821576719,24,x225_multisupport_full_5x5_collection,,1.305337,12,486,254803968,1.0,physical_full_5x5_collection,4:3,0:0;0:1;0:2;0:3;0:4;1:0;1:1;1:2;1:3;1:4;2:0;2:1;2:2;2:3;2:4;3:0;3:1;3:2;3:3;3:4;4:0;4:1;4:2;4:3;4:4,x225_multisupport_confirmation,paired_train_seed,sealed_evaluation_only,Submit GPU jobs to gpumedium; do not use pilot/gpupilot.,4,400,-1,legacy_nominal_12N,A00_legacy,source_surface,5,2615,,,0.65,0.05
fsl_x225_schedule_a00_source5x5_s401_424_20260716_1136_n4-d4-dep4-md704-it729-x1p00-s408-rg0,source_delta_support_process_control,canonical,4,72,64,704,408,729,382205952,524288,16,2048,40,1,L,fsl-x225-schedule-a00-source5x5-s401-424-20260716-1136-n4-d4-dep4-md704-it729-x1p00-s408-rg0,4,4,x225_multisupport_delta_confirmation_source,4,382205952,524288,Fresh measured 5x5 source grid for the sealed x225 multi-support Delta confirmation. Target losses are evaluation-only.,controlled_model_dim_source_prefix_smalln_5x5,46858504.0,46858504.0,0.0,0.162821576719,25,x225_multisupport_full_5x5_collection,,1.305337,12,729,382205952,1.0,physical_full_5x5_collection,4:4,0:0;0:1;0:2;0:3;0:4;1:0;1:1;1:2;1:3;1:4;2:0;2:1;2:2;2:3;2:4;3:0;3:1;3:2;3:3;3:4;4:0;4:1;4:2;4:3;4:4,x225_multisupport_confirmation,paired_train_seed,sealed_evaluation_only,Submit GPU jobs to gpumedium; do not use pilot/gpupilot.,4,400,-1,legacy_nominal_12N,A00_legacy,source_surface,5,2615,,,0.65,0.05
fsl_x225_schedule_a00_source5x5_s401_424_20260716_1136_n0-d0-dep4-md128-it144-x1p00-s409-rg0,source_delta_support_process_control,canonical,4,72,64,128,409,144,75497472,524288,16,2048,40,1,L,fsl-x225-schedule-a00-source5x5-s401-424-20260716-1136-n0-d0-dep4-md128-it144-x1p00-s409-rg0,0,0,x225_multisupport_delta_confirmation_source,4,75497472,524288,Fresh measured 5x5 source grid for the sealed x225 multi-support Delta confirmation. Target losses are evaluation-only.,controlled_model_dim_source_prefix_smalln_5x5,4980784.0,4980784.0,0.0,0.162821576719,1,x225_multisupport_full_5x5_collection,,1.305337,16,144,75497472,1.0,physical_full_5x5_collection,0:0,0:0;0:1;0:2;0:3;0:4;1:0;1:1;1:2;1:3;1:4;2:0;2:1;2:2;2:3;2:4;3:0;3:1;3:2;3:3;3:4;4:0;4:1;4:2;4:3;4:4,x225_multisupport_confirmation,paired_train_seed,sealed_evaluation_only,Submit GPU jobs to gpumedium; do not use pilot/gpupilot.,5,400,-1,legacy_nominal_12N,A00_legacy,source_surface,5,2615,,,0.65,0.05
fsl_x225_schedule_a00_source5x5_s401_424_20260716_1136_n0-d1-dep4-md128-it216-x1p00-s409-rg0,source_delta_support_process_control,canonical,4,72,64,128,409,216,113246208,524288,16,2048,40,1,L,fsl-x225-schedule-a00-source5x5-s401-424-20260716-1136-n0-d1-dep4-md128-it216-x1p00-s409-rg0,0,1,x225_multisupport_delta_confirmation_source,4,113246208,524288,Fresh measured 5x5 source grid for the sealed x225 multi-support Delta confirmation. Target losses are evaluation-only.,controlled_model_dim_source_prefix_smalln_5x5,4980784.0,4980784.0,0.0,0.162821576719,2,x225_multisupport_full_5x5_collection,,1.305337,16,216,113246208,1.0,physical_full_5x5_collection,0:1,0:0;0:1;0:2;0:3;0:4;1:0;1:1;1:2;1:3;1:4;2:0;2:1;2:2;2:3;2:4;3:0;3:1;3:2;3:3;3:4;4:0;4:1;4:2;4:3;4:4,x225_multisupport_confirmation,paired_train_seed,sealed_evaluation_only,Submit GPU jobs to gpumedium; do not use pilot/gpupilot.,5,400,-1,legacy_nominal_12N,A00_legacy,source_surface,5,2615,,,0.65,0.05
fsl_x225_schedule_a00_source5x5_s401_424_20260716_1136_n0-d2-dep4-md128-it324-x1p00-s409-rg0,source_delta_support_process_control,canonical,4,72,64,128,409,324,169869312,524288,16,2048,40,1,L,fsl-x225-schedule-a00-source5x5-s401-424-20260716-1136-n0-d2-dep4-md128-it324-x1p00-s409-rg0,0,2,x225_multisupport_delta_confirmation_source,4,169869312,524288,Fresh measured 5x5 source grid for the sealed x225 multi-support Delta confirmation. Target losses are evaluation-only.,controlled_model_dim_source_prefix_smalln_5x5,4980784.0,4980784.0,0.0,0.162821576719,3,x225_multisupport_full_5x5_collection,,1.305337,16,324,169869312,1.0,physical_full_5x5_collection,0:2,0:0;0:1;0:2;0:3;0:4;1:0;1:1;1:2;1:3;1:4;2:0;2:1;2:2;2:3;2:4;3:0;3:1;3:2;3:3;3:4;4:0;4:1;4:2;4:3;4:4,x225_multisupport_confirmation,paired_train_seed,sealed_evaluation_only,Submit GPU jobs to gpumedium; do not use pilot/gpupilot.,5,400,-1,legacy_nominal_12N,A00_legacy,source_surface,5,2615,,,0.65,0.05
fsl_x225_schedule_a00_source5x5_s401_424_20260716_1136_n0-d3-dep4-md128-it486-x1p00-s409-rg0,source_delta_support_process_control,canonical,4,72,64,128,409,486,254803968,524288,16,2048,40,1,L,fsl-x225-schedule-a00-source5x5-s401-424-20260716-1136-n0-d3-dep4-md128-it486-x1p00-s409-rg0,0,3,x225_multisupport_delta_confirmation_source,4,254803968,524288,Fresh measured 5x5 source grid for the sealed x225 multi-support Delta confirmation. Target losses are evaluation-only.,controlled_model_dim_source_prefix_smalln_5x5,4980784.0,4980784.0,0.0,0.162821576719,4,x225_multisupport_full_5x5_collection,,1.305337,16,486,254803968,1.0,physical_full_5x5_collection,0:3,0:0;0:1;0:2;0:3;0:4;1:0;1:1;1:2;1:3;1:4;2:0;2:1;2:2;2:3;2:4;3:0;3:1;3:2;3:3;3:4;4:0;4:1;4:2;4:3;4:4,x225_multisupport_confirmation,paired_train_seed,sealed_evaluation_only,Submit GPU jobs to gpumedium; do not use pilot/gpupilot.,5,400,-1,legacy_nominal_12N,A00_legacy,source_surface,5,2615,,,0.65,0.05
fsl_x225_schedule_a00_source5x5_s401_424_20260716_1136_n0-d4-dep4-md128-it729-x1p00-s409-rg0,source_delta_support_process_control,canonical,4,72,64,128,409,729,382205952,524288,16,2048,40,1,L,fsl-x225-schedule-a00-source5x5-s401-424-20260716-1136-n0-d4-dep4-md128-it729-x1p00-s409-rg0,0,4,x225_multisupport_delta_confirmation_source,4,382205952,524288,Fresh measured 5x5 source grid for the sealed x225 multi-support Delta confirmation. Target losses are evaluation-only.,controlled_model_dim_source_prefix_smalln_5x5,4980784.0,4980784.0,0.0,0.162821576719,5,x225_multisupport_full_5x5_collection,,1.305337,16,729,382205952,1.0,physical_full_5x5_collection,0:4,0:0;0:1;0:2;0:3;0:4;1:0;1:1;1:2;1:3;1:4;2:0;2:1;2:2;2:3;2:4;3:0;3:1;3:2;3:3;3:4;4:0;4:1;4:2;4:3;4:4,x225_multisupport_confirmation,paired_train_seed,sealed_evaluation_only,Submit GPU jobs to gpumedium; do not use pilot/gpupilot.,5,400,-1,legacy_nominal_12N,A00_legacy,source_surface,5,2615,,,0.65,0.05
fsl_x225_schedule_a00_source5x5_s401_424_20260716_1136_n1-d0-dep4-md192-it144-x1p00-s409-rg0,source_delta_support_process_control,canonical,4,72,64,192,409,144,75497472,524288,16,2048,40,1,L,fsl-x225-schedule-a00-source5x5-s401-424-20260716-1136-n1-d0-dep4-md192-it144-x1p00-s409-rg0,1,0,x225_multisupport_delta_confirmation_source,4,75497472,524288,Fresh measured 5x5 source grid for the sealed x225 multi-support Delta confirmation. Target losses are evaluation-only.,controlled_model_dim_source_prefix_smalln_5x5,8061000.0,8061000.0,0.0,0.162821576719,6,x225_multisupport_full_5x5_collection,,1.305337,16,144,75497472,1.0,physical_full_5x5_collection,1:0,0:0;0:1;0:2;0:3;0:4;1:0;1:1;1:2;1:3;1:4;2:0;2:1;2:2;2:3;2:4;3:0;3:1;3:2;3:3;3:4;4:0;4:1;4:2;4:3;4:4,x225_multisupport_confirmation,paired_train_seed,sealed_evaluation_only,Submit GPU jobs to gpumedium; do not use pilot/gpupilot.,5,400,-1,legacy_nominal_12N,A00_legacy,source_surface,5,2615,,,0.65,0.05
fsl_x225_schedule_a00_source5x5_s401_424_20260716_1136_n1-d1-dep4-md192-it216-x1p00-s409-rg0,source_delta_support_process_control,canonical,4,72,64,192,409,216,113246208,524288,16,2048,40,1,L,fsl-x225-schedule-a00-source5x5-s401-424-20260716-1136-n1-d1-dep4-md192-it216-x1p00-s409-rg0,1,1,x225_multisupport_delta_confirmation_source,4,113246208,524288,Fresh measured 5x5 source grid for the sealed x225 multi-support Delta confirmation. Target losses are evaluation-only.,controlled_model_dim_source_prefix_smalln_5x5,8061000.0,8061000.0,0.0,0.162821576719,7,x225_multisupport_full_5x5_collection,,1.305337,16,216,113246208,1.0,physical_full_5x5_collection,1:1,0:0;0:1;0:2;0:3;0:4;1:0;1:1;1:2;1:3;1:4;2:0;2:1;2:2;2:3;2:4;3:0;3:1;3:2;3:3;3:4;4:0;4:1;4:2;4:3;4:4,x225_multisupport_confirmation,paired_train_seed,sealed_evaluation_only,Submit GPU jobs to gpumedium; do not use pilot/gpupilot.,5,400,-1,legacy_nominal_12N,A00_legacy,source_surface,5,2615,,,0.65,0.05
fsl_x225_schedule_a00_source5x5_s401_424_20260716_1136_n1-d2-dep4-md192-it324-x1p00-s409-rg0,source_delta_support_process_control,canonical,4,72,64,192,409,324,169869312,524288,16,2048,40,1,L,fsl-x225-schedule-a00-source5x5-s401-424-20260716-1136-n1-d2-dep4-md192-it324-x1p00-s409-rg0,1,2,x225_multisupport_delta_confirmation_source,4,169869312,524288,Fresh measured 5x5 source grid for the sealed x225 multi-support Delta confirmation. Target losses are evaluation-only.,controlled_model_dim_source_prefix_smalln_5x5,8061000.0,8061000.0,0.0,0.162821576719,8,x225_multisupport_full_5x5_collection,,1.305337,16,324,169869312,1.0,physical_full_5x5_collection,1:2,0:0;0:1;0:2;0:3;0:4;1:0;1:1;1:2;1:3;1:4;2:0;2:1;2:2;2:3;2:4;3:0;3:1;3:2;3:3;3:4;4:0;4:1;4:2;4:3;4:4,x225_multisupport_confirmation,paired_train_seed,sealed_evaluation_only,Submit GPU jobs to gpumedium; do not use pilot/gpupilot.,5,400,-1,legacy_nominal_12N,A00_legacy,source_surface,5,2615,,,0.65,0.05
fsl_x225_schedule_a00_source5x5_s401_424_20260716_1136_n1-d3-dep4-md192-it486-x1p00-s409-rg0,source_delta_support_process_control,canonical,4,72,64,192,409,486,254803968,524288,16,2048,40,1,L,fsl-x225-schedule-a00-source5x5-s401-424-20260716-1136-n1-d3-dep4-md192-it486-x1p00-s409-rg0,1,3,x225_multisupport_delta_confirmation_source,4,254803968,524288,Fresh measured 5x5 source grid for the sealed x225 multi-support Delta confirmation. Target losses are evaluation-only.,controlled_model_dim_source_prefix_smalln_5x5,8061000.0,8061000.0,0.0,0.162821576719,9,x225_multisupport_full_5x5_collection,,1.305337,16,486,254803968,1.0,physical_full_5x5_collection,1:3,0:0;0:1;0:2;0:3;0:4;1:0;1:1;1:2;1:3;1:4;2:0;2:1;2:2;2:3;2:4;3:0;3:1;3:2;3:3;3:4;4:0;4:1;4:2;4:3;4:4,x225_multisupport_confirmation,paired_train_seed,sealed_evaluation_only,Submit GPU jobs to gpumedium; do not use pilot/gpupilot.,5,400,-1,legacy_nominal_12N,A00_legacy,source_surface,5,2615,,,0.65,0.05
fsl_x225_schedule_a00_source5x5_s401_424_20260716_1136_n1-d4-dep4-md192-it729-x1p00-s409-rg0,source_delta_support_process_control,canonical,4,72,64,192,409,729,382205952,524288,16,2048,40,1,L,fsl-x225-schedule-a00-source5x5-s401-424-20260716-1136-n1-d4-dep4-md192-it729-x1p00-s409-rg0,1,4,x225_multisupport_delta_confirmation_source,4,382205952,524288,Fresh measured 5x5 source grid for the sealed x225 multi-support Delta confirmation. Target losses are evaluation-only.,controlled_model_dim_source_prefix_smalln_5x5,8061000.0,8061000.0,0.0,0.162821576719,10,x225_multisupport_full_5x5_collection,,1.305337,16,729,382205952,1.0,physical_full_5x5_collection,1:4,0:0;0:1;0:2;0:3;0:4;1:0;1:1;1:2;1:3;1:4;2:0;2:1;2:2;2:3;2:4;3:0;3:1;3:2;3:3;3:4;4:0;4:1;4:2;4:3;4:4,x225_multisupport_confirmation,paired_train_seed,sealed_evaluation_only,Submit GPU jobs to gpumedium; do not use pilot/gpupilot.,5,400,-1,legacy_nominal_12N,A00_legacy,source_surface,5,2615,,,0.65,0.05
fsl_x225_schedule_a00_source5x5_s401_424_20260716_1136_n2-d0-dep4-md320-it144-x1p00-s409-rg0,source_delta_support_process_control,canonical,4,72,64,320,409,144,75497472,524288,16,2048,40,1,L,fsl-x225-schedule-a00-source5x5-s401-424-20260716-1136-n2-d0-dep4-md320-it144-x1p00-s409-rg0,2,0,x225_multisupport_delta_confirmation_source,4,75497472,524288,Fresh measured 5x5 source grid for the sealed x225 multi-support Delta confirmation. Target losses are evaluation-only.,controlled_model_dim_source_prefix_smalln_5x5,15401080.0,15401080.0,0.0,0.162821576719,11,x225_multisupport_full_5x5_collection,,1.305337,16,144,75497472,1.0,physical_full_5x5_collection,2:0,0:0;0:1;0:2;0:3;0:4;1:0;1:1;1:2;1:3;1:4;2:0;2:1;2:2;2:3;2:4;3:0;3:1;3:2;3:3;3:4;4:0;4:1;4:2;4:3;4:4,x225_multisupport_confirmation,paired_train_seed,sealed_evaluation_only,Submit GPU jobs to gpumedium; do not use pilot/gpupilot.,5,400,-1,legacy_nominal_12N,A00_legacy,source_surface,5,2615,,,0.65,0.05
fsl_x225_schedule_a00_source5x5_s401_424_20260716_1136_n2-d1-dep4-md320-it216-x1p00-s409-rg0,source_delta_support_process_control,canonical,4,72,64,320,409,216,113246208,524288,16,2048,40,1,L,fsl-x225-schedule-a00-source5x5-s401-424-20260716-1136-n2-d1-dep4-md320-it216-x1p00-s409-rg0,2,1,x225_multisupport_delta_confirmation_source,4,113246208,524288,Fresh measured 5x5 source grid for the sealed x225 multi-support Delta confirmation. Target losses are evaluation-only.,controlled_model_dim_source_prefix_smalln_5x5,15401080.0,15401080.0,0.0,0.162821576719,12,x225_multisupport_full_5x5_collection,,1.305337,16,216,113246208,1.0,physical_full_5x5_collection,2:1,0:0;0:1;0:2;0:3;0:4;1:0;1:1;1:2;1:3;1:4;2:0;2:1;2:2;2:3;2:4;3:0;3:1;3:2;3:3;3:4;4:0;4:1;4:2;4:3;4:4,x225_multisupport_confirmation,paired_train_seed,sealed_evaluation_only,Submit GPU jobs to gpumedium; do not use pilot/gpupilot.,5,400,-1,legacy_nominal_12N,A00_legacy,source_surface,5,2615,,,0.65,0.05
fsl_x225_schedule_a00_source5x5_s401_424_20260716_1136_n2-d2-dep4-md320-it324-x1p00-s409-rg0,source_delta_support_process_control,canonical,4,72,64,320,409,324,169869312,524288,16,2048,40,1,L,fsl-x225-schedule-a00-source5x5-s401-424-20260716-1136-n2-d2-dep4-md320-it324-x1p00-s409-rg0,2,2,x225_multisupport_delta_confirmation_source,4,169869312,524288,Fresh measured 5x5 source grid for the sealed x225 multi-support Delta confirmation. Target losses are evaluation-only.,controlled_model_dim_source_prefix_smalln_5x5,15401080.0,15401080.0,0.0,0.162821576719,13,x225_multisupport_full_5x5_collection,,1.305337,16,324,169869312,1.0,physical_full_5x5_collection,2:2,0:0;0:1;0:2;0:3;0:4;1:0;1:1;1:2;1:3;1:4;2:0;2:1;2:2;2:3;2:4;3:0;3:1;3:2;3:3;3:4;4:0;4:1;4:2;4:3;4:4,x225_multisupport_confirmation,paired_train_seed,sealed_evaluation_only,Submit GPU jobs to gpumedium; do not use pilot/gpupilot.,5,400,-1,legacy_nominal_12N,A00_legacy,source_surface,5,2615,,,0.65,0.05
fsl_x225_schedule_a00_source5x5_s401_424_20260716_1136_n2-d3-dep4-md320-it486-x1p00-s409-rg0,source_delta_support_process_control,canonical,4,72,64,320,409,486,254803968,524288,16,2048,40,1,L,fsl-x225-schedule-a00-source5x5-s401-424-20260716-1136-n2-d3-dep4-md320-it486-x1p00-s409-rg0,2,3,x225_multisupport_delta_confirmation_source,4,254803968,524288,Fresh measured 5x5 source grid for the sealed x225 multi-support Delta confirmation. Target losses are evaluation-only.,controlled_model_dim_source_prefix_smalln_5x5,15401080.0,15401080.0,0.0,0.162821576719,14,x225_multisupport_full_5x5_collection,,1.305337,16,486,254803968,1.0,physical_full_5x5_collection,2:3,0:0;0:1;0:2;0:3;0:4;1:0;1:1;1:2;1:3;1:4;2:0;2:1;2:2;2:3;2:4;3:0;3:1;3:2;3:3;3:4;4:0;4:1;4:2;4:3;4:4,x225_multisupport_confirmation,paired_train_seed,sealed_evaluation_only,Submit GPU jobs to gpumedium; do not use pilot/gpupilot.,5,400,-1,legacy_nominal_12N,A00_legacy,source_surface,5,2615,,,0.65,0.05
fsl_x225_schedule_a00_source5x5_s401_424_20260716_1136_n2-d4-dep4-md320-it729-x1p00-s409-rg0,source_delta_support_process_control,canonical,4,72,64,320,409,729,382205952,524288,16,2048,40,1,L,fsl-x225-schedule-a00-source5x5-s401-424-20260716-1136-n2-d4-dep4-md320-it729-x1p00-s409-rg0,2,4,x225_multisupport_delta_confirmation_source,4,382205952,524288,Fresh measured 5x5 source grid for the sealed x225 multi-support Delta confirmation. Target losses are evaluation-only.,controlled_model_dim_source_prefix_smalln_5x5,15401080.0,15401080.0,0.0,0.162821576719,15,x225_multisupport_full_5x5_collection,,1.305337,16,729,382205952,1.0,physical_full_5x5_collection,2:4,0:0;0:1;0:2;0:3;0:4;1:0;1:1;1:2;1:3;1:4;2:0;2:1;2:2;2:3;2:4;3:0;3:1;3:2;3:3;3:4;4:0;4:1;4:2;4:3;4:4,x225_multisupport_confirmation,paired_train_seed,sealed_evaluation_only,Submit GPU jobs to gpumedium; do not use pilot/gpupilot.,5,400,-1,legacy_nominal_12N,A00_legacy,source_surface,5,2615,,,0.65,0.05
fsl_x225_schedule_a00_source5x5_s401_424_20260716_1136_n3-d0-dep4-md512-it144-x1p00-s409-rg0,source_delta_support_process_control,canonical,4,72,64,512,409,144,75497472,524288,16,2048,40,1,L,fsl-x225-schedule-a00-source5x5-s401-424-20260716-1136-n3-d0-dep4-md512-it144-x1p00-s409-rg0,3,0,x225_multisupport_delta_confirmation_source,4,75497472,524288,Fresh measured 5x5 source grid for the sealed x225 multi-support Delta confirmation. Target losses are evaluation-only.,controlled_model_dim_source_prefix_smalln_5x5,29360320.0,29360320.0,0.0,0.162821576719,16,x225_multisupport_full_5x5_collection,,1.305337,16,144,75497472,1.0,physical_full_5x5_collection,3:0,0:0;0:1;0:2;0:3;0:4;1:0;1:1;1:2;1:3;1:4;2:0;2:1;2:2;2:3;2:4;3:0;3:1;3:2;3:3;3:4;4:0;4:1;4:2;4:3;4:4,x225_multisupport_confirmation,paired_train_seed,sealed_evaluation_only,Submit GPU jobs to gpumedium; do not use pilot/gpupilot.,5,400,-1,legacy_nominal_12N,A00_legacy,source_surface,5,2615,,,0.65,0.05
fsl_x225_schedule_a00_source5x5_s401_424_20260716_1136_n3-d1-dep4-md512-it216-x1p00-s409-rg0,source_delta_support_process_control,canonical,4,72,64,512,409,216,113246208,524288,16,2048,40,1,L,fsl-x225-schedule-a00-source5x5-s401-424-20260716-1136-n3-d1-dep4-md512-it216-x1p00-s409-rg0,3,1,x225_multisupport_delta_confirmation_source,4,113246208,524288,Fresh measured 5x5 source grid for the sealed x225 multi-support Delta confirmation. Target losses are evaluation-only.,controlled_model_dim_source_prefix_smalln_5x5,29360320.0,29360320.0,0.0,0.162821576719,17,x225_multisupport_full_5x5_collection,,1.305337,16,216,113246208,1.0,physical_full_5x5_collection,3:1,0:0;0:1;0:2;0:3;0:4;1:0;1:1;1:2;1:3;1:4;2:0;2:1;2:2;2:3;2:4;3:0;3:1;3:2;3:3;3:4;4:0;4:1;4:2;4:3;4:4,x225_multisupport_confirmation,paired_train_seed,sealed_evaluation_only,Submit GPU jobs to gpumedium; do not use pilot/gpupilot.,5,400,-1,legacy_nominal_12N,A00_legacy,source_surface,5,2615,,,0.65,0.05
fsl_x225_schedule_a00_source5x5_s401_424_20260716_1136_n3-d2-dep4-md512-it324-x1p00-s409-rg0,source_delta_support_process_control,canonical,4,72,64,512,409,324,169869312,524288,16,2048,40,1,L,fsl-x225-schedule-a00-source5x5-s401-424-20260716-1136-n3-d2-dep4-md512-it324-x1p00-s409-rg0,3,2,x225_multisupport_delta_confirmation_source,4,169869312,524288,Fresh measured 5x5 source grid for the sealed x225 multi-support Delta confirmation. Target losses are evaluation-only.,controlled_model_dim_source_prefix_smalln_5x5,29360320.0,29360320.0,0.0,0.162821576719,18,x225_multisupport_full_5x5_collection,,1.305337,16,324,169869312,1.0,physical_full_5x5_collection,3:2,0:0;0:1;0:2;0:3;0:4;1:0;1:1;1:2;1:3;1:4;2:0;2:1;2:2;2:3;2:4;3:0;3:1;3:2;3:3;3:4;4:0;4:1;4:2;4:3;4:4,x225_multisupport_confirmation,paired_train_seed,sealed_evaluation_only,Submit GPU jobs to gpumedium; do not use pilot/gpupilot.,5,400,-1,legacy_nominal_12N,A00_legacy,source_surface,5,2615,,,0.65,0.05
fsl_x225_schedule_a00_source5x5_s401_424_20260716_1136_n3-d3-dep4-md512-it486-x1p00-s409-rg0,source_delta_support_process_control,canonical,4,72,64,512,409,486,254803968,524288,16,2048,40,1,L,fsl-x225-schedule-a00-source5x5-s401-424-20260716-1136-n3-d3-dep4-md512-it486-x1p00-s409-rg0,3,3,x225_multisupport_delta_confirmation_source,4,254803968,524288,Fresh measured 5x5 source grid for the sealed x225 multi-support Delta confirmation. Target losses are evaluation-only.,controlled_model_dim_source_prefix_smalln_5x5,29360320.0,29360320.0,0.0,0.162821576719,19,x225_multisupport_full_5x5_collection,,1.305337,16,486,254803968,1.0,physical_full_5x5_collection,3:3,0:0;0:1;0:2;0:3;0:4;1:0;1:1;1:2;1:3;1:4;2:0;2:1;2:2;2:3;2:4;3:0;3:1;3:2;3:3;3:4;4:0;4:1;4:2;4:3;4:4,x225_multisupport_confirmation,paired_train_seed,sealed_evaluation_only,Submit GPU jobs to gpumedium; do not use pilot/gpupilot.,5,400,-1,legacy_nominal_12N,A00_legacy,source_surface,5,2615,,,0.65,0.05
fsl_x225_schedule_a00_source5x5_s401_424_20260716_1136_n3-d4-dep4-md512-it729-x1p00-s409-rg0,source_delta_support_process_control,canonical,4,72,64,512,409,729,382205952,524288,16,2048,40,1,L,fsl-x225-schedule-a00-source5x5-s401-424-20260716-1136-n3-d4-dep4-md512-it729-x1p00-s409-rg0,3,4,x225_multisupport_delta_confirmation_source,4,382205952,524288,Fresh measured 5x5 source grid for the sealed x225 multi-support Delta confirmation. Target losses are evaluation-only.,controlled_model_dim_source_prefix_smalln_5x5,29360320.0,29360320.0,0.0,0.162821576719,20,x225_multisupport_full_5x5_collection,,1.305337,16,729,382205952,1.0,physical_full_5x5_collection,3:4,0:0;0:1;0:2;0:3;0:4;1:0;1:1;1:2;1:3;1:4;2:0;2:1;2:2;2:3;2:4;3:0;3:1;3:2;3:3;3:4;4:0;4:1;4:2;4:3;4:4,x225_multisupport_confirmation,paired_train_seed,sealed_evaluation_only,Submit GPU jobs to gpumedium; do not use pilot/gpupilot.,5,400,-1,legacy_nominal_12N,A00_legacy,source_surface,5,2615,,,0.65,0.05
fsl_x225_schedule_a00_source5x5_s401_424_20260716_1136_n4-d0-dep4-md704-it144-x1p00-s409-rg0,source_delta_support_process_control,canonical,4,72,64,704,409,144,75497472,524288,16,2048,40,1,L,fsl-x225-schedule-a00-source5x5-s401-424-20260716-1136-n4-d0-dep4-md704-it144-x1p00-s409-rg0,4,0,x225_multisupport_delta_confirmation_source,4,75497472,524288,Fresh measured 5x5 source grid for the sealed x225 multi-support Delta confirmation. Target losses are evaluation-only.,controlled_model_dim_source_prefix_smalln_5x5,46858504.0,46858504.0,0.0,0.162821576719,21,x225_multisupport_full_5x5_collection,,1.305337,16,144,75497472,1.0,physical_full_5x5_collection,4:0,0:0;0:1;0:2;0:3;0:4;1:0;1:1;1:2;1:3;1:4;2:0;2:1;2:2;2:3;2:4;3:0;3:1;3:2;3:3;3:4;4:0;4:1;4:2;4:3;4:4,x225_multisupport_confirmation,paired_train_seed,sealed_evaluation_only,Submit GPU jobs to gpumedium; do not use pilot/gpupilot.,5,400,-1,legacy_nominal_12N,A00_legacy,source_surface,5,2615,,,0.65,0.05
fsl_x225_schedule_a00_source5x5_s401_424_20260716_1136_n4-d1-dep4-md704-it216-x1p00-s409-rg0,source_delta_support_process_control,canonical,4,72,64,704,409,216,113246208,524288,16,2048,40,1,L,fsl-x225-schedule-a00-source5x5-s401-424-20260716-1136-n4-d1-dep4-md704-it216-x1p00-s409-rg0,4,1,x225_multisupport_delta_confirmation_source,4,113246208,524288,Fresh measured 5x5 source grid for the sealed x225 multi-support Delta confirmation. Target losses are evaluation-only.,controlled_model_dim_source_prefix_smalln_5x5,46858504.0,46858504.0,0.0,0.162821576719,22,x225_multisupport_full_5x5_collection,,1.305337,16,216,113246208,1.0,physical_full_5x5_collection,4:1,0:0;0:1;0:2;0:3;0:4;1:0;1:1;1:2;1:3;1:4;2:0;2:1;2:2;2:3;2:4;3:0;3:1;3:2;3:3;3:4;4:0;4:1;4:2;4:3;4:4,x225_multisupport_confirmation,paired_train_seed,sealed_evaluation_only,Submit GPU jobs to gpumedium; do not use pilot/gpupilot.,5,400,-1,legacy_nominal_12N,A00_legacy,source_surface,5,2615,,,0.65,0.05
fsl_x225_schedule_a00_source5x5_s401_424_20260716_1136_n4-d2-dep4-md704-it324-x1p00-s409-rg0,source_delta_support_process_control,canonical,4,72,64,704,409,324,169869312,524288,16,2048,40,1,L,fsl-x225-schedule-a00-source5x5-s401-424-20260716-1136-n4-d2-dep4-md704-it324-x1p00-s409-rg0,4,2,x225_multisupport_delta_confirmation_source,4,169869312,524288,Fresh measured 5x5 source grid for the sealed x225 multi-support Delta confirmation. Target losses are evaluation-only.,controlled_model_dim_source_prefix_smalln_5x5,46858504.0,46858504.0,0.0,0.162821576719,23,x225_multisupport_full_5x5_collection,,1.305337,16,324,169869312,1.0,physical_full_5x5_collection,4:2,0:0;0:1;0:2;0:3;0:4;1:0;1:1;1:2;1:3;1:4;2:0;2:1;2:2;2:3;2:4;3:0;3:1;3:2;3:3;3:4;4:0;4:1;4:2;4:3;4:4,x225_multisupport_confirmation,paired_train_seed,sealed_evaluation_only,Submit GPU jobs to gpumedium; do not use pilot/gpupilot.,5,400,-1,legacy_nominal_12N,A00_legacy,source_surface,5,2615,,,0.65,0.05
fsl_x225_schedule_a00_source5x5_s401_424_20260716_1136_n4-d3-dep4-md704-it486-x1p00-s409-rg0,source_delta_support_process_control,canonical,4,72,64,704,409,486,254803968,524288,16,2048,40,1,L,fsl-x225-schedule-a00-source5x5-s401-424-20260716-1136-n4-d3-dep4-md704-it486-x1p00-s409-rg0,4,3,x225_multisupport_delta_confirmation_source,4,254803968,524288,Fresh measured 5x5 source grid for the sealed x225 multi-support Delta confirmation. Target losses are evaluation-only.,controlled_model_dim_source_prefix_smalln_5x5,46858504.0,46858504.0,0.0,0.162821576719,24,x225_multisupport_full_5x5_collection,,1.305337,16,486,254803968,1.0,physical_full_5x5_collection,4:3,0:0;0:1;0:2;0:3;0:4;1:0;1:1;1:2;1:3;1:4;2:0;2:1;2:2;2:3;2:4;3:0;3:1;3:2;3:3;3:4;4:0;4:1;4:2;4:3;4:4,x225_multisupport_confirmation,paired_train_seed,sealed_evaluation_only,Submit GPU jobs to gpumedium; do not use pilot/gpupilot.,5,400,-1,legacy_nominal_12N,A00_legacy,source_surface,5,2615,,,0.65,0.05
fsl_x225_schedule_a00_source5x5_s401_424_20260716_1136_n4-d4-dep4-md704-it729-x1p00-s409-rg0,source_delta_support_process_control,canonical,4,72,64,704,409,729,382205952,524288,16,2048,40,1,L,fsl-x225-schedule-a00-source5x5-s401-424-20260716-1136-n4-d4-dep4-md704-it729-x1p00-s409-rg0,4,4,x225_multisupport_delta_confirmation_source,4,382205952,524288,Fresh measured 5x5 source grid for the sealed x225 multi-support Delta confirmation. Target losses are evaluation-only.,controlled_model_dim_source_prefix_smalln_5x5,46858504.0,46858504.0,0.0,0.162821576719,25,x225_multisupport_full_5x5_collection,,1.305337,16,729,382205952,1.0,physical_full_5x5_collection,4:4,0:0;0:1;0:2;0:3;0:4;1:0;1:1;1:2;1:3;1:4;2:0;2:1;2:2;2:3;2:4;3:0;3:1;3:2;3:3;3:4;4:0;4:1;4:2;4:3;4:4,x225_multisupport_confirmation,paired_train_seed,sealed_evaluation_only,Submit GPU jobs to gpumedium; do not use pilot/gpupilot.,5,400,-1,legacy_nominal_12N,A00_legacy,source_surface,5,2615,,,0.65,0.05
fsl_x225_schedule_a00_source5x5_s401_424_20260716_1136_n0-d0-dep4-md128-it144-x1p00-s410-rg0,source_delta_support_process_control,canonical,4,72,64,128,410,144,75497472,524288,16,2048,40,1,L,fsl-x225-schedule-a00-source5x5-s401-424-20260716-1136-n0-d0-dep4-md128-it144-x1p00-s410-rg0,0,0,x225_multisupport_delta_confirmation_source,4,75497472,524288,Fresh measured 5x5 source grid for the sealed x225 multi-support Delta confirmation. Target losses are evaluation-only.,controlled_model_dim_source_prefix_smalln_5x5,4980784.0,4980784.0,0.0,0.162821576719,1,x225_multisupport_full_5x5_collection,,1.305337,16,144,75497472,1.0,physical_full_5x5_collection,0:0,0:0;0:1;0:2;0:3;0:4;1:0;1:1;1:2;1:3;1:4;2:0;2:1;2:2;2:3;2:4;3:0;3:1;3:2;3:3;3:4;4:0;4:1;4:2;4:3;4:4,x225_multisupport_confirmation,paired_train_seed,sealed_evaluation_only,Submit GPU jobs to gpumedium; do not use pilot/gpupilot.,5,400,-1,legacy_nominal_12N,A00_legacy,source_surface,5,2615,,,0.65,0.05
fsl_x225_schedule_a00_source5x5_s401_424_20260716_1136_n0-d1-dep4-md128-it216-x1p00-s410-rg0,source_delta_support_process_control,canonical,4,72,64,128,410,216,113246208,524288,16,2048,40,1,L,fsl-x225-schedule-a00-source5x5-s401-424-20260716-1136-n0-d1-dep4-md128-it216-x1p00-s410-rg0,0,1,x225_multisupport_delta_confirmation_source,4,113246208,524288,Fresh measured 5x5 source grid for the sealed x225 multi-support Delta confirmation. Target losses are evaluation-only.,controlled_model_dim_source_prefix_smalln_5x5,4980784.0,4980784.0,0.0,0.162821576719,2,x225_multisupport_full_5x5_collection,,1.305337,16,216,113246208,1.0,physical_full_5x5_collection,0:1,0:0;0:1;0:2;0:3;0:4;1:0;1:1;1:2;1:3;1:4;2:0;2:1;2:2;2:3;2:4;3:0;3:1;3:2;3:3;3:4;4:0;4:1;4:2;4:3;4:4,x225_multisupport_confirmation,paired_train_seed,sealed_evaluation_only,Submit GPU jobs to gpumedium; do not use pilot/gpupilot.,5,400,-1,legacy_nominal_12N,A00_legacy,source_surface,5,2615,,,0.65,0.05
fsl_x225_schedule_a00_source5x5_s401_424_20260716_1136_n0-d2-dep4-md128-it324-x1p00-s410-rg0,source_delta_support_process_control,canonical,4,72,64,128,410,324,169869312,524288,16,2048,40,1,L,fsl-x225-schedule-a00-source5x5-s401-424-20260716-1136-n0-d2-dep4-md128-it324-x1p00-s410-rg0,0,2,x225_multisupport_delta_confirmation_source,4,169869312,524288,Fresh measured 5x5 source grid for the sealed x225 multi-support Delta confirmation. Target losses are evaluation-only.,controlled_model_dim_source_prefix_smalln_5x5,4980784.0,4980784.0,0.0,0.162821576719,3,x225_multisupport_full_5x5_collection,,1.305337,16,324,169869312,1.0,physical_full_5x5_collection,0:2,0:0;0:1;0:2;0:3;0:4;1:0;1:1;1:2;1:3;1:4;2:0;2:1;2:2;2:3;2:4;3:0;3:1;3:2;3:3;3:4;4:0;4:1;4:2;4:3;4:4,x225_multisupport_confirmation,paired_train_seed,sealed_evaluation_only,Submit GPU jobs to gpumedium; do not use pilot/gpupilot.,5,400,-1,legacy_nominal_12N,A00_legacy,source_surface,5,2615,,,0.65,0.05
fsl_x225_schedule_a00_source5x5_s401_424_20260716_1136_n0-d3-dep4-md128-it486-x1p00-s410-rg0,source_delta_support_process_control,canonical,4,72,64,128,410,486,254803968,524288,16,2048,40,1,L,fsl-x225-schedule-a00-source5x5-s401-424-20260716-1136-n0-d3-dep4-md128-it486-x1p00-s410-rg0,0,3,x225_multisupport_delta_confirmation_source,4,254803968,524288,Fresh measured 5x5 source grid for the sealed x225 multi-support Delta confirmation. Target losses are evaluation-only.,controlled_model_dim_source_prefix_smalln_5x5,4980784.0,4980784.0,0.0,0.162821576719,4,x225_multisupport_full_5x5_collection,,1.305337,16,486,254803968,1.0,physical_full_5x5_collection,0:3,0:0;0:1;0:2;0:3;0:4;1:0;1:1;1:2;1:3;1:4;2:0;2:1;2:2;2:3;2:4;3:0;3:1;3:2;3:3;3:4;4:0;4:1;4:2;4:3;4:4,x225_multisupport_confirmation,paired_train_seed,sealed_evaluation_only,Submit GPU jobs to gpumedium; do not use pilot/gpupilot.,5,400,-1,legacy_nominal_12N,A00_legacy,source_surface,5,2615,,,0.65,0.05
fsl_x225_schedule_a00_source5x5_s401_424_20260716_1136_n0-d4-dep4-md128-it729-x1p00-s410-rg0,source_delta_support_process_control,canonical,4,72,64,128,410,729,382205952,524288,16,2048,40,1,L,fsl-x225-schedule-a00-source5x5-s401-424-20260716-1136-n0-d4-dep4-md128-it729-x1p00-s410-rg0,0,4,x225_multisupport_delta_confirmation_source,4,382205952,524288,Fresh measured 5x5 source grid for the sealed x225 multi-support Delta confirmation. Target losses are evaluation-only.,controlled_model_dim_source_prefix_smalln_5x5,4980784.0,4980784.0,0.0,0.162821576719,5,x225_multisupport_full_5x5_collection,,1.305337,16,729,382205952,1.0,physical_full_5x5_collection,0:4,0:0;0:1;0:2;0:3;0:4;1:0;1:1;1:2;1:3;1:4;2:0;2:1;2:2;2:3;2:4;3:0;3:1;3:2;3:3;3:4;4:0;4:1;4:2;4:3;4:4,x225_multisupport_confirmation,paired_train_seed,sealed_evaluation_only,Submit GPU jobs to gpumedium; do not use pilot/gpupilot.,5,400,-1,legacy_nominal_12N,A00_legacy,source_surface,5,2615,,,0.65,0.05
fsl_x225_schedule_a00_source5x5_s401_424_20260716_1136_n1-d0-dep4-md192-it144-x1p00-s410-rg0,source_delta_support_process_control,canonical,4,72,64,192,410,144,75497472,524288,16,2048,40,1,L,fsl-x225-schedule-a00-source5x5-s401-424-20260716-1136-n1-d0-dep4-md192-it144-x1p00-s410-rg0,1,0,x225_multisupport_delta_confirmation_source,4,75497472,524288,Fresh measured 5x5 source grid for the sealed x225 multi-support Delta confirmation. Target losses are evaluation-only.,controlled_model_dim_source_prefix_smalln_5x5,8061000.0,8061000.0,0.0,0.162821576719,6,x225_multisupport_full_5x5_collection,,1.305337,16,144,75497472,1.0,physical_full_5x5_collection,1:0,0:0;0:1;0:2;0:3;0:4;1:0;1:1;1:2;1:3;1:4;2:0;2:1;2:2;2:3;2:4;3:0;3:1;3:2;3:3;3:4;4:0;4:1;4:2;4:3;4:4,x225_multisupport_confirmation,paired_train_seed,sealed_evaluation_only,Submit GPU jobs to gpumedium; do not use pilot/gpupilot.,5,400,-1,legacy_nominal_12N,A00_legacy,source_surface,5,2615,,,0.65,0.05
fsl_x225_schedule_a00_source5x5_s401_424_20260716_1136_n1-d1-dep4-md192-it216-x1p00-s410-rg0,source_delta_support_process_control,canonical,4,72,64,192,410,216,113246208,524288,16,2048,40,1,L,fsl-x225-schedule-a00-source5x5-s401-424-20260716-1136-n1-d1-dep4-md192-it216-x1p00-s410-rg0,1,1,x225_multisupport_delta_confirmation_source,4,113246208,524288,Fresh measured 5x5 source grid for the sealed x225 multi-support Delta confirmation. Target losses are evaluation-only.,controlled_model_dim_source_prefix_smalln_5x5,8061000.0,8061000.0,0.0,0.162821576719,7,x225_multisupport_full_5x5_collection,,1.305337,16,216,113246208,1.0,physical_full_5x5_collection,1:1,0:0;0:1;0:2;0:3;0:4;1:0;1:1;1:2;1:3;1:4;2:0;2:1;2:2;2:3;2:4;3:0;3:1;3:2;3:3;3:4;4:0;4:1;4:2;4:3;4:4,x225_multisupport_confirmation,paired_train_seed,sealed_evaluation_only,Submit GPU jobs to gpumedium; do not use pilot/gpupilot.,5,400,-1,legacy_nominal_12N,A00_legacy,source_surface,5,2615,,,0.65,0.05
fsl_x225_schedule_a00_source5x5_s401_424_20260716_1136_n1-d2-dep4-md192-it324-x1p00-s410-rg0,source_delta_support_process_control,canonical,4,72,64,192,410,324,169869312,524288,16,2048,40,1,L,fsl-x225-schedule-a00-source5x5-s401-424-20260716-1136-n1-d2-dep4-md192-it324-x1p00-s410-rg0,1,2,x225_multisupport_delta_confirmation_source,4,169869312,524288,Fresh measured 5x5 source grid for the sealed x225 multi-support Delta confirmation. Target losses are evaluation-only.,controlled_model_dim_source_prefix_smalln_5x5,8061000.0,8061000.0,0.0,0.162821576719,8,x225_multisupport_full_5x5_collection,,1.305337,16,324,169869312,1.0,physical_full_5x5_collection,1:2,0:0;0:1;0:2;0:3;0:4;1:0;1:1;1:2;1:3;1:4;2:0;2:1;2:2;2:3;2:4;3:0;3:1;3:2;3:3;3:4;4:0;4:1;4:2;4:3;4:4,x225_multisupport_confirmation,paired_train_seed,sealed_evaluation_only,Submit GPU jobs to gpumedium; do not use pilot/gpupilot.,5,400,-1,legacy_nominal_12N,A00_legacy,source_surface,5,2615,,,0.65,0.05
fsl_x225_schedule_a00_source5x5_s401_424_20260716_1136_n1-d3-dep4-md192-it486-x1p00-s410-rg0,source_delta_support_process_control,canonical,4,72,64,192,410,486,254803968,524288,16,2048,40,1,L,fsl-x225-schedule-a00-source5x5-s401-424-20260716-1136-n1-d3-dep4-md192-it486-x1p00-s410-rg0,1,3,x225_multisupport_delta_confirmation_source,4,254803968,524288,Fresh measured 5x5 source grid for the sealed x225 multi-support Delta confirmation. Target losses are evaluation-only.,controlled_model_dim_source_prefix_smalln_5x5,8061000.0,8061000.0,0.0,0.162821576719,9,x225_multisupport_full_5x5_collection,,1.305337,16,486,254803968,1.0,physical_full_5x5_collection,1:3,0:0;0:1;0:2;0:3;0:4;1:0;1:1;1:2;1:3;1:4;2:0;2:1;2:2;2:3;2:4;3:0;3:1;3:2;3:3;3:4;4:0;4:1;4:2;4:3;4:4,x225_multisupport_confirmation,paired_train_seed,sealed_evaluation_only,Submit GPU jobs to gpumedium; do not use pilot/gpupilot.,5,400,-1,legacy_nominal_12N,A00_legacy,source_surface,5,2615,,,0.65,0.05
fsl_x225_schedule_a00_source5x5_s401_424_20260716_1136_n1-d4-dep4-md192-it729-x1p00-s410-rg0,source_delta_support_process_control,canonical,4,72,64,192,410,729,382205952,524288,16,2048,40,1,L,fsl-x225-schedule-a00-source5x5-s401-424-20260716-1136-n1-d4-dep4-md192-it729-x1p00-s410-rg0,1,4,x225_multisupport_delta_confirmation_source,4,382205952,524288,Fresh measured 5x5 source grid for the sealed x225 multi-support Delta confirmation. Target losses are evaluation-only.,controlled_model_dim_source_prefix_smalln_5x5,8061000.0,8061000.0,0.0,0.162821576719,10,x225_multisupport_full_5x5_collection,,1.305337,16,729,382205952,1.0,physical_full_5x5_collection,1:4,0:0;0:1;0:2;0:3;0:4;1:0;1:1;1:2;1:3;1:4;2:0;2:1;2:2;2:3;2:4;3:0;3:1;3:2;3:3;3:4;4:0;4:1;4:2;4:3;4:4,x225_multisupport_confirmation,paired_train_seed,sealed_evaluation_only,Submit GPU jobs to gpumedium; do not use pilot/gpupilot.,5,400,-1,legacy_nominal_12N,A00_legacy,source_surface,5,2615,,,0.65,0.05
fsl_x225_schedule_a00_source5x5_s401_424_20260716_1136_n2-d0-dep4-md320-it144-x1p00-s410-rg0,source_delta_support_process_control,canonical,4,72,64,320,410,144,75497472,524288,16,2048,40,1,L,fsl-x225-schedule-a00-source5x5-s401-424-20260716-1136-n2-d0-dep4-md320-it144-x1p00-s410-rg0,2,0,x225_multisupport_delta_confirmation_source,4,75497472,524288,Fresh measured 5x5 source grid for the sealed x225 multi-support Delta confirmation. Target losses are evaluation-only.,controlled_model_dim_source_prefix_smalln_5x5,15401080.0,15401080.0,0.0,0.162821576719,11,x225_multisupport_full_5x5_collection,,1.305337,16,144,75497472,1.0,physical_full_5x5_collection,2:0,0:0;0:1;0:2;0:3;0:4;1:0;1:1;1:2;1:3;1:4;2:0;2:1;2:2;2:3;2:4;3:0;3:1;3:2;3:3;3:4;4:0;4:1;4:2;4:3;4:4,x225_multisupport_confirmation,paired_train_seed,sealed_evaluation_only,Submit GPU jobs to gpumedium; do not use pilot/gpupilot.,5,400,-1,legacy_nominal_12N,A00_legacy,source_surface,5,2615,,,0.65,0.05
fsl_x225_schedule_a00_source5x5_s401_424_20260716_1136_n2-d1-dep4-md320-it216-x1p00-s410-rg0,source_delta_support_process_control,canonical,4,72,64,320,410,216,113246208,524288,16,2048,40,1,L,fsl-x225-schedule-a00-source5x5-s401-424-20260716-1136-n2-d1-dep4-md320-it216-x1p00-s410-rg0,2,1,x225_multisupport_delta_confirmation_source,4,113246208,524288,Fresh measured 5x5 source grid for the sealed x225 multi-support Delta confirmation. Target losses are evaluation-only.,controlled_model_dim_source_prefix_smalln_5x5,15401080.0,15401080.0,0.0,0.162821576719,12,x225_multisupport_full_5x5_collection,,1.305337,16,216,113246208,1.0,physical_full_5x5_collection,2:1,0:0;0:1;0:2;0:3;0:4;1:0;1:1;1:2;1:3;1:4;2:0;2:1;2:2;2:3;2:4;3:0;3:1;3:2;3:3;3:4;4:0;4:1;4:2;4:3;4:4,x225_multisupport_confirmation,paired_train_seed,sealed_evaluation_only,Submit GPU jobs to gpumedium; do not use pilot/gpupilot.,5,400,-1,legacy_nominal_12N,A00_legacy,source_surface,5,2615,,,0.65,0.05
fsl_x225_schedule_a00_source5x5_s401_424_20260716_1136_n2-d2-dep4-md320-it324-x1p00-s410-rg0,source_delta_support_process_control,canonical,4,72,64,320,410,324,169869312,524288,16,2048,40,1,L,fsl-x225-schedule-a00-source5x5-s401-424-20260716-1136-n2-d2-dep4-md320-it324-x1p00-s410-rg0,2,2,x225_multisupport_delta_confirmation_source,4,169869312,524288,Fresh measured 5x5 source grid for the sealed x225 multi-support Delta confirmation. Target losses are evaluation-only.,controlled_model_dim_source_prefix_smalln_5x5,15401080.0,15401080.0,0.0,0.162821576719,13,x225_multisupport_full_5x5_collection,,1.305337,16,324,169869312,1.0,physical_full_5x5_collection,2:2,0:0;0:1;0:2;0:3;0:4;1:0;1:1;1:2;1:3;1:4;2:0;2:1;2:2;2:3;2:4;3:0;3:1;3:2;3:3;3:4;4:0;4:1;4:2;4:3;4:4,x225_multisupport_confirmation,paired_train_seed,sealed_evaluation_only,Submit GPU jobs to gpumedium; do not use pilot/gpupilot.,5,400,-1,legacy_nominal_12N,A00_legacy,source_surface,5,2615,,,0.65,0.05
fsl_x225_schedule_a00_source5x5_s401_424_20260716_1136_n2-d3-dep4-md320-it486-x1p00-s410-rg0,source_delta_support_process_control,canonical,4,72,64,320,410,486,254803968,524288,16,2048,40,1,L,fsl-x225-schedule-a00-source5x5-s401-424-20260716-1136-n2-d3-dep4-md320-it486-x1p00-s410-rg0,2,3,x225_multisupport_delta_confirmation_source,4,254803968,524288,Fresh measured 5x5 source grid for the sealed x225 multi-support Delta confirmation. Target losses are evaluation-only.,controlled_model_dim_source_prefix_smalln_5x5,15401080.0,15401080.0,0.0,0.162821576719,14,x225_multisupport_full_5x5_collection,,1.305337,16,486,254803968,1.0,physical_full_5x5_collection,2:3,0:0;0:1;0:2;0:3;0:4;1:0;1:1;1:2;1:3;1:4;2:0;2:1;2:2;2:3;2:4;3:0;3:1;3:2;3:3;3:4;4:0;4:1;4:2;4:3;4:4,x225_multisupport_confirmation,paired_train_seed,sealed_evaluation_only,Submit GPU jobs to gpumedium; do not use pilot/gpupilot.,5,400,-1,legacy_nominal_12N,A00_legacy,source_surface,5,2615,,,0.65,0.05
fsl_x225_schedule_a00_source5x5_s401_424_20260716_1136_n2-d4-dep4-md320-it729-x1p00-s410-rg0,source_delta_support_process_control,canonical,4,72,64,320,410,729,382205952,524288,16,2048,40,1,L,fsl-x225-schedule-a00-source5x5-s401-424-20260716-1136-n2-d4-dep4-md320-it729-x1p00-s410-rg0,2,4,x225_multisupport_delta_confirmation_source,4,382205952,524288,Fresh measured 5x5 source grid for the sealed x225 multi-support Delta confirmation. Target losses are evaluation-only.,controlled_model_dim_source_prefix_smalln_5x5,15401080.0,15401080.0,0.0,0.162821576719,15,x225_multisupport_full_5x5_collection,,1.305337,16,729,382205952,1.0,physical_full_5x5_collection,2:4,0:0;0:1;0:2;0:3;0:4;1:0;1:1;1:2;1:3;1:4;2:0;2:1;2:2;2:3;2:4;3:0;3:1;3:2;3:3;3:4;4:0;4:1;4:2;4:3;4:4,x225_multisupport_confirmation,paired_train_seed,sealed_evaluation_only,Submit GPU jobs to gpumedium; do not use pilot/gpupilot.,5,400,-1,legacy_nominal_12N,A00_legacy,source_surface,5,2615,,,0.65,0.05
fsl_x225_schedule_a00_source5x5_s401_424_20260716_1136_n3-d0-dep4-md512-it144-x1p00-s410-rg0,source_delta_support_process_control,canonical,4,72,64,512,410,144,75497472,524288,16,2048,40,1,L,fsl-x225-schedule-a00-source5x5-s401-424-20260716-1136-n3-d0-dep4-md512-it144-x1p00-s410-rg0,3,0,x225_multisupport_delta_confirmation_source,4,75497472,524288,Fresh measured 5x5 source grid for the sealed x225 multi-support Delta confirmation. Target losses are evaluation-only.,controlled_model_dim_source_prefix_smalln_5x5,29360320.0,29360320.0,0.0,0.162821576719,16,x225_multisupport_full_5x5_collection,,1.305337,16,144,75497472,1.0,physical_full_5x5_collection,3:0,0:0;0:1;0:2;0:3;0:4;1:0;1:1;1:2;1:3;1:4;2:0;2:1;2:2;2:3;2:4;3:0;3:1;3:2;3:3;3:4;4:0;4:1;4:2;4:3;4:4,x225_multisupport_confirmation,paired_train_seed,sealed_evaluation_only,Submit GPU jobs to gpumedium; do not use pilot/gpupilot.,5,400,-1,legacy_nominal_12N,A00_legacy,source_surface,5,2615,,,0.65,0.05
fsl_x225_schedule_a00_source5x5_s401_424_20260716_1136_n3-d1-dep4-md512-it216-x1p00-s410-rg0,source_delta_support_process_control,canonical,4,72,64,512,410,216,113246208,524288,16,2048,40,1,L,fsl-x225-schedule-a00-source5x5-s401-424-20260716-1136-n3-d1-dep4-md512-it216-x1p00-s410-rg0,3,1,x225_multisupport_delta_confirmation_source,4,113246208,524288,Fresh measured 5x5 source grid for the sealed x225 multi-support Delta confirmation. Target losses are evaluation-only.,controlled_model_dim_source_prefix_smalln_5x5,29360320.0,29360320.0,0.0,0.162821576719,17,x225_multisupport_full_5x5_collection,,1.305337,16,216,113246208,1.0,physical_full_5x5_collection,3:1,0:0;0:1;0:2;0:3;0:4;1:0;1:1;1:2;1:3;1:4;2:0;2:1;2:2;2:3;2:4;3:0;3:1;3:2;3:3;3:4;4:0;4:1;4:2;4:3;4:4,x225_multisupport_confirmation,paired_train_seed,sealed_evaluation_only,Submit GPU jobs to gpumedium; do not use pilot/gpupilot.,5,400,-1,legacy_nominal_12N,A00_legacy,source_surface,5,2615,,,0.65,0.05
fsl_x225_schedule_a00_source5x5_s401_424_20260716_1136_n3-d2-dep4-md512-it324-x1p00-s410-rg0,source_delta_support_process_control,canonical,4,72,64,512,410,324,169869312,524288,16,2048,40,1,L,fsl-x225-schedule-a00-source5x5-s401-424-20260716-1136-n3-d2-dep4-md512-it324-x1p00-s410-rg0,3,2,x225_multisupport_delta_confirmation_source,4,169869312,524288,Fresh measured 5x5 source grid for the sealed x225 multi-support Delta confirmation. Target losses are evaluation-only.,controlled_model_dim_source_prefix_smalln_5x5,29360320.0,29360320.0,0.0,0.162821576719,18,x225_multisupport_full_5x5_collection,,1.305337,16,324,169869312,1.0,physical_full_5x5_collection,3:2,0:0;0:1;0:2;0:3;0:4;1:0;1:1;1:2;1:3;1:4;2:0;2:1;2:2;2:3;2:4;3:0;3:1;3:2;3:3;3:4;4:0;4:1;4:2;4:3;4:4,x225_multisupport_confirmation,paired_train_seed,sealed_evaluation_only,Submit GPU jobs to gpumedium; do not use pilot/gpupilot.,5,400,-1,legacy_nominal_12N,A00_legacy,source_surface,5,2615,,,0.65,0.05
fsl_x225_schedule_a00_source5x5_s401_424_20260716_1136_n3-d3-dep4-md512-it486-x1p00-s410-rg0,source_delta_support_process_control,canonical,4,72,64,512,410,486,254803968,524288,16,2048,40,1,L,fsl-x225-schedule-a00-source5x5-s401-424-20260716-1136-n3-d3-dep4-md512-it486-x1p00-s410-rg0,3,3,x225_multisupport_delta_confirmation_source,4,254803968,524288,Fresh measured 5x5 source grid for the sealed x225 multi-support Delta confirmation. Target losses are evaluation-only.,controlled_model_dim_source_prefix_smalln_5x5,29360320.0,29360320.0,0.0,0.162821576719,19,x225_multisupport_full_5x5_collection,,1.305337,16,486,254803968,1.0,physical_full_5x5_collection,3:3,0:0;0:1;0:2;0:3;0:4;1:0;1:1;1:2;1:3;1:4;2:0;2:1;2:2;2:3;2:4;3:0;3:1;3:2;3:3;3:4;4:0;4:1;4:2;4:3;4:4,x225_multisupport_confirmation,paired_train_seed,sealed_evaluation_only,Submit GPU jobs to gpumedium; do not use pilot/gpupilot.,5,400,-1,legacy_nominal_12N,A00_legacy,source_surface,5,2615,,,0.65,0.05
fsl_x225_schedule_a00_source5x5_s401_424_20260716_1136_n3-d4-dep4-md512-it729-x1p00-s410-rg0,source_delta_support_process_control,canonical,4,72,64,512,410,729,382205952,524288,16,2048,40,1,L,fsl-x225-schedule-a00-source5x5-s401-424-20260716-1136-n3-d4-dep4-md512-it729-x1p00-s410-rg0,3,4,x225_multisupport_delta_confirmation_source,4,382205952,524288,Fresh measured 5x5 source grid for the sealed x225 multi-support Delta confirmation. Target losses are evaluation-only.,controlled_model_dim_source_prefix_smalln_5x5,29360320.0,29360320.0,0.0,0.162821576719,20,x225_multisupport_full_5x5_collection,,1.305337,16,729,382205952,1.0,physical_full_5x5_collection,3:4,0:0;0:1;0:2;0:3;0:4;1:0;1:1;1:2;1:3;1:4;2:0;2:1;2:2;2:3;2:4;3:0;3:1;3:2;3:3;3:4;4:0;4:1;4:2;4:3;4:4,x225_multisupport_confirmation,paired_train_seed,sealed_evaluation_only,Submit GPU jobs to gpumedium; do not use pilot/gpupilot.,5,400,-1,legacy_nominal_12N,A00_legacy,source_surface,5,2615,,,0.65,0.05
fsl_x225_schedule_a00_source5x5_s401_424_20260716_1136_n4-d0-dep4-md704-it144-x1p00-s410-rg0,source_delta_support_process_control,canonical,4,72,64,704,410,144,75497472,524288,16,2048,40,1,L,fsl-x225-schedule-a00-source5x5-s401-424-20260716-1136-n4-d0-dep4-md704-it144-x1p00-s410-rg0,4,0,x225_multisupport_delta_confirmation_source,4,75497472,524288,Fresh measured 5x5 source grid for the sealed x225 multi-support Delta confirmation. Target losses are evaluation-only.,controlled_model_dim_source_prefix_smalln_5x5,46858504.0,46858504.0,0.0,0.162821576719,21,x225_multisupport_full_5x5_collection,,1.305337,16,144,75497472,1.0,physical_full_5x5_collection,4:0,0:0;0:1;0:2;0:3;0:4;1:0;1:1;1:2;1:3;1:4;2:0;2:1;2:2;2:3;2:4;3:0;3:1;3:2;3:3;3:4;4:0;4:1;4:2;4:3;4:4,x225_multisupport_confirmation,paired_train_seed,sealed_evaluation_only,Submit GPU jobs to gpumedium; do not use pilot/gpupilot.,5,400,-1,legacy_nominal_12N,A00_legacy,source_surface,5,2615,,,0.65,0.05
fsl_x225_schedule_a00_source5x5_s401_424_20260716_1136_n4-d1-dep4-md704-it216-x1p00-s410-rg0,source_delta_support_process_control,canonical,4,72,64,704,410,216,113246208,524288,16,2048,40,1,L,fsl-x225-schedule-a00-source5x5-s401-424-20260716-1136-n4-d1-dep4-md704-it216-x1p00-s410-rg0,4,1,x225_multisupport_delta_confirmation_source,4,113246208,524288,Fresh measured 5x5 source grid for the sealed x225 multi-support Delta confirmation. Target losses are evaluation-only.,controlled_model_dim_source_prefix_smalln_5x5,46858504.0,46858504.0,0.0,0.162821576719,22,x225_multisupport_full_5x5_collection,,1.305337,16,216,113246208,1.0,physical_full_5x5_collection,4:1,0:0;0:1;0:2;0:3;0:4;1:0;1:1;1:2;1:3;1:4;2:0;2:1;2:2;2:3;2:4;3:0;3:1;3:2;3:3;3:4;4:0;4:1;4:2;4:3;4:4,x225_multisupport_confirmation,paired_train_seed,sealed_evaluation_only,Submit GPU jobs to gpumedium; do not use pilot/gpupilot.,5,400,-1,legacy_nominal_12N,A00_legacy,source_surface,5,2615,,,0.65,0.05
fsl_x225_schedule_a00_source5x5_s401_424_20260716_1136_n4-d2-dep4-md704-it324-x1p00-s410-rg0,source_delta_support_process_control,canonical,4,72,64,704,410,324,169869312,524288,16,2048,40,1,L,fsl-x225-schedule-a00-source5x5-s401-424-20260716-1136-n4-d2-dep4-md704-it324-x1p00-s410-rg0,4,2,x225_multisupport_delta_confirmation_source,4,169869312,524288,Fresh measured 5x5 source grid for the sealed x225 multi-support Delta confirmation. Target losses are evaluation-only.,controlled_model_dim_source_prefix_smalln_5x5,46858504.0,46858504.0,0.0,0.162821576719,23,x225_multisupport_full_5x5_collection,,1.305337,16,324,169869312,1.0,physical_full_5x5_collection,4:2,0:0;0:1;0:2;0:3;0:4;1:0;1:1;1:2;1:3;1:4;2:0;2:1;2:2;2:3;2:4;3:0;3:1;3:2;3:3;3:4;4:0;4:1;4:2;4:3;4:4,x225_multisupport_confirmation,paired_train_seed,sealed_evaluation_only,Submit GPU jobs to gpumedium; do not use pilot/gpupilot.,5,400,-1,legacy_nominal_12N,A00_legacy,source_surface,5,2615,,,0.65,0.05
fsl_x225_schedule_a00_source5x5_s401_424_20260716_1136_n4-d3-dep4-md704-it486-x1p00-s410-rg0,source_delta_support_process_control,canonical,4,72,64,704,410,486,254803968,524288,16,2048,40,1,L,fsl-x225-schedule-a00-source5x5-s401-424-20260716-1136-n4-d3-dep4-md704-it486-x1p00-s410-rg0,4,3,x225_multisupport_delta_confirmation_source,4,254803968,524288,Fresh measured 5x5 source grid for the sealed x225 multi-support Delta confirmation. Target losses are evaluation-only.,controlled_model_dim_source_prefix_smalln_5x5,46858504.0,46858504.0,0.0,0.162821576719,24,x225_multisupport_full_5x5_collection,,1.305337,16,486,254803968,1.0,physical_full_5x5_collection,4:3,0:0;0:1;0:2;0:3;0:4;1:0;1:1;1:2;1:3;1:4;2:0;2:1;2:2;2:3;2:4;3:0;3:1;3:2;3:3;3:4;4:0;4:1;4:2;4:3;4:4,x225_multisupport_confirmation,paired_train_seed,sealed_evaluation_only,Submit GPU jobs to gpumedium; do not use pilot/gpupilot.,5,400,-1,legacy_nominal_12N,A00_legacy,source_surface,5,2615,,,0.65,0.05
fsl_x225_schedule_a00_source5x5_s401_424_20260716_1136_n4-d4-dep4-md704-it729-x1p00-s410-rg0,source_delta_support_process_control,canonical,4,72,64,704,410,729,382205952,524288,16,2048,40,1,L,fsl-x225-schedule-a00-source5x5-s401-424-20260716-1136-n4-d4-dep4-md704-it729-x1p00-s410-rg0,4,4,x225_multisupport_delta_confirmation_source,4,382205952,524288,Fresh measured 5x5 source grid for the sealed x225 multi-support Delta confirmation. Target losses are evaluation-only.,controlled_model_dim_source_prefix_smalln_5x5,46858504.0,46858504.0,0.0,0.162821576719,25,x225_multisupport_full_5x5_collection,,1.305337,16,729,382205952,1.0,physical_full_5x5_collection,4:4,0:0;0:1;0:2;0:3;0:4;1:0;1:1;1:2;1:3;1:4;2:0;2:1;2:2;2:3;2:4;3:0;3:1;3:2;3:3;3:4;4:0;4:1;4:2;4:3;4:4,x225_multisupport_confirmation,paired_train_seed,sealed_evaluation_only,Submit GPU jobs to gpumedium; do not use pilot/gpupilot.,5,400,-1,legacy_nominal_12N,A00_legacy,source_surface,5,2615,,,0.65,0.05
fsl_x225_schedule_a00_source5x5_s401_424_20260716_1136_n0-d0-dep4-md128-it144-x1p00-s411-rg0,source_delta_support_process_control,canonical,4,72,64,128,411,144,75497472,524288,16,2048,40,1,L,fsl-x225-schedule-a00-source5x5-s401-424-20260716-1136-n0-d0-dep4-md128-it144-x1p00-s411-rg0,0,0,x225_multisupport_delta_confirmation_source,4,75497472,524288,Fresh measured 5x5 source grid for the sealed x225 multi-support Delta confirmation. Target losses are evaluation-only.,controlled_model_dim_source_prefix_smalln_5x5,4980784.0,4980784.0,0.0,0.162821576719,1,x225_multisupport_full_5x5_collection,,1.305337,20,144,75497472,1.0,physical_full_5x5_collection,0:0,0:0;0:1;0:2;0:3;0:4;1:0;1:1;1:2;1:3;1:4;2:0;2:1;2:2;2:3;2:4;3:0;3:1;3:2;3:3;3:4;4:0;4:1;4:2;4:3;4:4,x225_multisupport_confirmation,paired_train_seed,sealed_evaluation_only,Submit GPU jobs to gpumedium; do not use pilot/gpupilot.,6,400,-1,legacy_nominal_12N,A00_legacy,source_surface,5,2615,,,0.65,0.05
fsl_x225_schedule_a00_source5x5_s401_424_20260716_1136_n0-d1-dep4-md128-it216-x1p00-s411-rg0,source_delta_support_process_control,canonical,4,72,64,128,411,216,113246208,524288,16,2048,40,1,L,fsl-x225-schedule-a00-source5x5-s401-424-20260716-1136-n0-d1-dep4-md128-it216-x1p00-s411-rg0,0,1,x225_multisupport_delta_confirmation_source,4,113246208,524288,Fresh measured 5x5 source grid for the sealed x225 multi-support Delta confirmation. Target losses are evaluation-only.,controlled_model_dim_source_prefix_smalln_5x5,4980784.0,4980784.0,0.0,0.162821576719,2,x225_multisupport_full_5x5_collection,,1.305337,20,216,113246208,1.0,physical_full_5x5_collection,0:1,0:0;0:1;0:2;0:3;0:4;1:0;1:1;1:2;1:3;1:4;2:0;2:1;2:2;2:3;2:4;3:0;3:1;3:2;3:3;3:4;4:0;4:1;4:2;4:3;4:4,x225_multisupport_confirmation,paired_train_seed,sealed_evaluation_only,Submit GPU jobs to gpumedium; do not use pilot/gpupilot.,6,400,-1,legacy_nominal_12N,A00_legacy,source_surface,5,2615,,,0.65,0.05
fsl_x225_schedule_a00_source5x5_s401_424_20260716_1136_n0-d2-dep4-md128-it324-x1p00-s411-rg0,source_delta_support_process_control,canonical,4,72,64,128,411,324,169869312,524288,16,2048,40,1,L,fsl-x225-schedule-a00-source5x5-s401-424-20260716-1136-n0-d2-dep4-md128-it324-x1p00-s411-rg0,0,2,x225_multisupport_delta_confirmation_source,4,169869312,524288,Fresh measured 5x5 source grid for the sealed x225 multi-support Delta confirmation. Target losses are evaluation-only.,controlled_model_dim_source_prefix_smalln_5x5,4980784.0,4980784.0,0.0,0.162821576719,3,x225_multisupport_full_5x5_collection,,1.305337,20,324,169869312,1.0,physical_full_5x5_collection,0:2,0:0;0:1;0:2;0:3;0:4;1:0;1:1;1:2;1:3;1:4;2:0;2:1;2:2;2:3;2:4;3:0;3:1;3:2;3:3;3:4;4:0;4:1;4:2;4:3;4:4,x225_multisupport_confirmation,paired_train_seed,sealed_evaluation_only,Submit GPU jobs to gpumedium; do not use pilot/gpupilot.,6,400,-1,legacy_nominal_12N,A00_legacy,source_surface,5,2615,,,0.65,0.05
fsl_x225_schedule_a00_source5x5_s401_424_20260716_1136_n0-d3-dep4-md128-it486-x1p00-s411-rg0,source_delta_support_process_control,canonical,4,72,64,128,411,486,254803968,524288,16,2048,40,1,L,fsl-x225-schedule-a00-source5x5-s401-424-20260716-1136-n0-d3-dep4-md128-it486-x1p00-s411-rg0,0,3,x225_multisupport_delta_confirmation_source,4,254803968,524288,Fresh measured 5x5 source grid for the sealed x225 multi-support Delta confirmation. Target losses are evaluation-only.,controlled_model_dim_source_prefix_smalln_5x5,4980784.0,4980784.0,0.0,0.162821576719,4,x225_multisupport_full_5x5_collection,,1.305337,20,486,254803968,1.0,physical_full_5x5_collection,0:3,0:0;0:1;0:2;0:3;0:4;1:0;1:1;1:2;1:3;1:4;2:0;2:1;2:2;2:3;2:4;3:0;3:1;3:2;3:3;3:4;4:0;4:1;4:2;4:3;4:4,x225_multisupport_confirmation,paired_train_seed,sealed_evaluation_only,Submit GPU jobs to gpumedium; do not use pilot/gpupilot.,6,400,-1,legacy_nominal_12N,A00_legacy,source_surface,5,2615,,,0.65,0.05
fsl_x225_schedule_a00_source5x5_s401_424_20260716_1136_n0-d4-dep4-md128-it729-x1p00-s411-rg0,source_delta_support_process_control,canonical,4,72,64,128,411,729,382205952,524288,16,2048,40,1,L,fsl-x225-schedule-a00-source5x5-s401-424-20260716-1136-n0-d4-dep4-md128-it729-x1p00-s411-rg0,0,4,x225_multisupport_delta_confirmation_source,4,382205952,524288,Fresh measured 5x5 source grid for the sealed x225 multi-support Delta confirmation. Target losses are evaluation-only.,controlled_model_dim_source_prefix_smalln_5x5,4980784.0,4980784.0,0.0,0.162821576719,5,x225_multisupport_full_5x5_collection,,1.305337,20,729,382205952,1.0,physical_full_5x5_collection,0:4,0:0;0:1;0:2;0:3;0:4;1:0;1:1;1:2;1:3;1:4;2:0;2:1;2:2;2:3;2:4;3:0;3:1;3:2;3:3;3:4;4:0;4:1;4:2;4:3;4:4,x225_multisupport_confirmation,paired_train_seed,sealed_evaluation_only,Submit GPU jobs to gpumedium; do not use pilot/gpupilot.,6,400,-1,legacy_nominal_12N,A00_legacy,source_surface,5,2615,,,0.65,0.05
fsl_x225_schedule_a00_source5x5_s401_424_20260716_1136_n1-d0-dep4-md192-it144-x1p00-s411-rg0,source_delta_support_process_control,canonical,4,72,64,192,411,144,75497472,524288,16,2048,40,1,L,fsl-x225-schedule-a00-source5x5-s401-424-20260716-1136-n1-d0-dep4-md192-it144-x1p00-s411-rg0,1,0,x225_multisupport_delta_confirmation_source,4,75497472,524288,Fresh measured 5x5 source grid for the sealed x225 multi-support Delta confirmation. Target losses are evaluation-only.,controlled_model_dim_source_prefix_smalln_5x5,8061000.0,8061000.0,0.0,0.162821576719,6,x225_multisupport_full_5x5_collection,,1.305337,20,144,75497472,1.0,physical_full_5x5_collection,1:0,0:0;0:1;0:2;0:3;0:4;1:0;1:1;1:2;1:3;1:4;2:0;2:1;2:2;2:3;2:4;3:0;3:1;3:2;3:3;3:4;4:0;4:1;4:2;4:3;4:4,x225_multisupport_confirmation,paired_train_seed,sealed_evaluation_only,Submit GPU jobs to gpumedium; do not use pilot/gpupilot.,6,400,-1,legacy_nominal_12N,A00_legacy,source_surface,5,2615,,,0.65,0.05
fsl_x225_schedule_a00_source5x5_s401_424_20260716_1136_n1-d1-dep4-md192-it216-x1p00-s411-rg0,source_delta_support_process_control,canonical,4,72,64,192,411,216,113246208,524288,16,2048,40,1,L,fsl-x225-schedule-a00-source5x5-s401-424-20260716-1136-n1-d1-dep4-md192-it216-x1p00-s411-rg0,1,1,x225_multisupport_delta_confirmation_source,4,113246208,524288,Fresh measured 5x5 source grid for the sealed x225 multi-support Delta confirmation. Target losses are evaluation-only.,controlled_model_dim_source_prefix_smalln_5x5,8061000.0,8061000.0,0.0,0.162821576719,7,x225_multisupport_full_5x5_collection,,1.305337,20,216,113246208,1.0,physical_full_5x5_collection,1:1,0:0;0:1;0:2;0:3;0:4;1:0;1:1;1:2;1:3;1:4;2:0;2:1;2:2;2:3;2:4;3:0;3:1;3:2;3:3;3:4;4:0;4:1;4:2;4:3;4:4,x225_multisupport_confirmation,paired_train_seed,sealed_evaluation_only,Submit GPU jobs to gpumedium; do not use pilot/gpupilot.,6,400,-1,legacy_nominal_12N,A00_legacy,source_surface,5,2615,,,0.65,0.05
fsl_x225_schedule_a00_source5x5_s401_424_20260716_1136_n1-d2-dep4-md192-it324-x1p00-s411-rg0,source_delta_support_process_control,canonical,4,72,64,192,411,324,169869312,524288,16,2048,40,1,L,fsl-x225-schedule-a00-source5x5-s401-424-20260716-1136-n1-d2-dep4-md192-it324-x1p00-s411-rg0,1,2,x225_multisupport_delta_confirmation_source,4,169869312,524288,Fresh measured 5x5 source grid for the sealed x225 multi-support Delta confirmation. Target losses are evaluation-only.,controlled_model_dim_source_prefix_smalln_5x5,8061000.0,8061000.0,0.0,0.162821576719,8,x225_multisupport_full_5x5_collection,,1.305337,20,324,169869312,1.0,physical_full_5x5_collection,1:2,0:0;0:1;0:2;0:3;0:4;1:0;1:1;1:2;1:3;1:4;2:0;2:1;2:2;2:3;2:4;3:0;3:1;3:2;3:3;3:4;4:0;4:1;4:2;4:3;4:4,x225_multisupport_confirmation,paired_train_seed,sealed_evaluation_only,Submit GPU jobs to gpumedium; do not use pilot/gpupilot.,6,400,-1,legacy_nominal_12N,A00_legacy,source_surface,5,2615,,,0.65,0.05
fsl_x225_schedule_a00_source5x5_s401_424_20260716_1136_n1-d3-dep4-md192-it486-x1p00-s411-rg0,source_delta_support_process_control,canonical,4,72,64,192,411,486,254803968,524288,16,2048,40,1,L,fsl-x225-schedule-a00-source5x5-s401-424-20260716-1136-n1-d3-dep4-md192-it486-x1p00-s411-rg0,1,3,x225_multisupport_delta_confirmation_source,4,254803968,524288,Fresh measured 5x5 source grid for the sealed x225 multi-support Delta confirmation. Target losses are evaluation-only.,controlled_model_dim_source_prefix_smalln_5x5,8061000.0,8061000.0,0.0,0.162821576719,9,x225_multisupport_full_5x5_collection,,1.305337,20,486,254803968,1.0,physical_full_5x5_collection,1:3,0:0;0:1;0:2;0:3;0:4;1:0;1:1;1:2;1:3;1:4;2:0;2:1;2:2;2:3;2:4;3:0;3:1;3:2;3:3;3:4;4:0;4:1;4:2;4:3;4:4,x225_multisupport_confirmation,paired_train_seed,sealed_evaluation_only,Submit GPU jobs to gpumedium; do not use pilot/gpupilot.,6,400,-1,legacy_nominal_12N,A00_legacy,source_surface,5,2615,,,0.65,0.05
fsl_x225_schedule_a00_source5x5_s401_424_20260716_1136_n1-d4-dep4-md192-it729-x1p00-s411-rg0,source_delta_support_process_control,canonical,4,72,64,192,411,729,382205952,524288,16,2048,40,1,L,fsl-x225-schedule-a00-source5x5-s401-424-20260716-1136-n1-d4-dep4-md192-it729-x1p00-s411-rg0,1,4,x225_multisupport_delta_confirmation_source,4,382205952,524288,Fresh measured 5x5 source grid for the sealed x225 multi-support Delta confirmation. Target losses are evaluation-only.,controlled_model_dim_source_prefix_smalln_5x5,8061000.0,8061000.0,0.0,0.162821576719,10,x225_multisupport_full_5x5_collection,,1.305337,20,729,382205952,1.0,physical_full_5x5_collection,1:4,0:0;0:1;0:2;0:3;0:4;1:0;1:1;1:2;1:3;1:4;2:0;2:1;2:2;2:3;2:4;3:0;3:1;3:2;3:3;3:4;4:0;4:1;4:2;4:3;4:4,x225_multisupport_confirmation,paired_train_seed,sealed_evaluation_only,Submit GPU jobs to gpumedium; do not use pilot/gpupilot.,6,400,-1,legacy_nominal_12N,A00_legacy,source_surface,5,2615,,,0.65,0.05
fsl_x225_schedule_a00_source5x5_s401_424_20260716_1136_n2-d0-dep4-md320-it144-x1p00-s411-rg0,source_delta_support_process_control,canonical,4,72,64,320,411,144,75497472,524288,16,2048,40,1,L,fsl-x225-schedule-a00-source5x5-s401-424-20260716-1136-n2-d0-dep4-md320-it144-x1p00-s411-rg0,2,0,x225_multisupport_delta_confirmation_source,4,75497472,524288,Fresh measured 5x5 source grid for the sealed x225 multi-support Delta confirmation. Target losses are evaluation-only.,controlled_model_dim_source_prefix_smalln_5x5,15401080.0,15401080.0,0.0,0.162821576719,11,x225_multisupport_full_5x5_collection,,1.305337,20,144,75497472,1.0,physical_full_5x5_collection,2:0,0:0;0:1;0:2;0:3;0:4;1:0;1:1;1:2;1:3;1:4;2:0;2:1;2:2;2:3;2:4;3:0;3:1;3:2;3:3;3:4;4:0;4:1;4:2;4:3;4:4,x225_multisupport_confirmation,paired_train_seed,sealed_evaluation_only,Submit GPU jobs to gpumedium; do not use pilot/gpupilot.,6,400,-1,legacy_nominal_12N,A00_legacy,source_surface,5,2615,,,0.65,0.05
fsl_x225_schedule_a00_source5x5_s401_424_20260716_1136_n2-d1-dep4-md320-it216-x1p00-s411-rg0,source_delta_support_process_control,canonical,4,72,64,320,411,216,113246208,524288,16,2048,40,1,L,fsl-x225-schedule-a00-source5x5-s401-424-20260716-1136-n2-d1-dep4-md320-it216-x1p00-s411-rg0,2,1,x225_multisupport_delta_confirmation_source,4,113246208,524288,Fresh measured 5x5 source grid for the sealed x225 multi-support Delta confirmation. Target losses are evaluation-only.,controlled_model_dim_source_prefix_smalln_5x5,15401080.0,15401080.0,0.0,0.162821576719,12,x225_multisupport_full_5x5_collection,,1.305337,20,216,113246208,1.0,physical_full_5x5_collection,2:1,0:0;0:1;0:2;0:3;0:4;1:0;1:1;1:2;1:3;1:4;2:0;2:1;2:2;2:3;2:4;3:0;3:1;3:2;3:3;3:4;4:0;4:1;4:2;4:3;4:4,x225_multisupport_confirmation,paired_train_seed,sealed_evaluation_only,Submit GPU jobs to gpumedium; do not use pilot/gpupilot.,6,400,-1,legacy_nominal_12N,A00_legacy,source_surface,5,2615,,,0.65,0.05
fsl_x225_schedule_a00_source5x5_s401_424_20260716_1136_n2-d2-dep4-md320-it324-x1p00-s411-rg0,source_delta_support_process_control,canonical,4,72,64,320,411,324,169869312,524288,16,2048,40,1,L,fsl-x225-schedule-a00-source5x5-s401-424-20260716-1136-n2-d2-dep4-md320-it324-x1p00-s411-rg0,2,2,x225_multisupport_delta_confirmation_source,4,169869312,524288,Fresh measured 5x5 source grid for the sealed x225 multi-support Delta confirmation. Target losses are evaluation-only.,controlled_model_dim_source_prefix_smalln_5x5,15401080.0,15401080.0,0.0,0.162821576719,13,x225_multisupport_full_5x5_collection,,1.305337,20,324,169869312,1.0,physical_full_5x5_collection,2:2,0:0;0:1;0:2;0:3;0:4;1:0;1:1;1:2;1:3;1:4;2:0;2:1;2:2;2:3;2:4;3:0;3:1;3:2;3:3;3:4;4:0;4:1;4:2;4:3;4:4,x225_multisupport_confirmation,paired_train_seed,sealed_evaluation_only,Submit GPU jobs to gpumedium; do not use pilot/gpupilot.,6,400,-1,legacy_nominal_12N,A00_legacy,source_surface,5,2615,,,0.65,0.05
fsl_x225_schedule_a00_source5x5_s401_424_20260716_1136_n2-d3-dep4-md320-it486-x1p00-s411-rg0,source_delta_support_process_control,canonical,4,72,64,320,411,486,254803968,524288,16,2048,40,1,L,fsl-x225-schedule-a00-source5x5-s401-424-20260716-1136-n2-d3-dep4-md320-it486-x1p00-s411-rg0,2,3,x225_multisupport_delta_confirmation_source,4,254803968,524288,Fresh measured 5x5 source grid for the sealed x225 multi-support Delta confirmation. Target losses are evaluation-only.,controlled_model_dim_source_prefix_smalln_5x5,15401080.0,15401080.0,0.0,0.162821576719,14,x225_multisupport_full_5x5_collection,,1.305337,20,486,254803968,1.0,physical_full_5x5_collection,2:3,0:0;0:1;0:2;0:3;0:4;1:0;1:1;1:2;1:3;1:4;2:0;2:1;2:2;2:3;2:4;3:0;3:1;3:2;3:3;3:4;4:0;4:1;4:2;4:3;4:4,x225_multisupport_confirmation,paired_train_seed,sealed_evaluation_only,Submit GPU jobs to gpumedium; do not use pilot/gpupilot.,6,400,-1,legacy_nominal_12N,A00_legacy,source_surface,5,2615,,,0.65,0.05
fsl_x225_schedule_a00_source5x5_s401_424_20260716_1136_n2-d4-dep4-md320-it729-x1p00-s411-rg0,source_delta_support_process_control,canonical,4,72,64,320,411,729,382205952,524288,16,2048,40,1,L,fsl-x225-schedule-a00-source5x5-s401-424-20260716-1136-n2-d4-dep4-md320-it729-x1p00-s411-rg0,2,4,x225_multisupport_delta_confirmation_source,4,382205952,524288,Fresh measured 5x5 source grid for the sealed x225 multi-support Delta confirmation. Target losses are evaluation-only.,controlled_model_dim_source_prefix_smalln_5x5,15401080.0,15401080.0,0.0,0.162821576719,15,x225_multisupport_full_5x5_collection,,1.305337,20,729,382205952,1.0,physical_full_5x5_collection,2:4,0:0;0:1;0:2;0:3;0:4;1:0;1:1;1:2;1:3;1:4;2:0;2:1;2:2;2:3;2:4;3:0;3:1;3:2;3:3;3:4;4:0;4:1;4:2;4:3;4:4,x225_multisupport_confirmation,paired_train_seed,sealed_evaluation_only,Submit GPU jobs to gpumedium; do not use pilot/gpupilot.,6,400,-1,legacy_nominal_12N,A00_legacy,source_surface,5,2615,,,0.65,0.05
fsl_x225_schedule_a00_source5x5_s401_424_20260716_1136_n3-d0-dep4-md512-it144-x1p00-s411-rg0,source_delta_support_process_control,canonical,4,72,64,512,411,144,75497472,524288,16,2048,40,1,L,fsl-x225-schedule-a00-source5x5-s401-424-20260716-1136-n3-d0-dep4-md512-it144-x1p00-s411-rg0,3,0,x225_multisupport_delta_confirmation_source,4,75497472,524288,Fresh measured 5x5 source grid for the sealed x225 multi-support Delta confirmation. Target losses are evaluation-only.,controlled_model_dim_source_prefix_smalln_5x5,29360320.0,29360320.0,0.0,0.162821576719,16,x225_multisupport_full_5x5_collection,,1.305337,20,144,75497472,1.0,physical_full_5x5_collection,3:0,0:0;0:1;0:2;0:3;0:4;1:0;1:1;1:2;1:3;1:4;2:0;2:1;2:2;2:3;2:4;3:0;3:1;3:2;3:3;3:4;4:0;4:1;4:2;4:3;4:4,x225_multisupport_confirmation,paired_train_seed,sealed_evaluation_only,Submit GPU jobs to gpumedium; do not use pilot/gpupilot.,6,400,-1,legacy_nominal_12N,A00_legacy,source_surface,5,2615,,,0.65,0.05
fsl_x225_schedule_a00_source5x5_s401_424_20260716_1136_n3-d1-dep4-md512-it216-x1p00-s411-rg0,source_delta_support_process_control,canonical,4,72,64,512,411,216,113246208,524288,16,2048,40,1,L,fsl-x225-schedule-a00-source5x5-s401-424-20260716-1136-n3-d1-dep4-md512-it216-x1p00-s411-rg0,3,1,x225_multisupport_delta_confirmation_source,4,113246208,524288,Fresh measured 5x5 source grid for the sealed x225 multi-support Delta confirmation. Target losses are evaluation-only.,controlled_model_dim_source_prefix_smalln_5x5,29360320.0,29360320.0,0.0,0.162821576719,17,x225_multisupport_full_5x5_collection,,1.305337,20,216,113246208,1.0,physical_full_5x5_collection,3:1,0:0;0:1;0:2;0:3;0:4;1:0;1:1;1:2;1:3;1:4;2:0;2:1;2:2;2:3;2:4;3:0;3:1;3:2;3:3;3:4;4:0;4:1;4:2;4:3;4:4,x225_multisupport_confirmation,paired_train_seed,sealed_evaluation_only,Submit GPU jobs to gpumedium; do not use pilot/gpupilot.,6,400,-1,legacy_nominal_12N,A00_legacy,source_surface,5,2615,,,0.65,0.05
fsl_x225_schedule_a00_source5x5_s401_424_20260716_1136_n3-d2-dep4-md512-it324-x1p00-s411-rg0,source_delta_support_process_control,canonical,4,72,64,512,411,324,169869312,524288,16,2048,40,1,L,fsl-x225-schedule-a00-source5x5-s401-424-20260716-1136-n3-d2-dep4-md512-it324-x1p00-s411-rg0,3,2,x225_multisupport_delta_confirmation_source,4,169869312,524288,Fresh measured 5x5 source grid for the sealed x225 multi-support Delta confirmation. Target losses are evaluation-only.,controlled_model_dim_source_prefix_smalln_5x5,29360320.0,29360320.0,0.0,0.162821576719,18,x225_multisupport_full_5x5_collection,,1.305337,20,324,169869312,1.0,physical_full_5x5_collection,3:2,0:0;0:1;0:2;0:3;0:4;1:0;1:1;1:2;1:3;1:4;2:0;2:1;2:2;2:3;2:4;3:0;3:1;3:2;3:3;3:4;4:0;4:1;4:2;4:3;4:4,x225_multisupport_confirmation,paired_train_seed,sealed_evaluation_only,Submit GPU jobs to gpumedium; do not use pilot/gpupilot.,6,400,-1,legacy_nominal_12N,A00_legacy,source_surface,5,2615,,,0.65,0.05
fsl_x225_schedule_a00_source5x5_s401_424_20260716_1136_n3-d3-dep4-md512-it486-x1p00-s411-rg0,source_delta_support_process_control,canonical,4,72,64,512,411,486,254803968,524288,16,2048,40,1,L,fsl-x225-schedule-a00-source5x5-s401-424-20260716-1136-n3-d3-dep4-md512-it486-x1p00-s411-rg0,3,3,x225_multisupport_delta_confirmation_source,4,254803968,524288,Fresh measured 5x5 source grid for the sealed x225 multi-support Delta confirmation. Target losses are evaluation-only.,controlled_model_dim_source_prefix_smalln_5x5,29360320.0,29360320.0,0.0,0.162821576719,19,x225_multisupport_full_5x5_collection,,1.305337,20,486,254803968,1.0,physical_full_5x5_collection,3:3,0:0;0:1;0:2;0:3;0:4;1:0;1:1;1:2;1:3;1:4;2:0;2:1;2:2;2:3;2:4;3:0;3:1;3:2;3:3;3:4;4:0;4:1;4:2;4:3;4:4,x225_multisupport_confirmation,paired_train_seed,sealed_evaluation_only,Submit GPU jobs to gpumedium; do not use pilot/gpupilot.,6,400,-1,legacy_nominal_12N,A00_legacy,source_surface,5,2615,,,0.65,0.05
fsl_x225_schedule_a00_source5x5_s401_424_20260716_1136_n3-d4-dep4-md512-it729-x1p00-s411-rg0,source_delta_support_process_control,canonical,4,72,64,512,411,729,382205952,524288,16,2048,40,1,L,fsl-x225-schedule-a00-source5x5-s401-424-20260716-1136-n3-d4-dep4-md512-it729-x1p00-s411-rg0,3,4,x225_multisupport_delta_confirmation_source,4,382205952,524288,Fresh measured 5x5 source grid for the sealed x225 multi-support Delta confirmation. Target losses are evaluation-only.,controlled_model_dim_source_prefix_smalln_5x5,29360320.0,29360320.0,0.0,0.162821576719,20,x225_multisupport_full_5x5_collection,,1.305337,20,729,382205952,1.0,physical_full_5x5_collection,3:4,0:0;0:1;0:2;0:3;0:4;1:0;1:1;1:2;1:3;1:4;2:0;2:1;2:2;2:3;2:4;3:0;3:1;3:2;3:3;3:4;4:0;4:1;4:2;4:3;4:4,x225_multisupport_confirmation,paired_train_seed,sealed_evaluation_only,Submit GPU jobs to gpumedium; do not use pilot/gpupilot.,6,400,-1,legacy_nominal_12N,A00_legacy,source_surface,5,2615,,,0.65,0.05
fsl_x225_schedule_a00_source5x5_s401_424_20260716_1136_n4-d0-dep4-md704-it144-x1p00-s411-rg0,source_delta_support_process_control,canonical,4,72,64,704,411,144,75497472,524288,16,2048,40,1,L,fsl-x225-schedule-a00-source5x5-s401-424-20260716-1136-n4-d0-dep4-md704-it144-x1p00-s411-rg0,4,0,x225_multisupport_delta_confirmation_source,4,75497472,524288,Fresh measured 5x5 source grid for the sealed x225 multi-support Delta confirmation. Target losses are evaluation-only.,controlled_model_dim_source_prefix_smalln_5x5,46858504.0,46858504.0,0.0,0.162821576719,21,x225_multisupport_full_5x5_collection,,1.305337,20,144,75497472,1.0,physical_full_5x5_collection,4:0,0:0;0:1;0:2;0:3;0:4;1:0;1:1;1:2;1:3;1:4;2:0;2:1;2:2;2:3;2:4;3:0;3:1;3:2;3:3;3:4;4:0;4:1;4:2;4:3;4:4,x225_multisupport_confirmation,paired_train_seed,sealed_evaluation_only,Submit GPU jobs to gpumedium; do not use pilot/gpupilot.,6,400,-1,legacy_nominal_12N,A00_legacy,source_surface,5,2615,,,0.65,0.05
fsl_x225_schedule_a00_source5x5_s401_424_20260716_1136_n4-d1-dep4-md704-it216-x1p00-s411-rg0,source_delta_support_process_control,canonical,4,72,64,704,411,216,113246208,524288,16,2048,40,1,L,fsl-x225-schedule-a00-source5x5-s401-424-20260716-1136-n4-d1-dep4-md704-it216-x1p00-s411-rg0,4,1,x225_multisupport_delta_confirmation_source,4,113246208,524288,Fresh measured 5x5 source grid for the sealed x225 multi-support Delta confirmation. Target losses are evaluation-only.,controlled_model_dim_source_prefix_smalln_5x5,46858504.0,46858504.0,0.0,0.162821576719,22,x225_multisupport_full_5x5_collection,,1.305337,20,216,113246208,1.0,physical_full_5x5_collection,4:1,0:0;0:1;0:2;0:3;0:4;1:0;1:1;1:2;1:3;1:4;2:0;2:1;2:2;2:3;2:4;3:0;3:1;3:2;3:3;3:4;4:0;4:1;4:2;4:3;4:4,x225_multisupport_confirmation,paired_train_seed,sealed_evaluation_only,Submit GPU jobs to gpumedium; do not use pilot/gpupilot.,6,400,-1,legacy_nominal_12N,A00_legacy,source_surface,5,2615,,,0.65,0.05
fsl_x225_schedule_a00_source5x5_s401_424_20260716_1136_n4-d2-dep4-md704-it324-x1p00-s411-rg0,source_delta_support_process_control,canonical,4,72,64,704,411,324,169869312,524288,16,2048,40,1,L,fsl-x225-schedule-a00-source5x5-s401-424-20260716-1136-n4-d2-dep4-md704-it324-x1p00-s411-rg0,4,2,x225_multisupport_delta_confirmation_source,4,169869312,524288,Fresh measured 5x5 source grid for the sealed x225 multi-support Delta confirmation. Target losses are evaluation-only.,controlled_model_dim_source_prefix_smalln_5x5,46858504.0,46858504.0,0.0,0.162821576719,23,x225_multisupport_full_5x5_collection,,1.305337,20,324,169869312,1.0,physical_full_5x5_collection,4:2,0:0;0:1;0:2;0:3;0:4;1:0;1:1;1:2;1:3;1:4;2:0;2:1;2:2;2:3;2:4;3:0;3:1;3:2;3:3;3:4;4:0;4:1;4:2;4:3;4:4,x225_multisupport_confirmation,paired_train_seed,sealed_evaluation_only,Submit GPU jobs to gpumedium; do not use pilot/gpupilot.,6,400,-1,legacy_nominal_12N,A00_legacy,source_surface,5,2615,,,0.65,0.05
fsl_x225_schedule_a00_source5x5_s401_424_20260716_1136_n4-d3-dep4-md704-it486-x1p00-s411-rg0,source_delta_support_process_control,canonical,4,72,64,704,411,486,254803968,524288,16,2048,40,1,L,fsl-x225-schedule-a00-source5x5-s401-424-20260716-1136-n4-d3-dep4-md704-it486-x1p00-s411-rg0,4,3,x225_multisupport_delta_confirmation_source,4,254803968,524288,Fresh measured 5x5 source grid for the sealed x225 multi-support Delta confirmation. Target losses are evaluation-only.,controlled_model_dim_source_prefix_smalln_5x5,46858504.0,46858504.0,0.0,0.162821576719,24,x225_multisupport_full_5x5_collection,,1.305337,20,486,254803968,1.0,physical_full_5x5_collection,4:3,0:0;0:1;0:2;0:3;0:4;1:0;1:1;1:2;1:3;1:4;2:0;2:1;2:2;2:3;2:4;3:0;3:1;3:2;3:3;3:4;4:0;4:1;4:2;4:3;4:4,x225_multisupport_confirmation,paired_train_seed,sealed_evaluation_only,Submit GPU jobs to gpumedium; do not use pilot/gpupilot.,6,400,-1,legacy_nominal_12N,A00_legacy,source_surface,5,2615,,,0.65,0.05
fsl_x225_schedule_a00_source5x5_s401_424_20260716_1136_n4-d4-dep4-md704-it729-x1p00-s411-rg0,source_delta_support_process_control,canonical,4,72,64,704,411,729,382205952,524288,16,2048,40,1,L,fsl-x225-schedule-a00-source5x5-s401-424-20260716-1136-n4-d4-dep4-md704-it729-x1p00-s411-rg0,4,4,x225_multisupport_delta_confirmation_source,4,382205952,524288,Fresh measured 5x5 source grid for the sealed x225 multi-support Delta confirmation. Target losses are evaluation-only.,controlled_model_dim_source_prefix_smalln_5x5,46858504.0,46858504.0,0.0,0.162821576719,25,x225_multisupport_full_5x5_collection,,1.305337,20,729,382205952,1.0,physical_full_5x5_collection,4:4,0:0;0:1;0:2;0:3;0:4;1:0;1:1;1:2;1:3;1:4;2:0;2:1;2:2;2:3;2:4;3:0;3:1;3:2;3:3;3:4;4:0;4:1;4:2;4:3;4:4,x225_multisupport_confirmation,paired_train_seed,sealed_evaluation_only,Submit GPU jobs to gpumedium; do not use pilot/gpupilot.,6,400,-1,legacy_nominal_12N,A00_legacy,source_surface,5,2615,,,0.65,0.05
fsl_x225_schedule_a00_source5x5_s401_424_20260716_1136_n0-d0-dep4-md128-it144-x1p00-s412-rg0,source_delta_support_process_control,canonical,4,72,64,128,412,144,75497472,524288,16,2048,40,1,L,fsl-x225-schedule-a00-source5x5-s401-424-20260716-1136-n0-d0-dep4-md128-it144-x1p00-s412-rg0,0,0,x225_multisupport_delta_confirmation_source,4,75497472,524288,Fresh measured 5x5 source grid for the sealed x225 multi-support Delta confirmation. Target losses are evaluation-only.,controlled_model_dim_source_prefix_smalln_5x5,4980784.0,4980784.0,0.0,0.162821576719,1,x225_multisupport_full_5x5_collection,,1.305337,20,144,75497472,1.0,physical_full_5x5_collection,0:0,0:0;0:1;0:2;0:3;0:4;1:0;1:1;1:2;1:3;1:4;2:0;2:1;2:2;2:3;2:4;3:0;3:1;3:2;3:3;3:4;4:0;4:1;4:2;4:3;4:4,x225_multisupport_confirmation,paired_train_seed,sealed_evaluation_only,Submit GPU jobs to gpumedium; do not use pilot/gpupilot.,6,400,-1,legacy_nominal_12N,A00_legacy,source_surface,5,2615,,,0.65,0.05
fsl_x225_schedule_a00_source5x5_s401_424_20260716_1136_n0-d1-dep4-md128-it216-x1p00-s412-rg0,source_delta_support_process_control,canonical,4,72,64,128,412,216,113246208,524288,16,2048,40,1,L,fsl-x225-schedule-a00-source5x5-s401-424-20260716-1136-n0-d1-dep4-md128-it216-x1p00-s412-rg0,0,1,x225_multisupport_delta_confirmation_source,4,113246208,524288,Fresh measured 5x5 source grid for the sealed x225 multi-support Delta confirmation. Target losses are evaluation-only.,controlled_model_dim_source_prefix_smalln_5x5,4980784.0,4980784.0,0.0,0.162821576719,2,x225_multisupport_full_5x5_collection,,1.305337,20,216,113246208,1.0,physical_full_5x5_collection,0:1,0:0;0:1;0:2;0:3;0:4;1:0;1:1;1:2;1:3;1:4;2:0;2:1;2:2;2:3;2:4;3:0;3:1;3:2;3:3;3:4;4:0;4:1;4:2;4:3;4:4,x225_multisupport_confirmation,paired_train_seed,sealed_evaluation_only,Submit GPU jobs to gpumedium; do not use pilot/gpupilot.,6,400,-1,legacy_nominal_12N,A00_legacy,source_surface,5,2615,,,0.65,0.05
fsl_x225_schedule_a00_source5x5_s401_424_20260716_1136_n0-d2-dep4-md128-it324-x1p00-s412-rg0,source_delta_support_process_control,canonical,4,72,64,128,412,324,169869312,524288,16,2048,40,1,L,fsl-x225-schedule-a00-source5x5-s401-424-20260716-1136-n0-d2-dep4-md128-it324-x1p00-s412-rg0,0,2,x225_multisupport_delta_confirmation_source,4,169869312,524288,Fresh measured 5x5 source grid for the sealed x225 multi-support Delta confirmation. Target losses are evaluation-only.,controlled_model_dim_source_prefix_smalln_5x5,4980784.0,4980784.0,0.0,0.162821576719,3,x225_multisupport_full_5x5_collection,,1.305337,20,324,169869312,1.0,physical_full_5x5_collection,0:2,0:0;0:1;0:2;0:3;0:4;1:0;1:1;1:2;1:3;1:4;2:0;2:1;2:2;2:3;2:4;3:0;3:1;3:2;3:3;3:4;4:0;4:1;4:2;4:3;4:4,x225_multisupport_confirmation,paired_train_seed,sealed_evaluation_only,Submit GPU jobs to gpumedium; do not use pilot/gpupilot.,6,400,-1,legacy_nominal_12N,A00_legacy,source_surface,5,2615,,,0.65,0.05
fsl_x225_schedule_a00_source5x5_s401_424_20260716_1136_n0-d3-dep4-md128-it486-x1p00-s412-rg0,source_delta_support_process_control,canonical,4,72,64,128,412,486,254803968,524288,16,2048,40,1,L,fsl-x225-schedule-a00-source5x5-s401-424-20260716-1136-n0-d3-dep4-md128-it486-x1p00-s412-rg0,0,3,x225_multisupport_delta_confirmation_source,4,254803968,524288,Fresh measured 5x5 source grid for the sealed x225 multi-support Delta confirmation. Target losses are evaluation-only.,controlled_model_dim_source_prefix_smalln_5x5,4980784.0,4980784.0,0.0,0.162821576719,4,x225_multisupport_full_5x5_collection,,1.305337,20,486,254803968,1.0,physical_full_5x5_collection,0:3,0:0;0:1;0:2;0:3;0:4;1:0;1:1;1:2;1:3;1:4;2:0;2:1;2:2;2:3;2:4;3:0;3:1;3:2;3:3;3:4;4:0;4:1;4:2;4:3;4:4,x225_multisupport_confirmation,paired_train_seed,sealed_evaluation_only,Submit GPU jobs to gpumedium; do not use pilot/gpupilot.,6,400,-1,legacy_nominal_12N,A00_legacy,source_surface,5,2615,,,0.65,0.05
fsl_x225_schedule_a00_source5x5_s401_424_20260716_1136_n0-d4-dep4-md128-it729-x1p00-s412-rg0,source_delta_support_process_control,canonical,4,72,64,128,412,729,382205952,524288,16,2048,40,1,L,fsl-x225-schedule-a00-source5x5-s401-424-20260716-1136-n0-d4-dep4-md128-it729-x1p00-s412-rg0,0,4,x225_multisupport_delta_confirmation_source,4,382205952,524288,Fresh measured 5x5 source grid for the sealed x225 multi-support Delta confirmation. Target losses are evaluation-only.,controlled_model_dim_source_prefix_smalln_5x5,4980784.0,4980784.0,0.0,0.162821576719,5,x225_multisupport_full_5x5_collection,,1.305337,20,729,382205952,1.0,physical_full_5x5_collection,0:4,0:0;0:1;0:2;0:3;0:4;1:0;1:1;1:2;1:3;1:4;2:0;2:1;2:2;2:3;2:4;3:0;3:1;3:2;3:3;3:4;4:0;4:1;4:2;4:3;4:4,x225_multisupport_confirmation,paired_train_seed,sealed_evaluation_only,Submit GPU jobs to gpumedium; do not use pilot/gpupilot.,6,400,-1,legacy_nominal_12N,A00_legacy,source_surface,5,2615,,,0.65,0.05
fsl_x225_schedule_a00_source5x5_s401_424_20260716_1136_n1-d0-dep4-md192-it144-x1p00-s412-rg0,source_delta_support_process_control,canonical,4,72,64,192,412,144,75497472,524288,16,2048,40,1,L,fsl-x225-schedule-a00-source5x5-s401-424-20260716-1136-n1-d0-dep4-md192-it144-x1p00-s412-rg0,1,0,x225_multisupport_delta_confirmation_source,4,75497472,524288,Fresh measured 5x5 source grid for the sealed x225 multi-support Delta confirmation. Target losses are evaluation-only.,controlled_model_dim_source_prefix_smalln_5x5,8061000.0,8061000.0,0.0,0.162821576719,6,x225_multisupport_full_5x5_collection,,1.305337,20,144,75497472,1.0,physical_full_5x5_collection,1:0,0:0;0:1;0:2;0:3;0:4;1:0;1:1;1:2;1:3;1:4;2:0;2:1;2:2;2:3;2:4;3:0;3:1;3:2;3:3;3:4;4:0;4:1;4:2;4:3;4:4,x225_multisupport_confirmation,paired_train_seed,sealed_evaluation_only,Submit GPU jobs to gpumedium; do not use pilot/gpupilot.,6,400,-1,legacy_nominal_12N,A00_legacy,source_surface,5,2615,,,0.65,0.05
fsl_x225_schedule_a00_source5x5_s401_424_20260716_1136_n1-d1-dep4-md192-it216-x1p00-s412-rg0,source_delta_support_process_control,canonical,4,72,64,192,412,216,113246208,524288,16,2048,40,1,L,fsl-x225-schedule-a00-source5x5-s401-424-20260716-1136-n1-d1-dep4-md192-it216-x1p00-s412-rg0,1,1,x225_multisupport_delta_confirmation_source,4,113246208,524288,Fresh measured 5x5 source grid for the sealed x225 multi-support Delta confirmation. Target losses are evaluation-only.,controlled_model_dim_source_prefix_smalln_5x5,8061000.0,8061000.0,0.0,0.162821576719,7,x225_multisupport_full_5x5_collection,,1.305337,20,216,113246208,1.0,physical_full_5x5_collection,1:1,0:0;0:1;0:2;0:3;0:4;1:0;1:1;1:2;1:3;1:4;2:0;2:1;2:2;2:3;2:4;3:0;3:1;3:2;3:3;3:4;4:0;4:1;4:2;4:3;4:4,x225_multisupport_confirmation,paired_train_seed,sealed_evaluation_only,Submit GPU jobs to gpumedium; do not use pilot/gpupilot.,6,400,-1,legacy_nominal_12N,A00_legacy,source_surface,5,2615,,,0.65,0.05
fsl_x225_schedule_a00_source5x5_s401_424_20260716_1136_n1-d2-dep4-md192-it324-x1p00-s412-rg0,source_delta_support_process_control,canonical,4,72,64,192,412,324,169869312,524288,16,2048,40,1,L,fsl-x225-schedule-a00-source5x5-s401-424-20260716-1136-n1-d2-dep4-md192-it324-x1p00-s412-rg0,1,2,x225_multisupport_delta_confirmation_source,4,169869312,524288,Fresh measured 5x5 source grid for the sealed x225 multi-support Delta confirmation. Target losses are evaluation-only.,controlled_model_dim_source_prefix_smalln_5x5,8061000.0,8061000.0,0.0,0.162821576719,8,x225_multisupport_full_5x5_collection,,1.305337,20,324,169869312,1.0,physical_full_5x5_collection,1:2,0:0;0:1;0:2;0:3;0:4;1:0;1:1;1:2;1:3;1:4;2:0;2:1;2:2;2:3;2:4;3:0;3:1;3:2;3:3;3:4;4:0;4:1;4:2;4:3;4:4,x225_multisupport_confirmation,paired_train_seed,sealed_evaluation_only,Submit GPU jobs to gpumedium; do not use pilot/gpupilot.,6,400,-1,legacy_nominal_12N,A00_legacy,source_surface,5,2615,,,0.65,0.05
fsl_x225_schedule_a00_source5x5_s401_424_20260716_1136_n1-d3-dep4-md192-it486-x1p00-s412-rg0,source_delta_support_process_control,canonical,4,72,64,192,412,486,254803968,524288,16,2048,40,1,L,fsl-x225-schedule-a00-source5x5-s401-424-20260716-1136-n1-d3-dep4-md192-it486-x1p00-s412-rg0,1,3,x225_multisupport_delta_confirmation_source,4,254803968,524288,Fresh measured 5x5 source grid for the sealed x225 multi-support Delta confirmation. Target losses are evaluation-only.,controlled_model_dim_source_prefix_smalln_5x5,8061000.0,8061000.0,0.0,0.162821576719,9,x225_multisupport_full_5x5_collection,,1.305337,20,486,254803968,1.0,physical_full_5x5_collection,1:3,0:0;0:1;0:2;0:3;0:4;1:0;1:1;1:2;1:3;1:4;2:0;2:1;2:2;2:3;2:4;3:0;3:1;3:2;3:3;3:4;4:0;4:1;4:2;4:3;4:4,x225_multisupport_confirmation,paired_train_seed,sealed_evaluation_only,Submit GPU jobs to gpumedium; do not use pilot/gpupilot.,6,400,-1,legacy_nominal_12N,A00_legacy,source_surface,5,2615,,,0.65,0.05
fsl_x225_schedule_a00_source5x5_s401_424_20260716_1136_n1-d4-dep4-md192-it729-x1p00-s412-rg0,source_delta_support_process_control,canonical,4,72,64,192,412,729,382205952,524288,16,2048,40,1,L,fsl-x225-schedule-a00-source5x5-s401-424-20260716-1136-n1-d4-dep4-md192-it729-x1p00-s412-rg0,1,4,x225_multisupport_delta_confirmation_source,4,382205952,524288,Fresh measured 5x5 source grid for the sealed x225 multi-support Delta confirmation. Target losses are evaluation-only.,controlled_model_dim_source_prefix_smalln_5x5,8061000.0,8061000.0,0.0,0.162821576719,10,x225_multisupport_full_5x5_collection,,1.305337,20,729,382205952,1.0,physical_full_5x5_collection,1:4,0:0;0:1;0:2;0:3;0:4;1:0;1:1;1:2;1:3;1:4;2:0;2:1;2:2;2:3;2:4;3:0;3:1;3:2;3:3;3:4;4:0;4:1;4:2;4:3;4:4,x225_multisupport_confirmation,paired_train_seed,sealed_evaluation_only,Submit GPU jobs to gpumedium; do not use pilot/gpupilot.,6,400,-1,legacy_nominal_12N,A00_legacy,source_surface,5,2615,,,0.65,0.05
fsl_x225_schedule_a00_source5x5_s401_424_20260716_1136_n2-d0-dep4-md320-it144-x1p00-s412-rg0,source_delta_support_process_control,canonical,4,72,64,320,412,144,75497472,524288,16,2048,40,1,L,fsl-x225-schedule-a00-source5x5-s401-424-20260716-1136-n2-d0-dep4-md320-it144-x1p00-s412-rg0,2,0,x225_multisupport_delta_confirmation_source,4,75497472,524288,Fresh measured 5x5 source grid for the sealed x225 multi-support Delta confirmation. Target losses are evaluation-only.,controlled_model_dim_source_prefix_smalln_5x5,15401080.0,15401080.0,0.0,0.162821576719,11,x225_multisupport_full_5x5_collection,,1.305337,20,144,75497472,1.0,physical_full_5x5_collection,2:0,0:0;0:1;0:2;0:3;0:4;1:0;1:1;1:2;1:3;1:4;2:0;2:1;2:2;2:3;2:4;3:0;3:1;3:2;3:3;3:4;4:0;4:1;4:2;4:3;4:4,x225_multisupport_confirmation,paired_train_seed,sealed_evaluation_only,Submit GPU jobs to gpumedium; do not use pilot/gpupilot.,6,400,-1,legacy_nominal_12N,A00_legacy,source_surface,5,2615,,,0.65,0.05
fsl_x225_schedule_a00_source5x5_s401_424_20260716_1136_n2-d1-dep4-md320-it216-x1p00-s412-rg0,source_delta_support_process_control,canonical,4,72,64,320,412,216,113246208,524288,16,2048,40,1,L,fsl-x225-schedule-a00-source5x5-s401-424-20260716-1136-n2-d1-dep4-md320-it216-x1p00-s412-rg0,2,1,x225_multisupport_delta_confirmation_source,4,113246208,524288,Fresh measured 5x5 source grid for the sealed x225 multi-support Delta confirmation. Target losses are evaluation-only.,controlled_model_dim_source_prefix_smalln_5x5,15401080.0,15401080.0,0.0,0.162821576719,12,x225_multisupport_full_5x5_collection,,1.305337,20,216,113246208,1.0,physical_full_5x5_collection,2:1,0:0;0:1;0:2;0:3;0:4;1:0;1:1;1:2;1:3;1:4;2:0;2:1;2:2;2:3;2:4;3:0;3:1;3:2;3:3;3:4;4:0;4:1;4:2;4:3;4:4,x225_multisupport_confirmation,paired_train_seed,sealed_evaluation_only,Submit GPU jobs to gpumedium; do not use pilot/gpupilot.,6,400,-1,legacy_nominal_12N,A00_legacy,source_surface,5,2615,,,0.65,0.05
fsl_x225_schedule_a00_source5x5_s401_424_20260716_1136_n2-d2-dep4-md320-it324-x1p00-s412-rg0,source_delta_support_process_control,canonical,4,72,64,320,412,324,169869312,524288,16,2048,40,1,L,fsl-x225-schedule-a00-source5x5-s401-424-20260716-1136-n2-d2-dep4-md320-it324-x1p00-s412-rg0,2,2,x225_multisupport_delta_confirmation_source,4,169869312,524288,Fresh measured 5x5 source grid for the sealed x225 multi-support Delta confirmation. Target losses are evaluation-only.,controlled_model_dim_source_prefix_smalln_5x5,15401080.0,15401080.0,0.0,0.162821576719,13,x225_multisupport_full_5x5_collection,,1.305337,20,324,169869312,1.0,physical_full_5x5_collection,2:2,0:0;0:1;0:2;0:3;0:4;1:0;1:1;1:2;1:3;1:4;2:0;2:1;2:2;2:3;2:4;3:0;3:1;3:2;3:3;3:4;4:0;4:1;4:2;4:3;4:4,x225_multisupport_confirmation,paired_train_seed,sealed_evaluation_only,Submit GPU jobs to gpumedium; do not use pilot/gpupilot.,6,400,-1,legacy_nominal_12N,A00_legacy,source_surface,5,2615,,,0.65,0.05
fsl_x225_schedule_a00_source5x5_s401_424_20260716_1136_n2-d3-dep4-md320-it486-x1p00-s412-rg0,source_delta_support_process_control,canonical,4,72,64,320,412,486,254803968,524288,16,2048,40,1,L,fsl-x225-schedule-a00-source5x5-s401-424-20260716-1136-n2-d3-dep4-md320-it486-x1p00-s412-rg0,2,3,x225_multisupport_delta_confirmation_source,4,254803968,524288,Fresh measured 5x5 source grid for the sealed x225 multi-support Delta confirmation. Target losses are evaluation-only.,controlled_model_dim_source_prefix_smalln_5x5,15401080.0,15401080.0,0.0,0.162821576719,14,x225_multisupport_full_5x5_collection,,1.305337,20,486,254803968,1.0,physical_full_5x5_collection,2:3,0:0;0:1;0:2;0:3;0:4;1:0;1:1;1:2;1:3;1:4;2:0;2:1;2:2;2:3;2:4;3:0;3:1;3:2;3:3;3:4;4:0;4:1;4:2;4:3;4:4,x225_multisupport_confirmation,paired_train_seed,sealed_evaluation_only,Submit GPU jobs to gpumedium; do not use pilot/gpupilot.,6,400,-1,legacy_nominal_12N,A00_legacy,source_surface,5,2615,,,0.65,0.05
fsl_x225_schedule_a00_source5x5_s401_424_20260716_1136_n2-d4-dep4-md320-it729-x1p00-s412-rg0,source_delta_support_process_control,canonical,4,72,64,320,412,729,382205952,524288,16,2048,40,1,L,fsl-x225-schedule-a00-source5x5-s401-424-20260716-1136-n2-d4-dep4-md320-it729-x1p00-s412-rg0,2,4,x225_multisupport_delta_confirmation_source,4,382205952,524288,Fresh measured 5x5 source grid for the sealed x225 multi-support Delta confirmation. Target losses are evaluation-only.,controlled_model_dim_source_prefix_smalln_5x5,15401080.0,15401080.0,0.0,0.162821576719,15,x225_multisupport_full_5x5_collection,,1.305337,20,729,382205952,1.0,physical_full_5x5_collection,2:4,0:0;0:1;0:2;0:3;0:4;1:0;1:1;1:2;1:3;1:4;2:0;2:1;2:2;2:3;2:4;3:0;3:1;3:2;3:3;3:4;4:0;4:1;4:2;4:3;4:4,x225_multisupport_confirmation,paired_train_seed,sealed_evaluation_only,Submit GPU jobs to gpumedium; do not use pilot/gpupilot.,6,400,-1,legacy_nominal_12N,A00_legacy,source_surface,5,2615,,,0.65,0.05
fsl_x225_schedule_a00_source5x5_s401_424_20260716_1136_n3-d0-dep4-md512-it144-x1p00-s412-rg0,source_delta_support_process_control,canonical,4,72,64,512,412,144,75497472,524288,16,2048,40,1,L,fsl-x225-schedule-a00-source5x5-s401-424-20260716-1136-n3-d0-dep4-md512-it144-x1p00-s412-rg0,3,0,x225_multisupport_delta_confirmation_source,4,75497472,524288,Fresh measured 5x5 source grid for the sealed x225 multi-support Delta confirmation. Target losses are evaluation-only.,controlled_model_dim_source_prefix_smalln_5x5,29360320.0,29360320.0,0.0,0.162821576719,16,x225_multisupport_full_5x5_collection,,1.305337,20,144,75497472,1.0,physical_full_5x5_collection,3:0,0:0;0:1;0:2;0:3;0:4;1:0;1:1;1:2;1:3;1:4;2:0;2:1;2:2;2:3;2:4;3:0;3:1;3:2;3:3;3:4;4:0;4:1;4:2;4:3;4:4,x225_multisupport_confirmation,paired_train_seed,sealed_evaluation_only,Submit GPU jobs to gpumedium; do not use pilot/gpupilot.,6,400,-1,legacy_nominal_12N,A00_legacy,source_surface,5,2615,,,0.65,0.05
fsl_x225_schedule_a00_source5x5_s401_424_20260716_1136_n3-d1-dep4-md512-it216-x1p00-s412-rg0,source_delta_support_process_control,canonical,4,72,64,512,412,216,113246208,524288,16,2048,40,1,L,fsl-x225-schedule-a00-source5x5-s401-424-20260716-1136-n3-d1-dep4-md512-it216-x1p00-s412-rg0,3,1,x225_multisupport_delta_confirmation_source,4,113246208,524288,Fresh measured 5x5 source grid for the sealed x225 multi-support Delta confirmation. Target losses are evaluation-only.,controlled_model_dim_source_prefix_smalln_5x5,29360320.0,29360320.0,0.0,0.162821576719,17,x225_multisupport_full_5x5_collection,,1.305337,20,216,113246208,1.0,physical_full_5x5_collection,3:1,0:0;0:1;0:2;0:3;0:4;1:0;1:1;1:2;1:3;1:4;2:0;2:1;2:2;2:3;2:4;3:0;3:1;3:2;3:3;3:4;4:0;4:1;4:2;4:3;4:4,x225_multisupport_confirmation,paired_train_seed,sealed_evaluation_only,Submit GPU jobs to gpumedium; do not use pilot/gpupilot.,6,400,-1,legacy_nominal_12N,A00_legacy,source_surface,5,2615,,,0.65,0.05
fsl_x225_schedule_a00_source5x5_s401_424_20260716_1136_n3-d2-dep4-md512-it324-x1p00-s412-rg0,source_delta_support_process_control,canonical,4,72,64,512,412,324,169869312,524288,16,2048,40,1,L,fsl-x225-schedule-a00-source5x5-s401-424-20260716-1136-n3-d2-dep4-md512-it324-x1p00-s412-rg0,3,2,x225_multisupport_delta_confirmation_source,4,169869312,524288,Fresh measured 5x5 source grid for the sealed x225 multi-support Delta confirmation. Target losses are evaluation-only.,controlled_model_dim_source_prefix_smalln_5x5,29360320.0,29360320.0,0.0,0.162821576719,18,x225_multisupport_full_5x5_collection,,1.305337,20,324,169869312,1.0,physical_full_5x5_collection,3:2,0:0;0:1;0:2;0:3;0:4;1:0;1:1;1:2;1:3;1:4;2:0;2:1;2:2;2:3;2:4;3:0;3:1;3:2;3:3;3:4;4:0;4:1;4:2;4:3;4:4,x225_multisupport_confirmation,paired_train_seed,sealed_evaluation_only,Submit GPU jobs to gpumedium; do not use pilot/gpupilot.,6,400,-1,legacy_nominal_12N,A00_legacy,source_surface,5,2615,,,0.65,0.05
fsl_x225_schedule_a00_source5x5_s401_424_20260716_1136_n3-d3-dep4-md512-it486-x1p00-s412-rg0,source_delta_support_process_control,canonical,4,72,64,512,412,486,254803968,524288,16,2048,40,1,L,fsl-x225-schedule-a00-source5x5-s401-424-20260716-1136-n3-d3-dep4-md512-it486-x1p00-s412-rg0,3,3,x225_multisupport_delta_confirmation_source,4,254803968,524288,Fresh measured 5x5 source grid for the sealed x225 multi-support Delta confirmation. Target losses are evaluation-only.,controlled_model_dim_source_prefix_smalln_5x5,29360320.0,29360320.0,0.0,0.162821576719,19,x225_multisupport_full_5x5_collection,,1.305337,20,486,254803968,1.0,physical_full_5x5_collection,3:3,0:0;0:1;0:2;0:3;0:4;1:0;1:1;1:2;1:3;1:4;2:0;2:1;2:2;2:3;2:4;3:0;3:1;3:2;3:3;3:4;4:0;4:1;4:2;4:3;4:4,x225_multisupport_confirmation,paired_train_seed,sealed_evaluation_only,Submit GPU jobs to gpumedium; do not use pilot/gpupilot.,6,400,-1,legacy_nominal_12N,A00_legacy,source_surface,5,2615,,,0.65,0.05
fsl_x225_schedule_a00_source5x5_s401_424_20260716_1136_n3-d4-dep4-md512-it729-x1p00-s412-rg0,source_delta_support_process_control,canonical,4,72,64,512,412,729,382205952,524288,16,2048,40,1,L,fsl-x225-schedule-a00-source5x5-s401-424-20260716-1136-n3-d4-dep4-md512-it729-x1p00-s412-rg0,3,4,x225_multisupport_delta_confirmation_source,4,382205952,524288,Fresh measured 5x5 source grid for the sealed x225 multi-support Delta confirmation. Target losses are evaluation-only.,controlled_model_dim_source_prefix_smalln_5x5,29360320.0,29360320.0,0.0,0.162821576719,20,x225_multisupport_full_5x5_collection,,1.305337,20,729,382205952,1.0,physical_full_5x5_collection,3:4,0:0;0:1;0:2;0:3;0:4;1:0;1:1;1:2;1:3;1:4;2:0;2:1;2:2;2:3;2:4;3:0;3:1;3:2;3:3;3:4;4:0;4:1;4:2;4:3;4:4,x225_multisupport_confirmation,paired_train_seed,sealed_evaluation_only,Submit GPU jobs to gpumedium; do not use pilot/gpupilot.,6,400,-1,legacy_nominal_12N,A00_legacy,source_surface,5,2615,,,0.65,0.05
fsl_x225_schedule_a00_source5x5_s401_424_20260716_1136_n4-d0-dep4-md704-it144-x1p00-s412-rg0,source_delta_support_process_control,canonical,4,72,64,704,412,144,75497472,524288,16,2048,40,1,L,fsl-x225-schedule-a00-source5x5-s401-424-20260716-1136-n4-d0-dep4-md704-it144-x1p00-s412-rg0,4,0,x225_multisupport_delta_confirmation_source,4,75497472,524288,Fresh measured 5x5 source grid for the sealed x225 multi-support Delta confirmation. Target losses are evaluation-only.,controlled_model_dim_source_prefix_smalln_5x5,46858504.0,46858504.0,0.0,0.162821576719,21,x225_multisupport_full_5x5_collection,,1.305337,20,144,75497472,1.0,physical_full_5x5_collection,4:0,0:0;0:1;0:2;0:3;0:4;1:0;1:1;1:2;1:3;1:4;2:0;2:1;2:2;2:3;2:4;3:0;3:1;3:2;3:3;3:4;4:0;4:1;4:2;4:3;4:4,x225_multisupport_confirmation,paired_train_seed,sealed_evaluation_only,Submit GPU jobs to gpumedium; do not use pilot/gpupilot.,6,400,-1,legacy_nominal_12N,A00_legacy,source_surface,5,2615,,,0.65,0.05
fsl_x225_schedule_a00_source5x5_s401_424_20260716_1136_n4-d1-dep4-md704-it216-x1p00-s412-rg0,source_delta_support_process_control,canonical,4,72,64,704,412,216,113246208,524288,16,2048,40,1,L,fsl-x225-schedule-a00-source5x5-s401-424-20260716-1136-n4-d1-dep4-md704-it216-x1p00-s412-rg0,4,1,x225_multisupport_delta_confirmation_source,4,113246208,524288,Fresh measured 5x5 source grid for the sealed x225 multi-support Delta confirmation. Target losses are evaluation-only.,controlled_model_dim_source_prefix_smalln_5x5,46858504.0,46858504.0,0.0,0.162821576719,22,x225_multisupport_full_5x5_collection,,1.305337,20,216,113246208,1.0,physical_full_5x5_collection,4:1,0:0;0:1;0:2;0:3;0:4;1:0;1:1;1:2;1:3;1:4;2:0;2:1;2:2;2:3;2:4;3:0;3:1;3:2;3:3;3:4;4:0;4:1;4:2;4:3;4:4,x225_multisupport_confirmation,paired_train_seed,sealed_evaluation_only,Submit GPU jobs to gpumedium; do not use pilot/gpupilot.,6,400,-1,legacy_nominal_12N,A00_legacy,source_surface,5,2615,,,0.65,0.05
fsl_x225_schedule_a00_source5x5_s401_424_20260716_1136_n4-d2-dep4-md704-it324-x1p00-s412-rg0,source_delta_support_process_control,canonical,4,72,64,704,412,324,169869312,524288,16,2048,40,1,L,fsl-x225-schedule-a00-source5x5-s401-424-20260716-1136-n4-d2-dep4-md704-it324-x1p00-s412-rg0,4,2,x225_multisupport_delta_confirmation_source,4,169869312,524288,Fresh measured 5x5 source grid for the sealed x225 multi-support Delta confirmation. Target losses are evaluation-only.,controlled_model_dim_source_prefix_smalln_5x5,46858504.0,46858504.0,0.0,0.162821576719,23,x225_multisupport_full_5x5_collection,,1.305337,20,324,169869312,1.0,physical_full_5x5_collection,4:2,0:0;0:1;0:2;0:3;0:4;1:0;1:1;1:2;1:3;1:4;2:0;2:1;2:2;2:3;2:4;3:0;3:1;3:2;3:3;3:4;4:0;4:1;4:2;4:3;4:4,x225_multisupport_confirmation,paired_train_seed,sealed_evaluation_only,Submit GPU jobs to gpumedium; do not use pilot/gpupilot.,6,400,-1,legacy_nominal_12N,A00_legacy,source_surface,5,2615,,,0.65,0.05
fsl_x225_schedule_a00_source5x5_s401_424_20260716_1136_n4-d3-dep4-md704-it486-x1p00-s412-rg0,source_delta_support_process_control,canonical,4,72,64,704,412,486,254803968,524288,16,2048,40,1,L,fsl-x225-schedule-a00-source5x5-s401-424-20260716-1136-n4-d3-dep4-md704-it486-x1p00-s412-rg0,4,3,x225_multisupport_delta_confirmation_source,4,254803968,524288,Fresh measured 5x5 source grid for the sealed x225 multi-support Delta confirmation. Target losses are evaluation-only.,controlled_model_dim_source_prefix_smalln_5x5,46858504.0,46858504.0,0.0,0.162821576719,24,x225_multisupport_full_5x5_collection,,1.305337,20,486,254803968,1.0,physical_full_5x5_collection,4:3,0:0;0:1;0:2;0:3;0:4;1:0;1:1;1:2;1:3;1:4;2:0;2:1;2:2;2:3;2:4;3:0;3:1;3:2;3:3;3:4;4:0;4:1;4:2;4:3;4:4,x225_multisupport_confirmation,paired_train_seed,sealed_evaluation_only,Submit GPU jobs to gpumedium; do not use pilot/gpupilot.,6,400,-1,legacy_nominal_12N,A00_legacy,source_surface,5,2615,,,0.65,0.05
fsl_x225_schedule_a00_source5x5_s401_424_20260716_1136_n4-d4-dep4-md704-it729-x1p00-s412-rg0,source_delta_support_process_control,canonical,4,72,64,704,412,729,382205952,524288,16,2048,40,1,L,fsl-x225-schedule-a00-source5x5-s401-424-20260716-1136-n4-d4-dep4-md704-it729-x1p00-s412-rg0,4,4,x225_multisupport_delta_confirmation_source,4,382205952,524288,Fresh measured 5x5 source grid for the sealed x225 multi-support Delta confirmation. Target losses are evaluation-only.,controlled_model_dim_source_prefix_smalln_5x5,46858504.0,46858504.0,0.0,0.162821576719,25,x225_multisupport_full_5x5_collection,,1.305337,20,729,382205952,1.0,physical_full_5x5_collection,4:4,0:0;0:1;0:2;0:3;0:4;1:0;1:1;1:2;1:3;1:4;2:0;2:1;2:2;2:3;2:4;3:0;3:1;3:2;3:3;3:4;4:0;4:1;4:2;4:3;4:4,x225_multisupport_confirmation,paired_train_seed,sealed_evaluation_only,Submit GPU jobs to gpumedium; do not use pilot/gpupilot.,6,400,-1,legacy_nominal_12N,A00_legacy,source_surface,5,2615,,,0.65,0.05
fsl_x225_schedule_a00_source5x5_s401_424_20260716_1136_n0-d0-dep4-md128-it144-x1p00-s413-rg0,source_delta_support_process_control,canonical,4,72,64,128,413,144,75497472,524288,16,2048,40,1,L,fsl-x225-schedule-a00-source5x5-s401-424-20260716-1136-n0-d0-dep4-md128-it144-x1p00-s413-rg0,0,0,x225_multisupport_delta_confirmation_source,4,75497472,524288,Fresh measured 5x5 source grid for the sealed x225 multi-support Delta confirmation. Target losses are evaluation-only.,controlled_model_dim_source_prefix_smalln_5x5,4980784.0,4980784.0,0.0,0.162821576719,1,x225_multisupport_full_5x5_collection,,1.305337,24,144,75497472,1.0,physical_full_5x5_collection,0:0,0:0;0:1;0:2;0:3;0:4;1:0;1:1;1:2;1:3;1:4;2:0;2:1;2:2;2:3;2:4;3:0;3:1;3:2;3:3;3:4;4:0;4:1;4:2;4:3;4:4,x225_multisupport_confirmation,paired_train_seed,sealed_evaluation_only,Submit GPU jobs to gpumedium; do not use pilot/gpupilot.,7,400,-1,legacy_nominal_12N,A00_legacy,source_surface,5,2615,,,0.65,0.05
fsl_x225_schedule_a00_source5x5_s401_424_20260716_1136_n0-d1-dep4-md128-it216-x1p00-s413-rg0,source_delta_support_process_control,canonical,4,72,64,128,413,216,113246208,524288,16,2048,40,1,L,fsl-x225-schedule-a00-source5x5-s401-424-20260716-1136-n0-d1-dep4-md128-it216-x1p00-s413-rg0,0,1,x225_multisupport_delta_confirmation_source,4,113246208,524288,Fresh measured 5x5 source grid for the sealed x225 multi-support Delta confirmation. Target losses are evaluation-only.,controlled_model_dim_source_prefix_smalln_5x5,4980784.0,4980784.0,0.0,0.162821576719,2,x225_multisupport_full_5x5_collection,,1.305337,24,216,113246208,1.0,physical_full_5x5_collection,0:1,0:0;0:1;0:2;0:3;0:4;1:0;1:1;1:2;1:3;1:4;2:0;2:1;2:2;2:3;2:4;3:0;3:1;3:2;3:3;3:4;4:0;4:1;4:2;4:3;4:4,x225_multisupport_confirmation,paired_train_seed,sealed_evaluation_only,Submit GPU jobs to gpumedium; do not use pilot/gpupilot.,7,400,-1,legacy_nominal_12N,A00_legacy,source_surface,5,2615,,,0.65,0.05
fsl_x225_schedule_a00_source5x5_s401_424_20260716_1136_n0-d2-dep4-md128-it324-x1p00-s413-rg0,source_delta_support_process_control,canonical,4,72,64,128,413,324,169869312,524288,16,2048,40,1,L,fsl-x225-schedule-a00-source5x5-s401-424-20260716-1136-n0-d2-dep4-md128-it324-x1p00-s413-rg0,0,2,x225_multisupport_delta_confirmation_source,4,169869312,524288,Fresh measured 5x5 source grid for the sealed x225 multi-support Delta confirmation. Target losses are evaluation-only.,controlled_model_dim_source_prefix_smalln_5x5,4980784.0,4980784.0,0.0,0.162821576719,3,x225_multisupport_full_5x5_collection,,1.305337,24,324,169869312,1.0,physical_full_5x5_collection,0:2,0:0;0:1;0:2;0:3;0:4;1:0;1:1;1:2;1:3;1:4;2:0;2:1;2:2;2:3;2:4;3:0;3:1;3:2;3:3;3:4;4:0;4:1;4:2;4:3;4:4,x225_multisupport_confirmation,paired_train_seed,sealed_evaluation_only,Submit GPU jobs to gpumedium; do not use pilot/gpupilot.,7,400,-1,legacy_nominal_12N,A00_legacy,source_surface,5,2615,,,0.65,0.05
fsl_x225_schedule_a00_source5x5_s401_424_20260716_1136_n0-d3-dep4-md128-it486-x1p00-s413-rg0,source_delta_support_process_control,canonical,4,72,64,128,413,486,254803968,524288,16,2048,40,1,L,fsl-x225-schedule-a00-source5x5-s401-424-20260716-1136-n0-d3-dep4-md128-it486-x1p00-s413-rg0,0,3,x225_multisupport_delta_confirmation_source,4,254803968,524288,Fresh measured 5x5 source grid for the sealed x225 multi-support Delta confirmation. Target losses are evaluation-only.,controlled_model_dim_source_prefix_smalln_5x5,4980784.0,4980784.0,0.0,0.162821576719,4,x225_multisupport_full_5x5_collection,,1.305337,24,486,254803968,1.0,physical_full_5x5_collection,0:3,0:0;0:1;0:2;0:3;0:4;1:0;1:1;1:2;1:3;1:4;2:0;2:1;2:2;2:3;2:4;3:0;3:1;3:2;3:3;3:4;4:0;4:1;4:2;4:3;4:4,x225_multisupport_confirmation,paired_train_seed,sealed_evaluation_only,Submit GPU jobs to gpumedium; do not use pilot/gpupilot.,7,400,-1,legacy_nominal_12N,A00_legacy,source_surface,5,2615,,,0.65,0.05
fsl_x225_schedule_a00_source5x5_s401_424_20260716_1136_n0-d4-dep4-md128-it729-x1p00-s413-rg0,source_delta_support_process_control,canonical,4,72,64,128,413,729,382205952,524288,16,2048,40,1,L,fsl-x225-schedule-a00-source5x5-s401-424-20260716-1136-n0-d4-dep4-md128-it729-x1p00-s413-rg0,0,4,x225_multisupport_delta_confirmation_source,4,382205952,524288,Fresh measured 5x5 source grid for the sealed x225 multi-support Delta confirmation. Target losses are evaluation-only.,controlled_model_dim_source_prefix_smalln_5x5,4980784.0,4980784.0,0.0,0.162821576719,5,x225_multisupport_full_5x5_collection,,1.305337,24,729,382205952,1.0,physical_full_5x5_collection,0:4,0:0;0:1;0:2;0:3;0:4;1:0;1:1;1:2;1:3;1:4;2:0;2:1;2:2;2:3;2:4;3:0;3:1;3:2;3:3;3:4;4:0;4:1;4:2;4:3;4:4,x225_multisupport_confirmation,paired_train_seed,sealed_evaluation_only,Submit GPU jobs to gpumedium; do not use pilot/gpupilot.,7,400,-1,legacy_nominal_12N,A00_legacy,source_surface,5,2615,,,0.65,0.05
fsl_x225_schedule_a00_source5x5_s401_424_20260716_1136_n1-d0-dep4-md192-it144-x1p00-s413-rg0,source_delta_support_process_control,canonical,4,72,64,192,413,144,75497472,524288,16,2048,40,1,L,fsl-x225-schedule-a00-source5x5-s401-424-20260716-1136-n1-d0-dep4-md192-it144-x1p00-s413-rg0,1,0,x225_multisupport_delta_confirmation_source,4,75497472,524288,Fresh measured 5x5 source grid for the sealed x225 multi-support Delta confirmation. Target losses are evaluation-only.,controlled_model_dim_source_prefix_smalln_5x5,8061000.0,8061000.0,0.0,0.162821576719,6,x225_multisupport_full_5x5_collection,,1.305337,24,144,75497472,1.0,physical_full_5x5_collection,1:0,0:0;0:1;0:2;0:3;0:4;1:0;1:1;1:2;1:3;1:4;2:0;2:1;2:2;2:3;2:4;3:0;3:1;3:2;3:3;3:4;4:0;4:1;4:2;4:3;4:4,x225_multisupport_confirmation,paired_train_seed,sealed_evaluation_only,Submit GPU jobs to gpumedium; do not use pilot/gpupilot.,7,400,-1,legacy_nominal_12N,A00_legacy,source_surface,5,2615,,,0.65,0.05
fsl_x225_schedule_a00_source5x5_s401_424_20260716_1136_n1-d1-dep4-md192-it216-x1p00-s413-rg0,source_delta_support_process_control,canonical,4,72,64,192,413,216,113246208,524288,16,2048,40,1,L,fsl-x225-schedule-a00-source5x5-s401-424-20260716-1136-n1-d1-dep4-md192-it216-x1p00-s413-rg0,1,1,x225_multisupport_delta_confirmation_source,4,113246208,524288,Fresh measured 5x5 source grid for the sealed x225 multi-support Delta confirmation. Target losses are evaluation-only.,controlled_model_dim_source_prefix_smalln_5x5,8061000.0,8061000.0,0.0,0.162821576719,7,x225_multisupport_full_5x5_collection,,1.305337,24,216,113246208,1.0,physical_full_5x5_collection,1:1,0:0;0:1;0:2;0:3;0:4;1:0;1:1;1:2;1:3;1:4;2:0;2:1;2:2;2:3;2:4;3:0;3:1;3:2;3:3;3:4;4:0;4:1;4:2;4:3;4:4,x225_multisupport_confirmation,paired_train_seed,sealed_evaluation_only,Submit GPU jobs to gpumedium; do not use pilot/gpupilot.,7,400,-1,legacy_nominal_12N,A00_legacy,source_surface,5,2615,,,0.65,0.05
fsl_x225_schedule_a00_source5x5_s401_424_20260716_1136_n1-d2-dep4-md192-it324-x1p00-s413-rg0,source_delta_support_process_control,canonical,4,72,64,192,413,324,169869312,524288,16,2048,40,1,L,fsl-x225-schedule-a00-source5x5-s401-424-20260716-1136-n1-d2-dep4-md192-it324-x1p00-s413-rg0,1,2,x225_multisupport_delta_confirmation_source,4,169869312,524288,Fresh measured 5x5 source grid for the sealed x225 multi-support Delta confirmation. Target losses are evaluation-only.,controlled_model_dim_source_prefix_smalln_5x5,8061000.0,8061000.0,0.0,0.162821576719,8,x225_multisupport_full_5x5_collection,,1.305337,24,324,169869312,1.0,physical_full_5x5_collection,1:2,0:0;0:1;0:2;0:3;0:4;1:0;1:1;1:2;1:3;1:4;2:0;2:1;2:2;2:3;2:4;3:0;3:1;3:2;3:3;3:4;4:0;4:1;4:2;4:3;4:4,x225_multisupport_confirmation,paired_train_seed,sealed_evaluation_only,Submit GPU jobs to gpumedium; do not use pilot/gpupilot.,7,400,-1,legacy_nominal_12N,A00_legacy,source_surface,5,2615,,,0.65,0.05
fsl_x225_schedule_a00_source5x5_s401_424_20260716_1136_n1-d3-dep4-md192-it486-x1p00-s413-rg0,source_delta_support_process_control,canonical,4,72,64,192,413,486,254803968,524288,16,2048,40,1,L,fsl-x225-schedule-a00-source5x5-s401-424-20260716-1136-n1-d3-dep4-md192-it486-x1p00-s413-rg0,1,3,x225_multisupport_delta_confirmation_source,4,254803968,524288,Fresh measured 5x5 source grid for the sealed x225 multi-support Delta confirmation. Target losses are evaluation-only.,controlled_model_dim_source_prefix_smalln_5x5,8061000.0,8061000.0,0.0,0.162821576719,9,x225_multisupport_full_5x5_collection,,1.305337,24,486,254803968,1.0,physical_full_5x5_collection,1:3,0:0;0:1;0:2;0:3;0:4;1:0;1:1;1:2;1:3;1:4;2:0;2:1;2:2;2:3;2:4;3:0;3:1;3:2;3:3;3:4;4:0;4:1;4:2;4:3;4:4,x225_multisupport_confirmation,paired_train_seed,sealed_evaluation_only,Submit GPU jobs to gpumedium; do not use pilot/gpupilot.,7,400,-1,legacy_nominal_12N,A00_legacy,source_surface,5,2615,,,0.65,0.05
fsl_x225_schedule_a00_source5x5_s401_424_20260716_1136_n1-d4-dep4-md192-it729-x1p00-s413-rg0,source_delta_support_process_control,canonical,4,72,64,192,413,729,382205952,524288,16,2048,40,1,L,fsl-x225-schedule-a00-source5x5-s401-424-20260716-1136-n1-d4-dep4-md192-it729-x1p00-s413-rg0,1,4,x225_multisupport_delta_confirmation_source,4,382205952,524288,Fresh measured 5x5 source grid for the sealed x225 multi-support Delta confirmation. Target losses are evaluation-only.,controlled_model_dim_source_prefix_smalln_5x5,8061000.0,8061000.0,0.0,0.162821576719,10,x225_multisupport_full_5x5_collection,,1.305337,24,729,382205952,1.0,physical_full_5x5_collection,1:4,0:0;0:1;0:2;0:3;0:4;1:0;1:1;1:2;1:3;1:4;2:0;2:1;2:2;2:3;2:4;3:0;3:1;3:2;3:3;3:4;4:0;4:1;4:2;4:3;4:4,x225_multisupport_confirmation,paired_train_seed,sealed_evaluation_only,Submit GPU jobs to gpumedium; do not use pilot/gpupilot.,7,400,-1,legacy_nominal_12N,A00_legacy,source_surface,5,2615,,,0.65,0.05
fsl_x225_schedule_a00_source5x5_s401_424_20260716_1136_n2-d0-dep4-md320-it144-x1p00-s413-rg0,source_delta_support_process_control,canonical,4,72,64,320,413,144,75497472,524288,16,2048,40,1,L,fsl-x225-schedule-a00-source5x5-s401-424-20260716-1136-n2-d0-dep4-md320-it144-x1p00-s413-rg0,2,0,x225_multisupport_delta_confirmation_source,4,75497472,524288,Fresh measured 5x5 source grid for the sealed x225 multi-support Delta confirmation. Target losses are evaluation-only.,controlled_model_dim_source_prefix_smalln_5x5,15401080.0,15401080.0,0.0,0.162821576719,11,x225_multisupport_full_5x5_collection,,1.305337,24,144,75497472,1.0,physical_full_5x5_collection,2:0,0:0;0:1;0:2;0:3;0:4;1:0;1:1;1:2;1:3;1:4;2:0;2:1;2:2;2:3;2:4;3:0;3:1;3:2;3:3;3:4;4:0;4:1;4:2;4:3;4:4,x225_multisupport_confirmation,paired_train_seed,sealed_evaluation_only,Submit GPU jobs to gpumedium; do not use pilot/gpupilot.,7,400,-1,legacy_nominal_12N,A00_legacy,source_surface,5,2615,,,0.65,0.05
fsl_x225_schedule_a00_source5x5_s401_424_20260716_1136_n2-d1-dep4-md320-it216-x1p00-s413-rg0,source_delta_support_process_control,canonical,4,72,64,320,413,216,113246208,524288,16,2048,40,1,L,fsl-x225-schedule-a00-source5x5-s401-424-20260716-1136-n2-d1-dep4-md320-it216-x1p00-s413-rg0,2,1,x225_multisupport_delta_confirmation_source,4,113246208,524288,Fresh measured 5x5 source grid for the sealed x225 multi-support Delta confirmation. Target losses are evaluation-only.,controlled_model_dim_source_prefix_smalln_5x5,15401080.0,15401080.0,0.0,0.162821576719,12,x225_multisupport_full_5x5_collection,,1.305337,24,216,113246208,1.0,physical_full_5x5_collection,2:1,0:0;0:1;0:2;0:3;0:4;1:0;1:1;1:2;1:3;1:4;2:0;2:1;2:2;2:3;2:4;3:0;3:1;3:2;3:3;3:4;4:0;4:1;4:2;4:3;4:4,x225_multisupport_confirmation,paired_train_seed,sealed_evaluation_only,Submit GPU jobs to gpumedium; do not use pilot/gpupilot.,7,400,-1,legacy_nominal_12N,A00_legacy,source_surface,5,2615,,,0.65,0.05
fsl_x225_schedule_a00_source5x5_s401_424_20260716_1136_n2-d2-dep4-md320-it324-x1p00-s413-rg0,source_delta_support_process_control,canonical,4,72,64,320,413,324,169869312,524288,16,2048,40,1,L,fsl-x225-schedule-a00-source5x5-s401-424-20260716-1136-n2-d2-dep4-md320-it324-x1p00-s413-rg0,2,2,x225_multisupport_delta_confirmation_source,4,169869312,524288,Fresh measured 5x5 source grid for the sealed x225 multi-support Delta confirmation. Target losses are evaluation-only.,controlled_model_dim_source_prefix_smalln_5x5,15401080.0,15401080.0,0.0,0.162821576719,13,x225_multisupport_full_5x5_collection,,1.305337,24,324,169869312,1.0,physical_full_5x5_collection,2:2,0:0;0:1;0:2;0:3;0:4;1:0;1:1;1:2;1:3;1:4;2:0;2:1;2:2;2:3;2:4;3:0;3:1;3:2;3:3;3:4;4:0;4:1;4:2;4:3;4:4,x225_multisupport_confirmation,paired_train_seed,sealed_evaluation_only,Submit GPU jobs to gpumedium; do not use pilot/gpupilot.,7,400,-1,legacy_nominal_12N,A00_legacy,source_surface,5,2615,,,0.65,0.05
fsl_x225_schedule_a00_source5x5_s401_424_20260716_1136_n2-d3-dep4-md320-it486-x1p00-s413-rg0,source_delta_support_process_control,canonical,4,72,64,320,413,486,254803968,524288,16,2048,40,1,L,fsl-x225-schedule-a00-source5x5-s401-424-20260716-1136-n2-d3-dep4-md320-it486-x1p00-s413-rg0,2,3,x225_multisupport_delta_confirmation_source,4,254803968,524288,Fresh measured 5x5 source grid for the sealed x225 multi-support Delta confirmation. Target losses are evaluation-only.,controlled_model_dim_source_prefix_smalln_5x5,15401080.0,15401080.0,0.0,0.162821576719,14,x225_multisupport_full_5x5_collection,,1.305337,24,486,254803968,1.0,physical_full_5x5_collection,2:3,0:0;0:1;0:2;0:3;0:4;1:0;1:1;1:2;1:3;1:4;2:0;2:1;2:2;2:3;2:4;3:0;3:1;3:2;3:3;3:4;4:0;4:1;4:2;4:3;4:4,x225_multisupport_confirmation,paired_train_seed,sealed_evaluation_only,Submit GPU jobs to gpumedium; do not use pilot/gpupilot.,7,400,-1,legacy_nominal_12N,A00_legacy,source_surface,5,2615,,,0.65,0.05
fsl_x225_schedule_a00_source5x5_s401_424_20260716_1136_n2-d4-dep4-md320-it729-x1p00-s413-rg0,source_delta_support_process_control,canonical,4,72,64,320,413,729,382205952,524288,16,2048,40,1,L,fsl-x225-schedule-a00-source5x5-s401-424-20260716-1136-n2-d4-dep4-md320-it729-x1p00-s413-rg0,2,4,x225_multisupport_delta_confirmation_source,4,382205952,524288,Fresh measured 5x5 source grid for the sealed x225 multi-support Delta confirmation. Target losses are evaluation-only.,controlled_model_dim_source_prefix_smalln_5x5,15401080.0,15401080.0,0.0,0.162821576719,15,x225_multisupport_full_5x5_collection,,1.305337,24,729,382205952,1.0,physical_full_5x5_collection,2:4,0:0;0:1;0:2;0:3;0:4;1:0;1:1;1:2;1:3;1:4;2:0;2:1;2:2;2:3;2:4;3:0;3:1;3:2;3:3;3:4;4:0;4:1;4:2;4:3;4:4,x225_multisupport_confirmation,paired_train_seed,sealed_evaluation_only,Submit GPU jobs to gpumedium; do not use pilot/gpupilot.,7,400,-1,legacy_nominal_12N,A00_legacy,source_surface,5,2615,,,0.65,0.05
fsl_x225_schedule_a00_source5x5_s401_424_20260716_1136_n3-d0-dep4-md512-it144-x1p00-s413-rg0,source_delta_support_process_control,canonical,4,72,64,512,413,144,75497472,524288,16,2048,40,1,L,fsl-x225-schedule-a00-source5x5-s401-424-20260716-1136-n3-d0-dep4-md512-it144-x1p00-s413-rg0,3,0,x225_multisupport_delta_confirmation_source,4,75497472,524288,Fresh measured 5x5 source grid for the sealed x225 multi-support Delta confirmation. Target losses are evaluation-only.,controlled_model_dim_source_prefix_smalln_5x5,29360320.0,29360320.0,0.0,0.162821576719,16,x225_multisupport_full_5x5_collection,,1.305337,24,144,75497472,1.0,physical_full_5x5_collection,3:0,0:0;0:1;0:2;0:3;0:4;1:0;1:1;1:2;1:3;1:4;2:0;2:1;2:2;2:3;2:4;3:0;3:1;3:2;3:3;3:4;4:0;4:1;4:2;4:3;4:4,x225_multisupport_confirmation,paired_train_seed,sealed_evaluation_only,Submit GPU jobs to gpumedium; do not use pilot/gpupilot.,7,400,-1,legacy_nominal_12N,A00_legacy,source_surface,5,2615,,,0.65,0.05
fsl_x225_schedule_a00_source5x5_s401_424_20260716_1136_n3-d1-dep4-md512-it216-x1p00-s413-rg0,source_delta_support_process_control,canonical,4,72,64,512,413,216,113246208,524288,16,2048,40,1,L,fsl-x225-schedule-a00-source5x5-s401-424-20260716-1136-n3-d1-dep4-md512-it216-x1p00-s413-rg0,3,1,x225_multisupport_delta_confirmation_source,4,113246208,524288,Fresh measured 5x5 source grid for the sealed x225 multi-support Delta confirmation. Target losses are evaluation-only.,controlled_model_dim_source_prefix_smalln_5x5,29360320.0,29360320.0,0.0,0.162821576719,17,x225_multisupport_full_5x5_collection,,1.305337,24,216,113246208,1.0,physical_full_5x5_collection,3:1,0:0;0:1;0:2;0:3;0:4;1:0;1:1;1:2;1:3;1:4;2:0;2:1;2:2;2:3;2:4;3:0;3:1;3:2;3:3;3:4;4:0;4:1;4:2;4:3;4:4,x225_multisupport_confirmation,paired_train_seed,sealed_evaluation_only,Submit GPU jobs to gpumedium; do not use pilot/gpupilot.,7,400,-1,legacy_nominal_12N,A00_legacy,source_surface,5,2615,,,0.65,0.05
fsl_x225_schedule_a00_source5x5_s401_424_20260716_1136_n3-d2-dep4-md512-it324-x1p00-s413-rg0,source_delta_support_process_control,canonical,4,72,64,512,413,324,169869312,524288,16,2048,40,1,L,fsl-x225-schedule-a00-source5x5-s401-424-20260716-1136-n3-d2-dep4-md512-it324-x1p00-s413-rg0,3,2,x225_multisupport_delta_confirmation_source,4,169869312,524288,Fresh measured 5x5 source grid for the sealed x225 multi-support Delta confirmation. Target losses are evaluation-only.,controlled_model_dim_source_prefix_smalln_5x5,29360320.0,29360320.0,0.0,0.162821576719,18,x225_multisupport_full_5x5_collection,,1.305337,24,324,169869312,1.0,physical_full_5x5_collection,3:2,0:0;0:1;0:2;0:3;0:4;1:0;1:1;1:2;1:3;1:4;2:0;2:1;2:2;2:3;2:4;3:0;3:1;3:2;3:3;3:4;4:0;4:1;4:2;4:3;4:4,x225_multisupport_confirmation,paired_train_seed,sealed_evaluation_only,Submit GPU jobs to gpumedium; do not use pilot/gpupilot.,7,400,-1,legacy_nominal_12N,A00_legacy,source_surface,5,2615,,,0.65,0.05
fsl_x225_schedule_a00_source5x5_s401_424_20260716_1136_n3-d3-dep4-md512-it486-x1p00-s413-rg0,source_delta_support_process_control,canonical,4,72,64,512,413,486,254803968,524288,16,2048,40,1,L,fsl-x225-schedule-a00-source5x5-s401-424-20260716-1136-n3-d3-dep4-md512-it486-x1p00-s413-rg0,3,3,x225_multisupport_delta_confirmation_source,4,254803968,524288,Fresh measured 5x5 source grid for the sealed x225 multi-support Delta confirmation. Target losses are evaluation-only.,controlled_model_dim_source_prefix_smalln_5x5,29360320.0,29360320.0,0.0,0.162821576719,19,x225_multisupport_full_5x5_collection,,1.305337,24,486,254803968,1.0,physical_full_5x5_collection,3:3,0:0;0:1;0:2;0:3;0:4;1:0;1:1;1:2;1:3;1:4;2:0;2:1;2:2;2:3;2:4;3:0;3:1;3:2;3:3;3:4;4:0;4:1;4:2;4:3;4:4,x225_multisupport_confirmation,paired_train_seed,sealed_evaluation_only,Submit GPU jobs to gpumedium; do not use pilot/gpupilot.,7,400,-1,legacy_nominal_12N,A00_legacy,source_surface,5,2615,,,0.65,0.05
fsl_x225_schedule_a00_source5x5_s401_424_20260716_1136_n3-d4-dep4-md512-it729-x1p00-s413-rg0,source_delta_support_process_control,canonical,4,72,64,512,413,729,382205952,524288,16,2048,40,1,L,fsl-x225-schedule-a00-source5x5-s401-424-20260716-1136-n3-d4-dep4-md512-it729-x1p00-s413-rg0,3,4,x225_multisupport_delta_confirmation_source,4,382205952,524288,Fresh measured 5x5 source grid for the sealed x225 multi-support Delta confirmation. Target losses are evaluation-only.,controlled_model_dim_source_prefix_smalln_5x5,29360320.0,29360320.0,0.0,0.162821576719,20,x225_multisupport_full_5x5_collection,,1.305337,24,729,382205952,1.0,physical_full_5x5_collection,3:4,0:0;0:1;0:2;0:3;0:4;1:0;1:1;1:2;1:3;1:4;2:0;2:1;2:2;2:3;2:4;3:0;3:1;3:2;3:3;3:4;4:0;4:1;4:2;4:3;4:4,x225_multisupport_confirmation,paired_train_seed,sealed_evaluation_only,Submit GPU jobs to gpumedium; do not use pilot/gpupilot.,7,400,-1,legacy_nominal_12N,A00_legacy,source_surface,5,2615,,,0.65,0.05
fsl_x225_schedule_a00_source5x5_s401_424_20260716_1136_n4-d0-dep4-md704-it144-x1p00-s413-rg0,source_delta_support_process_control,canonical,4,72,64,704,413,144,75497472,524288,16,2048,40,1,L,fsl-x225-schedule-a00-source5x5-s401-424-20260716-1136-n4-d0-dep4-md704-it144-x1p00-s413-rg0,4,0,x225_multisupport_delta_confirmation_source,4,75497472,524288,Fresh measured 5x5 source grid for the sealed x225 multi-support Delta confirmation. Target losses are evaluation-only.,controlled_model_dim_source_prefix_smalln_5x5,46858504.0,46858504.0,0.0,0.162821576719,21,x225_multisupport_full_5x5_collection,,1.305337,24,144,75497472,1.0,physical_full_5x5_collection,4:0,0:0;0:1;0:2;0:3;0:4;1:0;1:1;1:2;1:3;1:4;2:0;2:1;2:2;2:3;2:4;3:0;3:1;3:2;3:3;3:4;4:0;4:1;4:2;4:3;4:4,x225_multisupport_confirmation,paired_train_seed,sealed_evaluation_only,Submit GPU jobs to gpumedium; do not use pilot/gpupilot.,7,400,-1,legacy_nominal_12N,A00_legacy,source_surface,5,2615,,,0.65,0.05
fsl_x225_schedule_a00_source5x5_s401_424_20260716_1136_n4-d1-dep4-md704-it216-x1p00-s413-rg0,source_delta_support_process_control,canonical,4,72,64,704,413,216,113246208,524288,16,2048,40,1,L,fsl-x225-schedule-a00-source5x5-s401-424-20260716-1136-n4-d1-dep4-md704-it216-x1p00-s413-rg0,4,1,x225_multisupport_delta_confirmation_source,4,113246208,524288,Fresh measured 5x5 source grid for the sealed x225 multi-support Delta confirmation. Target losses are evaluation-only.,controlled_model_dim_source_prefix_smalln_5x5,46858504.0,46858504.0,0.0,0.162821576719,22,x225_multisupport_full_5x5_collection,,1.305337,24,216,113246208,1.0,physical_full_5x5_collection,4:1,0:0;0:1;0:2;0:3;0:4;1:0;1:1;1:2;1:3;1:4;2:0;2:1;2:2;2:3;2:4;3:0;3:1;3:2;3:3;3:4;4:0;4:1;4:2;4:3;4:4,x225_multisupport_confirmation,paired_train_seed,sealed_evaluation_only,Submit GPU jobs to gpumedium; do not use pilot/gpupilot.,7,400,-1,legacy_nominal_12N,A00_legacy,source_surface,5,2615,,,0.65,0.05
fsl_x225_schedule_a00_source5x5_s401_424_20260716_1136_n4-d2-dep4-md704-it324-x1p00-s413-rg0,source_delta_support_process_control,canonical,4,72,64,704,413,324,169869312,524288,16,2048,40,1,L,fsl-x225-schedule-a00-source5x5-s401-424-20260716-1136-n4-d2-dep4-md704-it324-x1p00-s413-rg0,4,2,x225_multisupport_delta_confirmation_source,4,169869312,524288,Fresh measured 5x5 source grid for the sealed x225 multi-support Delta confirmation. Target losses are evaluation-only.,controlled_model_dim_source_prefix_smalln_5x5,46858504.0,46858504.0,0.0,0.162821576719,23,x225_multisupport_full_5x5_collection,,1.305337,24,324,169869312,1.0,physical_full_5x5_collection,4:2,0:0;0:1;0:2;0:3;0:4;1:0;1:1;1:2;1:3;1:4;2:0;2:1;2:2;2:3;2:4;3:0;3:1;3:2;3:3;3:4;4:0;4:1;4:2;4:3;4:4,x225_multisupport_confirmation,paired_train_seed,sealed_evaluation_only,Submit GPU jobs to gpumedium; do not use pilot/gpupilot.,7,400,-1,legacy_nominal_12N,A00_legacy,source_surface,5,2615,,,0.65,0.05
fsl_x225_schedule_a00_source5x5_s401_424_20260716_1136_n4-d3-dep4-md704-it486-x1p00-s413-rg0,source_delta_support_process_control,canonical,4,72,64,704,413,486,254803968,524288,16,2048,40,1,L,fsl-x225-schedule-a00-source5x5-s401-424-20260716-1136-n4-d3-dep4-md704-it486-x1p00-s413-rg0,4,3,x225_multisupport_delta_confirmation_source,4,254803968,524288,Fresh measured 5x5 source grid for the sealed x225 multi-support Delta confirmation. Target losses are evaluation-only.,controlled_model_dim_source_prefix_smalln_5x5,46858504.0,46858504.0,0.0,0.162821576719,24,x225_multisupport_full_5x5_collection,,1.305337,24,486,254803968,1.0,physical_full_5x5_collection,4:3,0:0;0:1;0:2;0:3;0:4;1:0;1:1;1:2;1:3;1:4;2:0;2:1;2:2;2:3;2:4;3:0;3:1;3:2;3:3;3:4;4:0;4:1;4:2;4:3;4:4,x225_multisupport_confirmation,paired_train_seed,sealed_evaluation_only,Submit GPU jobs to gpumedium; do not use pilot/gpupilot.,7,400,-1,legacy_nominal_12N,A00_legacy,source_surface,5,2615,,,0.65,0.05
fsl_x225_schedule_a00_source5x5_s401_424_20260716_1136_n4-d4-dep4-md704-it729-x1p00-s413-rg0,source_delta_support_process_control,canonical,4,72,64,704,413,729,382205952,524288,16,2048,40,1,L,fsl-x225-schedule-a00-source5x5-s401-424-20260716-1136-n4-d4-dep4-md704-it729-x1p00-s413-rg0,4,4,x225_multisupport_delta_confirmation_source,4,382205952,524288,Fresh measured 5x5 source grid for the sealed x225 multi-support Delta confirmation. Target losses are evaluation-only.,controlled_model_dim_source_prefix_smalln_5x5,46858504.0,46858504.0,0.0,0.162821576719,25,x225_multisupport_full_5x5_collection,,1.305337,24,729,382205952,1.0,physical_full_5x5_collection,4:4,0:0;0:1;0:2;0:3;0:4;1:0;1:1;1:2;1:3;1:4;2:0;2:1;2:2;2:3;2:4;3:0;3:1;3:2;3:3;3:4;4:0;4:1;4:2;4:3;4:4,x225_multisupport_confirmation,paired_train_seed,sealed_evaluation_only,Submit GPU jobs to gpumedium; do not use pilot/gpupilot.,7,400,-1,legacy_nominal_12N,A00_legacy,source_surface,5,2615,,,0.65,0.05
fsl_x225_schedule_a00_source5x5_s401_424_20260716_1136_n0-d0-dep4-md128-it144-x1p00-s414-rg0,source_delta_support_process_control,canonical,4,72,64,128,414,144,75497472,524288,16,2048,40,1,L,fsl-x225-schedule-a00-source5x5-s401-424-20260716-1136-n0-d0-dep4-md128-it144-x1p00-s414-rg0,0,0,x225_multisupport_delta_confirmation_source,4,75497472,524288,Fresh measured 5x5 source grid for the sealed x225 multi-support Delta confirmation. Target losses are evaluation-only.,controlled_model_dim_source_prefix_smalln_5x5,4980784.0,4980784.0,0.0,0.162821576719,1,x225_multisupport_full_5x5_collection,,1.305337,24,144,75497472,1.0,physical_full_5x5_collection,0:0,0:0;0:1;0:2;0:3;0:4;1:0;1:1;1:2;1:3;1:4;2:0;2:1;2:2;2:3;2:4;3:0;3:1;3:2;3:3;3:4;4:0;4:1;4:2;4:3;4:4,x225_multisupport_confirmation,paired_train_seed,sealed_evaluation_only,Submit GPU jobs to gpumedium; do not use pilot/gpupilot.,7,400,-1,legacy_nominal_12N,A00_legacy,source_surface,5,2615,,,0.65,0.05
fsl_x225_schedule_a00_source5x5_s401_424_20260716_1136_n0-d1-dep4-md128-it216-x1p00-s414-rg0,source_delta_support_process_control,canonical,4,72,64,128,414,216,113246208,524288,16,2048,40,1,L,fsl-x225-schedule-a00-source5x5-s401-424-20260716-1136-n0-d1-dep4-md128-it216-x1p00-s414-rg0,0,1,x225_multisupport_delta_confirmation_source,4,113246208,524288,Fresh measured 5x5 source grid for the sealed x225 multi-support Delta confirmation. Target losses are evaluation-only.,controlled_model_dim_source_prefix_smalln_5x5,4980784.0,4980784.0,0.0,0.162821576719,2,x225_multisupport_full_5x5_collection,,1.305337,24,216,113246208,1.0,physical_full_5x5_collection,0:1,0:0;0:1;0:2;0:3;0:4;1:0;1:1;1:2;1:3;1:4;2:0;2:1;2:2;2:3;2:4;3:0;3:1;3:2;3:3;3:4;4:0;4:1;4:2;4:3;4:4,x225_multisupport_confirmation,paired_train_seed,sealed_evaluation_only,Submit GPU jobs to gpumedium; do not use pilot/gpupilot.,7,400,-1,legacy_nominal_12N,A00_legacy,source_surface,5,2615,,,0.65,0.05
fsl_x225_schedule_a00_source5x5_s401_424_20260716_1136_n0-d2-dep4-md128-it324-x1p00-s414-rg0,source_delta_support_process_control,canonical,4,72,64,128,414,324,169869312,524288,16,2048,40,1,L,fsl-x225-schedule-a00-source5x5-s401-424-20260716-1136-n0-d2-dep4-md128-it324-x1p00-s414-rg0,0,2,x225_multisupport_delta_confirmation_source,4,169869312,524288,Fresh measured 5x5 source grid for the sealed x225 multi-support Delta confirmation. Target losses are evaluation-only.,controlled_model_dim_source_prefix_smalln_5x5,4980784.0,4980784.0,0.0,0.162821576719,3,x225_multisupport_full_5x5_collection,,1.305337,24,324,169869312,1.0,physical_full_5x5_collection,0:2,0:0;0:1;0:2;0:3;0:4;1:0;1:1;1:2;1:3;1:4;2:0;2:1;2:2;2:3;2:4;3:0;3:1;3:2;3:3;3:4;4:0;4:1;4:2;4:3;4:4,x225_multisupport_confirmation,paired_train_seed,sealed_evaluation_only,Submit GPU jobs to gpumedium; do not use pilot/gpupilot.,7,400,-1,legacy_nominal_12N,A00_legacy,source_surface,5,2615,,,0.65,0.05
fsl_x225_schedule_a00_source5x5_s401_424_20260716_1136_n0-d3-dep4-md128-it486-x1p00-s414-rg0,source_delta_support_process_control,canonical,4,72,64,128,414,486,254803968,524288,16,2048,40,1,L,fsl-x225-schedule-a00-source5x5-s401-424-20260716-1136-n0-d3-dep4-md128-it486-x1p00-s414-rg0,0,3,x225_multisupport_delta_confirmation_source,4,254803968,524288,Fresh measured 5x5 source grid for the sealed x225 multi-support Delta confirmation. Target losses are evaluation-only.,controlled_model_dim_source_prefix_smalln_5x5,4980784.0,4980784.0,0.0,0.162821576719,4,x225_multisupport_full_5x5_collection,,1.305337,24,486,254803968,1.0,physical_full_5x5_collection,0:3,0:0;0:1;0:2;0:3;0:4;1:0;1:1;1:2;1:3;1:4;2:0;2:1;2:2;2:3;2:4;3:0;3:1;3:2;3:3;3:4;4:0;4:1;4:2;4:3;4:4,x225_multisupport_confirmation,paired_train_seed,sealed_evaluation_only,Submit GPU jobs to gpumedium; do not use pilot/gpupilot.,7,400,-1,legacy_nominal_12N,A00_legacy,source_surface,5,2615,,,0.65,0.05
fsl_x225_schedule_a00_source5x5_s401_424_20260716_1136_n0-d4-dep4-md128-it729-x1p00-s414-rg0,source_delta_support_process_control,canonical,4,72,64,128,414,729,382205952,524288,16,2048,40,1,L,fsl-x225-schedule-a00-source5x5-s401-424-20260716-1136-n0-d4-dep4-md128-it729-x1p00-s414-rg0,0,4,x225_multisupport_delta_confirmation_source,4,382205952,524288,Fresh measured 5x5 source grid for the sealed x225 multi-support Delta confirmation. Target losses are evaluation-only.,controlled_model_dim_source_prefix_smalln_5x5,4980784.0,4980784.0,0.0,0.162821576719,5,x225_multisupport_full_5x5_collection,,1.305337,24,729,382205952,1.0,physical_full_5x5_collection,0:4,0:0;0:1;0:2;0:3;0:4;1:0;1:1;1:2;1:3;1:4;2:0;2:1;2:2;2:3;2:4;3:0;3:1;3:2;3:3;3:4;4:0;4:1;4:2;4:3;4:4,x225_multisupport_confirmation,paired_train_seed,sealed_evaluation_only,Submit GPU jobs to gpumedium; do not use pilot/gpupilot.,7,400,-1,legacy_nominal_12N,A00_legacy,source_surface,5,2615,,,0.65,0.05
fsl_x225_schedule_a00_source5x5_s401_424_20260716_1136_n1-d0-dep4-md192-it144-x1p00-s414-rg0,source_delta_support_process_control,canonical,4,72,64,192,414,144,75497472,524288,16,2048,40,1,L,fsl-x225-schedule-a00-source5x5-s401-424-20260716-1136-n1-d0-dep4-md192-it144-x1p00-s414-rg0,1,0,x225_multisupport_delta_confirmation_source,4,75497472,524288,Fresh measured 5x5 source grid for the sealed x225 multi-support Delta confirmation. Target losses are evaluation-only.,controlled_model_dim_source_prefix_smalln_5x5,8061000.0,8061000.0,0.0,0.162821576719,6,x225_multisupport_full_5x5_collection,,1.305337,24,144,75497472,1.0,physical_full_5x5_collection,1:0,0:0;0:1;0:2;0:3;0:4;1:0;1:1;1:2;1:3;1:4;2:0;2:1;2:2;2:3;2:4;3:0;3:1;3:2;3:3;3:4;4:0;4:1;4:2;4:3;4:4,x225_multisupport_confirmation,paired_train_seed,sealed_evaluation_only,Submit GPU jobs to gpumedium; do not use pilot/gpupilot.,7,400,-1,legacy_nominal_12N,A00_legacy,source_surface,5,2615,,,0.65,0.05
fsl_x225_schedule_a00_source5x5_s401_424_20260716_1136_n1-d1-dep4-md192-it216-x1p00-s414-rg0,source_delta_support_process_control,canonical,4,72,64,192,414,216,113246208,524288,16,2048,40,1,L,fsl-x225-schedule-a00-source5x5-s401-424-20260716-1136-n1-d1-dep4-md192-it216-x1p00-s414-rg0,1,1,x225_multisupport_delta_confirmation_source,4,113246208,524288,Fresh measured 5x5 source grid for the sealed x225 multi-support Delta confirmation. Target losses are evaluation-only.,controlled_model_dim_source_prefix_smalln_5x5,8061000.0,8061000.0,0.0,0.162821576719,7,x225_multisupport_full_5x5_collection,,1.305337,24,216,113246208,1.0,physical_full_5x5_collection,1:1,0:0;0:1;0:2;0:3;0:4;1:0;1:1;1:2;1:3;1:4;2:0;2:1;2:2;2:3;2:4;3:0;3:1;3:2;3:3;3:4;4:0;4:1;4:2;4:3;4:4,x225_multisupport_confirmation,paired_train_seed,sealed_evaluation_only,Submit GPU jobs to gpumedium; do not use pilot/gpupilot.,7,400,-1,legacy_nominal_12N,A00_legacy,source_surface,5,2615,,,0.65,0.05
fsl_x225_schedule_a00_source5x5_s401_424_20260716_1136_n1-d2-dep4-md192-it324-x1p00-s414-rg0,source_delta_support_process_control,canonical,4,72,64,192,414,324,169869312,524288,16,2048,40,1,L,fsl-x225-schedule-a00-source5x5-s401-424-20260716-1136-n1-d2-dep4-md192-it324-x1p00-s414-rg0,1,2,x225_multisupport_delta_confirmation_source,4,169869312,524288,Fresh measured 5x5 source grid for the sealed x225 multi-support Delta confirmation. Target losses are evaluation-only.,controlled_model_dim_source_prefix_smalln_5x5,8061000.0,8061000.0,0.0,0.162821576719,8,x225_multisupport_full_5x5_collection,,1.305337,24,324,169869312,1.0,physical_full_5x5_collection,1:2,0:0;0:1;0:2;0:3;0:4;1:0;1:1;1:2;1:3;1:4;2:0;2:1;2:2;2:3;2:4;3:0;3:1;3:2;3:3;3:4;4:0;4:1;4:2;4:3;4:4,x225_multisupport_confirmation,paired_train_seed,sealed_evaluation_only,Submit GPU jobs to gpumedium; do not use pilot/gpupilot.,7,400,-1,legacy_nominal_12N,A00_legacy,source_surface,5,2615,,,0.65,0.05
fsl_x225_schedule_a00_source5x5_s401_424_20260716_1136_n1-d3-dep4-md192-it486-x1p00-s414-rg0,source_delta_support_process_control,canonical,4,72,64,192,414,486,254803968,524288,16,2048,40,1,L,fsl-x225-schedule-a00-source5x5-s401-424-20260716-1136-n1-d3-dep4-md192-it486-x1p00-s414-rg0,1,3,x225_multisupport_delta_confirmation_source,4,254803968,524288,Fresh measured 5x5 source grid for the sealed x225 multi-support Delta confirmation. Target losses are evaluation-only.,controlled_model_dim_source_prefix_smalln_5x5,8061000.0,8061000.0,0.0,0.162821576719,9,x225_multisupport_full_5x5_collection,,1.305337,24,486,254803968,1.0,physical_full_5x5_collection,1:3,0:0;0:1;0:2;0:3;0:4;1:0;1:1;1:2;1:3;1:4;2:0;2:1;2:2;2:3;2:4;3:0;3:1;3:2;3:3;3:4;4:0;4:1;4:2;4:3;4:4,x225_multisupport_confirmation,paired_train_seed,sealed_evaluation_only,Submit GPU jobs to gpumedium; do not use pilot/gpupilot.,7,400,-1,legacy_nominal_12N,A00_legacy,source_surface,5,2615,,,0.65,0.05
fsl_x225_schedule_a00_source5x5_s401_424_20260716_1136_n1-d4-dep4-md192-it729-x1p00-s414-rg0,source_delta_support_process_control,canonical,4,72,64,192,414,729,382205952,524288,16,2048,40,1,L,fsl-x225-schedule-a00-source5x5-s401-424-20260716-1136-n1-d4-dep4-md192-it729-x1p00-s414-rg0,1,4,x225_multisupport_delta_confirmation_source,4,382205952,524288,Fresh measured 5x5 source grid for the sealed x225 multi-support Delta confirmation. Target losses are evaluation-only.,controlled_model_dim_source_prefix_smalln_5x5,8061000.0,8061000.0,0.0,0.162821576719,10,x225_multisupport_full_5x5_collection,,1.305337,24,729,382205952,1.0,physical_full_5x5_collection,1:4,0:0;0:1;0:2;0:3;0:4;1:0;1:1;1:2;1:3;1:4;2:0;2:1;2:2;2:3;2:4;3:0;3:1;3:2;3:3;3:4;4:0;4:1;4:2;4:3;4:4,x225_multisupport_confirmation,paired_train_seed,sealed_evaluation_only,Submit GPU jobs to gpumedium; do not use pilot/gpupilot.,7,400,-1,legacy_nominal_12N,A00_legacy,source_surface,5,2615,,,0.65,0.05
fsl_x225_schedule_a00_source5x5_s401_424_20260716_1136_n2-d0-dep4-md320-it144-x1p00-s414-rg0,source_delta_support_process_control,canonical,4,72,64,320,414,144,75497472,524288,16,2048,40,1,L,fsl-x225-schedule-a00-source5x5-s401-424-20260716-1136-n2-d0-dep4-md320-it144-x1p00-s414-rg0,2,0,x225_multisupport_delta_confirmation_source,4,75497472,524288,Fresh measured 5x5 source grid for the sealed x225 multi-support Delta confirmation. Target losses are evaluation-only.,controlled_model_dim_source_prefix_smalln_5x5,15401080.0,15401080.0,0.0,0.162821576719,11,x225_multisupport_full_5x5_collection,,1.305337,24,144,75497472,1.0,physical_full_5x5_collection,2:0,0:0;0:1;0:2;0:3;0:4;1:0;1:1;1:2;1:3;1:4;2:0;2:1;2:2;2:3;2:4;3:0;3:1;3:2;3:3;3:4;4:0;4:1;4:2;4:3;4:4,x225_multisupport_confirmation,paired_train_seed,sealed_evaluation_only,Submit GPU jobs to gpumedium; do not use pilot/gpupilot.,7,400,-1,legacy_nominal_12N,A00_legacy,source_surface,5,2615,,,0.65,0.05
fsl_x225_schedule_a00_source5x5_s401_424_20260716_1136_n2-d1-dep4-md320-it216-x1p00-s414-rg0,source_delta_support_process_control,canonical,4,72,64,320,414,216,113246208,524288,16,2048,40,1,L,fsl-x225-schedule-a00-source5x5-s401-424-20260716-1136-n2-d1-dep4-md320-it216-x1p00-s414-rg0,2,1,x225_multisupport_delta_confirmation_source,4,113246208,524288,Fresh measured 5x5 source grid for the sealed x225 multi-support Delta confirmation. Target losses are evaluation-only.,controlled_model_dim_source_prefix_smalln_5x5,15401080.0,15401080.0,0.0,0.162821576719,12,x225_multisupport_full_5x5_collection,,1.305337,24,216,113246208,1.0,physical_full_5x5_collection,2:1,0:0;0:1;0:2;0:3;0:4;1:0;1:1;1:2;1:3;1:4;2:0;2:1;2:2;2:3;2:4;3:0;3:1;3:2;3:3;3:4;4:0;4:1;4:2;4:3;4:4,x225_multisupport_confirmation,paired_train_seed,sealed_evaluation_only,Submit GPU jobs to gpumedium; do not use pilot/gpupilot.,7,400,-1,legacy_nominal_12N,A00_legacy,source_surface,5,2615,,,0.65,0.05
fsl_x225_schedule_a00_source5x5_s401_424_20260716_1136_n2-d2-dep4-md320-it324-x1p00-s414-rg0,source_delta_support_process_control,canonical,4,72,64,320,414,324,169869312,524288,16,2048,40,1,L,fsl-x225-schedule-a00-source5x5-s401-424-20260716-1136-n2-d2-dep4-md320-it324-x1p00-s414-rg0,2,2,x225_multisupport_delta_confirmation_source,4,169869312,524288,Fresh measured 5x5 source grid for the sealed x225 multi-support Delta confirmation. Target losses are evaluation-only.,controlled_model_dim_source_prefix_smalln_5x5,15401080.0,15401080.0,0.0,0.162821576719,13,x225_multisupport_full_5x5_collection,,1.305337,24,324,169869312,1.0,physical_full_5x5_collection,2:2,0:0;0:1;0:2;0:3;0:4;1:0;1:1;1:2;1:3;1:4;2:0;2:1;2:2;2:3;2:4;3:0;3:1;3:2;3:3;3:4;4:0;4:1;4:2;4:3;4:4,x225_multisupport_confirmation,paired_train_seed,sealed_evaluation_only,Submit GPU jobs to gpumedium; do not use pilot/gpupilot.,7,400,-1,legacy_nominal_12N,A00_legacy,source_surface,5,2615,,,0.65,0.05
fsl_x225_schedule_a00_source5x5_s401_424_20260716_1136_n2-d3-dep4-md320-it486-x1p00-s414-rg0,source_delta_support_process_control,canonical,4,72,64,320,414,486,254803968,524288,16,2048,40,1,L,fsl-x225-schedule-a00-source5x5-s401-424-20260716-1136-n2-d3-dep4-md320-it486-x1p00-s414-rg0,2,3,x225_multisupport_delta_confirmation_source,4,254803968,524288,Fresh measured 5x5 source grid for the sealed x225 multi-support Delta confirmation. Target losses are evaluation-only.,controlled_model_dim_source_prefix_smalln_5x5,15401080.0,15401080.0,0.0,0.162821576719,14,x225_multisupport_full_5x5_collection,,1.305337,24,486,254803968,1.0,physical_full_5x5_collection,2:3,0:0;0:1;0:2;0:3;0:4;1:0;1:1;1:2;1:3;1:4;2:0;2:1;2:2;2:3;2:4;3:0;3:1;3:2;3:3;3:4;4:0;4:1;4:2;4:3;4:4,x225_multisupport_confirmation,paired_train_seed,sealed_evaluation_only,Submit GPU jobs to gpumedium; do not use pilot/gpupilot.,7,400,-1,legacy_nominal_12N,A00_legacy,source_surface,5,2615,,,0.65,0.05
fsl_x225_schedule_a00_source5x5_s401_424_20260716_1136_n2-d4-dep4-md320-it729-x1p00-s414-rg0,source_delta_support_process_control,canonical,4,72,64,320,414,729,382205952,524288,16,2048,40,1,L,fsl-x225-schedule-a00-source5x5-s401-424-20260716-1136-n2-d4-dep4-md320-it729-x1p00-s414-rg0,2,4,x225_multisupport_delta_confirmation_source,4,382205952,524288,Fresh measured 5x5 source grid for the sealed x225 multi-support Delta confirmation. Target losses are evaluation-only.,controlled_model_dim_source_prefix_smalln_5x5,15401080.0,15401080.0,0.0,0.162821576719,15,x225_multisupport_full_5x5_collection,,1.305337,24,729,382205952,1.0,physical_full_5x5_collection,2:4,0:0;0:1;0:2;0:3;0:4;1:0;1:1;1:2;1:3;1:4;2:0;2:1;2:2;2:3;2:4;3:0;3:1;3:2;3:3;3:4;4:0;4:1;4:2;4:3;4:4,x225_multisupport_confirmation,paired_train_seed,sealed_evaluation_only,Submit GPU jobs to gpumedium; do not use pilot/gpupilot.,7,400,-1,legacy_nominal_12N,A00_legacy,source_surface,5,2615,,,0.65,0.05
fsl_x225_schedule_a00_source5x5_s401_424_20260716_1136_n3-d0-dep4-md512-it144-x1p00-s414-rg0,source_delta_support_process_control,canonical,4,72,64,512,414,144,75497472,524288,16,2048,40,1,L,fsl-x225-schedule-a00-source5x5-s401-424-20260716-1136-n3-d0-dep4-md512-it144-x1p00-s414-rg0,3,0,x225_multisupport_delta_confirmation_source,4,75497472,524288,Fresh measured 5x5 source grid for the sealed x225 multi-support Delta confirmation. Target losses are evaluation-only.,controlled_model_dim_source_prefix_smalln_5x5,29360320.0,29360320.0,0.0,0.162821576719,16,x225_multisupport_full_5x5_collection,,1.305337,24,144,75497472,1.0,physical_full_5x5_collection,3:0,0:0;0:1;0:2;0:3;0:4;1:0;1:1;1:2;1:3;1:4;2:0;2:1;2:2;2:3;2:4;3:0;3:1;3:2;3:3;3:4;4:0;4:1;4:2;4:3;4:4,x225_multisupport_confirmation,paired_train_seed,sealed_evaluation_only,Submit GPU jobs to gpumedium; do not use pilot/gpupilot.,7,400,-1,legacy_nominal_12N,A00_legacy,source_surface,5,2615,,,0.65,0.05
fsl_x225_schedule_a00_source5x5_s401_424_20260716_1136_n3-d1-dep4-md512-it216-x1p00-s414-rg0,source_delta_support_process_control,canonical,4,72,64,512,414,216,113246208,524288,16,2048,40,1,L,fsl-x225-schedule-a00-source5x5-s401-424-20260716-1136-n3-d1-dep4-md512-it216-x1p00-s414-rg0,3,1,x225_multisupport_delta_confirmation_source,4,113246208,524288,Fresh measured 5x5 source grid for the sealed x225 multi-support Delta confirmation. Target losses are evaluation-only.,controlled_model_dim_source_prefix_smalln_5x5,29360320.0,29360320.0,0.0,0.162821576719,17,x225_multisupport_full_5x5_collection,,1.305337,24,216,113246208,1.0,physical_full_5x5_collection,3:1,0:0;0:1;0:2;0:3;0:4;1:0;1:1;1:2;1:3;1:4;2:0;2:1;2:2;2:3;2:4;3:0;3:1;3:2;3:3;3:4;4:0;4:1;4:2;4:3;4:4,x225_multisupport_confirmation,paired_train_seed,sealed_evaluation_only,Submit GPU jobs to gpumedium; do not use pilot/gpupilot.,7,400,-1,legacy_nominal_12N,A00_legacy,source_surface,5,2615,,,0.65,0.05
fsl_x225_schedule_a00_source5x5_s401_424_20260716_1136_n3-d2-dep4-md512-it324-x1p00-s414-rg0,source_delta_support_process_control,canonical,4,72,64,512,414,324,169869312,524288,16,2048,40,1,L,fsl-x225-schedule-a00-source5x5-s401-424-20260716-1136-n3-d2-dep4-md512-it324-x1p00-s414-rg0,3,2,x225_multisupport_delta_confirmation_source,4,169869312,524288,Fresh measured 5x5 source grid for the sealed x225 multi-support Delta confirmation. Target losses are evaluation-only.,controlled_model_dim_source_prefix_smalln_5x5,29360320.0,29360320.0,0.0,0.162821576719,18,x225_multisupport_full_5x5_collection,,1.305337,24,324,169869312,1.0,physical_full_5x5_collection,3:2,0:0;0:1;0:2;0:3;0:4;1:0;1:1;1:2;1:3;1:4;2:0;2:1;2:2;2:3;2:4;3:0;3:1;3:2;3:3;3:4;4:0;4:1;4:2;4:3;4:4,x225_multisupport_confirmation,paired_train_seed,sealed_evaluation_only,Submit GPU jobs to gpumedium; do not use pilot/gpupilot.,7,400,-1,legacy_nominal_12N,A00_legacy,source_surface,5,2615,,,0.65,0.05
fsl_x225_schedule_a00_source5x5_s401_424_20260716_1136_n3-d3-dep4-md512-it486-x1p00-s414-rg0,source_delta_support_process_control,canonical,4,72,64,512,414,486,254803968,524288,16,2048,40,1,L,fsl-x225-schedule-a00-source5x5-s401-424-20260716-1136-n3-d3-dep4-md512-it486-x1p00-s414-rg0,3,3,x225_multisupport_delta_confirmation_source,4,254803968,524288,Fresh measured 5x5 source grid for the sealed x225 multi-support Delta confirmation. Target losses are evaluation-only.,controlled_model_dim_source_prefix_smalln_5x5,29360320.0,29360320.0,0.0,0.162821576719,19,x225_multisupport_full_5x5_collection,,1.305337,24,486,254803968,1.0,physical_full_5x5_collection,3:3,0:0;0:1;0:2;0:3;0:4;1:0;1:1;1:2;1:3;1:4;2:0;2:1;2:2;2:3;2:4;3:0;3:1;3:2;3:3;3:4;4:0;4:1;4:2;4:3;4:4,x225_multisupport_confirmation,paired_train_seed,sealed_evaluation_only,Submit GPU jobs to gpumedium; do not use pilot/gpupilot.,7,400,-1,legacy_nominal_12N,A00_legacy,source_surface,5,2615,,,0.65,0.05
fsl_x225_schedule_a00_source5x5_s401_424_20260716_1136_n3-d4-dep4-md512-it729-x1p00-s414-rg0,source_delta_support_process_control,canonical,4,72,64,512,414,729,382205952,524288,16,2048,40,1,L,fsl-x225-schedule-a00-source5x5-s401-424-20260716-1136-n3-d4-dep4-md512-it729-x1p00-s414-rg0,3,4,x225_multisupport_delta_confirmation_source,4,382205952,524288,Fresh measured 5x5 source grid for the sealed x225 multi-support Delta confirmation. Target losses are evaluation-only.,controlled_model_dim_source_prefix_smalln_5x5,29360320.0,29360320.0,0.0,0.162821576719,20,x225_multisupport_full_5x5_collection,,1.305337,24,729,382205952,1.0,physical_full_5x5_collection,3:4,0:0;0:1;0:2;0:3;0:4;1:0;1:1;1:2;1:3;1:4;2:0;2:1;2:2;2:3;2:4;3:0;3:1;3:2;3:3;3:4;4:0;4:1;4:2;4:3;4:4,x225_multisupport_confirmation,paired_train_seed,sealed_evaluation_only,Submit GPU jobs to gpumedium; do not use pilot/gpupilot.,7,400,-1,legacy_nominal_12N,A00_legacy,source_surface,5,2615,,,0.65,0.05
fsl_x225_schedule_a00_source5x5_s401_424_20260716_1136_n4-d0-dep4-md704-it144-x1p00-s414-rg0,source_delta_support_process_control,canonical,4,72,64,704,414,144,75497472,524288,16,2048,40,1,L,fsl-x225-schedule-a00-source5x5-s401-424-20260716-1136-n4-d0-dep4-md704-it144-x1p00-s414-rg0,4,0,x225_multisupport_delta_confirmation_source,4,75497472,524288,Fresh measured 5x5 source grid for the sealed x225 multi-support Delta confirmation. Target losses are evaluation-only.,controlled_model_dim_source_prefix_smalln_5x5,46858504.0,46858504.0,0.0,0.162821576719,21,x225_multisupport_full_5x5_collection,,1.305337,24,144,75497472,1.0,physical_full_5x5_collection,4:0,0:0;0:1;0:2;0:3;0:4;1:0;1:1;1:2;1:3;1:4;2:0;2:1;2:2;2:3;2:4;3:0;3:1;3:2;3:3;3:4;4:0;4:1;4:2;4:3;4:4,x225_multisupport_confirmation,paired_train_seed,sealed_evaluation_only,Submit GPU jobs to gpumedium; do not use pilot/gpupilot.,7,400,-1,legacy_nominal_12N,A00_legacy,source_surface,5,2615,,,0.65,0.05
fsl_x225_schedule_a00_source5x5_s401_424_20260716_1136_n4-d1-dep4-md704-it216-x1p00-s414-rg0,source_delta_support_process_control,canonical,4,72,64,704,414,216,113246208,524288,16,2048,40,1,L,fsl-x225-schedule-a00-source5x5-s401-424-20260716-1136-n4-d1-dep4-md704-it216-x1p00-s414-rg0,4,1,x225_multisupport_delta_confirmation_source,4,113246208,524288,Fresh measured 5x5 source grid for the sealed x225 multi-support Delta confirmation. Target losses are evaluation-only.,controlled_model_dim_source_prefix_smalln_5x5,46858504.0,46858504.0,0.0,0.162821576719,22,x225_multisupport_full_5x5_collection,,1.305337,24,216,113246208,1.0,physical_full_5x5_collection,4:1,0:0;0:1;0:2;0:3;0:4;1:0;1:1;1:2;1:3;1:4;2:0;2:1;2:2;2:3;2:4;3:0;3:1;3:2;3:3;3:4;4:0;4:1;4:2;4:3;4:4,x225_multisupport_confirmation,paired_train_seed,sealed_evaluation_only,Submit GPU jobs to gpumedium; do not use pilot/gpupilot.,7,400,-1,legacy_nominal_12N,A00_legacy,source_surface,5,2615,,,0.65,0.05
fsl_x225_schedule_a00_source5x5_s401_424_20260716_1136_n4-d2-dep4-md704-it324-x1p00-s414-rg0,source_delta_support_process_control,canonical,4,72,64,704,414,324,169869312,524288,16,2048,40,1,L,fsl-x225-schedule-a00-source5x5-s401-424-20260716-1136-n4-d2-dep4-md704-it324-x1p00-s414-rg0,4,2,x225_multisupport_delta_confirmation_source,4,169869312,524288,Fresh measured 5x5 source grid for the sealed x225 multi-support Delta confirmation. Target losses are evaluation-only.,controlled_model_dim_source_prefix_smalln_5x5,46858504.0,46858504.0,0.0,0.162821576719,23,x225_multisupport_full_5x5_collection,,1.305337,24,324,169869312,1.0,physical_full_5x5_collection,4:2,0:0;0:1;0:2;0:3;0:4;1:0;1:1;1:2;1:3;1:4;2:0;2:1;2:2;2:3;2:4;3:0;3:1;3:2;3:3;3:4;4:0;4:1;4:2;4:3;4:4,x225_multisupport_confirmation,paired_train_seed,sealed_evaluation_only,Submit GPU jobs to gpumedium; do not use pilot/gpupilot.,7,400,-1,legacy_nominal_12N,A00_legacy,source_surface,5,2615,,,0.65,0.05
fsl_x225_schedule_a00_source5x5_s401_424_20260716_1136_n4-d3-dep4-md704-it486-x1p00-s414-rg0,source_delta_support_process_control,canonical,4,72,64,704,414,486,254803968,524288,16,2048,40,1,L,fsl-x225-schedule-a00-source5x5-s401-424-20260716-1136-n4-d3-dep4-md704-it486-x1p00-s414-rg0,4,3,x225_multisupport_delta_confirmation_source,4,254803968,524288,Fresh measured 5x5 source grid for the sealed x225 multi-support Delta confirmation. Target losses are evaluation-only.,controlled_model_dim_source_prefix_smalln_5x5,46858504.0,46858504.0,0.0,0.162821576719,24,x225_multisupport_full_5x5_collection,,1.305337,24,486,254803968,1.0,physical_full_5x5_collection,4:3,0:0;0:1;0:2;0:3;0:4;1:0;1:1;1:2;1:3;1:4;2:0;2:1;2:2;2:3;2:4;3:0;3:1;3:2;3:3;3:4;4:0;4:1;4:2;4:3;4:4,x225_multisupport_confirmation,paired_train_seed,sealed_evaluation_only,Submit GPU jobs to gpumedium; do not use pilot/gpupilot.,7,400,-1,legacy_nominal_12N,A00_legacy,source_surface,5,2615,,,0.65,0.05
fsl_x225_schedule_a00_source5x5_s401_424_20260716_1136_n4-d4-dep4-md704-it729-x1p00-s414-rg0,source_delta_support_process_control,canonical,4,72,64,704,414,729,382205952,524288,16,2048,40,1,L,fsl-x225-schedule-a00-source5x5-s401-424-20260716-1136-n4-d4-dep4-md704-it729-x1p00-s414-rg0,4,4,x225_multisupport_delta_confirmation_source,4,382205952,524288,Fresh measured 5x5 source grid for the sealed x225 multi-support Delta confirmation. Target losses are evaluation-only.,controlled_model_dim_source_prefix_smalln_5x5,46858504.0,46858504.0,0.0,0.162821576719,25,x225_multisupport_full_5x5_collection,,1.305337,24,729,382205952,1.0,physical_full_5x5_collection,4:4,0:0;0:1;0:2;0:3;0:4;1:0;1:1;1:2;1:3;1:4;2:0;2:1;2:2;2:3;2:4;3:0;3:1;3:2;3:3;3:4;4:0;4:1;4:2;4:3;4:4,x225_multisupport_confirmation,paired_train_seed,sealed_evaluation_only,Submit GPU jobs to gpumedium; do not use pilot/gpupilot.,7,400,-1,legacy_nominal_12N,A00_legacy,source_surface,5,2615,,,0.65,0.05
fsl_x225_schedule_a00_source5x5_s401_424_20260716_1136_n0-d0-dep4-md128-it144-x1p00-s415-rg0,source_delta_support_process_control,canonical,4,72,64,128,415,144,75497472,524288,16,2048,40,1,L,fsl-x225-schedule-a00-source5x5-s401-424-20260716-1136-n0-d0-dep4-md128-it144-x1p00-s415-rg0,0,0,x225_multisupport_delta_confirmation_source,4,75497472,524288,Fresh measured 5x5 source grid for the sealed x225 multi-support Delta confirmation. Target losses are evaluation-only.,controlled_model_dim_source_prefix_smalln_5x5,4980784.0,4980784.0,0.0,0.162821576719,1,x225_multisupport_full_5x5_collection,,1.305337,28,144,75497472,1.0,physical_full_5x5_collection,0:0,0:0;0:1;0:2;0:3;0:4;1:0;1:1;1:2;1:3;1:4;2:0;2:1;2:2;2:3;2:4;3:0;3:1;3:2;3:3;3:4;4:0;4:1;4:2;4:3;4:4,x225_multisupport_confirmation,paired_train_seed,sealed_evaluation_only,Submit GPU jobs to gpumedium; do not use pilot/gpupilot.,8,400,-1,legacy_nominal_12N,A00_legacy,source_surface,5,2615,,,0.65,0.05
fsl_x225_schedule_a00_source5x5_s401_424_20260716_1136_n0-d1-dep4-md128-it216-x1p00-s415-rg0,source_delta_support_process_control,canonical,4,72,64,128,415,216,113246208,524288,16,2048,40,1,L,fsl-x225-schedule-a00-source5x5-s401-424-20260716-1136-n0-d1-dep4-md128-it216-x1p00-s415-rg0,0,1,x225_multisupport_delta_confirmation_source,4,113246208,524288,Fresh measured 5x5 source grid for the sealed x225 multi-support Delta confirmation. Target losses are evaluation-only.,controlled_model_dim_source_prefix_smalln_5x5,4980784.0,4980784.0,0.0,0.162821576719,2,x225_multisupport_full_5x5_collection,,1.305337,28,216,113246208,1.0,physical_full_5x5_collection,0:1,0:0;0:1;0:2;0:3;0:4;1:0;1:1;1:2;1:3;1:4;2:0;2:1;2:2;2:3;2:4;3:0;3:1;3:2;3:3;3:4;4:0;4:1;4:2;4:3;4:4,x225_multisupport_confirmation,paired_train_seed,sealed_evaluation_only,Submit GPU jobs to gpumedium; do not use pilot/gpupilot.,8,400,-1,legacy_nominal_12N,A00_legacy,source_surface,5,2615,,,0.65,0.05
fsl_x225_schedule_a00_source5x5_s401_424_20260716_1136_n0-d2-dep4-md128-it324-x1p00-s415-rg0,source_delta_support_process_control,canonical,4,72,64,128,415,324,169869312,524288,16,2048,40,1,L,fsl-x225-schedule-a00-source5x5-s401-424-20260716-1136-n0-d2-dep4-md128-it324-x1p00-s415-rg0,0,2,x225_multisupport_delta_confirmation_source,4,169869312,524288,Fresh measured 5x5 source grid for the sealed x225 multi-support Delta confirmation. Target losses are evaluation-only.,controlled_model_dim_source_prefix_smalln_5x5,4980784.0,4980784.0,0.0,0.162821576719,3,x225_multisupport_full_5x5_collection,,1.305337,28,324,169869312,1.0,physical_full_5x5_collection,0:2,0:0;0:1;0:2;0:3;0:4;1:0;1:1;1:2;1:3;1:4;2:0;2:1;2:2;2:3;2:4;3:0;3:1;3:2;3:3;3:4;4:0;4:1;4:2;4:3;4:4,x225_multisupport_confirmation,paired_train_seed,sealed_evaluation_only,Submit GPU jobs to gpumedium; do not use pilot/gpupilot.,8,400,-1,legacy_nominal_12N,A00_legacy,source_surface,5,2615,,,0.65,0.05
fsl_x225_schedule_a00_source5x5_s401_424_20260716_1136_n0-d3-dep4-md128-it486-x1p00-s415-rg0,source_delta_support_process_control,canonical,4,72,64,128,415,486,254803968,524288,16,2048,40,1,L,fsl-x225-schedule-a00-source5x5-s401-424-20260716-1136-n0-d3-dep4-md128-it486-x1p00-s415-rg0,0,3,x225_multisupport_delta_confirmation_source,4,254803968,524288,Fresh measured 5x5 source grid for the sealed x225 multi-support Delta confirmation. Target losses are evaluation-only.,controlled_model_dim_source_prefix_smalln_5x5,4980784.0,4980784.0,0.0,0.162821576719,4,x225_multisupport_full_5x5_collection,,1.305337,28,486,254803968,1.0,physical_full_5x5_collection,0:3,0:0;0:1;0:2;0:3;0:4;1:0;1:1;1:2;1:3;1:4;2:0;2:1;2:2;2:3;2:4;3:0;3:1;3:2;3:3;3:4;4:0;4:1;4:2;4:3;4:4,x225_multisupport_confirmation,paired_train_seed,sealed_evaluation_only,Submit GPU jobs to gpumedium; do not use pilot/gpupilot.,8,400,-1,legacy_nominal_12N,A00_legacy,source_surface,5,2615,,,0.65,0.05
fsl_x225_schedule_a00_source5x5_s401_424_20260716_1136_n0-d4-dep4-md128-it729-x1p00-s415-rg0,source_delta_support_process_control,canonical,4,72,64,128,415,729,382205952,524288,16,2048,40,1,L,fsl-x225-schedule-a00-source5x5-s401-424-20260716-1136-n0-d4-dep4-md128-it729-x1p00-s415-rg0,0,4,x225_multisupport_delta_confirmation_source,4,382205952,524288,Fresh measured 5x5 source grid for the sealed x225 multi-support Delta confirmation. Target losses are evaluation-only.,controlled_model_dim_source_prefix_smalln_5x5,4980784.0,4980784.0,0.0,0.162821576719,5,x225_multisupport_full_5x5_collection,,1.305337,28,729,382205952,1.0,physical_full_5x5_collection,0:4,0:0;0:1;0:2;0:3;0:4;1:0;1:1;1:2;1:3;1:4;2:0;2:1;2:2;2:3;2:4;3:0;3:1;3:2;3:3;3:4;4:0;4:1;4:2;4:3;4:4,x225_multisupport_confirmation,paired_train_seed,sealed_evaluation_only,Submit GPU jobs to gpumedium; do not use pilot/gpupilot.,8,400,-1,legacy_nominal_12N,A00_legacy,source_surface,5,2615,,,0.65,0.05
fsl_x225_schedule_a00_source5x5_s401_424_20260716_1136_n1-d0-dep4-md192-it144-x1p00-s415-rg0,source_delta_support_process_control,canonical,4,72,64,192,415,144,75497472,524288,16,2048,40,1,L,fsl-x225-schedule-a00-source5x5-s401-424-20260716-1136-n1-d0-dep4-md192-it144-x1p00-s415-rg0,1,0,x225_multisupport_delta_confirmation_source,4,75497472,524288,Fresh measured 5x5 source grid for the sealed x225 multi-support Delta confirmation. Target losses are evaluation-only.,controlled_model_dim_source_prefix_smalln_5x5,8061000.0,8061000.0,0.0,0.162821576719,6,x225_multisupport_full_5x5_collection,,1.305337,28,144,75497472,1.0,physical_full_5x5_collection,1:0,0:0;0:1;0:2;0:3;0:4;1:0;1:1;1:2;1:3;1:4;2:0;2:1;2:2;2:3;2:4;3:0;3:1;3:2;3:3;3:4;4:0;4:1;4:2;4:3;4:4,x225_multisupport_confirmation,paired_train_seed,sealed_evaluation_only,Submit GPU jobs to gpumedium; do not use pilot/gpupilot.,8,400,-1,legacy_nominal_12N,A00_legacy,source_surface,5,2615,,,0.65,0.05
fsl_x225_schedule_a00_source5x5_s401_424_20260716_1136_n1-d1-dep4-md192-it216-x1p00-s415-rg0,source_delta_support_process_control,canonical,4,72,64,192,415,216,113246208,524288,16,2048,40,1,L,fsl-x225-schedule-a00-source5x5-s401-424-20260716-1136-n1-d1-dep4-md192-it216-x1p00-s415-rg0,1,1,x225_multisupport_delta_confirmation_source,4,113246208,524288,Fresh measured 5x5 source grid for the sealed x225 multi-support Delta confirmation. Target losses are evaluation-only.,controlled_model_dim_source_prefix_smalln_5x5,8061000.0,8061000.0,0.0,0.162821576719,7,x225_multisupport_full_5x5_collection,,1.305337,28,216,113246208,1.0,physical_full_5x5_collection,1:1,0:0;0:1;0:2;0:3;0:4;1:0;1:1;1:2;1:3;1:4;2:0;2:1;2:2;2:3;2:4;3:0;3:1;3:2;3:3;3:4;4:0;4:1;4:2;4:3;4:4,x225_multisupport_confirmation,paired_train_seed,sealed_evaluation_only,Submit GPU jobs to gpumedium; do not use pilot/gpupilot.,8,400,-1,legacy_nominal_12N,A00_legacy,source_surface,5,2615,,,0.65,0.05
fsl_x225_schedule_a00_source5x5_s401_424_20260716_1136_n1-d2-dep4-md192-it324-x1p00-s415-rg0,source_delta_support_process_control,canonical,4,72,64,192,415,324,169869312,524288,16,2048,40,1,L,fsl-x225-schedule-a00-source5x5-s401-424-20260716-1136-n1-d2-dep4-md192-it324-x1p00-s415-rg0,1,2,x225_multisupport_delta_confirmation_source,4,169869312,524288,Fresh measured 5x5 source grid for the sealed x225 multi-support Delta confirmation. Target losses are evaluation-only.,controlled_model_dim_source_prefix_smalln_5x5,8061000.0,8061000.0,0.0,0.162821576719,8,x225_multisupport_full_5x5_collection,,1.305337,28,324,169869312,1.0,physical_full_5x5_collection,1:2,0:0;0:1;0:2;0:3;0:4;1:0;1:1;1:2;1:3;1:4;2:0;2:1;2:2;2:3;2:4;3:0;3:1;3:2;3:3;3:4;4:0;4:1;4:2;4:3;4:4,x225_multisupport_confirmation,paired_train_seed,sealed_evaluation_only,Submit GPU jobs to gpumedium; do not use pilot/gpupilot.,8,400,-1,legacy_nominal_12N,A00_legacy,source_surface,5,2615,,,0.65,0.05
fsl_x225_schedule_a00_source5x5_s401_424_20260716_1136_n1-d3-dep4-md192-it486-x1p00-s415-rg0,source_delta_support_process_control,canonical,4,72,64,192,415,486,254803968,524288,16,2048,40,1,L,fsl-x225-schedule-a00-source5x5-s401-424-20260716-1136-n1-d3-dep4-md192-it486-x1p00-s415-rg0,1,3,x225_multisupport_delta_confirmation_source,4,254803968,524288,Fresh measured 5x5 source grid for the sealed x225 multi-support Delta confirmation. Target losses are evaluation-only.,controlled_model_dim_source_prefix_smalln_5x5,8061000.0,8061000.0,0.0,0.162821576719,9,x225_multisupport_full_5x5_collection,,1.305337,28,486,254803968,1.0,physical_full_5x5_collection,1:3,0:0;0:1;0:2;0:3;0:4;1:0;1:1;1:2;1:3;1:4;2:0;2:1;2:2;2:3;2:4;3:0;3:1;3:2;3:3;3:4;4:0;4:1;4:2;4:3;4:4,x225_multisupport_confirmation,paired_train_seed,sealed_evaluation_only,Submit GPU jobs to gpumedium; do not use pilot/gpupilot.,8,400,-1,legacy_nominal_12N,A00_legacy,source_surface,5,2615,,,0.65,0.05
fsl_x225_schedule_a00_source5x5_s401_424_20260716_1136_n1-d4-dep4-md192-it729-x1p00-s415-rg0,source_delta_support_process_control,canonical,4,72,64,192,415,729,382205952,524288,16,2048,40,1,L,fsl-x225-schedule-a00-source5x5-s401-424-20260716-1136-n1-d4-dep4-md192-it729-x1p00-s415-rg0,1,4,x225_multisupport_delta_confirmation_source,4,382205952,524288,Fresh measured 5x5 source grid for the sealed x225 multi-support Delta confirmation. Target losses are evaluation-only.,controlled_model_dim_source_prefix_smalln_5x5,8061000.0,8061000.0,0.0,0.162821576719,10,x225_multisupport_full_5x5_collection,,1.305337,28,729,382205952,1.0,physical_full_5x5_collection,1:4,0:0;0:1;0:2;0:3;0:4;1:0;1:1;1:2;1:3;1:4;2:0;2:1;2:2;2:3;2:4;3:0;3:1;3:2;3:3;3:4;4:0;4:1;4:2;4:3;4:4,x225_multisupport_confirmation,paired_train_seed,sealed_evaluation_only,Submit GPU jobs to gpumedium; do not use pilot/gpupilot.,8,400,-1,legacy_nominal_12N,A00_legacy,source_surface,5,2615,,,0.65,0.05
fsl_x225_schedule_a00_source5x5_s401_424_20260716_1136_n2-d0-dep4-md320-it144-x1p00-s415-rg0,source_delta_support_process_control,canonical,4,72,64,320,415,144,75497472,524288,16,2048,40,1,L,fsl-x225-schedule-a00-source5x5-s401-424-20260716-1136-n2-d0-dep4-md320-it144-x1p00-s415-rg0,2,0,x225_multisupport_delta_confirmation_source,4,75497472,524288,Fresh measured 5x5 source grid for the sealed x225 multi-support Delta confirmation. Target losses are evaluation-only.,controlled_model_dim_source_prefix_smalln_5x5,15401080.0,15401080.0,0.0,0.162821576719,11,x225_multisupport_full_5x5_collection,,1.305337,28,144,75497472,1.0,physical_full_5x5_collection,2:0,0:0;0:1;0:2;0:3;0:4;1:0;1:1;1:2;1:3;1:4;2:0;2:1;2:2;2:3;2:4;3:0;3:1;3:2;3:3;3:4;4:0;4:1;4:2;4:3;4:4,x225_multisupport_confirmation,paired_train_seed,sealed_evaluation_only,Submit GPU jobs to gpumedium; do not use pilot/gpupilot.,8,400,-1,legacy_nominal_12N,A00_legacy,source_surface,5,2615,,,0.65,0.05
fsl_x225_schedule_a00_source5x5_s401_424_20260716_1136_n2-d1-dep4-md320-it216-x1p00-s415-rg0,source_delta_support_process_control,canonical,4,72,64,320,415,216,113246208,524288,16,2048,40,1,L,fsl-x225-schedule-a00-source5x5-s401-424-20260716-1136-n2-d1-dep4-md320-it216-x1p00-s415-rg0,2,1,x225_multisupport_delta_confirmation_source,4,113246208,524288,Fresh measured 5x5 source grid for the sealed x225 multi-support Delta confirmation. Target losses are evaluation-only.,controlled_model_dim_source_prefix_smalln_5x5,15401080.0,15401080.0,0.0,0.162821576719,12,x225_multisupport_full_5x5_collection,,1.305337,28,216,113246208,1.0,physical_full_5x5_collection,2:1,0:0;0:1;0:2;0:3;0:4;1:0;1:1;1:2;1:3;1:4;2:0;2:1;2:2;2:3;2:4;3:0;3:1;3:2;3:3;3:4;4:0;4:1;4:2;4:3;4:4,x225_multisupport_confirmation,paired_train_seed,sealed_evaluation_only,Submit GPU jobs to gpumedium; do not use pilot/gpupilot.,8,400,-1,legacy_nominal_12N,A00_legacy,source_surface,5,2615,,,0.65,0.05
fsl_x225_schedule_a00_source5x5_s401_424_20260716_1136_n2-d2-dep4-md320-it324-x1p00-s415-rg0,source_delta_support_process_control,canonical,4,72,64,320,415,324,169869312,524288,16,2048,40,1,L,fsl-x225-schedule-a00-source5x5-s401-424-20260716-1136-n2-d2-dep4-md320-it324-x1p00-s415-rg0,2,2,x225_multisupport_delta_confirmation_source,4,169869312,524288,Fresh measured 5x5 source grid for the sealed x225 multi-support Delta confirmation. Target losses are evaluation-only.,controlled_model_dim_source_prefix_smalln_5x5,15401080.0,15401080.0,0.0,0.162821576719,13,x225_multisupport_full_5x5_collection,,1.305337,28,324,169869312,1.0,physical_full_5x5_collection,2:2,0:0;0:1;0:2;0:3;0:4;1:0;1:1;1:2;1:3;1:4;2:0;2:1;2:2;2:3;2:4;3:0;3:1;3:2;3:3;3:4;4:0;4:1;4:2;4:3;4:4,x225_multisupport_confirmation,paired_train_seed,sealed_evaluation_only,Submit GPU jobs to gpumedium; do not use pilot/gpupilot.,8,400,-1,legacy_nominal_12N,A00_legacy,source_surface,5,2615,,,0.65,0.05
fsl_x225_schedule_a00_source5x5_s401_424_20260716_1136_n2-d3-dep4-md320-it486-x1p00-s415-rg0,source_delta_support_process_control,canonical,4,72,64,320,415,486,254803968,524288,16,2048,40,1,L,fsl-x225-schedule-a00-source5x5-s401-424-20260716-1136-n2-d3-dep4-md320-it486-x1p00-s415-rg0,2,3,x225_multisupport_delta_confirmation_source,4,254803968,524288,Fresh measured 5x5 source grid for the sealed x225 multi-support Delta confirmation. Target losses are evaluation-only.,controlled_model_dim_source_prefix_smalln_5x5,15401080.0,15401080.0,0.0,0.162821576719,14,x225_multisupport_full_5x5_collection,,1.305337,28,486,254803968,1.0,physical_full_5x5_collection,2:3,0:0;0:1;0:2;0:3;0:4;1:0;1:1;1:2;1:3;1:4;2:0;2:1;2:2;2:3;2:4;3:0;3:1;3:2;3:3;3:4;4:0;4:1;4:2;4:3;4:4,x225_multisupport_confirmation,paired_train_seed,sealed_evaluation_only,Submit GPU jobs to gpumedium; do not use pilot/gpupilot.,8,400,-1,legacy_nominal_12N,A00_legacy,source_surface,5,2615,,,0.65,0.05
fsl_x225_schedule_a00_source5x5_s401_424_20260716_1136_n2-d4-dep4-md320-it729-x1p00-s415-rg0,source_delta_support_process_control,canonical,4,72,64,320,415,729,382205952,524288,16,2048,40,1,L,fsl-x225-schedule-a00-source5x5-s401-424-20260716-1136-n2-d4-dep4-md320-it729-x1p00-s415-rg0,2,4,x225_multisupport_delta_confirmation_source,4,382205952,524288,Fresh measured 5x5 source grid for the sealed x225 multi-support Delta confirmation. Target losses are evaluation-only.,controlled_model_dim_source_prefix_smalln_5x5,15401080.0,15401080.0,0.0,0.162821576719,15,x225_multisupport_full_5x5_collection,,1.305337,28,729,382205952,1.0,physical_full_5x5_collection,2:4,0:0;0:1;0:2;0:3;0:4;1:0;1:1;1:2;1:3;1:4;2:0;2:1;2:2;2:3;2:4;3:0;3:1;3:2;3:3;3:4;4:0;4:1;4:2;4:3;4:4,x225_multisupport_confirmation,paired_train_seed,sealed_evaluation_only,Submit GPU jobs to gpumedium; do not use pilot/gpupilot.,8,400,-1,legacy_nominal_12N,A00_legacy,source_surface,5,2615,,,0.65,0.05
fsl_x225_schedule_a00_source5x5_s401_424_20260716_1136_n3-d0-dep4-md512-it144-x1p00-s415-rg0,source_delta_support_process_control,canonical,4,72,64,512,415,144,75497472,524288,16,2048,40,1,L,fsl-x225-schedule-a00-source5x5-s401-424-20260716-1136-n3-d0-dep4-md512-it144-x1p00-s415-rg0,3,0,x225_multisupport_delta_confirmation_source,4,75497472,524288,Fresh measured 5x5 source grid for the sealed x225 multi-support Delta confirmation. Target losses are evaluation-only.,controlled_model_dim_source_prefix_smalln_5x5,29360320.0,29360320.0,0.0,0.162821576719,16,x225_multisupport_full_5x5_collection,,1.305337,28,144,75497472,1.0,physical_full_5x5_collection,3:0,0:0;0:1;0:2;0:3;0:4;1:0;1:1;1:2;1:3;1:4;2:0;2:1;2:2;2:3;2:4;3:0;3:1;3:2;3:3;3:4;4:0;4:1;4:2;4:3;4:4,x225_multisupport_confirmation,paired_train_seed,sealed_evaluation_only,Submit GPU jobs to gpumedium; do not use pilot/gpupilot.,8,400,-1,legacy_nominal_12N,A00_legacy,source_surface,5,2615,,,0.65,0.05
fsl_x225_schedule_a00_source5x5_s401_424_20260716_1136_n3-d1-dep4-md512-it216-x1p00-s415-rg0,source_delta_support_process_control,canonical,4,72,64,512,415,216,113246208,524288,16,2048,40,1,L,fsl-x225-schedule-a00-source5x5-s401-424-20260716-1136-n3-d1-dep4-md512-it216-x1p00-s415-rg0,3,1,x225_multisupport_delta_confirmation_source,4,113246208,524288,Fresh measured 5x5 source grid for the sealed x225 multi-support Delta confirmation. Target losses are evaluation-only.,controlled_model_dim_source_prefix_smalln_5x5,29360320.0,29360320.0,0.0,0.162821576719,17,x225_multisupport_full_5x5_collection,,1.305337,28,216,113246208,1.0,physical_full_5x5_collection,3:1,0:0;0:1;0:2;0:3;0:4;1:0;1:1;1:2;1:3;1:4;2:0;2:1;2:2;2:3;2:4;3:0;3:1;3:2;3:3;3:4;4:0;4:1;4:2;4:3;4:4,x225_multisupport_confirmation,paired_train_seed,sealed_evaluation_only,Submit GPU jobs to gpumedium; do not use pilot/gpupilot.,8,400,-1,legacy_nominal_12N,A00_legacy,source_surface,5,2615,,,0.65,0.05
fsl_x225_schedule_a00_source5x5_s401_424_20260716_1136_n3-d2-dep4-md512-it324-x1p00-s415-rg0,source_delta_support_process_control,canonical,4,72,64,512,415,324,169869312,524288,16,2048,40,1,L,fsl-x225-schedule-a00-source5x5-s401-424-20260716-1136-n3-d2-dep4-md512-it324-x1p00-s415-rg0,3,2,x225_multisupport_delta_confirmation_source,4,169869312,524288,Fresh measured 5x5 source grid for the sealed x225 multi-support Delta confirmation. Target losses are evaluation-only.,controlled_model_dim_source_prefix_smalln_5x5,29360320.0,29360320.0,0.0,0.162821576719,18,x225_multisupport_full_5x5_collection,,1.305337,28,324,169869312,1.0,physical_full_5x5_collection,3:2,0:0;0:1;0:2;0:3;0:4;1:0;1:1;1:2;1:3;1:4;2:0;2:1;2:2;2:3;2:4;3:0;3:1;3:2;3:3;3:4;4:0;4:1;4:2;4:3;4:4,x225_multisupport_confirmation,paired_train_seed,sealed_evaluation_only,Submit GPU jobs to gpumedium; do not use pilot/gpupilot.,8,400,-1,legacy_nominal_12N,A00_legacy,source_surface,5,2615,,,0.65,0.05
fsl_x225_schedule_a00_source5x5_s401_424_20260716_1136_n3-d3-dep4-md512-it486-x1p00-s415-rg0,source_delta_support_process_control,canonical,4,72,64,512,415,486,254803968,524288,16,2048,40,1,L,fsl-x225-schedule-a00-source5x5-s401-424-20260716-1136-n3-d3-dep4-md512-it486-x1p00-s415-rg0,3,3,x225_multisupport_delta_confirmation_source,4,254803968,524288,Fresh measured 5x5 source grid for the sealed x225 multi-support Delta confirmation. Target losses are evaluation-only.,controlled_model_dim_source_prefix_smalln_5x5,29360320.0,29360320.0,0.0,0.162821576719,19,x225_multisupport_full_5x5_collection,,1.305337,28,486,254803968,1.0,physical_full_5x5_collection,3:3,0:0;0:1;0:2;0:3;0:4;1:0;1:1;1:2;1:3;1:4;2:0;2:1;2:2;2:3;2:4;3:0;3:1;3:2;3:3;3:4;4:0;4:1;4:2;4:3;4:4,x225_multisupport_confirmation,paired_train_seed,sealed_evaluation_only,Submit GPU jobs to gpumedium; do not use pilot/gpupilot.,8,400,-1,legacy_nominal_12N,A00_legacy,source_surface,5,2615,,,0.65,0.05
fsl_x225_schedule_a00_source5x5_s401_424_20260716_1136_n3-d4-dep4-md512-it729-x1p00-s415-rg0,source_delta_support_process_control,canonical,4,72,64,512,415,729,382205952,524288,16,2048,40,1,L,fsl-x225-schedule-a00-source5x5-s401-424-20260716-1136-n3-d4-dep4-md512-it729-x1p00-s415-rg0,3,4,x225_multisupport_delta_confirmation_source,4,382205952,524288,Fresh measured 5x5 source grid for the sealed x225 multi-support Delta confirmation. Target losses are evaluation-only.,controlled_model_dim_source_prefix_smalln_5x5,29360320.0,29360320.0,0.0,0.162821576719,20,x225_multisupport_full_5x5_collection,,1.305337,28,729,382205952,1.0,physical_full_5x5_collection,3:4,0:0;0:1;0:2;0:3;0:4;1:0;1:1;1:2;1:3;1:4;2:0;2:1;2:2;2:3;2:4;3:0;3:1;3:2;3:3;3:4;4:0;4:1;4:2;4:3;4:4,x225_multisupport_confirmation,paired_train_seed,sealed_evaluation_only,Submit GPU jobs to gpumedium; do not use pilot/gpupilot.,8,400,-1,legacy_nominal_12N,A00_legacy,source_surface,5,2615,,,0.65,0.05
fsl_x225_schedule_a00_source5x5_s401_424_20260716_1136_n4-d0-dep4-md704-it144-x1p00-s415-rg0,source_delta_support_process_control,canonical,4,72,64,704,415,144,75497472,524288,16,2048,40,1,L,fsl-x225-schedule-a00-source5x5-s401-424-20260716-1136-n4-d0-dep4-md704-it144-x1p00-s415-rg0,4,0,x225_multisupport_delta_confirmation_source,4,75497472,524288,Fresh measured 5x5 source grid for the sealed x225 multi-support Delta confirmation. Target losses are evaluation-only.,controlled_model_dim_source_prefix_smalln_5x5,46858504.0,46858504.0,0.0,0.162821576719,21,x225_multisupport_full_5x5_collection,,1.305337,28,144,75497472,1.0,physical_full_5x5_collection,4:0,0:0;0:1;0:2;0:3;0:4;1:0;1:1;1:2;1:3;1:4;2:0;2:1;2:2;2:3;2:4;3:0;3:1;3:2;3:3;3:4;4:0;4:1;4:2;4:3;4:4,x225_multisupport_confirmation,paired_train_seed,sealed_evaluation_only,Submit GPU jobs to gpumedium; do not use pilot/gpupilot.,8,400,-1,legacy_nominal_12N,A00_legacy,source_surface,5,2615,,,0.65,0.05
fsl_x225_schedule_a00_source5x5_s401_424_20260716_1136_n4-d1-dep4-md704-it216-x1p00-s415-rg0,source_delta_support_process_control,canonical,4,72,64,704,415,216,113246208,524288,16,2048,40,1,L,fsl-x225-schedule-a00-source5x5-s401-424-20260716-1136-n4-d1-dep4-md704-it216-x1p00-s415-rg0,4,1,x225_multisupport_delta_confirmation_source,4,113246208,524288,Fresh measured 5x5 source grid for the sealed x225 multi-support Delta confirmation. Target losses are evaluation-only.,controlled_model_dim_source_prefix_smalln_5x5,46858504.0,46858504.0,0.0,0.162821576719,22,x225_multisupport_full_5x5_collection,,1.305337,28,216,113246208,1.0,physical_full_5x5_collection,4:1,0:0;0:1;0:2;0:3;0:4;1:0;1:1;1:2;1:3;1:4;2:0;2:1;2:2;2:3;2:4;3:0;3:1;3:2;3:3;3:4;4:0;4:1;4:2;4:3;4:4,x225_multisupport_confirmation,paired_train_seed,sealed_evaluation_only,Submit GPU jobs to gpumedium; do not use pilot/gpupilot.,8,400,-1,legacy_nominal_12N,A00_legacy,source_surface,5,2615,,,0.65,0.05
fsl_x225_schedule_a00_source5x5_s401_424_20260716_1136_n4-d2-dep4-md704-it324-x1p00-s415-rg0,source_delta_support_process_control,canonical,4,72,64,704,415,324,169869312,524288,16,2048,40,1,L,fsl-x225-schedule-a00-source5x5-s401-424-20260716-1136-n4-d2-dep4-md704-it324-x1p00-s415-rg0,4,2,x225_multisupport_delta_confirmation_source,4,169869312,524288,Fresh measured 5x5 source grid for the sealed x225 multi-support Delta confirmation. Target losses are evaluation-only.,controlled_model_dim_source_prefix_smalln_5x5,46858504.0,46858504.0,0.0,0.162821576719,23,x225_multisupport_full_5x5_collection,,1.305337,28,324,169869312,1.0,physical_full_5x5_collection,4:2,0:0;0:1;0:2;0:3;0:4;1:0;1:1;1:2;1:3;1:4;2:0;2:1;2:2;2:3;2:4;3:0;3:1;3:2;3:3;3:4;4:0;4:1;4:2;4:3;4:4,x225_multisupport_confirmation,paired_train_seed,sealed_evaluation_only,Submit GPU jobs to gpumedium; do not use pilot/gpupilot.,8,400,-1,legacy_nominal_12N,A00_legacy,source_surface,5,2615,,,0.65,0.05
fsl_x225_schedule_a00_source5x5_s401_424_20260716_1136_n4-d3-dep4-md704-it486-x1p00-s415-rg0,source_delta_support_process_control,canonical,4,72,64,704,415,486,254803968,524288,16,2048,40,1,L,fsl-x225-schedule-a00-source5x5-s401-424-20260716-1136-n4-d3-dep4-md704-it486-x1p00-s415-rg0,4,3,x225_multisupport_delta_confirmation_source,4,254803968,524288,Fresh measured 5x5 source grid for the sealed x225 multi-support Delta confirmation. Target losses are evaluation-only.,controlled_model_dim_source_prefix_smalln_5x5,46858504.0,46858504.0,0.0,0.162821576719,24,x225_multisupport_full_5x5_collection,,1.305337,28,486,254803968,1.0,physical_full_5x5_collection,4:3,0:0;0:1;0:2;0:3;0:4;1:0;1:1;1:2;1:3;1:4;2:0;2:1;2:2;2:3;2:4;3:0;3:1;3:2;3:3;3:4;4:0;4:1;4:2;4:3;4:4,x225_multisupport_confirmation,paired_train_seed,sealed_evaluation_only,Submit GPU jobs to gpumedium; do not use pilot/gpupilot.,8,400,-1,legacy_nominal_12N,A00_legacy,source_surface,5,2615,,,0.65,0.05
fsl_x225_schedule_a00_source5x5_s401_424_20260716_1136_n4-d4-dep4-md704-it729-x1p00-s415-rg0,source_delta_support_process_control,canonical,4,72,64,704,415,729,382205952,524288,16,2048,40,1,L,fsl-x225-schedule-a00-source5x5-s401-424-20260716-1136-n4-d4-dep4-md704-it729-x1p00-s415-rg0,4,4,x225_multisupport_delta_confirmation_source,4,382205952,524288,Fresh measured 5x5 source grid for the sealed x225 multi-support Delta confirmation. Target losses are evaluation-only.,controlled_model_dim_source_prefix_smalln_5x5,46858504.0,46858504.0,0.0,0.162821576719,25,x225_multisupport_full_5x5_collection,,1.305337,28,729,382205952,1.0,physical_full_5x5_collection,4:4,0:0;0:1;0:2;0:3;0:4;1:0;1:1;1:2;1:3;1:4;2:0;2:1;2:2;2:3;2:4;3:0;3:1;3:2;3:3;3:4;4:0;4:1;4:2;4:3;4:4,x225_multisupport_confirmation,paired_train_seed,sealed_evaluation_only,Submit GPU jobs to gpumedium; do not use pilot/gpupilot.,8,400,-1,legacy_nominal_12N,A00_legacy,source_surface,5,2615,,,0.65,0.05
fsl_x225_schedule_a00_source5x5_s401_424_20260716_1136_n0-d0-dep4-md128-it144-x1p00-s416-rg0,source_delta_support_process_control,canonical,4,72,64,128,416,144,75497472,524288,16,2048,40,1,L,fsl-x225-schedule-a00-source5x5-s401-424-20260716-1136-n0-d0-dep4-md128-it144-x1p00-s416-rg0,0,0,x225_multisupport_delta_confirmation_source,4,75497472,524288,Fresh measured 5x5 source grid for the sealed x225 multi-support Delta confirmation. Target losses are evaluation-only.,controlled_model_dim_source_prefix_smalln_5x5,4980784.0,4980784.0,0.0,0.162821576719,1,x225_multisupport_full_5x5_collection,,1.305337,28,144,75497472,1.0,physical_full_5x5_collection,0:0,0:0;0:1;0:2;0:3;0:4;1:0;1:1;1:2;1:3;1:4;2:0;2:1;2:2;2:3;2:4;3:0;3:1;3:2;3:3;3:4;4:0;4:1;4:2;4:3;4:4,x225_multisupport_confirmation,paired_train_seed,sealed_evaluation_only,Submit GPU jobs to gpumedium; do not use pilot/gpupilot.,8,400,-1,legacy_nominal_12N,A00_legacy,source_surface,5,2615,,,0.65,0.05
fsl_x225_schedule_a00_source5x5_s401_424_20260716_1136_n0-d1-dep4-md128-it216-x1p00-s416-rg0,source_delta_support_process_control,canonical,4,72,64,128,416,216,113246208,524288,16,2048,40,1,L,fsl-x225-schedule-a00-source5x5-s401-424-20260716-1136-n0-d1-dep4-md128-it216-x1p00-s416-rg0,0,1,x225_multisupport_delta_confirmation_source,4,113246208,524288,Fresh measured 5x5 source grid for the sealed x225 multi-support Delta confirmation. Target losses are evaluation-only.,controlled_model_dim_source_prefix_smalln_5x5,4980784.0,4980784.0,0.0,0.162821576719,2,x225_multisupport_full_5x5_collection,,1.305337,28,216,113246208,1.0,physical_full_5x5_collection,0:1,0:0;0:1;0:2;0:3;0:4;1:0;1:1;1:2;1:3;1:4;2:0;2:1;2:2;2:3;2:4;3:0;3:1;3:2;3:3;3:4;4:0;4:1;4:2;4:3;4:4,x225_multisupport_confirmation,paired_train_seed,sealed_evaluation_only,Submit GPU jobs to gpumedium; do not use pilot/gpupilot.,8,400,-1,legacy_nominal_12N,A00_legacy,source_surface,5,2615,,,0.65,0.05
fsl_x225_schedule_a00_source5x5_s401_424_20260716_1136_n0-d2-dep4-md128-it324-x1p00-s416-rg0,source_delta_support_process_control,canonical,4,72,64,128,416,324,169869312,524288,16,2048,40,1,L,fsl-x225-schedule-a00-source5x5-s401-424-20260716-1136-n0-d2-dep4-md128-it324-x1p00-s416-rg0,0,2,x225_multisupport_delta_confirmation_source,4,169869312,524288,Fresh measured 5x5 source grid for the sealed x225 multi-support Delta confirmation. Target losses are evaluation-only.,controlled_model_dim_source_prefix_smalln_5x5,4980784.0,4980784.0,0.0,0.162821576719,3,x225_multisupport_full_5x5_collection,,1.305337,28,324,169869312,1.0,physical_full_5x5_collection,0:2,0:0;0:1;0:2;0:3;0:4;1:0;1:1;1:2;1:3;1:4;2:0;2:1;2:2;2:3;2:4;3:0;3:1;3:2;3:3;3:4;4:0;4:1;4:2;4:3;4:4,x225_multisupport_confirmation,paired_train_seed,sealed_evaluation_only,Submit GPU jobs to gpumedium; do not use pilot/gpupilot.,8,400,-1,legacy_nominal_12N,A00_legacy,source_surface,5,2615,,,0.65,0.05
fsl_x225_schedule_a00_source5x5_s401_424_20260716_1136_n0-d3-dep4-md128-it486-x1p00-s416-rg0,source_delta_support_process_control,canonical,4,72,64,128,416,486,254803968,524288,16,2048,40,1,L,fsl-x225-schedule-a00-source5x5-s401-424-20260716-1136-n0-d3-dep4-md128-it486-x1p00-s416-rg0,0,3,x225_multisupport_delta_confirmation_source,4,254803968,524288,Fresh measured 5x5 source grid for the sealed x225 multi-support Delta confirmation. Target losses are evaluation-only.,controlled_model_dim_source_prefix_smalln_5x5,4980784.0,4980784.0,0.0,0.162821576719,4,x225_multisupport_full_5x5_collection,,1.305337,28,486,254803968,1.0,physical_full_5x5_collection,0:3,0:0;0:1;0:2;0:3;0:4;1:0;1:1;1:2;1:3;1:4;2:0;2:1;2:2;2:3;2:4;3:0;3:1;3:2;3:3;3:4;4:0;4:1;4:2;4:3;4:4,x225_multisupport_confirmation,paired_train_seed,sealed_evaluation_only,Submit GPU jobs to gpumedium; do not use pilot/gpupilot.,8,400,-1,legacy_nominal_12N,A00_legacy,source_surface,5,2615,,,0.65,0.05
fsl_x225_schedule_a00_source5x5_s401_424_20260716_1136_n0-d4-dep4-md128-it729-x1p00-s416-rg0,source_delta_support_process_control,canonical,4,72,64,128,416,729,382205952,524288,16,2048,40,1,L,fsl-x225-schedule-a00-source5x5-s401-424-20260716-1136-n0-d4-dep4-md128-it729-x1p00-s416-rg0,0,4,x225_multisupport_delta_confirmation_source,4,382205952,524288,Fresh measured 5x5 source grid for the sealed x225 multi-support Delta confirmation. Target losses are evaluation-only.,controlled_model_dim_source_prefix_smalln_5x5,4980784.0,4980784.0,0.0,0.162821576719,5,x225_multisupport_full_5x5_collection,,1.305337,28,729,382205952,1.0,physical_full_5x5_collection,0:4,0:0;0:1;0:2;0:3;0:4;1:0;1:1;1:2;1:3;1:4;2:0;2:1;2:2;2:3;2:4;3:0;3:1;3:2;3:3;3:4;4:0;4:1;4:2;4:3;4:4,x225_multisupport_confirmation,paired_train_seed,sealed_evaluation_only,Submit GPU jobs to gpumedium; do not use pilot/gpupilot.,8,400,-1,legacy_nominal_12N,A00_legacy,source_surface,5,2615,,,0.65,0.05
fsl_x225_schedule_a00_source5x5_s401_424_20260716_1136_n1-d0-dep4-md192-it144-x1p00-s416-rg0,source_delta_support_process_control,canonical,4,72,64,192,416,144,75497472,524288,16,2048,40,1,L,fsl-x225-schedule-a00-source5x5-s401-424-20260716-1136-n1-d0-dep4-md192-it144-x1p00-s416-rg0,1,0,x225_multisupport_delta_confirmation_source,4,75497472,524288,Fresh measured 5x5 source grid for the sealed x225 multi-support Delta confirmation. Target losses are evaluation-only.,controlled_model_dim_source_prefix_smalln_5x5,8061000.0,8061000.0,0.0,0.162821576719,6,x225_multisupport_full_5x5_collection,,1.305337,28,144,75497472,1.0,physical_full_5x5_collection,1:0,0:0;0:1;0:2;0:3;0:4;1:0;1:1;1:2;1:3;1:4;2:0;2:1;2:2;2:3;2:4;3:0;3:1;3:2;3:3;3:4;4:0;4:1;4:2;4:3;4:4,x225_multisupport_confirmation,paired_train_seed,sealed_evaluation_only,Submit GPU jobs to gpumedium; do not use pilot/gpupilot.,8,400,-1,legacy_nominal_12N,A00_legacy,source_surface,5,2615,,,0.65,0.05
fsl_x225_schedule_a00_source5x5_s401_424_20260716_1136_n1-d1-dep4-md192-it216-x1p00-s416-rg0,source_delta_support_process_control,canonical,4,72,64,192,416,216,113246208,524288,16,2048,40,1,L,fsl-x225-schedule-a00-source5x5-s401-424-20260716-1136-n1-d1-dep4-md192-it216-x1p00-s416-rg0,1,1,x225_multisupport_delta_confirmation_source,4,113246208,524288,Fresh measured 5x5 source grid for the sealed x225 multi-support Delta confirmation. Target losses are evaluation-only.,controlled_model_dim_source_prefix_smalln_5x5,8061000.0,8061000.0,0.0,0.162821576719,7,x225_multisupport_full_5x5_collection,,1.305337,28,216,113246208,1.0,physical_full_5x5_collection,1:1,0:0;0:1;0:2;0:3;0:4;1:0;1:1;1:2;1:3;1:4;2:0;2:1;2:2;2:3;2:4;3:0;3:1;3:2;3:3;3:4;4:0;4:1;4:2;4:3;4:4,x225_multisupport_confirmation,paired_train_seed,sealed_evaluation_only,Submit GPU jobs to gpumedium; do not use pilot/gpupilot.,8,400,-1,legacy_nominal_12N,A00_legacy,source_surface,5,2615,,,0.65,0.05
fsl_x225_schedule_a00_source5x5_s401_424_20260716_1136_n1-d2-dep4-md192-it324-x1p00-s416-rg0,source_delta_support_process_control,canonical,4,72,64,192,416,324,169869312,524288,16,2048,40,1,L,fsl-x225-schedule-a00-source5x5-s401-424-20260716-1136-n1-d2-dep4-md192-it324-x1p00-s416-rg0,1,2,x225_multisupport_delta_confirmation_source,4,169869312,524288,Fresh measured 5x5 source grid for the sealed x225 multi-support Delta confirmation. Target losses are evaluation-only.,controlled_model_dim_source_prefix_smalln_5x5,8061000.0,8061000.0,0.0,0.162821576719,8,x225_multisupport_full_5x5_collection,,1.305337,28,324,169869312,1.0,physical_full_5x5_collection,1:2,0:0;0:1;0:2;0:3;0:4;1:0;1:1;1:2;1:3;1:4;2:0;2:1;2:2;2:3;2:4;3:0;3:1;3:2;3:3;3:4;4:0;4:1;4:2;4:3;4:4,x225_multisupport_confirmation,paired_train_seed,sealed_evaluation_only,Submit GPU jobs to gpumedium; do not use pilot/gpupilot.,8,400,-1,legacy_nominal_12N,A00_legacy,source_surface,5,2615,,,0.65,0.05
fsl_x225_schedule_a00_source5x5_s401_424_20260716_1136_n1-d3-dep4-md192-it486-x1p00-s416-rg0,source_delta_support_process_control,canonical,4,72,64,192,416,486,254803968,524288,16,2048,40,1,L,fsl-x225-schedule-a00-source5x5-s401-424-20260716-1136-n1-d3-dep4-md192-it486-x1p00-s416-rg0,1,3,x225_multisupport_delta_confirmation_source,4,254803968,524288,Fresh measured 5x5 source grid for the sealed x225 multi-support Delta confirmation. Target losses are evaluation-only.,controlled_model_dim_source_prefix_smalln_5x5,8061000.0,8061000.0,0.0,0.162821576719,9,x225_multisupport_full_5x5_collection,,1.305337,28,486,254803968,1.0,physical_full_5x5_collection,1:3,0:0;0:1;0:2;0:3;0:4;1:0;1:1;1:2;1:3;1:4;2:0;2:1;2:2;2:3;2:4;3:0;3:1;3:2;3:3;3:4;4:0;4:1;4:2;4:3;4:4,x225_multisupport_confirmation,paired_train_seed,sealed_evaluation_only,Submit GPU jobs to gpumedium; do not use pilot/gpupilot.,8,400,-1,legacy_nominal_12N,A00_legacy,source_surface,5,2615,,,0.65,0.05
fsl_x225_schedule_a00_source5x5_s401_424_20260716_1136_n1-d4-dep4-md192-it729-x1p00-s416-rg0,source_delta_support_process_control,canonical,4,72,64,192,416,729,382205952,524288,16,2048,40,1,L,fsl-x225-schedule-a00-source5x5-s401-424-20260716-1136-n1-d4-dep4-md192-it729-x1p00-s416-rg0,1,4,x225_multisupport_delta_confirmation_source,4,382205952,524288,Fresh measured 5x5 source grid for the sealed x225 multi-support Delta confirmation. Target losses are evaluation-only.,controlled_model_dim_source_prefix_smalln_5x5,8061000.0,8061000.0,0.0,0.162821576719,10,x225_multisupport_full_5x5_collection,,1.305337,28,729,382205952,1.0,physical_full_5x5_collection,1:4,0:0;0:1;0:2;0:3;0:4;1:0;1:1;1:2;1:3;1:4;2:0;2:1;2:2;2:3;2:4;3:0;3:1;3:2;3:3;3:4;4:0;4:1;4:2;4:3;4:4,x225_multisupport_confirmation,paired_train_seed,sealed_evaluation_only,Submit GPU jobs to gpumedium; do not use pilot/gpupilot.,8,400,-1,legacy_nominal_12N,A00_legacy,source_surface,5,2615,,,0.65,0.05
fsl_x225_schedule_a00_source5x5_s401_424_20260716_1136_n2-d0-dep4-md320-it144-x1p00-s416-rg0,source_delta_support_process_control,canonical,4,72,64,320,416,144,75497472,524288,16,2048,40,1,L,fsl-x225-schedule-a00-source5x5-s401-424-20260716-1136-n2-d0-dep4-md320-it144-x1p00-s416-rg0,2,0,x225_multisupport_delta_confirmation_source,4,75497472,524288,Fresh measured 5x5 source grid for the sealed x225 multi-support Delta confirmation. Target losses are evaluation-only.,controlled_model_dim_source_prefix_smalln_5x5,15401080.0,15401080.0,0.0,0.162821576719,11,x225_multisupport_full_5x5_collection,,1.305337,28,144,75497472,1.0,physical_full_5x5_collection,2:0,0:0;0:1;0:2;0:3;0:4;1:0;1:1;1:2;1:3;1:4;2:0;2:1;2:2;2:3;2:4;3:0;3:1;3:2;3:3;3:4;4:0;4:1;4:2;4:3;4:4,x225_multisupport_confirmation,paired_train_seed,sealed_evaluation_only,Submit GPU jobs to gpumedium; do not use pilot/gpupilot.,8,400,-1,legacy_nominal_12N,A00_legacy,source_surface,5,2615,,,0.65,0.05
fsl_x225_schedule_a00_source5x5_s401_424_20260716_1136_n2-d1-dep4-md320-it216-x1p00-s416-rg0,source_delta_support_process_control,canonical,4,72,64,320,416,216,113246208,524288,16,2048,40,1,L,fsl-x225-schedule-a00-source5x5-s401-424-20260716-1136-n2-d1-dep4-md320-it216-x1p00-s416-rg0,2,1,x225_multisupport_delta_confirmation_source,4,113246208,524288,Fresh measured 5x5 source grid for the sealed x225 multi-support Delta confirmation. Target losses are evaluation-only.,controlled_model_dim_source_prefix_smalln_5x5,15401080.0,15401080.0,0.0,0.162821576719,12,x225_multisupport_full_5x5_collection,,1.305337,28,216,113246208,1.0,physical_full_5x5_collection,2:1,0:0;0:1;0:2;0:3;0:4;1:0;1:1;1:2;1:3;1:4;2:0;2:1;2:2;2:3;2:4;3:0;3:1;3:2;3:3;3:4;4:0;4:1;4:2;4:3;4:4,x225_multisupport_confirmation,paired_train_seed,sealed_evaluation_only,Submit GPU jobs to gpumedium; do not use pilot/gpupilot.,8,400,-1,legacy_nominal_12N,A00_legacy,source_surface,5,2615,,,0.65,0.05
fsl_x225_schedule_a00_source5x5_s401_424_20260716_1136_n2-d2-dep4-md320-it324-x1p00-s416-rg0,source_delta_support_process_control,canonical,4,72,64,320,416,324,169869312,524288,16,2048,40,1,L,fsl-x225-schedule-a00-source5x5-s401-424-20260716-1136-n2-d2-dep4-md320-it324-x1p00-s416-rg0,2,2,x225_multisupport_delta_confirmation_source,4,169869312,524288,Fresh measured 5x5 source grid for the sealed x225 multi-support Delta confirmation. Target losses are evaluation-only.,controlled_model_dim_source_prefix_smalln_5x5,15401080.0,15401080.0,0.0,0.162821576719,13,x225_multisupport_full_5x5_collection,,1.305337,28,324,169869312,1.0,physical_full_5x5_collection,2:2,0:0;0:1;0:2;0:3;0:4;1:0;1:1;1:2;1:3;1:4;2:0;2:1;2:2;2:3;2:4;3:0;3:1;3:2;3:3;3:4;4:0;4:1;4:2;4:3;4:4,x225_multisupport_confirmation,paired_train_seed,sealed_evaluation_only,Submit GPU jobs to gpumedium; do not use pilot/gpupilot.,8,400,-1,legacy_nominal_12N,A00_legacy,source_surface,5,2615,,,0.65,0.05
fsl_x225_schedule_a00_source5x5_s401_424_20260716_1136_n2-d3-dep4-md320-it486-x1p00-s416-rg0,source_delta_support_process_control,canonical,4,72,64,320,416,486,254803968,524288,16,2048,40,1,L,fsl-x225-schedule-a00-source5x5-s401-424-20260716-1136-n2-d3-dep4-md320-it486-x1p00-s416-rg0,2,3,x225_multisupport_delta_confirmation_source,4,254803968,524288,Fresh measured 5x5 source grid for the sealed x225 multi-support Delta confirmation. Target losses are evaluation-only.,controlled_model_dim_source_prefix_smalln_5x5,15401080.0,15401080.0,0.0,0.162821576719,14,x225_multisupport_full_5x5_collection,,1.305337,28,486,254803968,1.0,physical_full_5x5_collection,2:3,0:0;0:1;0:2;0:3;0:4;1:0;1:1;1:2;1:3;1:4;2:0;2:1;2:2;2:3;2:4;3:0;3:1;3:2;3:3;3:4;4:0;4:1;4:2;4:3;4:4,x225_multisupport_confirmation,paired_train_seed,sealed_evaluation_only,Submit GPU jobs to gpumedium; do not use pilot/gpupilot.,8,400,-1,legacy_nominal_12N,A00_legacy,source_surface,5,2615,,,0.65,0.05
fsl_x225_schedule_a00_source5x5_s401_424_20260716_1136_n2-d4-dep4-md320-it729-x1p00-s416-rg0,source_delta_support_process_control,canonical,4,72,64,320,416,729,382205952,524288,16,2048,40,1,L,fsl-x225-schedule-a00-source5x5-s401-424-20260716-1136-n2-d4-dep4-md320-it729-x1p00-s416-rg0,2,4,x225_multisupport_delta_confirmation_source,4,382205952,524288,Fresh measured 5x5 source grid for the sealed x225 multi-support Delta confirmation. Target losses are evaluation-only.,controlled_model_dim_source_prefix_smalln_5x5,15401080.0,15401080.0,0.0,0.162821576719,15,x225_multisupport_full_5x5_collection,,1.305337,28,729,382205952,1.0,physical_full_5x5_collection,2:4,0:0;0:1;0:2;0:3;0:4;1:0;1:1;1:2;1:3;1:4;2:0;2:1;2:2;2:3;2:4;3:0;3:1;3:2;3:3;3:4;4:0;4:1;4:2;4:3;4:4,x225_multisupport_confirmation,paired_train_seed,sealed_evaluation_only,Submit GPU jobs to gpumedium; do not use pilot/gpupilot.,8,400,-1,legacy_nominal_12N,A00_legacy,source_surface,5,2615,,,0.65,0.05
fsl_x225_schedule_a00_source5x5_s401_424_20260716_1136_n3-d0-dep4-md512-it144-x1p00-s416-rg0,source_delta_support_process_control,canonical,4,72,64,512,416,144,75497472,524288,16,2048,40,1,L,fsl-x225-schedule-a00-source5x5-s401-424-20260716-1136-n3-d0-dep4-md512-it144-x1p00-s416-rg0,3,0,x225_multisupport_delta_confirmation_source,4,75497472,524288,Fresh measured 5x5 source grid for the sealed x225 multi-support Delta confirmation. Target losses are evaluation-only.,controlled_model_dim_source_prefix_smalln_5x5,29360320.0,29360320.0,0.0,0.162821576719,16,x225_multisupport_full_5x5_collection,,1.305337,28,144,75497472,1.0,physical_full_5x5_collection,3:0,0:0;0:1;0:2;0:3;0:4;1:0;1:1;1:2;1:3;1:4;2:0;2:1;2:2;2:3;2:4;3:0;3:1;3:2;3:3;3:4;4:0;4:1;4:2;4:3;4:4,x225_multisupport_confirmation,paired_train_seed,sealed_evaluation_only,Submit GPU jobs to gpumedium; do not use pilot/gpupilot.,8,400,-1,legacy_nominal_12N,A00_legacy,source_surface,5,2615,,,0.65,0.05
fsl_x225_schedule_a00_source5x5_s401_424_20260716_1136_n3-d1-dep4-md512-it216-x1p00-s416-rg0,source_delta_support_process_control,canonical,4,72,64,512,416,216,113246208,524288,16,2048,40,1,L,fsl-x225-schedule-a00-source5x5-s401-424-20260716-1136-n3-d1-dep4-md512-it216-x1p00-s416-rg0,3,1,x225_multisupport_delta_confirmation_source,4,113246208,524288,Fresh measured 5x5 source grid for the sealed x225 multi-support Delta confirmation. Target losses are evaluation-only.,controlled_model_dim_source_prefix_smalln_5x5,29360320.0,29360320.0,0.0,0.162821576719,17,x225_multisupport_full_5x5_collection,,1.305337,28,216,113246208,1.0,physical_full_5x5_collection,3:1,0:0;0:1;0:2;0:3;0:4;1:0;1:1;1:2;1:3;1:4;2:0;2:1;2:2;2:3;2:4;3:0;3:1;3:2;3:3;3:4;4:0;4:1;4:2;4:3;4:4,x225_multisupport_confirmation,paired_train_seed,sealed_evaluation_only,Submit GPU jobs to gpumedium; do not use pilot/gpupilot.,8,400,-1,legacy_nominal_12N,A00_legacy,source_surface,5,2615,,,0.65,0.05
fsl_x225_schedule_a00_source5x5_s401_424_20260716_1136_n3-d2-dep4-md512-it324-x1p00-s416-rg0,source_delta_support_process_control,canonical,4,72,64,512,416,324,169869312,524288,16,2048,40,1,L,fsl-x225-schedule-a00-source5x5-s401-424-20260716-1136-n3-d2-dep4-md512-it324-x1p00-s416-rg0,3,2,x225_multisupport_delta_confirmation_source,4,169869312,524288,Fresh measured 5x5 source grid for the sealed x225 multi-support Delta confirmation. Target losses are evaluation-only.,controlled_model_dim_source_prefix_smalln_5x5,29360320.0,29360320.0,0.0,0.162821576719,18,x225_multisupport_full_5x5_collection,,1.305337,28,324,169869312,1.0,physical_full_5x5_collection,3:2,0:0;0:1;0:2;0:3;0:4;1:0;1:1;1:2;1:3;1:4;2:0;2:1;2:2;2:3;2:4;3:0;3:1;3:2;3:3;3:4;4:0;4:1;4:2;4:3;4:4,x225_multisupport_confirmation,paired_train_seed,sealed_evaluation_only,Submit GPU jobs to gpumedium; do not use pilot/gpupilot.,8,400,-1,legacy_nominal_12N,A00_legacy,source_surface,5,2615,,,0.65,0.05
fsl_x225_schedule_a00_source5x5_s401_424_20260716_1136_n3-d3-dep4-md512-it486-x1p00-s416-rg0,source_delta_support_process_control,canonical,4,72,64,512,416,486,254803968,524288,16,2048,40,1,L,fsl-x225-schedule-a00-source5x5-s401-424-20260716-1136-n3-d3-dep4-md512-it486-x1p00-s416-rg0,3,3,x225_multisupport_delta_confirmation_source,4,254803968,524288,Fresh measured 5x5 source grid for the sealed x225 multi-support Delta confirmation. Target losses are evaluation-only.,controlled_model_dim_source_prefix_smalln_5x5,29360320.0,29360320.0,0.0,0.162821576719,19,x225_multisupport_full_5x5_collection,,1.305337,28,486,254803968,1.0,physical_full_5x5_collection,3:3,0:0;0:1;0:2;0:3;0:4;1:0;1:1;1:2;1:3;1:4;2:0;2:1;2:2;2:3;2:4;3:0;3:1;3:2;3:3;3:4;4:0;4:1;4:2;4:3;4:4,x225_multisupport_confirmation,paired_train_seed,sealed_evaluation_only,Submit GPU jobs to gpumedium; do not use pilot/gpupilot.,8,400,-1,legacy_nominal_12N,A00_legacy,source_surface,5,2615,,,0.65,0.05
fsl_x225_schedule_a00_source5x5_s401_424_20260716_1136_n3-d4-dep4-md512-it729-x1p00-s416-rg0,source_delta_support_process_control,canonical,4,72,64,512,416,729,382205952,524288,16,2048,40,1,L,fsl-x225-schedule-a00-source5x5-s401-424-20260716-1136-n3-d4-dep4-md512-it729-x1p00-s416-rg0,3,4,x225_multisupport_delta_confirmation_source,4,382205952,524288,Fresh measured 5x5 source grid for the sealed x225 multi-support Delta confirmation. Target losses are evaluation-only.,controlled_model_dim_source_prefix_smalln_5x5,29360320.0,29360320.0,0.0,0.162821576719,20,x225_multisupport_full_5x5_collection,,1.305337,28,729,382205952,1.0,physical_full_5x5_collection,3:4,0:0;0:1;0:2;0:3;0:4;1:0;1:1;1:2;1:3;1:4;2:0;2:1;2:2;2:3;2:4;3:0;3:1;3:2;3:3;3:4;4:0;4:1;4:2;4:3;4:4,x225_multisupport_confirmation,paired_train_seed,sealed_evaluation_only,Submit GPU jobs to gpumedium; do not use pilot/gpupilot.,8,400,-1,legacy_nominal_12N,A00_legacy,source_surface,5,2615,,,0.65,0.05
fsl_x225_schedule_a00_source5x5_s401_424_20260716_1136_n4-d0-dep4-md704-it144-x1p00-s416-rg0,source_delta_support_process_control,canonical,4,72,64,704,416,144,75497472,524288,16,2048,40,1,L,fsl-x225-schedule-a00-source5x5-s401-424-20260716-1136-n4-d0-dep4-md704-it144-x1p00-s416-rg0,4,0,x225_multisupport_delta_confirmation_source,4,75497472,524288,Fresh measured 5x5 source grid for the sealed x225 multi-support Delta confirmation. Target losses are evaluation-only.,controlled_model_dim_source_prefix_smalln_5x5,46858504.0,46858504.0,0.0,0.162821576719,21,x225_multisupport_full_5x5_collection,,1.305337,28,144,75497472,1.0,physical_full_5x5_collection,4:0,0:0;0:1;0:2;0:3;0:4;1:0;1:1;1:2;1:3;1:4;2:0;2:1;2:2;2:3;2:4;3:0;3:1;3:2;3:3;3:4;4:0;4:1;4:2;4:3;4:4,x225_multisupport_confirmation,paired_train_seed,sealed_evaluation_only,Submit GPU jobs to gpumedium; do not use pilot/gpupilot.,8,400,-1,legacy_nominal_12N,A00_legacy,source_surface,5,2615,,,0.65,0.05
fsl_x225_schedule_a00_source5x5_s401_424_20260716_1136_n4-d1-dep4-md704-it216-x1p00-s416-rg0,source_delta_support_process_control,canonical,4,72,64,704,416,216,113246208,524288,16,2048,40,1,L,fsl-x225-schedule-a00-source5x5-s401-424-20260716-1136-n4-d1-dep4-md704-it216-x1p00-s416-rg0,4,1,x225_multisupport_delta_confirmation_source,4,113246208,524288,Fresh measured 5x5 source grid for the sealed x225 multi-support Delta confirmation. Target losses are evaluation-only.,controlled_model_dim_source_prefix_smalln_5x5,46858504.0,46858504.0,0.0,0.162821576719,22,x225_multisupport_full_5x5_collection,,1.305337,28,216,113246208,1.0,physical_full_5x5_collection,4:1,0:0;0:1;0:2;0:3;0:4;1:0;1:1;1:2;1:3;1:4;2:0;2:1;2:2;2:3;2:4;3:0;3:1;3:2;3:3;3:4;4:0;4:1;4:2;4:3;4:4,x225_multisupport_confirmation,paired_train_seed,sealed_evaluation_only,Submit GPU jobs to gpumedium; do not use pilot/gpupilot.,8,400,-1,legacy_nominal_12N,A00_legacy,source_surface,5,2615,,,0.65,0.05
fsl_x225_schedule_a00_source5x5_s401_424_20260716_1136_n4-d2-dep4-md704-it324-x1p00-s416-rg0,source_delta_support_process_control,canonical,4,72,64,704,416,324,169869312,524288,16,2048,40,1,L,fsl-x225-schedule-a00-source5x5-s401-424-20260716-1136-n4-d2-dep4-md704-it324-x1p00-s416-rg0,4,2,x225_multisupport_delta_confirmation_source,4,169869312,524288,Fresh measured 5x5 source grid for the sealed x225 multi-support Delta confirmation. Target losses are evaluation-only.,controlled_model_dim_source_prefix_smalln_5x5,46858504.0,46858504.0,0.0,0.162821576719,23,x225_multisupport_full_5x5_collection,,1.305337,28,324,169869312,1.0,physical_full_5x5_collection,4:2,0:0;0:1;0:2;0:3;0:4;1:0;1:1;1:2;1:3;1:4;2:0;2:1;2:2;2:3;2:4;3:0;3:1;3:2;3:3;3:4;4:0;4:1;4:2;4:3;4:4,x225_multisupport_confirmation,paired_train_seed,sealed_evaluation_only,Submit GPU jobs to gpumedium; do not use pilot/gpupilot.,8,400,-1,legacy_nominal_12N,A00_legacy,source_surface,5,2615,,,0.65,0.05
fsl_x225_schedule_a00_source5x5_s401_424_20260716_1136_n4-d3-dep4-md704-it486-x1p00-s416-rg0,source_delta_support_process_control,canonical,4,72,64,704,416,486,254803968,524288,16,2048,40,1,L,fsl-x225-schedule-a00-source5x5-s401-424-20260716-1136-n4-d3-dep4-md704-it486-x1p00-s416-rg0,4,3,x225_multisupport_delta_confirmation_source,4,254803968,524288,Fresh measured 5x5 source grid for the sealed x225 multi-support Delta confirmation. Target losses are evaluation-only.,controlled_model_dim_source_prefix_smalln_5x5,46858504.0,46858504.0,0.0,0.162821576719,24,x225_multisupport_full_5x5_collection,,1.305337,28,486,254803968,1.0,physical_full_5x5_collection,4:3,0:0;0:1;0:2;0:3;0:4;1:0;1:1;1:2;1:3;1:4;2:0;2:1;2:2;2:3;2:4;3:0;3:1;3:2;3:3;3:4;4:0;4:1;4:2;4:3;4:4,x225_multisupport_confirmation,paired_train_seed,sealed_evaluation_only,Submit GPU jobs to gpumedium; do not use pilot/gpupilot.,8,400,-1,legacy_nominal_12N,A00_legacy,source_surface,5,2615,,,0.65,0.05
fsl_x225_schedule_a00_source5x5_s401_424_20260716_1136_n4-d4-dep4-md704-it729-x1p00-s416-rg0,source_delta_support_process_control,canonical,4,72,64,704,416,729,382205952,524288,16,2048,40,1,L,fsl-x225-schedule-a00-source5x5-s401-424-20260716-1136-n4-d4-dep4-md704-it729-x1p00-s416-rg0,4,4,x225_multisupport_delta_confirmation_source,4,382205952,524288,Fresh measured 5x5 source grid for the sealed x225 multi-support Delta confirmation. Target losses are evaluation-only.,controlled_model_dim_source_prefix_smalln_5x5,46858504.0,46858504.0,0.0,0.162821576719,25,x225_multisupport_full_5x5_collection,,1.305337,28,729,382205952,1.0,physical_full_5x5_collection,4:4,0:0;0:1;0:2;0:3;0:4;1:0;1:1;1:2;1:3;1:4;2:0;2:1;2:2;2:3;2:4;3:0;3:1;3:2;3:3;3:4;4:0;4:1;4:2;4:3;4:4,x225_multisupport_confirmation,paired_train_seed,sealed_evaluation_only,Submit GPU jobs to gpumedium; do not use pilot/gpupilot.,8,400,-1,legacy_nominal_12N,A00_legacy,source_surface,5,2615,,,0.65,0.05
fsl_x225_schedule_a00_source5x5_s401_424_20260716_1136_n0-d0-dep4-md128-it144-x1p00-s417-rg0,source_delta_support_process_control,canonical,4,72,64,128,417,144,75497472,524288,16,2048,40,1,L,fsl-x225-schedule-a00-source5x5-s401-424-20260716-1136-n0-d0-dep4-md128-it144-x1p00-s417-rg0,0,0,x225_multisupport_delta_confirmation_source,4,75497472,524288,Fresh measured 5x5 source grid for the sealed x225 multi-support Delta confirmation. Target losses are evaluation-only.,controlled_model_dim_source_prefix_smalln_5x5,4980784.0,4980784.0,0.0,0.162821576719,1,x225_multisupport_full_5x5_collection,,1.305337,32,144,75497472,1.0,physical_full_5x5_collection,0:0,0:0;0:1;0:2;0:3;0:4;1:0;1:1;1:2;1:3;1:4;2:0;2:1;2:2;2:3;2:4;3:0;3:1;3:2;3:3;3:4;4:0;4:1;4:2;4:3;4:4,x225_multisupport_confirmation,paired_train_seed,sealed_evaluation_only,Submit GPU jobs to gpumedium; do not use pilot/gpupilot.,9,400,-1,legacy_nominal_12N,A00_legacy,source_surface,5,2615,,,0.65,0.05
fsl_x225_schedule_a00_source5x5_s401_424_20260716_1136_n0-d1-dep4-md128-it216-x1p00-s417-rg0,source_delta_support_process_control,canonical,4,72,64,128,417,216,113246208,524288,16,2048,40,1,L,fsl-x225-schedule-a00-source5x5-s401-424-20260716-1136-n0-d1-dep4-md128-it216-x1p00-s417-rg0,0,1,x225_multisupport_delta_confirmation_source,4,113246208,524288,Fresh measured 5x5 source grid for the sealed x225 multi-support Delta confirmation. Target losses are evaluation-only.,controlled_model_dim_source_prefix_smalln_5x5,4980784.0,4980784.0,0.0,0.162821576719,2,x225_multisupport_full_5x5_collection,,1.305337,32,216,113246208,1.0,physical_full_5x5_collection,0:1,0:0;0:1;0:2;0:3;0:4;1:0;1:1;1:2;1:3;1:4;2:0;2:1;2:2;2:3;2:4;3:0;3:1;3:2;3:3;3:4;4:0;4:1;4:2;4:3;4:4,x225_multisupport_confirmation,paired_train_seed,sealed_evaluation_only,Submit GPU jobs to gpumedium; do not use pilot/gpupilot.,9,400,-1,legacy_nominal_12N,A00_legacy,source_surface,5,2615,,,0.65,0.05
fsl_x225_schedule_a00_source5x5_s401_424_20260716_1136_n0-d2-dep4-md128-it324-x1p00-s417-rg0,source_delta_support_process_control,canonical,4,72,64,128,417,324,169869312,524288,16,2048,40,1,L,fsl-x225-schedule-a00-source5x5-s401-424-20260716-1136-n0-d2-dep4-md128-it324-x1p00-s417-rg0,0,2,x225_multisupport_delta_confirmation_source,4,169869312,524288,Fresh measured 5x5 source grid for the sealed x225 multi-support Delta confirmation. Target losses are evaluation-only.,controlled_model_dim_source_prefix_smalln_5x5,4980784.0,4980784.0,0.0,0.162821576719,3,x225_multisupport_full_5x5_collection,,1.305337,32,324,169869312,1.0,physical_full_5x5_collection,0:2,0:0;0:1;0:2;0:3;0:4;1:0;1:1;1:2;1:3;1:4;2:0;2:1;2:2;2:3;2:4;3:0;3:1;3:2;3:3;3:4;4:0;4:1;4:2;4:3;4:4,x225_multisupport_confirmation,paired_train_seed,sealed_evaluation_only,Submit GPU jobs to gpumedium; do not use pilot/gpupilot.,9,400,-1,legacy_nominal_12N,A00_legacy,source_surface,5,2615,,,0.65,0.05
fsl_x225_schedule_a00_source5x5_s401_424_20260716_1136_n0-d3-dep4-md128-it486-x1p00-s417-rg0,source_delta_support_process_control,canonical,4,72,64,128,417,486,254803968,524288,16,2048,40,1,L,fsl-x225-schedule-a00-source5x5-s401-424-20260716-1136-n0-d3-dep4-md128-it486-x1p00-s417-rg0,0,3,x225_multisupport_delta_confirmation_source,4,254803968,524288,Fresh measured 5x5 source grid for the sealed x225 multi-support Delta confirmation. Target losses are evaluation-only.,controlled_model_dim_source_prefix_smalln_5x5,4980784.0,4980784.0,0.0,0.162821576719,4,x225_multisupport_full_5x5_collection,,1.305337,32,486,254803968,1.0,physical_full_5x5_collection,0:3,0:0;0:1;0:2;0:3;0:4;1:0;1:1;1:2;1:3;1:4;2:0;2:1;2:2;2:3;2:4;3:0;3:1;3:2;3:3;3:4;4:0;4:1;4:2;4:3;4:4,x225_multisupport_confirmation,paired_train_seed,sealed_evaluation_only,Submit GPU jobs to gpumedium; do not use pilot/gpupilot.,9,400,-1,legacy_nominal_12N,A00_legacy,source_surface,5,2615,,,0.65,0.05
fsl_x225_schedule_a00_source5x5_s401_424_20260716_1136_n0-d4-dep4-md128-it729-x1p00-s417-rg0,source_delta_support_process_control,canonical,4,72,64,128,417,729,382205952,524288,16,2048,40,1,L,fsl-x225-schedule-a00-source5x5-s401-424-20260716-1136-n0-d4-dep4-md128-it729-x1p00-s417-rg0,0,4,x225_multisupport_delta_confirmation_source,4,382205952,524288,Fresh measured 5x5 source grid for the sealed x225 multi-support Delta confirmation. Target losses are evaluation-only.,controlled_model_dim_source_prefix_smalln_5x5,4980784.0,4980784.0,0.0,0.162821576719,5,x225_multisupport_full_5x5_collection,,1.305337,32,729,382205952,1.0,physical_full_5x5_collection,0:4,0:0;0:1;0:2;0:3;0:4;1:0;1:1;1:2;1:3;1:4;2:0;2:1;2:2;2:3;2:4;3:0;3:1;3:2;3:3;3:4;4:0;4:1;4:2;4:3;4:4,x225_multisupport_confirmation,paired_train_seed,sealed_evaluation_only,Submit GPU jobs to gpumedium; do not use pilot/gpupilot.,9,400,-1,legacy_nominal_12N,A00_legacy,source_surface,5,2615,,,0.65,0.05
fsl_x225_schedule_a00_source5x5_s401_424_20260716_1136_n1-d0-dep4-md192-it144-x1p00-s417-rg0,source_delta_support_process_control,canonical,4,72,64,192,417,144,75497472,524288,16,2048,40,1,L,fsl-x225-schedule-a00-source5x5-s401-424-20260716-1136-n1-d0-dep4-md192-it144-x1p00-s417-rg0,1,0,x225_multisupport_delta_confirmation_source,4,75497472,524288,Fresh measured 5x5 source grid for the sealed x225 multi-support Delta confirmation. Target losses are evaluation-only.,controlled_model_dim_source_prefix_smalln_5x5,8061000.0,8061000.0,0.0,0.162821576719,6,x225_multisupport_full_5x5_collection,,1.305337,32,144,75497472,1.0,physical_full_5x5_collection,1:0,0:0;0:1;0:2;0:3;0:4;1:0;1:1;1:2;1:3;1:4;2:0;2:1;2:2;2:3;2:4;3:0;3:1;3:2;3:3;3:4;4:0;4:1;4:2;4:3;4:4,x225_multisupport_confirmation,paired_train_seed,sealed_evaluation_only,Submit GPU jobs to gpumedium; do not use pilot/gpupilot.,9,400,-1,legacy_nominal_12N,A00_legacy,source_surface,5,2615,,,0.65,0.05
fsl_x225_schedule_a00_source5x5_s401_424_20260716_1136_n1-d1-dep4-md192-it216-x1p00-s417-rg0,source_delta_support_process_control,canonical,4,72,64,192,417,216,113246208,524288,16,2048,40,1,L,fsl-x225-schedule-a00-source5x5-s401-424-20260716-1136-n1-d1-dep4-md192-it216-x1p00-s417-rg0,1,1,x225_multisupport_delta_confirmation_source,4,113246208,524288,Fresh measured 5x5 source grid for the sealed x225 multi-support Delta confirmation. Target losses are evaluation-only.,controlled_model_dim_source_prefix_smalln_5x5,8061000.0,8061000.0,0.0,0.162821576719,7,x225_multisupport_full_5x5_collection,,1.305337,32,216,113246208,1.0,physical_full_5x5_collection,1:1,0:0;0:1;0:2;0:3;0:4;1:0;1:1;1:2;1:3;1:4;2:0;2:1;2:2;2:3;2:4;3:0;3:1;3:2;3:3;3:4;4:0;4:1;4:2;4:3;4:4,x225_multisupport_confirmation,paired_train_seed,sealed_evaluation_only,Submit GPU jobs to gpumedium; do not use pilot/gpupilot.,9,400,-1,legacy_nominal_12N,A00_legacy,source_surface,5,2615,,,0.65,0.05
fsl_x225_schedule_a00_source5x5_s401_424_20260716_1136_n1-d2-dep4-md192-it324-x1p00-s417-rg0,source_delta_support_process_control,canonical,4,72,64,192,417,324,169869312,524288,16,2048,40,1,L,fsl-x225-schedule-a00-source5x5-s401-424-20260716-1136-n1-d2-dep4-md192-it324-x1p00-s417-rg0,1,2,x225_multisupport_delta_confirmation_source,4,169869312,524288,Fresh measured 5x5 source grid for the sealed x225 multi-support Delta confirmation. Target losses are evaluation-only.,controlled_model_dim_source_prefix_smalln_5x5,8061000.0,8061000.0,0.0,0.162821576719,8,x225_multisupport_full_5x5_collection,,1.305337,32,324,169869312,1.0,physical_full_5x5_collection,1:2,0:0;0:1;0:2;0:3;0:4;1:0;1:1;1:2;1:3;1:4;2:0;2:1;2:2;2:3;2:4;3:0;3:1;3:2;3:3;3:4;4:0;4:1;4:2;4:3;4:4,x225_multisupport_confirmation,paired_train_seed,sealed_evaluation_only,Submit GPU jobs to gpumedium; do not use pilot/gpupilot.,9,400,-1,legacy_nominal_12N,A00_legacy,source_surface,5,2615,,,0.65,0.05
fsl_x225_schedule_a00_source5x5_s401_424_20260716_1136_n1-d3-dep4-md192-it486-x1p00-s417-rg0,source_delta_support_process_control,canonical,4,72,64,192,417,486,254803968,524288,16,2048,40,1,L,fsl-x225-schedule-a00-source5x5-s401-424-20260716-1136-n1-d3-dep4-md192-it486-x1p00-s417-rg0,1,3,x225_multisupport_delta_confirmation_source,4,254803968,524288,Fresh measured 5x5 source grid for the sealed x225 multi-support Delta confirmation. Target losses are evaluation-only.,controlled_model_dim_source_prefix_smalln_5x5,8061000.0,8061000.0,0.0,0.162821576719,9,x225_multisupport_full_5x5_collection,,1.305337,32,486,254803968,1.0,physical_full_5x5_collection,1:3,0:0;0:1;0:2;0:3;0:4;1:0;1:1;1:2;1:3;1:4;2:0;2:1;2:2;2:3;2:4;3:0;3:1;3:2;3:3;3:4;4:0;4:1;4:2;4:3;4:4,x225_multisupport_confirmation,paired_train_seed,sealed_evaluation_only,Submit GPU jobs to gpumedium; do not use pilot/gpupilot.,9,400,-1,legacy_nominal_12N,A00_legacy,source_surface,5,2615,,,0.65,0.05
fsl_x225_schedule_a00_source5x5_s401_424_20260716_1136_n1-d4-dep4-md192-it729-x1p00-s417-rg0,source_delta_support_process_control,canonical,4,72,64,192,417,729,382205952,524288,16,2048,40,1,L,fsl-x225-schedule-a00-source5x5-s401-424-20260716-1136-n1-d4-dep4-md192-it729-x1p00-s417-rg0,1,4,x225_multisupport_delta_confirmation_source,4,382205952,524288,Fresh measured 5x5 source grid for the sealed x225 multi-support Delta confirmation. Target losses are evaluation-only.,controlled_model_dim_source_prefix_smalln_5x5,8061000.0,8061000.0,0.0,0.162821576719,10,x225_multisupport_full_5x5_collection,,1.305337,32,729,382205952,1.0,physical_full_5x5_collection,1:4,0:0;0:1;0:2;0:3;0:4;1:0;1:1;1:2;1:3;1:4;2:0;2:1;2:2;2:3;2:4;3:0;3:1;3:2;3:3;3:4;4:0;4:1;4:2;4:3;4:4,x225_multisupport_confirmation,paired_train_seed,sealed_evaluation_only,Submit GPU jobs to gpumedium; do not use pilot/gpupilot.,9,400,-1,legacy_nominal_12N,A00_legacy,source_surface,5,2615,,,0.65,0.05
fsl_x225_schedule_a00_source5x5_s401_424_20260716_1136_n2-d0-dep4-md320-it144-x1p00-s417-rg0,source_delta_support_process_control,canonical,4,72,64,320,417,144,75497472,524288,16,2048,40,1,L,fsl-x225-schedule-a00-source5x5-s401-424-20260716-1136-n2-d0-dep4-md320-it144-x1p00-s417-rg0,2,0,x225_multisupport_delta_confirmation_source,4,75497472,524288,Fresh measured 5x5 source grid for the sealed x225 multi-support Delta confirmation. Target losses are evaluation-only.,controlled_model_dim_source_prefix_smalln_5x5,15401080.0,15401080.0,0.0,0.162821576719,11,x225_multisupport_full_5x5_collection,,1.305337,32,144,75497472,1.0,physical_full_5x5_collection,2:0,0:0;0:1;0:2;0:3;0:4;1:0;1:1;1:2;1:3;1:4;2:0;2:1;2:2;2:3;2:4;3:0;3:1;3:2;3:3;3:4;4:0;4:1;4:2;4:3;4:4,x225_multisupport_confirmation,paired_train_seed,sealed_evaluation_only,Submit GPU jobs to gpumedium; do not use pilot/gpupilot.,9,400,-1,legacy_nominal_12N,A00_legacy,source_surface,5,2615,,,0.65,0.05
fsl_x225_schedule_a00_source5x5_s401_424_20260716_1136_n2-d1-dep4-md320-it216-x1p00-s417-rg0,source_delta_support_process_control,canonical,4,72,64,320,417,216,113246208,524288,16,2048,40,1,L,fsl-x225-schedule-a00-source5x5-s401-424-20260716-1136-n2-d1-dep4-md320-it216-x1p00-s417-rg0,2,1,x225_multisupport_delta_confirmation_source,4,113246208,524288,Fresh measured 5x5 source grid for the sealed x225 multi-support Delta confirmation. Target losses are evaluation-only.,controlled_model_dim_source_prefix_smalln_5x5,15401080.0,15401080.0,0.0,0.162821576719,12,x225_multisupport_full_5x5_collection,,1.305337,32,216,113246208,1.0,physical_full_5x5_collection,2:1,0:0;0:1;0:2;0:3;0:4;1:0;1:1;1:2;1:3;1:4;2:0;2:1;2:2;2:3;2:4;3:0;3:1;3:2;3:3;3:4;4:0;4:1;4:2;4:3;4:4,x225_multisupport_confirmation,paired_train_seed,sealed_evaluation_only,Submit GPU jobs to gpumedium; do not use pilot/gpupilot.,9,400,-1,legacy_nominal_12N,A00_legacy,source_surface,5,2615,,,0.65,0.05
fsl_x225_schedule_a00_source5x5_s401_424_20260716_1136_n2-d2-dep4-md320-it324-x1p00-s417-rg0,source_delta_support_process_control,canonical,4,72,64,320,417,324,169869312,524288,16,2048,40,1,L,fsl-x225-schedule-a00-source5x5-s401-424-20260716-1136-n2-d2-dep4-md320-it324-x1p00-s417-rg0,2,2,x225_multisupport_delta_confirmation_source,4,169869312,524288,Fresh measured 5x5 source grid for the sealed x225 multi-support Delta confirmation. Target losses are evaluation-only.,controlled_model_dim_source_prefix_smalln_5x5,15401080.0,15401080.0,0.0,0.162821576719,13,x225_multisupport_full_5x5_collection,,1.305337,32,324,169869312,1.0,physical_full_5x5_collection,2:2,0:0;0:1;0:2;0:3;0:4;1:0;1:1;1:2;1:3;1:4;2:0;2:1;2:2;2:3;2:4;3:0;3:1;3:2;3:3;3:4;4:0;4:1;4:2;4:3;4:4,x225_multisupport_confirmation,paired_train_seed,sealed_evaluation_only,Submit GPU jobs to gpumedium; do not use pilot/gpupilot.,9,400,-1,legacy_nominal_12N,A00_legacy,source_surface,5,2615,,,0.65,0.05
fsl_x225_schedule_a00_source5x5_s401_424_20260716_1136_n2-d3-dep4-md320-it486-x1p00-s417-rg0,source_delta_support_process_control,canonical,4,72,64,320,417,486,254803968,524288,16,2048,40,1,L,fsl-x225-schedule-a00-source5x5-s401-424-20260716-1136-n2-d3-dep4-md320-it486-x1p00-s417-rg0,2,3,x225_multisupport_delta_confirmation_source,4,254803968,524288,Fresh measured 5x5 source grid for the sealed x225 multi-support Delta confirmation. Target losses are evaluation-only.,controlled_model_dim_source_prefix_smalln_5x5,15401080.0,15401080.0,0.0,0.162821576719,14,x225_multisupport_full_5x5_collection,,1.305337,32,486,254803968,1.0,physical_full_5x5_collection,2:3,0:0;0:1;0:2;0:3;0:4;1:0;1:1;1:2;1:3;1:4;2:0;2:1;2:2;2:3;2:4;3:0;3:1;3:2;3:3;3:4;4:0;4:1;4:2;4:3;4:4,x225_multisupport_confirmation,paired_train_seed,sealed_evaluation_only,Submit GPU jobs to gpumedium; do not use pilot/gpupilot.,9,400,-1,legacy_nominal_12N,A00_legacy,source_surface,5,2615,,,0.65,0.05
fsl_x225_schedule_a00_source5x5_s401_424_20260716_1136_n2-d4-dep4-md320-it729-x1p00-s417-rg0,source_delta_support_process_control,canonical,4,72,64,320,417,729,382205952,524288,16,2048,40,1,L,fsl-x225-schedule-a00-source5x5-s401-424-20260716-1136-n2-d4-dep4-md320-it729-x1p00-s417-rg0,2,4,x225_multisupport_delta_confirmation_source,4,382205952,524288,Fresh measured 5x5 source grid for the sealed x225 multi-support Delta confirmation. Target losses are evaluation-only.,controlled_model_dim_source_prefix_smalln_5x5,15401080.0,15401080.0,0.0,0.162821576719,15,x225_multisupport_full_5x5_collection,,1.305337,32,729,382205952,1.0,physical_full_5x5_collection,2:4,0:0;0:1;0:2;0:3;0:4;1:0;1:1;1:2;1:3;1:4;2:0;2:1;2:2;2:3;2:4;3:0;3:1;3:2;3:3;3:4;4:0;4:1;4:2;4:3;4:4,x225_multisupport_confirmation,paired_train_seed,sealed_evaluation_only,Submit GPU jobs to gpumedium; do not use pilot/gpupilot.,9,400,-1,legacy_nominal_12N,A00_legacy,source_surface,5,2615,,,0.65,0.05
fsl_x225_schedule_a00_source5x5_s401_424_20260716_1136_n3-d0-dep4-md512-it144-x1p00-s417-rg0,source_delta_support_process_control,canonical,4,72,64,512,417,144,75497472,524288,16,2048,40,1,L,fsl-x225-schedule-a00-source5x5-s401-424-20260716-1136-n3-d0-dep4-md512-it144-x1p00-s417-rg0,3,0,x225_multisupport_delta_confirmation_source,4,75497472,524288,Fresh measured 5x5 source grid for the sealed x225 multi-support Delta confirmation. Target losses are evaluation-only.,controlled_model_dim_source_prefix_smalln_5x5,29360320.0,29360320.0,0.0,0.162821576719,16,x225_multisupport_full_5x5_collection,,1.305337,32,144,75497472,1.0,physical_full_5x5_collection,3:0,0:0;0:1;0:2;0:3;0:4;1:0;1:1;1:2;1:3;1:4;2:0;2:1;2:2;2:3;2:4;3:0;3:1;3:2;3:3;3:4;4:0;4:1;4:2;4:3;4:4,x225_multisupport_confirmation,paired_train_seed,sealed_evaluation_only,Submit GPU jobs to gpumedium; do not use pilot/gpupilot.,9,400,-1,legacy_nominal_12N,A00_legacy,source_surface,5,2615,,,0.65,0.05
fsl_x225_schedule_a00_source5x5_s401_424_20260716_1136_n3-d1-dep4-md512-it216-x1p00-s417-rg0,source_delta_support_process_control,canonical,4,72,64,512,417,216,113246208,524288,16,2048,40,1,L,fsl-x225-schedule-a00-source5x5-s401-424-20260716-1136-n3-d1-dep4-md512-it216-x1p00-s417-rg0,3,1,x225_multisupport_delta_confirmation_source,4,113246208,524288,Fresh measured 5x5 source grid for the sealed x225 multi-support Delta confirmation. Target losses are evaluation-only.,controlled_model_dim_source_prefix_smalln_5x5,29360320.0,29360320.0,0.0,0.162821576719,17,x225_multisupport_full_5x5_collection,,1.305337,32,216,113246208,1.0,physical_full_5x5_collection,3:1,0:0;0:1;0:2;0:3;0:4;1:0;1:1;1:2;1:3;1:4;2:0;2:1;2:2;2:3;2:4;3:0;3:1;3:2;3:3;3:4;4:0;4:1;4:2;4:3;4:4,x225_multisupport_confirmation,paired_train_seed,sealed_evaluation_only,Submit GPU jobs to gpumedium; do not use pilot/gpupilot.,9,400,-1,legacy_nominal_12N,A00_legacy,source_surface,5,2615,,,0.65,0.05
fsl_x225_schedule_a00_source5x5_s401_424_20260716_1136_n3-d2-dep4-md512-it324-x1p00-s417-rg0,source_delta_support_process_control,canonical,4,72,64,512,417,324,169869312,524288,16,2048,40,1,L,fsl-x225-schedule-a00-source5x5-s401-424-20260716-1136-n3-d2-dep4-md512-it324-x1p00-s417-rg0,3,2,x225_multisupport_delta_confirmation_source,4,169869312,524288,Fresh measured 5x5 source grid for the sealed x225 multi-support Delta confirmation. Target losses are evaluation-only.,controlled_model_dim_source_prefix_smalln_5x5,29360320.0,29360320.0,0.0,0.162821576719,18,x225_multisupport_full_5x5_collection,,1.305337,32,324,169869312,1.0,physical_full_5x5_collection,3:2,0:0;0:1;0:2;0:3;0:4;1:0;1:1;1:2;1:3;1:4;2:0;2:1;2:2;2:3;2:4;3:0;3:1;3:2;3:3;3:4;4:0;4:1;4:2;4:3;4:4,x225_multisupport_confirmation,paired_train_seed,sealed_evaluation_only,Submit GPU jobs to gpumedium; do not use pilot/gpupilot.,9,400,-1,legacy_nominal_12N,A00_legacy,source_surface,5,2615,,,0.65,0.05
fsl_x225_schedule_a00_source5x5_s401_424_20260716_1136_n3-d3-dep4-md512-it486-x1p00-s417-rg0,source_delta_support_process_control,canonical,4,72,64,512,417,486,254803968,524288,16,2048,40,1,L,fsl-x225-schedule-a00-source5x5-s401-424-20260716-1136-n3-d3-dep4-md512-it486-x1p00-s417-rg0,3,3,x225_multisupport_delta_confirmation_source,4,254803968,524288,Fresh measured 5x5 source grid for the sealed x225 multi-support Delta confirmation. Target losses are evaluation-only.,controlled_model_dim_source_prefix_smalln_5x5,29360320.0,29360320.0,0.0,0.162821576719,19,x225_multisupport_full_5x5_collection,,1.305337,32,486,254803968,1.0,physical_full_5x5_collection,3:3,0:0;0:1;0:2;0:3;0:4;1:0;1:1;1:2;1:3;1:4;2:0;2:1;2:2;2:3;2:4;3:0;3:1;3:2;3:3;3:4;4:0;4:1;4:2;4:3;4:4,x225_multisupport_confirmation,paired_train_seed,sealed_evaluation_only,Submit GPU jobs to gpumedium; do not use pilot/gpupilot.,9,400,-1,legacy_nominal_12N,A00_legacy,source_surface,5,2615,,,0.65,0.05
fsl_x225_schedule_a00_source5x5_s401_424_20260716_1136_n3-d4-dep4-md512-it729-x1p00-s417-rg0,source_delta_support_process_control,canonical,4,72,64,512,417,729,382205952,524288,16,2048,40,1,L,fsl-x225-schedule-a00-source5x5-s401-424-20260716-1136-n3-d4-dep4-md512-it729-x1p00-s417-rg0,3,4,x225_multisupport_delta_confirmation_source,4,382205952,524288,Fresh measured 5x5 source grid for the sealed x225 multi-support Delta confirmation. Target losses are evaluation-only.,controlled_model_dim_source_prefix_smalln_5x5,29360320.0,29360320.0,0.0,0.162821576719,20,x225_multisupport_full_5x5_collection,,1.305337,32,729,382205952,1.0,physical_full_5x5_collection,3:4,0:0;0:1;0:2;0:3;0:4;1:0;1:1;1:2;1:3;1:4;2:0;2:1;2:2;2:3;2:4;3:0;3:1;3:2;3:3;3:4;4:0;4:1;4:2;4:3;4:4,x225_multisupport_confirmation,paired_train_seed,sealed_evaluation_only,Submit GPU jobs to gpumedium; do not use pilot/gpupilot.,9,400,-1,legacy_nominal_12N,A00_legacy,source_surface,5,2615,,,0.65,0.05
fsl_x225_schedule_a00_source5x5_s401_424_20260716_1136_n4-d0-dep4-md704-it144-x1p00-s417-rg0,source_delta_support_process_control,canonical,4,72,64,704,417,144,75497472,524288,16,2048,40,1,L,fsl-x225-schedule-a00-source5x5-s401-424-20260716-1136-n4-d0-dep4-md704-it144-x1p00-s417-rg0,4,0,x225_multisupport_delta_confirmation_source,4,75497472,524288,Fresh measured 5x5 source grid for the sealed x225 multi-support Delta confirmation. Target losses are evaluation-only.,controlled_model_dim_source_prefix_smalln_5x5,46858504.0,46858504.0,0.0,0.162821576719,21,x225_multisupport_full_5x5_collection,,1.305337,32,144,75497472,1.0,physical_full_5x5_collection,4:0,0:0;0:1;0:2;0:3;0:4;1:0;1:1;1:2;1:3;1:4;2:0;2:1;2:2;2:3;2:4;3:0;3:1;3:2;3:3;3:4;4:0;4:1;4:2;4:3;4:4,x225_multisupport_confirmation,paired_train_seed,sealed_evaluation_only,Submit GPU jobs to gpumedium; do not use pilot/gpupilot.,9,400,-1,legacy_nominal_12N,A00_legacy,source_surface,5,2615,,,0.65,0.05
fsl_x225_schedule_a00_source5x5_s401_424_20260716_1136_n4-d1-dep4-md704-it216-x1p00-s417-rg0,source_delta_support_process_control,canonical,4,72,64,704,417,216,113246208,524288,16,2048,40,1,L,fsl-x225-schedule-a00-source5x5-s401-424-20260716-1136-n4-d1-dep4-md704-it216-x1p00-s417-rg0,4,1,x225_multisupport_delta_confirmation_source,4,113246208,524288,Fresh measured 5x5 source grid for the sealed x225 multi-support Delta confirmation. Target losses are evaluation-only.,controlled_model_dim_source_prefix_smalln_5x5,46858504.0,46858504.0,0.0,0.162821576719,22,x225_multisupport_full_5x5_collection,,1.305337,32,216,113246208,1.0,physical_full_5x5_collection,4:1,0:0;0:1;0:2;0:3;0:4;1:0;1:1;1:2;1:3;1:4;2:0;2:1;2:2;2:3;2:4;3:0;3:1;3:2;3:3;3:4;4:0;4:1;4:2;4:3;4:4,x225_multisupport_confirmation,paired_train_seed,sealed_evaluation_only,Submit GPU jobs to gpumedium; do not use pilot/gpupilot.,9,400,-1,legacy_nominal_12N,A00_legacy,source_surface,5,2615,,,0.65,0.05
fsl_x225_schedule_a00_source5x5_s401_424_20260716_1136_n4-d2-dep4-md704-it324-x1p00-s417-rg0,source_delta_support_process_control,canonical,4,72,64,704,417,324,169869312,524288,16,2048,40,1,L,fsl-x225-schedule-a00-source5x5-s401-424-20260716-1136-n4-d2-dep4-md704-it324-x1p00-s417-rg0,4,2,x225_multisupport_delta_confirmation_source,4,169869312,524288,Fresh measured 5x5 source grid for the sealed x225 multi-support Delta confirmation. Target losses are evaluation-only.,controlled_model_dim_source_prefix_smalln_5x5,46858504.0,46858504.0,0.0,0.162821576719,23,x225_multisupport_full_5x5_collection,,1.305337,32,324,169869312,1.0,physical_full_5x5_collection,4:2,0:0;0:1;0:2;0:3;0:4;1:0;1:1;1:2;1:3;1:4;2:0;2:1;2:2;2:3;2:4;3:0;3:1;3:2;3:3;3:4;4:0;4:1;4:2;4:3;4:4,x225_multisupport_confirmation,paired_train_seed,sealed_evaluation_only,Submit GPU jobs to gpumedium; do not use pilot/gpupilot.,9,400,-1,legacy_nominal_12N,A00_legacy,source_surface,5,2615,,,0.65,0.05
fsl_x225_schedule_a00_source5x5_s401_424_20260716_1136_n4-d3-dep4-md704-it486-x1p00-s417-rg0,source_delta_support_process_control,canonical,4,72,64,704,417,486,254803968,524288,16,2048,40,1,L,fsl-x225-schedule-a00-source5x5-s401-424-20260716-1136-n4-d3-dep4-md704-it486-x1p00-s417-rg0,4,3,x225_multisupport_delta_confirmation_source,4,254803968,524288,Fresh measured 5x5 source grid for the sealed x225 multi-support Delta confirmation. Target losses are evaluation-only.,controlled_model_dim_source_prefix_smalln_5x5,46858504.0,46858504.0,0.0,0.162821576719,24,x225_multisupport_full_5x5_collection,,1.305337,32,486,254803968,1.0,physical_full_5x5_collection,4:3,0:0;0:1;0:2;0:3;0:4;1:0;1:1;1:2;1:3;1:4;2:0;2:1;2:2;2:3;2:4;3:0;3:1;3:2;3:3;3:4;4:0;4:1;4:2;4:3;4:4,x225_multisupport_confirmation,paired_train_seed,sealed_evaluation_only,Submit GPU jobs to gpumedium; do not use pilot/gpupilot.,9,400,-1,legacy_nominal_12N,A00_legacy,source_surface,5,2615,,,0.65,0.05
fsl_x225_schedule_a00_source5x5_s401_424_20260716_1136_n4-d4-dep4-md704-it729-x1p00-s417-rg0,source_delta_support_process_control,canonical,4,72,64,704,417,729,382205952,524288,16,2048,40,1,L,fsl-x225-schedule-a00-source5x5-s401-424-20260716-1136-n4-d4-dep4-md704-it729-x1p00-s417-rg0,4,4,x225_multisupport_delta_confirmation_source,4,382205952,524288,Fresh measured 5x5 source grid for the sealed x225 multi-support Delta confirmation. Target losses are evaluation-only.,controlled_model_dim_source_prefix_smalln_5x5,46858504.0,46858504.0,0.0,0.162821576719,25,x225_multisupport_full_5x5_collection,,1.305337,32,729,382205952,1.0,physical_full_5x5_collection,4:4,0:0;0:1;0:2;0:3;0:4;1:0;1:1;1:2;1:3;1:4;2:0;2:1;2:2;2:3;2:4;3:0;3:1;3:2;3:3;3:4;4:0;4:1;4:2;4:3;4:4,x225_multisupport_confirmation,paired_train_seed,sealed_evaluation_only,Submit GPU jobs to gpumedium; do not use pilot/gpupilot.,9,400,-1,legacy_nominal_12N,A00_legacy,source_surface,5,2615,,,0.65,0.05
fsl_x225_schedule_a00_source5x5_s401_424_20260716_1136_n0-d0-dep4-md128-it144-x1p00-s418-rg0,source_delta_support_process_control,canonical,4,72,64,128,418,144,75497472,524288,16,2048,40,1,L,fsl-x225-schedule-a00-source5x5-s401-424-20260716-1136-n0-d0-dep4-md128-it144-x1p00-s418-rg0,0,0,x225_multisupport_delta_confirmation_source,4,75497472,524288,Fresh measured 5x5 source grid for the sealed x225 multi-support Delta confirmation. Target losses are evaluation-only.,controlled_model_dim_source_prefix_smalln_5x5,4980784.0,4980784.0,0.0,0.162821576719,1,x225_multisupport_full_5x5_collection,,1.305337,32,144,75497472,1.0,physical_full_5x5_collection,0:0,0:0;0:1;0:2;0:3;0:4;1:0;1:1;1:2;1:3;1:4;2:0;2:1;2:2;2:3;2:4;3:0;3:1;3:2;3:3;3:4;4:0;4:1;4:2;4:3;4:4,x225_multisupport_confirmation,paired_train_seed,sealed_evaluation_only,Submit GPU jobs to gpumedium; do not use pilot/gpupilot.,9,400,-1,legacy_nominal_12N,A00_legacy,source_surface,5,2615,,,0.65,0.05
fsl_x225_schedule_a00_source5x5_s401_424_20260716_1136_n0-d1-dep4-md128-it216-x1p00-s418-rg0,source_delta_support_process_control,canonical,4,72,64,128,418,216,113246208,524288,16,2048,40,1,L,fsl-x225-schedule-a00-source5x5-s401-424-20260716-1136-n0-d1-dep4-md128-it216-x1p00-s418-rg0,0,1,x225_multisupport_delta_confirmation_source,4,113246208,524288,Fresh measured 5x5 source grid for the sealed x225 multi-support Delta confirmation. Target losses are evaluation-only.,controlled_model_dim_source_prefix_smalln_5x5,4980784.0,4980784.0,0.0,0.162821576719,2,x225_multisupport_full_5x5_collection,,1.305337,32,216,113246208,1.0,physical_full_5x5_collection,0:1,0:0;0:1;0:2;0:3;0:4;1:0;1:1;1:2;1:3;1:4;2:0;2:1;2:2;2:3;2:4;3:0;3:1;3:2;3:3;3:4;4:0;4:1;4:2;4:3;4:4,x225_multisupport_confirmation,paired_train_seed,sealed_evaluation_only,Submit GPU jobs to gpumedium; do not use pilot/gpupilot.,9,400,-1,legacy_nominal_12N,A00_legacy,source_surface,5,2615,,,0.65,0.05
fsl_x225_schedule_a00_source5x5_s401_424_20260716_1136_n0-d2-dep4-md128-it324-x1p00-s418-rg0,source_delta_support_process_control,canonical,4,72,64,128,418,324,169869312,524288,16,2048,40,1,L,fsl-x225-schedule-a00-source5x5-s401-424-20260716-1136-n0-d2-dep4-md128-it324-x1p00-s418-rg0,0,2,x225_multisupport_delta_confirmation_source,4,169869312,524288,Fresh measured 5x5 source grid for the sealed x225 multi-support Delta confirmation. Target losses are evaluation-only.,controlled_model_dim_source_prefix_smalln_5x5,4980784.0,4980784.0,0.0,0.162821576719,3,x225_multisupport_full_5x5_collection,,1.305337,32,324,169869312,1.0,physical_full_5x5_collection,0:2,0:0;0:1;0:2;0:3;0:4;1:0;1:1;1:2;1:3;1:4;2:0;2:1;2:2;2:3;2:4;3:0;3:1;3:2;3:3;3:4;4:0;4:1;4:2;4:3;4:4,x225_multisupport_confirmation,paired_train_seed,sealed_evaluation_only,Submit GPU jobs to gpumedium; do not use pilot/gpupilot.,9,400,-1,legacy_nominal_12N,A00_legacy,source_surface,5,2615,,,0.65,0.05
fsl_x225_schedule_a00_source5x5_s401_424_20260716_1136_n0-d3-dep4-md128-it486-x1p00-s418-rg0,source_delta_support_process_control,canonical,4,72,64,128,418,486,254803968,524288,16,2048,40,1,L,fsl-x225-schedule-a00-source5x5-s401-424-20260716-1136-n0-d3-dep4-md128-it486-x1p00-s418-rg0,0,3,x225_multisupport_delta_confirmation_source,4,254803968,524288,Fresh measured 5x5 source grid for the sealed x225 multi-support Delta confirmation. Target losses are evaluation-only.,controlled_model_dim_source_prefix_smalln_5x5,4980784.0,4980784.0,0.0,0.162821576719,4,x225_multisupport_full_5x5_collection,,1.305337,32,486,254803968,1.0,physical_full_5x5_collection,0:3,0:0;0:1;0:2;0:3;0:4;1:0;1:1;1:2;1:3;1:4;2:0;2:1;2:2;2:3;2:4;3:0;3:1;3:2;3:3;3:4;4:0;4:1;4:2;4:3;4:4,x225_multisupport_confirmation,paired_train_seed,sealed_evaluation_only,Submit GPU jobs to gpumedium; do not use pilot/gpupilot.,9,400,-1,legacy_nominal_12N,A00_legacy,source_surface,5,2615,,,0.65,0.05
fsl_x225_schedule_a00_source5x5_s401_424_20260716_1136_n0-d4-dep4-md128-it729-x1p00-s418-rg0,source_delta_support_process_control,canonical,4,72,64,128,418,729,382205952,524288,16,2048,40,1,L,fsl-x225-schedule-a00-source5x5-s401-424-20260716-1136-n0-d4-dep4-md128-it729-x1p00-s418-rg0,0,4,x225_multisupport_delta_confirmation_source,4,382205952,524288,Fresh measured 5x5 source grid for the sealed x225 multi-support Delta confirmation. Target losses are evaluation-only.,controlled_model_dim_source_prefix_smalln_5x5,4980784.0,4980784.0,0.0,0.162821576719,5,x225_multisupport_full_5x5_collection,,1.305337,32,729,382205952,1.0,physical_full_5x5_collection,0:4,0:0;0:1;0:2;0:3;0:4;1:0;1:1;1:2;1:3;1:4;2:0;2:1;2:2;2:3;2:4;3:0;3:1;3:2;3:3;3:4;4:0;4:1;4:2;4:3;4:4,x225_multisupport_confirmation,paired_train_seed,sealed_evaluation_only,Submit GPU jobs to gpumedium; do not use pilot/gpupilot.,9,400,-1,legacy_nominal_12N,A00_legacy,source_surface,5,2615,,,0.65,0.05
fsl_x225_schedule_a00_source5x5_s401_424_20260716_1136_n1-d0-dep4-md192-it144-x1p00-s418-rg0,source_delta_support_process_control,canonical,4,72,64,192,418,144,75497472,524288,16,2048,40,1,L,fsl-x225-schedule-a00-source5x5-s401-424-20260716-1136-n1-d0-dep4-md192-it144-x1p00-s418-rg0,1,0,x225_multisupport_delta_confirmation_source,4,75497472,524288,Fresh measured 5x5 source grid for the sealed x225 multi-support Delta confirmation. Target losses are evaluation-only.,controlled_model_dim_source_prefix_smalln_5x5,8061000.0,8061000.0,0.0,0.162821576719,6,x225_multisupport_full_5x5_collection,,1.305337,32,144,75497472,1.0,physical_full_5x5_collection,1:0,0:0;0:1;0:2;0:3;0:4;1:0;1:1;1:2;1:3;1:4;2:0;2:1;2:2;2:3;2:4;3:0;3:1;3:2;3:3;3:4;4:0;4:1;4:2;4:3;4:4,x225_multisupport_confirmation,paired_train_seed,sealed_evaluation_only,Submit GPU jobs to gpumedium; do not use pilot/gpupilot.,9,400,-1,legacy_nominal_12N,A00_legacy,source_surface,5,2615,,,0.65,0.05
fsl_x225_schedule_a00_source5x5_s401_424_20260716_1136_n1-d1-dep4-md192-it216-x1p00-s418-rg0,source_delta_support_process_control,canonical,4,72,64,192,418,216,113246208,524288,16,2048,40,1,L,fsl-x225-schedule-a00-source5x5-s401-424-20260716-1136-n1-d1-dep4-md192-it216-x1p00-s418-rg0,1,1,x225_multisupport_delta_confirmation_source,4,113246208,524288,Fresh measured 5x5 source grid for the sealed x225 multi-support Delta confirmation. Target losses are evaluation-only.,controlled_model_dim_source_prefix_smalln_5x5,8061000.0,8061000.0,0.0,0.162821576719,7,x225_multisupport_full_5x5_collection,,1.305337,32,216,113246208,1.0,physical_full_5x5_collection,1:1,0:0;0:1;0:2;0:3;0:4;1:0;1:1;1:2;1:3;1:4;2:0;2:1;2:2;2:3;2:4;3:0;3:1;3:2;3:3;3:4;4:0;4:1;4:2;4:3;4:4,x225_multisupport_confirmation,paired_train_seed,sealed_evaluation_only,Submit GPU jobs to gpumedium; do not use pilot/gpupilot.,9,400,-1,legacy_nominal_12N,A00_legacy,source_surface,5,2615,,,0.65,0.05
fsl_x225_schedule_a00_source5x5_s401_424_20260716_1136_n1-d2-dep4-md192-it324-x1p00-s418-rg0,source_delta_support_process_control,canonical,4,72,64,192,418,324,169869312,524288,16,2048,40,1,L,fsl-x225-schedule-a00-source5x5-s401-424-20260716-1136-n1-d2-dep4-md192-it324-x1p00-s418-rg0,1,2,x225_multisupport_delta_confirmation_source,4,169869312,524288,Fresh measured 5x5 source grid for the sealed x225 multi-support Delta confirmation. Target losses are evaluation-only.,controlled_model_dim_source_prefix_smalln_5x5,8061000.0,8061000.0,0.0,0.162821576719,8,x225_multisupport_full_5x5_collection,,1.305337,32,324,169869312,1.0,physical_full_5x5_collection,1:2,0:0;0:1;0:2;0:3;0:4;1:0;1:1;1:2;1:3;1:4;2:0;2:1;2:2;2:3;2:4;3:0;3:1;3:2;3:3;3:4;4:0;4:1;4:2;4:3;4:4,x225_multisupport_confirmation,paired_train_seed,sealed_evaluation_only,Submit GPU jobs to gpumedium; do not use pilot/gpupilot.,9,400,-1,legacy_nominal_12N,A00_legacy,source_surface,5,2615,,,0.65,0.05
fsl_x225_schedule_a00_source5x5_s401_424_20260716_1136_n1-d3-dep4-md192-it486-x1p00-s418-rg0,source_delta_support_process_control,canonical,4,72,64,192,418,486,254803968,524288,16,2048,40,1,L,fsl-x225-schedule-a00-source5x5-s401-424-20260716-1136-n1-d3-dep4-md192-it486-x1p00-s418-rg0,1,3,x225_multisupport_delta_confirmation_source,4,254803968,524288,Fresh measured 5x5 source grid for the sealed x225 multi-support Delta confirmation. Target losses are evaluation-only.,controlled_model_dim_source_prefix_smalln_5x5,8061000.0,8061000.0,0.0,0.162821576719,9,x225_multisupport_full_5x5_collection,,1.305337,32,486,254803968,1.0,physical_full_5x5_collection,1:3,0:0;0:1;0:2;0:3;0:4;1:0;1:1;1:2;1:3;1:4;2:0;2:1;2:2;2:3;2:4;3:0;3:1;3:2;3:3;3:4;4:0;4:1;4:2;4:3;4:4,x225_multisupport_confirmation,paired_train_seed,sealed_evaluation_only,Submit GPU jobs to gpumedium; do not use pilot/gpupilot.,9,400,-1,legacy_nominal_12N,A00_legacy,source_surface,5,2615,,,0.65,0.05
fsl_x225_schedule_a00_source5x5_s401_424_20260716_1136_n1-d4-dep4-md192-it729-x1p00-s418-rg0,source_delta_support_process_control,canonical,4,72,64,192,418,729,382205952,524288,16,2048,40,1,L,fsl-x225-schedule-a00-source5x5-s401-424-20260716-1136-n1-d4-dep4-md192-it729-x1p00-s418-rg0,1,4,x225_multisupport_delta_confirmation_source,4,382205952,524288,Fresh measured 5x5 source grid for the sealed x225 multi-support Delta confirmation. Target losses are evaluation-only.,controlled_model_dim_source_prefix_smalln_5x5,8061000.0,8061000.0,0.0,0.162821576719,10,x225_multisupport_full_5x5_collection,,1.305337,32,729,382205952,1.0,physical_full_5x5_collection,1:4,0:0;0:1;0:2;0:3;0:4;1:0;1:1;1:2;1:3;1:4;2:0;2:1;2:2;2:3;2:4;3:0;3:1;3:2;3:3;3:4;4:0;4:1;4:2;4:3;4:4,x225_multisupport_confirmation,paired_train_seed,sealed_evaluation_only,Submit GPU jobs to gpumedium; do not use pilot/gpupilot.,9,400,-1,legacy_nominal_12N,A00_legacy,source_surface,5,2615,,,0.65,0.05
fsl_x225_schedule_a00_source5x5_s401_424_20260716_1136_n2-d0-dep4-md320-it144-x1p00-s418-rg0,source_delta_support_process_control,canonical,4,72,64,320,418,144,75497472,524288,16,2048,40,1,L,fsl-x225-schedule-a00-source5x5-s401-424-20260716-1136-n2-d0-dep4-md320-it144-x1p00-s418-rg0,2,0,x225_multisupport_delta_confirmation_source,4,75497472,524288,Fresh measured 5x5 source grid for the sealed x225 multi-support Delta confirmation. Target losses are evaluation-only.,controlled_model_dim_source_prefix_smalln_5x5,15401080.0,15401080.0,0.0,0.162821576719,11,x225_multisupport_full_5x5_collection,,1.305337,32,144,75497472,1.0,physical_full_5x5_collection,2:0,0:0;0:1;0:2;0:3;0:4;1:0;1:1;1:2;1:3;1:4;2:0;2:1;2:2;2:3;2:4;3:0;3:1;3:2;3:3;3:4;4:0;4:1;4:2;4:3;4:4,x225_multisupport_confirmation,paired_train_seed,sealed_evaluation_only,Submit GPU jobs to gpumedium; do not use pilot/gpupilot.,9,400,-1,legacy_nominal_12N,A00_legacy,source_surface,5,2615,,,0.65,0.05
fsl_x225_schedule_a00_source5x5_s401_424_20260716_1136_n2-d1-dep4-md320-it216-x1p00-s418-rg0,source_delta_support_process_control,canonical,4,72,64,320,418,216,113246208,524288,16,2048,40,1,L,fsl-x225-schedule-a00-source5x5-s401-424-20260716-1136-n2-d1-dep4-md320-it216-x1p00-s418-rg0,2,1,x225_multisupport_delta_confirmation_source,4,113246208,524288,Fresh measured 5x5 source grid for the sealed x225 multi-support Delta confirmation. Target losses are evaluation-only.,controlled_model_dim_source_prefix_smalln_5x5,15401080.0,15401080.0,0.0,0.162821576719,12,x225_multisupport_full_5x5_collection,,1.305337,32,216,113246208,1.0,physical_full_5x5_collection,2:1,0:0;0:1;0:2;0:3;0:4;1:0;1:1;1:2;1:3;1:4;2:0;2:1;2:2;2:3;2:4;3:0;3:1;3:2;3:3;3:4;4:0;4:1;4:2;4:3;4:4,x225_multisupport_confirmation,paired_train_seed,sealed_evaluation_only,Submit GPU jobs to gpumedium; do not use pilot/gpupilot.,9,400,-1,legacy_nominal_12N,A00_legacy,source_surface,5,2615,,,0.65,0.05
fsl_x225_schedule_a00_source5x5_s401_424_20260716_1136_n2-d2-dep4-md320-it324-x1p00-s418-rg0,source_delta_support_process_control,canonical,4,72,64,320,418,324,169869312,524288,16,2048,40,1,L,fsl-x225-schedule-a00-source5x5-s401-424-20260716-1136-n2-d2-dep4-md320-it324-x1p00-s418-rg0,2,2,x225_multisupport_delta_confirmation_source,4,169869312,524288,Fresh measured 5x5 source grid for the sealed x225 multi-support Delta confirmation. Target losses are evaluation-only.,controlled_model_dim_source_prefix_smalln_5x5,15401080.0,15401080.0,0.0,0.162821576719,13,x225_multisupport_full_5x5_collection,,1.305337,32,324,169869312,1.0,physical_full_5x5_collection,2:2,0:0;0:1;0:2;0:3;0:4;1:0;1:1;1:2;1:3;1:4;2:0;2:1;2:2;2:3;2:4;3:0;3:1;3:2;3:3;3:4;4:0;4:1;4:2;4:3;4:4,x225_multisupport_confirmation,paired_train_seed,sealed_evaluation_only,Submit GPU jobs to gpumedium; do not use pilot/gpupilot.,9,400,-1,legacy_nominal_12N,A00_legacy,source_surface,5,2615,,,0.65,0.05
fsl_x225_schedule_a00_source5x5_s401_424_20260716_1136_n2-d3-dep4-md320-it486-x1p00-s418-rg0,source_delta_support_process_control,canonical,4,72,64,320,418,486,254803968,524288,16,2048,40,1,L,fsl-x225-schedule-a00-source5x5-s401-424-20260716-1136-n2-d3-dep4-md320-it486-x1p00-s418-rg0,2,3,x225_multisupport_delta_confirmation_source,4,254803968,524288,Fresh measured 5x5 source grid for the sealed x225 multi-support Delta confirmation. Target losses are evaluation-only.,controlled_model_dim_source_prefix_smalln_5x5,15401080.0,15401080.0,0.0,0.162821576719,14,x225_multisupport_full_5x5_collection,,1.305337,32,486,254803968,1.0,physical_full_5x5_collection,2:3,0:0;0:1;0:2;0:3;0:4;1:0;1:1;1:2;1:3;1:4;2:0;2:1;2:2;2:3;2:4;3:0;3:1;3:2;3:3;3:4;4:0;4:1;4:2;4:3;4:4,x225_multisupport_confirmation,paired_train_seed,sealed_evaluation_only,Submit GPU jobs to gpumedium; do not use pilot/gpupilot.,9,400,-1,legacy_nominal_12N,A00_legacy,source_surface,5,2615,,,0.65,0.05
fsl_x225_schedule_a00_source5x5_s401_424_20260716_1136_n2-d4-dep4-md320-it729-x1p00-s418-rg0,source_delta_support_process_control,canonical,4,72,64,320,418,729,382205952,524288,16,2048,40,1,L,fsl-x225-schedule-a00-source5x5-s401-424-20260716-1136-n2-d4-dep4-md320-it729-x1p00-s418-rg0,2,4,x225_multisupport_delta_confirmation_source,4,382205952,524288,Fresh measured 5x5 source grid for the sealed x225 multi-support Delta confirmation. Target losses are evaluation-only.,controlled_model_dim_source_prefix_smalln_5x5,15401080.0,15401080.0,0.0,0.162821576719,15,x225_multisupport_full_5x5_collection,,1.305337,32,729,382205952,1.0,physical_full_5x5_collection,2:4,0:0;0:1;0:2;0:3;0:4;1:0;1:1;1:2;1:3;1:4;2:0;2:1;2:2;2:3;2:4;3:0;3:1;3:2;3:3;3:4;4:0;4:1;4:2;4:3;4:4,x225_multisupport_confirmation,paired_train_seed,sealed_evaluation_only,Submit GPU jobs to gpumedium; do not use pilot/gpupilot.,9,400,-1,legacy_nominal_12N,A00_legacy,source_surface,5,2615,,,0.65,0.05
fsl_x225_schedule_a00_source5x5_s401_424_20260716_1136_n3-d0-dep4-md512-it144-x1p00-s418-rg0,source_delta_support_process_control,canonical,4,72,64,512,418,144,75497472,524288,16,2048,40,1,L,fsl-x225-schedule-a00-source5x5-s401-424-20260716-1136-n3-d0-dep4-md512-it144-x1p00-s418-rg0,3,0,x225_multisupport_delta_confirmation_source,4,75497472,524288,Fresh measured 5x5 source grid for the sealed x225 multi-support Delta confirmation. Target losses are evaluation-only.,controlled_model_dim_source_prefix_smalln_5x5,29360320.0,29360320.0,0.0,0.162821576719,16,x225_multisupport_full_5x5_collection,,1.305337,32,144,75497472,1.0,physical_full_5x5_collection,3:0,0:0;0:1;0:2;0:3;0:4;1:0;1:1;1:2;1:3;1:4;2:0;2:1;2:2;2:3;2:4;3:0;3:1;3:2;3:3;3:4;4:0;4:1;4:2;4:3;4:4,x225_multisupport_confirmation,paired_train_seed,sealed_evaluation_only,Submit GPU jobs to gpumedium; do not use pilot/gpupilot.,9,400,-1,legacy_nominal_12N,A00_legacy,source_surface,5,2615,,,0.65,0.05
fsl_x225_schedule_a00_source5x5_s401_424_20260716_1136_n3-d1-dep4-md512-it216-x1p00-s418-rg0,source_delta_support_process_control,canonical,4,72,64,512,418,216,113246208,524288,16,2048,40,1,L,fsl-x225-schedule-a00-source5x5-s401-424-20260716-1136-n3-d1-dep4-md512-it216-x1p00-s418-rg0,3,1,x225_multisupport_delta_confirmation_source,4,113246208,524288,Fresh measured 5x5 source grid for the sealed x225 multi-support Delta confirmation. Target losses are evaluation-only.,controlled_model_dim_source_prefix_smalln_5x5,29360320.0,29360320.0,0.0,0.162821576719,17,x225_multisupport_full_5x5_collection,,1.305337,32,216,113246208,1.0,physical_full_5x5_collection,3:1,0:0;0:1;0:2;0:3;0:4;1:0;1:1;1:2;1:3;1:4;2:0;2:1;2:2;2:3;2:4;3:0;3:1;3:2;3:3;3:4;4:0;4:1;4:2;4:3;4:4,x225_multisupport_confirmation,paired_train_seed,sealed_evaluation_only,Submit GPU jobs to gpumedium; do not use pilot/gpupilot.,9,400,-1,legacy_nominal_12N,A00_legacy,source_surface,5,2615,,,0.65,0.05
fsl_x225_schedule_a00_source5x5_s401_424_20260716_1136_n3-d2-dep4-md512-it324-x1p00-s418-rg0,source_delta_support_process_control,canonical,4,72,64,512,418,324,169869312,524288,16,2048,40,1,L,fsl-x225-schedule-a00-source5x5-s401-424-20260716-1136-n3-d2-dep4-md512-it324-x1p00-s418-rg0,3,2,x225_multisupport_delta_confirmation_source,4,169869312,524288,Fresh measured 5x5 source grid for the sealed x225 multi-support Delta confirmation. Target losses are evaluation-only.,controlled_model_dim_source_prefix_smalln_5x5,29360320.0,29360320.0,0.0,0.162821576719,18,x225_multisupport_full_5x5_collection,,1.305337,32,324,169869312,1.0,physical_full_5x5_collection,3:2,0:0;0:1;0:2;0:3;0:4;1:0;1:1;1:2;1:3;1:4;2:0;2:1;2:2;2:3;2:4;3:0;3:1;3:2;3:3;3:4;4:0;4:1;4:2;4:3;4:4,x225_multisupport_confirmation,paired_train_seed,sealed_evaluation_only,Submit GPU jobs to gpumedium; do not use pilot/gpupilot.,9,400,-1,legacy_nominal_12N,A00_legacy,source_surface,5,2615,,,0.65,0.05
fsl_x225_schedule_a00_source5x5_s401_424_20260716_1136_n3-d3-dep4-md512-it486-x1p00-s418-rg0,source_delta_support_process_control,canonical,4,72,64,512,418,486,254803968,524288,16,2048,40,1,L,fsl-x225-schedule-a00-source5x5-s401-424-20260716-1136-n3-d3-dep4-md512-it486-x1p00-s418-rg0,3,3,x225_multisupport_delta_confirmation_source,4,254803968,524288,Fresh measured 5x5 source grid for the sealed x225 multi-support Delta confirmation. Target losses are evaluation-only.,controlled_model_dim_source_prefix_smalln_5x5,29360320.0,29360320.0,0.0,0.162821576719,19,x225_multisupport_full_5x5_collection,,1.305337,32,486,254803968,1.0,physical_full_5x5_collection,3:3,0:0;0:1;0:2;0:3;0:4;1:0;1:1;1:2;1:3;1:4;2:0;2:1;2:2;2:3;2:4;3:0;3:1;3:2;3:3;3:4;4:0;4:1;4:2;4:3;4:4,x225_multisupport_confirmation,paired_train_seed,sealed_evaluation_only,Submit GPU jobs to gpumedium; do not use pilot/gpupilot.,9,400,-1,legacy_nominal_12N,A00_legacy,source_surface,5,2615,,,0.65,0.05
fsl_x225_schedule_a00_source5x5_s401_424_20260716_1136_n3-d4-dep4-md512-it729-x1p00-s418-rg0,source_delta_support_process_control,canonical,4,72,64,512,418,729,382205952,524288,16,2048,40,1,L,fsl-x225-schedule-a00-source5x5-s401-424-20260716-1136-n3-d4-dep4-md512-it729-x1p00-s418-rg0,3,4,x225_multisupport_delta_confirmation_source,4,382205952,524288,Fresh measured 5x5 source grid for the sealed x225 multi-support Delta confirmation. Target losses are evaluation-only.,controlled_model_dim_source_prefix_smalln_5x5,29360320.0,29360320.0,0.0,0.162821576719,20,x225_multisupport_full_5x5_collection,,1.305337,32,729,382205952,1.0,physical_full_5x5_collection,3:4,0:0;0:1;0:2;0:3;0:4;1:0;1:1;1:2;1:3;1:4;2:0;2:1;2:2;2:3;2:4;3:0;3:1;3:2;3:3;3:4;4:0;4:1;4:2;4:3;4:4,x225_multisupport_confirmation,paired_train_seed,sealed_evaluation_only,Submit GPU jobs to gpumedium; do not use pilot/gpupilot.,9,400,-1,legacy_nominal_12N,A00_legacy,source_surface,5,2615,,,0.65,0.05
fsl_x225_schedule_a00_source5x5_s401_424_20260716_1136_n4-d0-dep4-md704-it144-x1p00-s418-rg0,source_delta_support_process_control,canonical,4,72,64,704,418,144,75497472,524288,16,2048,40,1,L,fsl-x225-schedule-a00-source5x5-s401-424-20260716-1136-n4-d0-dep4-md704-it144-x1p00-s418-rg0,4,0,x225_multisupport_delta_confirmation_source,4,75497472,524288,Fresh measured 5x5 source grid for the sealed x225 multi-support Delta confirmation. Target losses are evaluation-only.,controlled_model_dim_source_prefix_smalln_5x5,46858504.0,46858504.0,0.0,0.162821576719,21,x225_multisupport_full_5x5_collection,,1.305337,32,144,75497472,1.0,physical_full_5x5_collection,4:0,0:0;0:1;0:2;0:3;0:4;1:0;1:1;1:2;1:3;1:4;2:0;2:1;2:2;2:3;2:4;3:0;3:1;3:2;3:3;3:4;4:0;4:1;4:2;4:3;4:4,x225_multisupport_confirmation,paired_train_seed,sealed_evaluation_only,Submit GPU jobs to gpumedium; do not use pilot/gpupilot.,9,400,-1,legacy_nominal_12N,A00_legacy,source_surface,5,2615,,,0.65,0.05
fsl_x225_schedule_a00_source5x5_s401_424_20260716_1136_n4-d1-dep4-md704-it216-x1p00-s418-rg0,source_delta_support_process_control,canonical,4,72,64,704,418,216,113246208,524288,16,2048,40,1,L,fsl-x225-schedule-a00-source5x5-s401-424-20260716-1136-n4-d1-dep4-md704-it216-x1p00-s418-rg0,4,1,x225_multisupport_delta_confirmation_source,4,113246208,524288,Fresh measured 5x5 source grid for the sealed x225 multi-support Delta confirmation. Target losses are evaluation-only.,controlled_model_dim_source_prefix_smalln_5x5,46858504.0,46858504.0,0.0,0.162821576719,22,x225_multisupport_full_5x5_collection,,1.305337,32,216,113246208,1.0,physical_full_5x5_collection,4:1,0:0;0:1;0:2;0:3;0:4;1:0;1:1;1:2;1:3;1:4;2:0;2:1;2:2;2:3;2:4;3:0;3:1;3:2;3:3;3:4;4:0;4:1;4:2;4:3;4:4,x225_multisupport_confirmation,paired_train_seed,sealed_evaluation_only,Submit GPU jobs to gpumedium; do not use pilot/gpupilot.,9,400,-1,legacy_nominal_12N,A00_legacy,source_surface,5,2615,,,0.65,0.05
fsl_x225_schedule_a00_source5x5_s401_424_20260716_1136_n4-d2-dep4-md704-it324-x1p00-s418-rg0,source_delta_support_process_control,canonical,4,72,64,704,418,324,169869312,524288,16,2048,40,1,L,fsl-x225-schedule-a00-source5x5-s401-424-20260716-1136-n4-d2-dep4-md704-it324-x1p00-s418-rg0,4,2,x225_multisupport_delta_confirmation_source,4,169869312,524288,Fresh measured 5x5 source grid for the sealed x225 multi-support Delta confirmation. Target losses are evaluation-only.,controlled_model_dim_source_prefix_smalln_5x5,46858504.0,46858504.0,0.0,0.162821576719,23,x225_multisupport_full_5x5_collection,,1.305337,32,324,169869312,1.0,physical_full_5x5_collection,4:2,0:0;0:1;0:2;0:3;0:4;1:0;1:1;1:2;1:3;1:4;2:0;2:1;2:2;2:3;2:4;3:0;3:1;3:2;3:3;3:4;4:0;4:1;4:2;4:3;4:4,x225_multisupport_confirmation,paired_train_seed,sealed_evaluation_only,Submit GPU jobs to gpumedium; do not use pilot/gpupilot.,9,400,-1,legacy_nominal_12N,A00_legacy,source_surface,5,2615,,,0.65,0.05
fsl_x225_schedule_a00_source5x5_s401_424_20260716_1136_n4-d3-dep4-md704-it486-x1p00-s418-rg0,source_delta_support_process_control,canonical,4,72,64,704,418,486,254803968,524288,16,2048,40,1,L,fsl-x225-schedule-a00-source5x5-s401-424-20260716-1136-n4-d3-dep4-md704-it486-x1p00-s418-rg0,4,3,x225_multisupport_delta_confirmation_source,4,254803968,524288,Fresh measured 5x5 source grid for the sealed x225 multi-support Delta confirmation. Target losses are evaluation-only.,controlled_model_dim_source_prefix_smalln_5x5,46858504.0,46858504.0,0.0,0.162821576719,24,x225_multisupport_full_5x5_collection,,1.305337,32,486,254803968,1.0,physical_full_5x5_collection,4:3,0:0;0:1;0:2;0:3;0:4;1:0;1:1;1:2;1:3;1:4;2:0;2:1;2:2;2:3;2:4;3:0;3:1;3:2;3:3;3:4;4:0;4:1;4:2;4:3;4:4,x225_multisupport_confirmation,paired_train_seed,sealed_evaluation_only,Submit GPU jobs to gpumedium; do not use pilot/gpupilot.,9,400,-1,legacy_nominal_12N,A00_legacy,source_surface,5,2615,,,0.65,0.05
fsl_x225_schedule_a00_source5x5_s401_424_20260716_1136_n4-d4-dep4-md704-it729-x1p00-s418-rg0,source_delta_support_process_control,canonical,4,72,64,704,418,729,382205952,524288,16,2048,40,1,L,fsl-x225-schedule-a00-source5x5-s401-424-20260716-1136-n4-d4-dep4-md704-it729-x1p00-s418-rg0,4,4,x225_multisupport_delta_confirmation_source,4,382205952,524288,Fresh measured 5x5 source grid for the sealed x225 multi-support Delta confirmation. Target losses are evaluation-only.,controlled_model_dim_source_prefix_smalln_5x5,46858504.0,46858504.0,0.0,0.162821576719,25,x225_multisupport_full_5x5_collection,,1.305337,32,729,382205952,1.0,physical_full_5x5_collection,4:4,0:0;0:1;0:2;0:3;0:4;1:0;1:1;1:2;1:3;1:4;2:0;2:1;2:2;2:3;2:4;3:0;3:1;3:2;3:3;3:4;4:0;4:1;4:2;4:3;4:4,x225_multisupport_confirmation,paired_train_seed,sealed_evaluation_only,Submit GPU jobs to gpumedium; do not use pilot/gpupilot.,9,400,-1,legacy_nominal_12N,A00_legacy,source_surface,5,2615,,,0.65,0.05
fsl_x225_schedule_a00_source5x5_s401_424_20260716_1136_n0-d0-dep4-md128-it144-x1p00-s419-rg0,source_delta_support_process_control,canonical,4,72,64,128,419,144,75497472,524288,16,2048,40,1,L,fsl-x225-schedule-a00-source5x5-s401-424-20260716-1136-n0-d0-dep4-md128-it144-x1p00-s419-rg0,0,0,x225_multisupport_delta_confirmation_source,4,75497472,524288,Fresh measured 5x5 source grid for the sealed x225 multi-support Delta confirmation. Target losses are evaluation-only.,controlled_model_dim_source_prefix_smalln_5x5,4980784.0,4980784.0,0.0,0.162821576719,1,x225_multisupport_full_5x5_collection,,1.305337,36,144,75497472,1.0,physical_full_5x5_collection,0:0,0:0;0:1;0:2;0:3;0:4;1:0;1:1;1:2;1:3;1:4;2:0;2:1;2:2;2:3;2:4;3:0;3:1;3:2;3:3;3:4;4:0;4:1;4:2;4:3;4:4,x225_multisupport_confirmation,paired_train_seed,sealed_evaluation_only,Submit GPU jobs to gpumedium; do not use pilot/gpupilot.,10,400,-1,legacy_nominal_12N,A00_legacy,source_surface,5,2615,,,0.65,0.05
fsl_x225_schedule_a00_source5x5_s401_424_20260716_1136_n0-d1-dep4-md128-it216-x1p00-s419-rg0,source_delta_support_process_control,canonical,4,72,64,128,419,216,113246208,524288,16,2048,40,1,L,fsl-x225-schedule-a00-source5x5-s401-424-20260716-1136-n0-d1-dep4-md128-it216-x1p00-s419-rg0,0,1,x225_multisupport_delta_confirmation_source,4,113246208,524288,Fresh measured 5x5 source grid for the sealed x225 multi-support Delta confirmation. Target losses are evaluation-only.,controlled_model_dim_source_prefix_smalln_5x5,4980784.0,4980784.0,0.0,0.162821576719,2,x225_multisupport_full_5x5_collection,,1.305337,36,216,113246208,1.0,physical_full_5x5_collection,0:1,0:0;0:1;0:2;0:3;0:4;1:0;1:1;1:2;1:3;1:4;2:0;2:1;2:2;2:3;2:4;3:0;3:1;3:2;3:3;3:4;4:0;4:1;4:2;4:3;4:4,x225_multisupport_confirmation,paired_train_seed,sealed_evaluation_only,Submit GPU jobs to gpumedium; do not use pilot/gpupilot.,10,400,-1,legacy_nominal_12N,A00_legacy,source_surface,5,2615,,,0.65,0.05
fsl_x225_schedule_a00_source5x5_s401_424_20260716_1136_n0-d2-dep4-md128-it324-x1p00-s419-rg0,source_delta_support_process_control,canonical,4,72,64,128,419,324,169869312,524288,16,2048,40,1,L,fsl-x225-schedule-a00-source5x5-s401-424-20260716-1136-n0-d2-dep4-md128-it324-x1p00-s419-rg0,0,2,x225_multisupport_delta_confirmation_source,4,169869312,524288,Fresh measured 5x5 source grid for the sealed x225 multi-support Delta confirmation. Target losses are evaluation-only.,controlled_model_dim_source_prefix_smalln_5x5,4980784.0,4980784.0,0.0,0.162821576719,3,x225_multisupport_full_5x5_collection,,1.305337,36,324,169869312,1.0,physical_full_5x5_collection,0:2,0:0;0:1;0:2;0:3;0:4;1:0;1:1;1:2;1:3;1:4;2:0;2:1;2:2;2:3;2:4;3:0;3:1;3:2;3:3;3:4;4:0;4:1;4:2;4:3;4:4,x225_multisupport_confirmation,paired_train_seed,sealed_evaluation_only,Submit GPU jobs to gpumedium; do not use pilot/gpupilot.,10,400,-1,legacy_nominal_12N,A00_legacy,source_surface,5,2615,,,0.65,0.05
fsl_x225_schedule_a00_source5x5_s401_424_20260716_1136_n0-d3-dep4-md128-it486-x1p00-s419-rg0,source_delta_support_process_control,canonical,4,72,64,128,419,486,254803968,524288,16,2048,40,1,L,fsl-x225-schedule-a00-source5x5-s401-424-20260716-1136-n0-d3-dep4-md128-it486-x1p00-s419-rg0,0,3,x225_multisupport_delta_confirmation_source,4,254803968,524288,Fresh measured 5x5 source grid for the sealed x225 multi-support Delta confirmation. Target losses are evaluation-only.,controlled_model_dim_source_prefix_smalln_5x5,4980784.0,4980784.0,0.0,0.162821576719,4,x225_multisupport_full_5x5_collection,,1.305337,36,486,254803968,1.0,physical_full_5x5_collection,0:3,0:0;0:1;0:2;0:3;0:4;1:0;1:1;1:2;1:3;1:4;2:0;2:1;2:2;2:3;2:4;3:0;3:1;3:2;3:3;3:4;4:0;4:1;4:2;4:3;4:4,x225_multisupport_confirmation,paired_train_seed,sealed_evaluation_only,Submit GPU jobs to gpumedium; do not use pilot/gpupilot.,10,400,-1,legacy_nominal_12N,A00_legacy,source_surface,5,2615,,,0.65,0.05
fsl_x225_schedule_a00_source5x5_s401_424_20260716_1136_n0-d4-dep4-md128-it729-x1p00-s419-rg0,source_delta_support_process_control,canonical,4,72,64,128,419,729,382205952,524288,16,2048,40,1,L,fsl-x225-schedule-a00-source5x5-s401-424-20260716-1136-n0-d4-dep4-md128-it729-x1p00-s419-rg0,0,4,x225_multisupport_delta_confirmation_source,4,382205952,524288,Fresh measured 5x5 source grid for the sealed x225 multi-support Delta confirmation. Target losses are evaluation-only.,controlled_model_dim_source_prefix_smalln_5x5,4980784.0,4980784.0,0.0,0.162821576719,5,x225_multisupport_full_5x5_collection,,1.305337,36,729,382205952,1.0,physical_full_5x5_collection,0:4,0:0;0:1;0:2;0:3;0:4;1:0;1:1;1:2;1:3;1:4;2:0;2:1;2:2;2:3;2:4;3:0;3:1;3:2;3:3;3:4;4:0;4:1;4:2;4:3;4:4,x225_multisupport_confirmation,paired_train_seed,sealed_evaluation_only,Submit GPU jobs to gpumedium; do not use pilot/gpupilot.,10,400,-1,legacy_nominal_12N,A00_legacy,source_surface,5,2615,,,0.65,0.05
fsl_x225_schedule_a00_source5x5_s401_424_20260716_1136_n1-d0-dep4-md192-it144-x1p00-s419-rg0,source_delta_support_process_control,canonical,4,72,64,192,419,144,75497472,524288,16,2048,40,1,L,fsl-x225-schedule-a00-source5x5-s401-424-20260716-1136-n1-d0-dep4-md192-it144-x1p00-s419-rg0,1,0,x225_multisupport_delta_confirmation_source,4,75497472,524288,Fresh measured 5x5 source grid for the sealed x225 multi-support Delta confirmation. Target losses are evaluation-only.,controlled_model_dim_source_prefix_smalln_5x5,8061000.0,8061000.0,0.0,0.162821576719,6,x225_multisupport_full_5x5_collection,,1.305337,36,144,75497472,1.0,physical_full_5x5_collection,1:0,0:0;0:1;0:2;0:3;0:4;1:0;1:1;1:2;1:3;1:4;2:0;2:1;2:2;2:3;2:4;3:0;3:1;3:2;3:3;3:4;4:0;4:1;4:2;4:3;4:4,x225_multisupport_confirmation,paired_train_seed,sealed_evaluation_only,Submit GPU jobs to gpumedium; do not use pilot/gpupilot.,10,400,-1,legacy_nominal_12N,A00_legacy,source_surface,5,2615,,,0.65,0.05
fsl_x225_schedule_a00_source5x5_s401_424_20260716_1136_n1-d1-dep4-md192-it216-x1p00-s419-rg0,source_delta_support_process_control,canonical,4,72,64,192,419,216,113246208,524288,16,2048,40,1,L,fsl-x225-schedule-a00-source5x5-s401-424-20260716-1136-n1-d1-dep4-md192-it216-x1p00-s419-rg0,1,1,x225_multisupport_delta_confirmation_source,4,113246208,524288,Fresh measured 5x5 source grid for the sealed x225 multi-support Delta confirmation. Target losses are evaluation-only.,controlled_model_dim_source_prefix_smalln_5x5,8061000.0,8061000.0,0.0,0.162821576719,7,x225_multisupport_full_5x5_collection,,1.305337,36,216,113246208,1.0,physical_full_5x5_collection,1:1,0:0;0:1;0:2;0:3;0:4;1:0;1:1;1:2;1:3;1:4;2:0;2:1;2:2;2:3;2:4;3:0;3:1;3:2;3:3;3:4;4:0;4:1;4:2;4:3;4:4,x225_multisupport_confirmation,paired_train_seed,sealed_evaluation_only,Submit GPU jobs to gpumedium; do not use pilot/gpupilot.,10,400,-1,legacy_nominal_12N,A00_legacy,source_surface,5,2615,,,0.65,0.05
fsl_x225_schedule_a00_source5x5_s401_424_20260716_1136_n1-d2-dep4-md192-it324-x1p00-s419-rg0,source_delta_support_process_control,canonical,4,72,64,192,419,324,169869312,524288,16,2048,40,1,L,fsl-x225-schedule-a00-source5x5-s401-424-20260716-1136-n1-d2-dep4-md192-it324-x1p00-s419-rg0,1,2,x225_multisupport_delta_confirmation_source,4,169869312,524288,Fresh measured 5x5 source grid for the sealed x225 multi-support Delta confirmation. Target losses are evaluation-only.,controlled_model_dim_source_prefix_smalln_5x5,8061000.0,8061000.0,0.0,0.162821576719,8,x225_multisupport_full_5x5_collection,,1.305337,36,324,169869312,1.0,physical_full_5x5_collection,1:2,0:0;0:1;0:2;0:3;0:4;1:0;1:1;1:2;1:3;1:4;2:0;2:1;2:2;2:3;2:4;3:0;3:1;3:2;3:3;3:4;4:0;4:1;4:2;4:3;4:4,x225_multisupport_confirmation,paired_train_seed,sealed_evaluation_only,Submit GPU jobs to gpumedium; do not use pilot/gpupilot.,10,400,-1,legacy_nominal_12N,A00_legacy,source_surface,5,2615,,,0.65,0.05
fsl_x225_schedule_a00_source5x5_s401_424_20260716_1136_n1-d3-dep4-md192-it486-x1p00-s419-rg0,source_delta_support_process_control,canonical,4,72,64,192,419,486,254803968,524288,16,2048,40,1,L,fsl-x225-schedule-a00-source5x5-s401-424-20260716-1136-n1-d3-dep4-md192-it486-x1p00-s419-rg0,1,3,x225_multisupport_delta_confirmation_source,4,254803968,524288,Fresh measured 5x5 source grid for the sealed x225 multi-support Delta confirmation. Target losses are evaluation-only.,controlled_model_dim_source_prefix_smalln_5x5,8061000.0,8061000.0,0.0,0.162821576719,9,x225_multisupport_full_5x5_collection,,1.305337,36,486,254803968,1.0,physical_full_5x5_collection,1:3,0:0;0:1;0:2;0:3;0:4;1:0;1:1;1:2;1:3;1:4;2:0;2:1;2:2;2:3;2:4;3:0;3:1;3:2;3:3;3:4;4:0;4:1;4:2;4:3;4:4,x225_multisupport_confirmation,paired_train_seed,sealed_evaluation_only,Submit GPU jobs to gpumedium; do not use pilot/gpupilot.,10,400,-1,legacy_nominal_12N,A00_legacy,source_surface,5,2615,,,0.65,0.05
fsl_x225_schedule_a00_source5x5_s401_424_20260716_1136_n1-d4-dep4-md192-it729-x1p00-s419-rg0,source_delta_support_process_control,canonical,4,72,64,192,419,729,382205952,524288,16,2048,40,1,L,fsl-x225-schedule-a00-source5x5-s401-424-20260716-1136-n1-d4-dep4-md192-it729-x1p00-s419-rg0,1,4,x225_multisupport_delta_confirmation_source,4,382205952,524288,Fresh measured 5x5 source grid for the sealed x225 multi-support Delta confirmation. Target losses are evaluation-only.,controlled_model_dim_source_prefix_smalln_5x5,8061000.0,8061000.0,0.0,0.162821576719,10,x225_multisupport_full_5x5_collection,,1.305337,36,729,382205952,1.0,physical_full_5x5_collection,1:4,0:0;0:1;0:2;0:3;0:4;1:0;1:1;1:2;1:3;1:4;2:0;2:1;2:2;2:3;2:4;3:0;3:1;3:2;3:3;3:4;4:0;4:1;4:2;4:3;4:4,x225_multisupport_confirmation,paired_train_seed,sealed_evaluation_only,Submit GPU jobs to gpumedium; do not use pilot/gpupilot.,10,400,-1,legacy_nominal_12N,A00_legacy,source_surface,5,2615,,,0.65,0.05
fsl_x225_schedule_a00_source5x5_s401_424_20260716_1136_n2-d0-dep4-md320-it144-x1p00-s419-rg0,source_delta_support_process_control,canonical,4,72,64,320,419,144,75497472,524288,16,2048,40,1,L,fsl-x225-schedule-a00-source5x5-s401-424-20260716-1136-n2-d0-dep4-md320-it144-x1p00-s419-rg0,2,0,x225_multisupport_delta_confirmation_source,4,75497472,524288,Fresh measured 5x5 source grid for the sealed x225 multi-support Delta confirmation. Target losses are evaluation-only.,controlled_model_dim_source_prefix_smalln_5x5,15401080.0,15401080.0,0.0,0.162821576719,11,x225_multisupport_full_5x5_collection,,1.305337,36,144,75497472,1.0,physical_full_5x5_collection,2:0,0:0;0:1;0:2;0:3;0:4;1:0;1:1;1:2;1:3;1:4;2:0;2:1;2:2;2:3;2:4;3:0;3:1;3:2;3:3;3:4;4:0;4:1;4:2;4:3;4:4,x225_multisupport_confirmation,paired_train_seed,sealed_evaluation_only,Submit GPU jobs to gpumedium; do not use pilot/gpupilot.,10,400,-1,legacy_nominal_12N,A00_legacy,source_surface,5,2615,,,0.65,0.05
fsl_x225_schedule_a00_source5x5_s401_424_20260716_1136_n2-d1-dep4-md320-it216-x1p00-s419-rg0,source_delta_support_process_control,canonical,4,72,64,320,419,216,113246208,524288,16,2048,40,1,L,fsl-x225-schedule-a00-source5x5-s401-424-20260716-1136-n2-d1-dep4-md320-it216-x1p00-s419-rg0,2,1,x225_multisupport_delta_confirmation_source,4,113246208,524288,Fresh measured 5x5 source grid for the sealed x225 multi-support Delta confirmation. Target losses are evaluation-only.,controlled_model_dim_source_prefix_smalln_5x5,15401080.0,15401080.0,0.0,0.162821576719,12,x225_multisupport_full_5x5_collection,,1.305337,36,216,113246208,1.0,physical_full_5x5_collection,2:1,0:0;0:1;0:2;0:3;0:4;1:0;1:1;1:2;1:3;1:4;2:0;2:1;2:2;2:3;2:4;3:0;3:1;3:2;3:3;3:4;4:0;4:1;4:2;4:3;4:4,x225_multisupport_confirmation,paired_train_seed,sealed_evaluation_only,Submit GPU jobs to gpumedium; do not use pilot/gpupilot.,10,400,-1,legacy_nominal_12N,A00_legacy,source_surface,5,2615,,,0.65,0.05
fsl_x225_schedule_a00_source5x5_s401_424_20260716_1136_n2-d2-dep4-md320-it324-x1p00-s419-rg0,source_delta_support_process_control,canonical,4,72,64,320,419,324,169869312,524288,16,2048,40,1,L,fsl-x225-schedule-a00-source5x5-s401-424-20260716-1136-n2-d2-dep4-md320-it324-x1p00-s419-rg0,2,2,x225_multisupport_delta_confirmation_source,4,169869312,524288,Fresh measured 5x5 source grid for the sealed x225 multi-support Delta confirmation. Target losses are evaluation-only.,controlled_model_dim_source_prefix_smalln_5x5,15401080.0,15401080.0,0.0,0.162821576719,13,x225_multisupport_full_5x5_collection,,1.305337,36,324,169869312,1.0,physical_full_5x5_collection,2:2,0:0;0:1;0:2;0:3;0:4;1:0;1:1;1:2;1:3;1:4;2:0;2:1;2:2;2:3;2:4;3:0;3:1;3:2;3:3;3:4;4:0;4:1;4:2;4:3;4:4,x225_multisupport_confirmation,paired_train_seed,sealed_evaluation_only,Submit GPU jobs to gpumedium; do not use pilot/gpupilot.,10,400,-1,legacy_nominal_12N,A00_legacy,source_surface,5,2615,,,0.65,0.05
fsl_x225_schedule_a00_source5x5_s401_424_20260716_1136_n2-d3-dep4-md320-it486-x1p00-s419-rg0,source_delta_support_process_control,canonical,4,72,64,320,419,486,254803968,524288,16,2048,40,1,L,fsl-x225-schedule-a00-source5x5-s401-424-20260716-1136-n2-d3-dep4-md320-it486-x1p00-s419-rg0,2,3,x225_multisupport_delta_confirmation_source,4,254803968,524288,Fresh measured 5x5 source grid for the sealed x225 multi-support Delta confirmation. Target losses are evaluation-only.,controlled_model_dim_source_prefix_smalln_5x5,15401080.0,15401080.0,0.0,0.162821576719,14,x225_multisupport_full_5x5_collection,,1.305337,36,486,254803968,1.0,physical_full_5x5_collection,2:3,0:0;0:1;0:2;0:3;0:4;1:0;1:1;1:2;1:3;1:4;2:0;2:1;2:2;2:3;2:4;3:0;3:1;3:2;3:3;3:4;4:0;4:1;4:2;4:3;4:4,x225_multisupport_confirmation,paired_train_seed,sealed_evaluation_only,Submit GPU jobs to gpumedium; do not use pilot/gpupilot.,10,400,-1,legacy_nominal_12N,A00_legacy,source_surface,5,2615,,,0.65,0.05
fsl_x225_schedule_a00_source5x5_s401_424_20260716_1136_n2-d4-dep4-md320-it729-x1p00-s419-rg0,source_delta_support_process_control,canonical,4,72,64,320,419,729,382205952,524288,16,2048,40,1,L,fsl-x225-schedule-a00-source5x5-s401-424-20260716-1136-n2-d4-dep4-md320-it729-x1p00-s419-rg0,2,4,x225_multisupport_delta_confirmation_source,4,382205952,524288,Fresh measured 5x5 source grid for the sealed x225 multi-support Delta confirmation. Target losses are evaluation-only.,controlled_model_dim_source_prefix_smalln_5x5,15401080.0,15401080.0,0.0,0.162821576719,15,x225_multisupport_full_5x5_collection,,1.305337,36,729,382205952,1.0,physical_full_5x5_collection,2:4,0:0;0:1;0:2;0:3;0:4;1:0;1:1;1:2;1:3;1:4;2:0;2:1;2:2;2:3;2:4;3:0;3:1;3:2;3:3;3:4;4:0;4:1;4:2;4:3;4:4,x225_multisupport_confirmation,paired_train_seed,sealed_evaluation_only,Submit GPU jobs to gpumedium; do not use pilot/gpupilot.,10,400,-1,legacy_nominal_12N,A00_legacy,source_surface,5,2615,,,0.65,0.05
fsl_x225_schedule_a00_source5x5_s401_424_20260716_1136_n3-d0-dep4-md512-it144-x1p00-s419-rg0,source_delta_support_process_control,canonical,4,72,64,512,419,144,75497472,524288,16,2048,40,1,L,fsl-x225-schedule-a00-source5x5-s401-424-20260716-1136-n3-d0-dep4-md512-it144-x1p00-s419-rg0,3,0,x225_multisupport_delta_confirmation_source,4,75497472,524288,Fresh measured 5x5 source grid for the sealed x225 multi-support Delta confirmation. Target losses are evaluation-only.,controlled_model_dim_source_prefix_smalln_5x5,29360320.0,29360320.0,0.0,0.162821576719,16,x225_multisupport_full_5x5_collection,,1.305337,36,144,75497472,1.0,physical_full_5x5_collection,3:0,0:0;0:1;0:2;0:3;0:4;1:0;1:1;1:2;1:3;1:4;2:0;2:1;2:2;2:3;2:4;3:0;3:1;3:2;3:3;3:4;4:0;4:1;4:2;4:3;4:4,x225_multisupport_confirmation,paired_train_seed,sealed_evaluation_only,Submit GPU jobs to gpumedium; do not use pilot/gpupilot.,10,400,-1,legacy_nominal_12N,A00_legacy,source_surface,5,2615,,,0.65,0.05
fsl_x225_schedule_a00_source5x5_s401_424_20260716_1136_n3-d1-dep4-md512-it216-x1p00-s419-rg0,source_delta_support_process_control,canonical,4,72,64,512,419,216,113246208,524288,16,2048,40,1,L,fsl-x225-schedule-a00-source5x5-s401-424-20260716-1136-n3-d1-dep4-md512-it216-x1p00-s419-rg0,3,1,x225_multisupport_delta_confirmation_source,4,113246208,524288,Fresh measured 5x5 source grid for the sealed x225 multi-support Delta confirmation. Target losses are evaluation-only.,controlled_model_dim_source_prefix_smalln_5x5,29360320.0,29360320.0,0.0,0.162821576719,17,x225_multisupport_full_5x5_collection,,1.305337,36,216,113246208,1.0,physical_full_5x5_collection,3:1,0:0;0:1;0:2;0:3;0:4;1:0;1:1;1:2;1:3;1:4;2:0;2:1;2:2;2:3;2:4;3:0;3:1;3:2;3:3;3:4;4:0;4:1;4:2;4:3;4:4,x225_multisupport_confirmation,paired_train_seed,sealed_evaluation_only,Submit GPU jobs to gpumedium; do not use pilot/gpupilot.,10,400,-1,legacy_nominal_12N,A00_legacy,source_surface,5,2615,,,0.65,0.05
fsl_x225_schedule_a00_source5x5_s401_424_20260716_1136_n3-d2-dep4-md512-it324-x1p00-s419-rg0,source_delta_support_process_control,canonical,4,72,64,512,419,324,169869312,524288,16,2048,40,1,L,fsl-x225-schedule-a00-source5x5-s401-424-20260716-1136-n3-d2-dep4-md512-it324-x1p00-s419-rg0,3,2,x225_multisupport_delta_confirmation_source,4,169869312,524288,Fresh measured 5x5 source grid for the sealed x225 multi-support Delta confirmation. Target losses are evaluation-only.,controlled_model_dim_source_prefix_smalln_5x5,29360320.0,29360320.0,0.0,0.162821576719,18,x225_multisupport_full_5x5_collection,,1.305337,36,324,169869312,1.0,physical_full_5x5_collection,3:2,0:0;0:1;0:2;0:3;0:4;1:0;1:1;1:2;1:3;1:4;2:0;2:1;2:2;2:3;2:4;3:0;3:1;3:2;3:3;3:4;4:0;4:1;4:2;4:3;4:4,x225_multisupport_confirmation,paired_train_seed,sealed_evaluation_only,Submit GPU jobs to gpumedium; do not use pilot/gpupilot.,10,400,-1,legacy_nominal_12N,A00_legacy,source_surface,5,2615,,,0.65,0.05
fsl_x225_schedule_a00_source5x5_s401_424_20260716_1136_n3-d3-dep4-md512-it486-x1p00-s419-rg0,source_delta_support_process_control,canonical,4,72,64,512,419,486,254803968,524288,16,2048,40,1,L,fsl-x225-schedule-a00-source5x5-s401-424-20260716-1136-n3-d3-dep4-md512-it486-x1p00-s419-rg0,3,3,x225_multisupport_delta_confirmation_source,4,254803968,524288,Fresh measured 5x5 source grid for the sealed x225 multi-support Delta confirmation. Target losses are evaluation-only.,controlled_model_dim_source_prefix_smalln_5x5,29360320.0,29360320.0,0.0,0.162821576719,19,x225_multisupport_full_5x5_collection,,1.305337,36,486,254803968,1.0,physical_full_5x5_collection,3:3,0:0;0:1;0:2;0:3;0:4;1:0;1:1;1:2;1:3;1:4;2:0;2:1;2:2;2:3;2:4;3:0;3:1;3:2;3:3;3:4;4:0;4:1;4:2;4:3;4:4,x225_multisupport_confirmation,paired_train_seed,sealed_evaluation_only,Submit GPU jobs to gpumedium; do not use pilot/gpupilot.,10,400,-1,legacy_nominal_12N,A00_legacy,source_surface,5,2615,,,0.65,0.05
fsl_x225_schedule_a00_source5x5_s401_424_20260716_1136_n3-d4-dep4-md512-it729-x1p00-s419-rg0,source_delta_support_process_control,canonical,4,72,64,512,419,729,382205952,524288,16,2048,40,1,L,fsl-x225-schedule-a00-source5x5-s401-424-20260716-1136-n3-d4-dep4-md512-it729-x1p00-s419-rg0,3,4,x225_multisupport_delta_confirmation_source,4,382205952,524288,Fresh measured 5x5 source grid for the sealed x225 multi-support Delta confirmation. Target losses are evaluation-only.,controlled_model_dim_source_prefix_smalln_5x5,29360320.0,29360320.0,0.0,0.162821576719,20,x225_multisupport_full_5x5_collection,,1.305337,36,729,382205952,1.0,physical_full_5x5_collection,3:4,0:0;0:1;0:2;0:3;0:4;1:0;1:1;1:2;1:3;1:4;2:0;2:1;2:2;2:3;2:4;3:0;3:1;3:2;3:3;3:4;4:0;4:1;4:2;4:3;4:4,x225_multisupport_confirmation,paired_train_seed,sealed_evaluation_only,Submit GPU jobs to gpumedium; do not use pilot/gpupilot.,10,400,-1,legacy_nominal_12N,A00_legacy,source_surface,5,2615,,,0.65,0.05
fsl_x225_schedule_a00_source5x5_s401_424_20260716_1136_n4-d0-dep4-md704-it144-x1p00-s419-rg0,source_delta_support_process_control,canonical,4,72,64,704,419,144,75497472,524288,16,2048,40,1,L,fsl-x225-schedule-a00-source5x5-s401-424-20260716-1136-n4-d0-dep4-md704-it144-x1p00-s419-rg0,4,0,x225_multisupport_delta_confirmation_source,4,75497472,524288,Fresh measured 5x5 source grid for the sealed x225 multi-support Delta confirmation. Target losses are evaluation-only.,controlled_model_dim_source_prefix_smalln_5x5,46858504.0,46858504.0,0.0,0.162821576719,21,x225_multisupport_full_5x5_collection,,1.305337,36,144,75497472,1.0,physical_full_5x5_collection,4:0,0:0;0:1;0:2;0:3;0:4;1:0;1:1;1:2;1:3;1:4;2:0;2:1;2:2;2:3;2:4;3:0;3:1;3:2;3:3;3:4;4:0;4:1;4:2;4:3;4:4,x225_multisupport_confirmation,paired_train_seed,sealed_evaluation_only,Submit GPU jobs to gpumedium; do not use pilot/gpupilot.,10,400,-1,legacy_nominal_12N,A00_legacy,source_surface,5,2615,,,0.65,0.05
fsl_x225_schedule_a00_source5x5_s401_424_20260716_1136_n4-d1-dep4-md704-it216-x1p00-s419-rg0,source_delta_support_process_control,canonical,4,72,64,704,419,216,113246208,524288,16,2048,40,1,L,fsl-x225-schedule-a00-source5x5-s401-424-20260716-1136-n4-d1-dep4-md704-it216-x1p00-s419-rg0,4,1,x225_multisupport_delta_confirmation_source,4,113246208,524288,Fresh measured 5x5 source grid for the sealed x225 multi-support Delta confirmation. Target losses are evaluation-only.,controlled_model_dim_source_prefix_smalln_5x5,46858504.0,46858504.0,0.0,0.162821576719,22,x225_multisupport_full_5x5_collection,,1.305337,36,216,113246208,1.0,physical_full_5x5_collection,4:1,0:0;0:1;0:2;0:3;0:4;1:0;1:1;1:2;1:3;1:4;2:0;2:1;2:2;2:3;2:4;3:0;3:1;3:2;3:3;3:4;4:0;4:1;4:2;4:3;4:4,x225_multisupport_confirmation,paired_train_seed,sealed_evaluation_only,Submit GPU jobs to gpumedium; do not use pilot/gpupilot.,10,400,-1,legacy_nominal_12N,A00_legacy,source_surface,5,2615,,,0.65,0.05
fsl_x225_schedule_a00_source5x5_s401_424_20260716_1136_n4-d2-dep4-md704-it324-x1p00-s419-rg0,source_delta_support_process_control,canonical,4,72,64,704,419,324,169869312,524288,16,2048,40,1,L,fsl-x225-schedule-a00-source5x5-s401-424-20260716-1136-n4-d2-dep4-md704-it324-x1p00-s419-rg0,4,2,x225_multisupport_delta_confirmation_source,4,169869312,524288,Fresh measured 5x5 source grid for the sealed x225 multi-support Delta confirmation. Target losses are evaluation-only.,controlled_model_dim_source_prefix_smalln_5x5,46858504.0,46858504.0,0.0,0.162821576719,23,x225_multisupport_full_5x5_collection,,1.305337,36,324,169869312,1.0,physical_full_5x5_collection,4:2,0:0;0:1;0:2;0:3;0:4;1:0;1:1;1:2;1:3;1:4;2:0;2:1;2:2;2:3;2:4;3:0;3:1;3:2;3:3;3:4;4:0;4:1;4:2;4:3;4:4,x225_multisupport_confirmation,paired_train_seed,sealed_evaluation_only,Submit GPU jobs to gpumedium; do not use pilot/gpupilot.,10,400,-1,legacy_nominal_12N,A00_legacy,source_surface,5,2615,,,0.65,0.05
fsl_x225_schedule_a00_source5x5_s401_424_20260716_1136_n4-d3-dep4-md704-it486-x1p00-s419-rg0,source_delta_support_process_control,canonical,4,72,64,704,419,486,254803968,524288,16,2048,40,1,L,fsl-x225-schedule-a00-source5x5-s401-424-20260716-1136-n4-d3-dep4-md704-it486-x1p00-s419-rg0,4,3,x225_multisupport_delta_confirmation_source,4,254803968,524288,Fresh measured 5x5 source grid for the sealed x225 multi-support Delta confirmation. Target losses are evaluation-only.,controlled_model_dim_source_prefix_smalln_5x5,46858504.0,46858504.0,0.0,0.162821576719,24,x225_multisupport_full_5x5_collection,,1.305337,36,486,254803968,1.0,physical_full_5x5_collection,4:3,0:0;0:1;0:2;0:3;0:4;1:0;1:1;1:2;1:3;1:4;2:0;2:1;2:2;2:3;2:4;3:0;3:1;3:2;3:3;3:4;4:0;4:1;4:2;4:3;4:4,x225_multisupport_confirmation,paired_train_seed,sealed_evaluation_only,Submit GPU jobs to gpumedium; do not use pilot/gpupilot.,10,400,-1,legacy_nominal_12N,A00_legacy,source_surface,5,2615,,,0.65,0.05
fsl_x225_schedule_a00_source5x5_s401_424_20260716_1136_n4-d4-dep4-md704-it729-x1p00-s419-rg0,source_delta_support_process_control,canonical,4,72,64,704,419,729,382205952,524288,16,2048,40,1,L,fsl-x225-schedule-a00-source5x5-s401-424-20260716-1136-n4-d4-dep4-md704-it729-x1p00-s419-rg0,4,4,x225_multisupport_delta_confirmation_source,4,382205952,524288,Fresh measured 5x5 source grid for the sealed x225 multi-support Delta confirmation. Target losses are evaluation-only.,controlled_model_dim_source_prefix_smalln_5x5,46858504.0,46858504.0,0.0,0.162821576719,25,x225_multisupport_full_5x5_collection,,1.305337,36,729,382205952,1.0,physical_full_5x5_collection,4:4,0:0;0:1;0:2;0:3;0:4;1:0;1:1;1:2;1:3;1:4;2:0;2:1;2:2;2:3;2:4;3:0;3:1;3:2;3:3;3:4;4:0;4:1;4:2;4:3;4:4,x225_multisupport_confirmation,paired_train_seed,sealed_evaluation_only,Submit GPU jobs to gpumedium; do not use pilot/gpupilot.,10,400,-1,legacy_nominal_12N,A00_legacy,source_surface,5,2615,,,0.65,0.05
fsl_x225_schedule_a00_source5x5_s401_424_20260716_1136_n0-d0-dep4-md128-it144-x1p00-s420-rg0,source_delta_support_process_control,canonical,4,72,64,128,420,144,75497472,524288,16,2048,40,1,L,fsl-x225-schedule-a00-source5x5-s401-424-20260716-1136-n0-d0-dep4-md128-it144-x1p00-s420-rg0,0,0,x225_multisupport_delta_confirmation_source,4,75497472,524288,Fresh measured 5x5 source grid for the sealed x225 multi-support Delta confirmation. Target losses are evaluation-only.,controlled_model_dim_source_prefix_smalln_5x5,4980784.0,4980784.0,0.0,0.162821576719,1,x225_multisupport_full_5x5_collection,,1.305337,36,144,75497472,1.0,physical_full_5x5_collection,0:0,0:0;0:1;0:2;0:3;0:4;1:0;1:1;1:2;1:3;1:4;2:0;2:1;2:2;2:3;2:4;3:0;3:1;3:2;3:3;3:4;4:0;4:1;4:2;4:3;4:4,x225_multisupport_confirmation,paired_train_seed,sealed_evaluation_only,Submit GPU jobs to gpumedium; do not use pilot/gpupilot.,10,400,-1,legacy_nominal_12N,A00_legacy,source_surface,5,2615,,,0.65,0.05
fsl_x225_schedule_a00_source5x5_s401_424_20260716_1136_n0-d1-dep4-md128-it216-x1p00-s420-rg0,source_delta_support_process_control,canonical,4,72,64,128,420,216,113246208,524288,16,2048,40,1,L,fsl-x225-schedule-a00-source5x5-s401-424-20260716-1136-n0-d1-dep4-md128-it216-x1p00-s420-rg0,0,1,x225_multisupport_delta_confirmation_source,4,113246208,524288,Fresh measured 5x5 source grid for the sealed x225 multi-support Delta confirmation. Target losses are evaluation-only.,controlled_model_dim_source_prefix_smalln_5x5,4980784.0,4980784.0,0.0,0.162821576719,2,x225_multisupport_full_5x5_collection,,1.305337,36,216,113246208,1.0,physical_full_5x5_collection,0:1,0:0;0:1;0:2;0:3;0:4;1:0;1:1;1:2;1:3;1:4;2:0;2:1;2:2;2:3;2:4;3:0;3:1;3:2;3:3;3:4;4:0;4:1;4:2;4:3;4:4,x225_multisupport_confirmation,paired_train_seed,sealed_evaluation_only,Submit GPU jobs to gpumedium; do not use pilot/gpupilot.,10,400,-1,legacy_nominal_12N,A00_legacy,source_surface,5,2615,,,0.65,0.05
fsl_x225_schedule_a00_source5x5_s401_424_20260716_1136_n0-d2-dep4-md128-it324-x1p00-s420-rg0,source_delta_support_process_control,canonical,4,72,64,128,420,324,169869312,524288,16,2048,40,1,L,fsl-x225-schedule-a00-source5x5-s401-424-20260716-1136-n0-d2-dep4-md128-it324-x1p00-s420-rg0,0,2,x225_multisupport_delta_confirmation_source,4,169869312,524288,Fresh measured 5x5 source grid for the sealed x225 multi-support Delta confirmation. Target losses are evaluation-only.,controlled_model_dim_source_prefix_smalln_5x5,4980784.0,4980784.0,0.0,0.162821576719,3,x225_multisupport_full_5x5_collection,,1.305337,36,324,169869312,1.0,physical_full_5x5_collection,0:2,0:0;0:1;0:2;0:3;0:4;1:0;1:1;1:2;1:3;1:4;2:0;2:1;2:2;2:3;2:4;3:0;3:1;3:2;3:3;3:4;4:0;4:1;4:2;4:3;4:4,x225_multisupport_confirmation,paired_train_seed,sealed_evaluation_only,Submit GPU jobs to gpumedium; do not use pilot/gpupilot.,10,400,-1,legacy_nominal_12N,A00_legacy,source_surface,5,2615,,,0.65,0.05
fsl_x225_schedule_a00_source5x5_s401_424_20260716_1136_n0-d3-dep4-md128-it486-x1p00-s420-rg0,source_delta_support_process_control,canonical,4,72,64,128,420,486,254803968,524288,16,2048,40,1,L,fsl-x225-schedule-a00-source5x5-s401-424-20260716-1136-n0-d3-dep4-md128-it486-x1p00-s420-rg0,0,3,x225_multisupport_delta_confirmation_source,4,254803968,524288,Fresh measured 5x5 source grid for the sealed x225 multi-support Delta confirmation. Target losses are evaluation-only.,controlled_model_dim_source_prefix_smalln_5x5,4980784.0,4980784.0,0.0,0.162821576719,4,x225_multisupport_full_5x5_collection,,1.305337,36,486,254803968,1.0,physical_full_5x5_collection,0:3,0:0;0:1;0:2;0:3;0:4;1:0;1:1;1:2;1:3;1:4;2:0;2:1;2:2;2:3;2:4;3:0;3:1;3:2;3:3;3:4;4:0;4:1;4:2;4:3;4:4,x225_multisupport_confirmation,paired_train_seed,sealed_evaluation_only,Submit GPU jobs to gpumedium; do not use pilot/gpupilot.,10,400,-1,legacy_nominal_12N,A00_legacy,source_surface,5,2615,,,0.65,0.05
fsl_x225_schedule_a00_source5x5_s401_424_20260716_1136_n0-d4-dep4-md128-it729-x1p00-s420-rg0,source_delta_support_process_control,canonical,4,72,64,128,420,729,382205952,524288,16,2048,40,1,L,fsl-x225-schedule-a00-source5x5-s401-424-20260716-1136-n0-d4-dep4-md128-it729-x1p00-s420-rg0,0,4,x225_multisupport_delta_confirmation_source,4,382205952,524288,Fresh measured 5x5 source grid for the sealed x225 multi-support Delta confirmation. Target losses are evaluation-only.,controlled_model_dim_source_prefix_smalln_5x5,4980784.0,4980784.0,0.0,0.162821576719,5,x225_multisupport_full_5x5_collection,,1.305337,36,729,382205952,1.0,physical_full_5x5_collection,0:4,0:0;0:1;0:2;0:3;0:4;1:0;1:1;1:2;1:3;1:4;2:0;2:1;2:2;2:3;2:4;3:0;3:1;3:2;3:3;3:4;4:0;4:1;4:2;4:3;4:4,x225_multisupport_confirmation,paired_train_seed,sealed_evaluation_only,Submit GPU jobs to gpumedium; do not use pilot/gpupilot.,10,400,-1,legacy_nominal_12N,A00_legacy,source_surface,5,2615,,,0.65,0.05
fsl_x225_schedule_a00_source5x5_s401_424_20260716_1136_n1-d0-dep4-md192-it144-x1p00-s420-rg0,source_delta_support_process_control,canonical,4,72,64,192,420,144,75497472,524288,16,2048,40,1,L,fsl-x225-schedule-a00-source5x5-s401-424-20260716-1136-n1-d0-dep4-md192-it144-x1p00-s420-rg0,1,0,x225_multisupport_delta_confirmation_source,4,75497472,524288,Fresh measured 5x5 source grid for the sealed x225 multi-support Delta confirmation. Target losses are evaluation-only.,controlled_model_dim_source_prefix_smalln_5x5,8061000.0,8061000.0,0.0,0.162821576719,6,x225_multisupport_full_5x5_collection,,1.305337,36,144,75497472,1.0,physical_full_5x5_collection,1:0,0:0;0:1;0:2;0:3;0:4;1:0;1:1;1:2;1:3;1:4;2:0;2:1;2:2;2:3;2:4;3:0;3:1;3:2;3:3;3:4;4:0;4:1;4:2;4:3;4:4,x225_multisupport_confirmation,paired_train_seed,sealed_evaluation_only,Submit GPU jobs to gpumedium; do not use pilot/gpupilot.,10,400,-1,legacy_nominal_12N,A00_legacy,source_surface,5,2615,,,0.65,0.05
fsl_x225_schedule_a00_source5x5_s401_424_20260716_1136_n1-d1-dep4-md192-it216-x1p00-s420-rg0,source_delta_support_process_control,canonical,4,72,64,192,420,216,113246208,524288,16,2048,40,1,L,fsl-x225-schedule-a00-source5x5-s401-424-20260716-1136-n1-d1-dep4-md192-it216-x1p00-s420-rg0,1,1,x225_multisupport_delta_confirmation_source,4,113246208,524288,Fresh measured 5x5 source grid for the sealed x225 multi-support Delta confirmation. Target losses are evaluation-only.,controlled_model_dim_source_prefix_smalln_5x5,8061000.0,8061000.0,0.0,0.162821576719,7,x225_multisupport_full_5x5_collection,,1.305337,36,216,113246208,1.0,physical_full_5x5_collection,1:1,0:0;0:1;0:2;0:3;0:4;1:0;1:1;1:2;1:3;1:4;2:0;2:1;2:2;2:3;2:4;3:0;3:1;3:2;3:3;3:4;4:0;4:1;4:2;4:3;4:4,x225_multisupport_confirmation,paired_train_seed,sealed_evaluation_only,Submit GPU jobs to gpumedium; do not use pilot/gpupilot.,10,400,-1,legacy_nominal_12N,A00_legacy,source_surface,5,2615,,,0.65,0.05
fsl_x225_schedule_a00_source5x5_s401_424_20260716_1136_n1-d2-dep4-md192-it324-x1p00-s420-rg0,source_delta_support_process_control,canonical,4,72,64,192,420,324,169869312,524288,16,2048,40,1,L,fsl-x225-schedule-a00-source5x5-s401-424-20260716-1136-n1-d2-dep4-md192-it324-x1p00-s420-rg0,1,2,x225_multisupport_delta_confirmation_source,4,169869312,524288,Fresh measured 5x5 source grid for the sealed x225 multi-support Delta confirmation. Target losses are evaluation-only.,controlled_model_dim_source_prefix_smalln_5x5,8061000.0,8061000.0,0.0,0.162821576719,8,x225_multisupport_full_5x5_collection,,1.305337,36,324,169869312,1.0,physical_full_5x5_collection,1:2,0:0;0:1;0:2;0:3;0:4;1:0;1:1;1:2;1:3;1:4;2:0;2:1;2:2;2:3;2:4;3:0;3:1;3:2;3:3;3:4;4:0;4:1;4:2;4:3;4:4,x225_multisupport_confirmation,paired_train_seed,sealed_evaluation_only,Submit GPU jobs to gpumedium; do not use pilot/gpupilot.,10,400,-1,legacy_nominal_12N,A00_legacy,source_surface,5,2615,,,0.65,0.05
fsl_x225_schedule_a00_source5x5_s401_424_20260716_1136_n1-d3-dep4-md192-it486-x1p00-s420-rg0,source_delta_support_process_control,canonical,4,72,64,192,420,486,254803968,524288,16,2048,40,1,L,fsl-x225-schedule-a00-source5x5-s401-424-20260716-1136-n1-d3-dep4-md192-it486-x1p00-s420-rg0,1,3,x225_multisupport_delta_confirmation_source,4,254803968,524288,Fresh measured 5x5 source grid for the sealed x225 multi-support Delta confirmation. Target losses are evaluation-only.,controlled_model_dim_source_prefix_smalln_5x5,8061000.0,8061000.0,0.0,0.162821576719,9,x225_multisupport_full_5x5_collection,,1.305337,36,486,254803968,1.0,physical_full_5x5_collection,1:3,0:0;0:1;0:2;0:3;0:4;1:0;1:1;1:2;1:3;1:4;2:0;2:1;2:2;2:3;2:4;3:0;3:1;3:2;3:3;3:4;4:0;4:1;4:2;4:3;4:4,x225_multisupport_confirmation,paired_train_seed,sealed_evaluation_only,Submit GPU jobs to gpumedium; do not use pilot/gpupilot.,10,400,-1,legacy_nominal_12N,A00_legacy,source_surface,5,2615,,,0.65,0.05
fsl_x225_schedule_a00_source5x5_s401_424_20260716_1136_n1-d4-dep4-md192-it729-x1p00-s420-rg0,source_delta_support_process_control,canonical,4,72,64,192,420,729,382205952,524288,16,2048,40,1,L,fsl-x225-schedule-a00-source5x5-s401-424-20260716-1136-n1-d4-dep4-md192-it729-x1p00-s420-rg0,1,4,x225_multisupport_delta_confirmation_source,4,382205952,524288,Fresh measured 5x5 source grid for the sealed x225 multi-support Delta confirmation. Target losses are evaluation-only.,controlled_model_dim_source_prefix_smalln_5x5,8061000.0,8061000.0,0.0,0.162821576719,10,x225_multisupport_full_5x5_collection,,1.305337,36,729,382205952,1.0,physical_full_5x5_collection,1:4,0:0;0:1;0:2;0:3;0:4;1:0;1:1;1:2;1:3;1:4;2:0;2:1;2:2;2:3;2:4;3:0;3:1;3:2;3:3;3:4;4:0;4:1;4:2;4:3;4:4,x225_multisupport_confirmation,paired_train_seed,sealed_evaluation_only,Submit GPU jobs to gpumedium; do not use pilot/gpupilot.,10,400,-1,legacy_nominal_12N,A00_legacy,source_surface,5,2615,,,0.65,0.05
fsl_x225_schedule_a00_source5x5_s401_424_20260716_1136_n2-d0-dep4-md320-it144-x1p00-s420-rg0,source_delta_support_process_control,canonical,4,72,64,320,420,144,75497472,524288,16,2048,40,1,L,fsl-x225-schedule-a00-source5x5-s401-424-20260716-1136-n2-d0-dep4-md320-it144-x1p00-s420-rg0,2,0,x225_multisupport_delta_confirmation_source,4,75497472,524288,Fresh measured 5x5 source grid for the sealed x225 multi-support Delta confirmation. Target losses are evaluation-only.,controlled_model_dim_source_prefix_smalln_5x5,15401080.0,15401080.0,0.0,0.162821576719,11,x225_multisupport_full_5x5_collection,,1.305337,36,144,75497472,1.0,physical_full_5x5_collection,2:0,0:0;0:1;0:2;0:3;0:4;1:0;1:1;1:2;1:3;1:4;2:0;2:1;2:2;2:3;2:4;3:0;3:1;3:2;3:3;3:4;4:0;4:1;4:2;4:3;4:4,x225_multisupport_confirmation,paired_train_seed,sealed_evaluation_only,Submit GPU jobs to gpumedium; do not use pilot/gpupilot.,10,400,-1,legacy_nominal_12N,A00_legacy,source_surface,5,2615,,,0.65,0.05
fsl_x225_schedule_a00_source5x5_s401_424_20260716_1136_n2-d1-dep4-md320-it216-x1p00-s420-rg0,source_delta_support_process_control,canonical,4,72,64,320,420,216,113246208,524288,16,2048,40,1,L,fsl-x225-schedule-a00-source5x5-s401-424-20260716-1136-n2-d1-dep4-md320-it216-x1p00-s420-rg0,2,1,x225_multisupport_delta_confirmation_source,4,113246208,524288,Fresh measured 5x5 source grid for the sealed x225 multi-support Delta confirmation. Target losses are evaluation-only.,controlled_model_dim_source_prefix_smalln_5x5,15401080.0,15401080.0,0.0,0.162821576719,12,x225_multisupport_full_5x5_collection,,1.305337,36,216,113246208,1.0,physical_full_5x5_collection,2:1,0:0;0:1;0:2;0:3;0:4;1:0;1:1;1:2;1:3;1:4;2:0;2:1;2:2;2:3;2:4;3:0;3:1;3:2;3:3;3:4;4:0;4:1;4:2;4:3;4:4,x225_multisupport_confirmation,paired_train_seed,sealed_evaluation_only,Submit GPU jobs to gpumedium; do not use pilot/gpupilot.,10,400,-1,legacy_nominal_12N,A00_legacy,source_surface,5,2615,,,0.65,0.05
fsl_x225_schedule_a00_source5x5_s401_424_20260716_1136_n2-d2-dep4-md320-it324-x1p00-s420-rg0,source_delta_support_process_control,canonical,4,72,64,320,420,324,169869312,524288,16,2048,40,1,L,fsl-x225-schedule-a00-source5x5-s401-424-20260716-1136-n2-d2-dep4-md320-it324-x1p00-s420-rg0,2,2,x225_multisupport_delta_confirmation_source,4,169869312,524288,Fresh measured 5x5 source grid for the sealed x225 multi-support Delta confirmation. Target losses are evaluation-only.,controlled_model_dim_source_prefix_smalln_5x5,15401080.0,15401080.0,0.0,0.162821576719,13,x225_multisupport_full_5x5_collection,,1.305337,36,324,169869312,1.0,physical_full_5x5_collection,2:2,0:0;0:1;0:2;0:3;0:4;1:0;1:1;1:2;1:3;1:4;2:0;2:1;2:2;2:3;2:4;3:0;3:1;3:2;3:3;3:4;4:0;4:1;4:2;4:3;4:4,x225_multisupport_confirmation,paired_train_seed,sealed_evaluation_only,Submit GPU jobs to gpumedium; do not use pilot/gpupilot.,10,400,-1,legacy_nominal_12N,A00_legacy,source_surface,5,2615,,,0.65,0.05
fsl_x225_schedule_a00_source5x5_s401_424_20260716_1136_n2-d3-dep4-md320-it486-x1p00-s420-rg0,source_delta_support_process_control,canonical,4,72,64,320,420,486,254803968,524288,16,2048,40,1,L,fsl-x225-schedule-a00-source5x5-s401-424-20260716-1136-n2-d3-dep4-md320-it486-x1p00-s420-rg0,2,3,x225_multisupport_delta_confirmation_source,4,254803968,524288,Fresh measured 5x5 source grid for the sealed x225 multi-support Delta confirmation. Target losses are evaluation-only.,controlled_model_dim_source_prefix_smalln_5x5,15401080.0,15401080.0,0.0,0.162821576719,14,x225_multisupport_full_5x5_collection,,1.305337,36,486,254803968,1.0,physical_full_5x5_collection,2:3,0:0;0:1;0:2;0:3;0:4;1:0;1:1;1:2;1:3;1:4;2:0;2:1;2:2;2:3;2:4;3:0;3:1;3:2;3:3;3:4;4:0;4:1;4:2;4:3;4:4,x225_multisupport_confirmation,paired_train_seed,sealed_evaluation_only,Submit GPU jobs to gpumedium; do not use pilot/gpupilot.,10,400,-1,legacy_nominal_12N,A00_legacy,source_surface,5,2615,,,0.65,0.05
fsl_x225_schedule_a00_source5x5_s401_424_20260716_1136_n2-d4-dep4-md320-it729-x1p00-s420-rg0,source_delta_support_process_control,canonical,4,72,64,320,420,729,382205952,524288,16,2048,40,1,L,fsl-x225-schedule-a00-source5x5-s401-424-20260716-1136-n2-d4-dep4-md320-it729-x1p00-s420-rg0,2,4,x225_multisupport_delta_confirmation_source,4,382205952,524288,Fresh measured 5x5 source grid for the sealed x225 multi-support Delta confirmation. Target losses are evaluation-only.,controlled_model_dim_source_prefix_smalln_5x5,15401080.0,15401080.0,0.0,0.162821576719,15,x225_multisupport_full_5x5_collection,,1.305337,36,729,382205952,1.0,physical_full_5x5_collection,2:4,0:0;0:1;0:2;0:3;0:4;1:0;1:1;1:2;1:3;1:4;2:0;2:1;2:2;2:3;2:4;3:0;3:1;3:2;3:3;3:4;4:0;4:1;4:2;4:3;4:4,x225_multisupport_confirmation,paired_train_seed,sealed_evaluation_only,Submit GPU jobs to gpumedium; do not use pilot/gpupilot.,10,400,-1,legacy_nominal_12N,A00_legacy,source_surface,5,2615,,,0.65,0.05
fsl_x225_schedule_a00_source5x5_s401_424_20260716_1136_n3-d0-dep4-md512-it144-x1p00-s420-rg0,source_delta_support_process_control,canonical,4,72,64,512,420,144,75497472,524288,16,2048,40,1,L,fsl-x225-schedule-a00-source5x5-s401-424-20260716-1136-n3-d0-dep4-md512-it144-x1p00-s420-rg0,3,0,x225_multisupport_delta_confirmation_source,4,75497472,524288,Fresh measured 5x5 source grid for the sealed x225 multi-support Delta confirmation. Target losses are evaluation-only.,controlled_model_dim_source_prefix_smalln_5x5,29360320.0,29360320.0,0.0,0.162821576719,16,x225_multisupport_full_5x5_collection,,1.305337,36,144,75497472,1.0,physical_full_5x5_collection,3:0,0:0;0:1;0:2;0:3;0:4;1:0;1:1;1:2;1:3;1:4;2:0;2:1;2:2;2:3;2:4;3:0;3:1;3:2;3:3;3:4;4:0;4:1;4:2;4:3;4:4,x225_multisupport_confirmation,paired_train_seed,sealed_evaluation_only,Submit GPU jobs to gpumedium; do not use pilot/gpupilot.,10,400,-1,legacy_nominal_12N,A00_legacy,source_surface,5,2615,,,0.65,0.05
fsl_x225_schedule_a00_source5x5_s401_424_20260716_1136_n3-d1-dep4-md512-it216-x1p00-s420-rg0,source_delta_support_process_control,canonical,4,72,64,512,420,216,113246208,524288,16,2048,40,1,L,fsl-x225-schedule-a00-source5x5-s401-424-20260716-1136-n3-d1-dep4-md512-it216-x1p00-s420-rg0,3,1,x225_multisupport_delta_confirmation_source,4,113246208,524288,Fresh measured 5x5 source grid for the sealed x225 multi-support Delta confirmation. Target losses are evaluation-only.,controlled_model_dim_source_prefix_smalln_5x5,29360320.0,29360320.0,0.0,0.162821576719,17,x225_multisupport_full_5x5_collection,,1.305337,36,216,113246208,1.0,physical_full_5x5_collection,3:1,0:0;0:1;0:2;0:3;0:4;1:0;1:1;1:2;1:3;1:4;2:0;2:1;2:2;2:3;2:4;3:0;3:1;3:2;3:3;3:4;4:0;4:1;4:2;4:3;4:4,x225_multisupport_confirmation,paired_train_seed,sealed_evaluation_only,Submit GPU jobs to gpumedium; do not use pilot/gpupilot.,10,400,-1,legacy_nominal_12N,A00_legacy,source_surface,5,2615,,,0.65,0.05
fsl_x225_schedule_a00_source5x5_s401_424_20260716_1136_n3-d2-dep4-md512-it324-x1p00-s420-rg0,source_delta_support_process_control,canonical,4,72,64,512,420,324,169869312,524288,16,2048,40,1,L,fsl-x225-schedule-a00-source5x5-s401-424-20260716-1136-n3-d2-dep4-md512-it324-x1p00-s420-rg0,3,2,x225_multisupport_delta_confirmation_source,4,169869312,524288,Fresh measured 5x5 source grid for the sealed x225 multi-support Delta confirmation. Target losses are evaluation-only.,controlled_model_dim_source_prefix_smalln_5x5,29360320.0,29360320.0,0.0,0.162821576719,18,x225_multisupport_full_5x5_collection,,1.305337,36,324,169869312,1.0,physical_full_5x5_collection,3:2,0:0;0:1;0:2;0:3;0:4;1:0;1:1;1:2;1:3;1:4;2:0;2:1;2:2;2:3;2:4;3:0;3:1;3:2;3:3;3:4;4:0;4:1;4:2;4:3;4:4,x225_multisupport_confirmation,paired_train_seed,sealed_evaluation_only,Submit GPU jobs to gpumedium; do not use pilot/gpupilot.,10,400,-1,legacy_nominal_12N,A00_legacy,source_surface,5,2615,,,0.65,0.05
fsl_x225_schedule_a00_source5x5_s401_424_20260716_1136_n3-d3-dep4-md512-it486-x1p00-s420-rg0,source_delta_support_process_control,canonical,4,72,64,512,420,486,254803968,524288,16,2048,40,1,L,fsl-x225-schedule-a00-source5x5-s401-424-20260716-1136-n3-d3-dep4-md512-it486-x1p00-s420-rg0,3,3,x225_multisupport_delta_confirmation_source,4,254803968,524288,Fresh measured 5x5 source grid for the sealed x225 multi-support Delta confirmation. Target losses are evaluation-only.,controlled_model_dim_source_prefix_smalln_5x5,29360320.0,29360320.0,0.0,0.162821576719,19,x225_multisupport_full_5x5_collection,,1.305337,36,486,254803968,1.0,physical_full_5x5_collection,3:3,0:0;0:1;0:2;0:3;0:4;1:0;1:1;1:2;1:3;1:4;2:0;2:1;2:2;2:3;2:4;3:0;3:1;3:2;3:3;3:4;4:0;4:1;4:2;4:3;4:4,x225_multisupport_confirmation,paired_train_seed,sealed_evaluation_only,Submit GPU jobs to gpumedium; do not use pilot/gpupilot.,10,400,-1,legacy_nominal_12N,A00_legacy,source_surface,5,2615,,,0.65,0.05
fsl_x225_schedule_a00_source5x5_s401_424_20260716_1136_n3-d4-dep4-md512-it729-x1p00-s420-rg0,source_delta_support_process_control,canonical,4,72,64,512,420,729,382205952,524288,16,2048,40,1,L,fsl-x225-schedule-a00-source5x5-s401-424-20260716-1136-n3-d4-dep4-md512-it729-x1p00-s420-rg0,3,4,x225_multisupport_delta_confirmation_source,4,382205952,524288,Fresh measured 5x5 source grid for the sealed x225 multi-support Delta confirmation. Target losses are evaluation-only.,controlled_model_dim_source_prefix_smalln_5x5,29360320.0,29360320.0,0.0,0.162821576719,20,x225_multisupport_full_5x5_collection,,1.305337,36,729,382205952,1.0,physical_full_5x5_collection,3:4,0:0;0:1;0:2;0:3;0:4;1:0;1:1;1:2;1:3;1:4;2:0;2:1;2:2;2:3;2:4;3:0;3:1;3:2;3:3;3:4;4:0;4:1;4:2;4:3;4:4,x225_multisupport_confirmation,paired_train_seed,sealed_evaluation_only,Submit GPU jobs to gpumedium; do not use pilot/gpupilot.,10,400,-1,legacy_nominal_12N,A00_legacy,source_surface,5,2615,,,0.65,0.05
fsl_x225_schedule_a00_source5x5_s401_424_20260716_1136_n4-d0-dep4-md704-it144-x1p00-s420-rg0,source_delta_support_process_control,canonical,4,72,64,704,420,144,75497472,524288,16,2048,40,1,L,fsl-x225-schedule-a00-source5x5-s401-424-20260716-1136-n4-d0-dep4-md704-it144-x1p00-s420-rg0,4,0,x225_multisupport_delta_confirmation_source,4,75497472,524288,Fresh measured 5x5 source grid for the sealed x225 multi-support Delta confirmation. Target losses are evaluation-only.,controlled_model_dim_source_prefix_smalln_5x5,46858504.0,46858504.0,0.0,0.162821576719,21,x225_multisupport_full_5x5_collection,,1.305337,36,144,75497472,1.0,physical_full_5x5_collection,4:0,0:0;0:1;0:2;0:3;0:4;1:0;1:1;1:2;1:3;1:4;2:0;2:1;2:2;2:3;2:4;3:0;3:1;3:2;3:3;3:4;4:0;4:1;4:2;4:3;4:4,x225_multisupport_confirmation,paired_train_seed,sealed_evaluation_only,Submit GPU jobs to gpumedium; do not use pilot/gpupilot.,10,400,-1,legacy_nominal_12N,A00_legacy,source_surface,5,2615,,,0.65,0.05
fsl_x225_schedule_a00_source5x5_s401_424_20260716_1136_n4-d1-dep4-md704-it216-x1p00-s420-rg0,source_delta_support_process_control,canonical,4,72,64,704,420,216,113246208,524288,16,2048,40,1,L,fsl-x225-schedule-a00-source5x5-s401-424-20260716-1136-n4-d1-dep4-md704-it216-x1p00-s420-rg0,4,1,x225_multisupport_delta_confirmation_source,4,113246208,524288,Fresh measured 5x5 source grid for the sealed x225 multi-support Delta confirmation. Target losses are evaluation-only.,controlled_model_dim_source_prefix_smalln_5x5,46858504.0,46858504.0,0.0,0.162821576719,22,x225_multisupport_full_5x5_collection,,1.305337,36,216,113246208,1.0,physical_full_5x5_collection,4:1,0:0;0:1;0:2;0:3;0:4;1:0;1:1;1:2;1:3;1:4;2:0;2:1;2:2;2:3;2:4;3:0;3:1;3:2;3:3;3:4;4:0;4:1;4:2;4:3;4:4,x225_multisupport_confirmation,paired_train_seed,sealed_evaluation_only,Submit GPU jobs to gpumedium; do not use pilot/gpupilot.,10,400,-1,legacy_nominal_12N,A00_legacy,source_surface,5,2615,,,0.65,0.05
fsl_x225_schedule_a00_source5x5_s401_424_20260716_1136_n4-d2-dep4-md704-it324-x1p00-s420-rg0,source_delta_support_process_control,canonical,4,72,64,704,420,324,169869312,524288,16,2048,40,1,L,fsl-x225-schedule-a00-source5x5-s401-424-20260716-1136-n4-d2-dep4-md704-it324-x1p00-s420-rg0,4,2,x225_multisupport_delta_confirmation_source,4,169869312,524288,Fresh measured 5x5 source grid for the sealed x225 multi-support Delta confirmation. Target losses are evaluation-only.,controlled_model_dim_source_prefix_smalln_5x5,46858504.0,46858504.0,0.0,0.162821576719,23,x225_multisupport_full_5x5_collection,,1.305337,36,324,169869312,1.0,physical_full_5x5_collection,4:2,0:0;0:1;0:2;0:3;0:4;1:0;1:1;1:2;1:3;1:4;2:0;2:1;2:2;2:3;2:4;3:0;3:1;3:2;3:3;3:4;4:0;4:1;4:2;4:3;4:4,x225_multisupport_confirmation,paired_train_seed,sealed_evaluation_only,Submit GPU jobs to gpumedium; do not use pilot/gpupilot.,10,400,-1,legacy_nominal_12N,A00_legacy,source_surface,5,2615,,,0.65,0.05
fsl_x225_schedule_a00_source5x5_s401_424_20260716_1136_n4-d3-dep4-md704-it486-x1p00-s420-rg0,source_delta_support_process_control,canonical,4,72,64,704,420,486,254803968,524288,16,2048,40,1,L,fsl-x225-schedule-a00-source5x5-s401-424-20260716-1136-n4-d3-dep4-md704-it486-x1p00-s420-rg0,4,3,x225_multisupport_delta_confirmation_source,4,254803968,524288,Fresh measured 5x5 source grid for the sealed x225 multi-support Delta confirmation. Target losses are evaluation-only.,controlled_model_dim_source_prefix_smalln_5x5,46858504.0,46858504.0,0.0,0.162821576719,24,x225_multisupport_full_5x5_collection,,1.305337,36,486,254803968,1.0,physical_full_5x5_collection,4:3,0:0;0:1;0:2;0:3;0:4;1:0;1:1;1:2;1:3;1:4;2:0;2:1;2:2;2:3;2:4;3:0;3:1;3:2;3:3;3:4;4:0;4:1;4:2;4:3;4:4,x225_multisupport_confirmation,paired_train_seed,sealed_evaluation_only,Submit GPU jobs to gpumedium; do not use pilot/gpupilot.,10,400,-1,legacy_nominal_12N,A00_legacy,source_surface,5,2615,,,0.65,0.05
fsl_x225_schedule_a00_source5x5_s401_424_20260716_1136_n4-d4-dep4-md704-it729-x1p00-s420-rg0,source_delta_support_process_control,canonical,4,72,64,704,420,729,382205952,524288,16,2048,40,1,L,fsl-x225-schedule-a00-source5x5-s401-424-20260716-1136-n4-d4-dep4-md704-it729-x1p00-s420-rg0,4,4,x225_multisupport_delta_confirmation_source,4,382205952,524288,Fresh measured 5x5 source grid for the sealed x225 multi-support Delta confirmation. Target losses are evaluation-only.,controlled_model_dim_source_prefix_smalln_5x5,46858504.0,46858504.0,0.0,0.162821576719,25,x225_multisupport_full_5x5_collection,,1.305337,36,729,382205952,1.0,physical_full_5x5_collection,4:4,0:0;0:1;0:2;0:3;0:4;1:0;1:1;1:2;1:3;1:4;2:0;2:1;2:2;2:3;2:4;3:0;3:1;3:2;3:3;3:4;4:0;4:1;4:2;4:3;4:4,x225_multisupport_confirmation,paired_train_seed,sealed_evaluation_only,Submit GPU jobs to gpumedium; do not use pilot/gpupilot.,10,400,-1,legacy_nominal_12N,A00_legacy,source_surface,5,2615,,,0.65,0.05
fsl_x225_schedule_a00_source5x5_s401_424_20260716_1136_n0-d0-dep4-md128-it144-x1p00-s421-rg0,source_delta_support_process_control,canonical,4,72,64,128,421,144,75497472,524288,16,2048,40,1,L,fsl-x225-schedule-a00-source5x5-s401-424-20260716-1136-n0-d0-dep4-md128-it144-x1p00-s421-rg0,0,0,x225_multisupport_delta_confirmation_source,4,75497472,524288,Fresh measured 5x5 source grid for the sealed x225 multi-support Delta confirmation. Target losses are evaluation-only.,controlled_model_dim_source_prefix_smalln_5x5,4980784.0,4980784.0,0.0,0.162821576719,1,x225_multisupport_full_5x5_collection,,1.305337,40,144,75497472,1.0,physical_full_5x5_collection,0:0,0:0;0:1;0:2;0:3;0:4;1:0;1:1;1:2;1:3;1:4;2:0;2:1;2:2;2:3;2:4;3:0;3:1;3:2;3:3;3:4;4:0;4:1;4:2;4:3;4:4,x225_multisupport_confirmation,paired_train_seed,sealed_evaluation_only,Submit GPU jobs to gpumedium; do not use pilot/gpupilot.,11,400,-1,legacy_nominal_12N,A00_legacy,source_surface,5,2615,,,0.65,0.05
fsl_x225_schedule_a00_source5x5_s401_424_20260716_1136_n0-d1-dep4-md128-it216-x1p00-s421-rg0,source_delta_support_process_control,canonical,4,72,64,128,421,216,113246208,524288,16,2048,40,1,L,fsl-x225-schedule-a00-source5x5-s401-424-20260716-1136-n0-d1-dep4-md128-it216-x1p00-s421-rg0,0,1,x225_multisupport_delta_confirmation_source,4,113246208,524288,Fresh measured 5x5 source grid for the sealed x225 multi-support Delta confirmation. Target losses are evaluation-only.,controlled_model_dim_source_prefix_smalln_5x5,4980784.0,4980784.0,0.0,0.162821576719,2,x225_multisupport_full_5x5_collection,,1.305337,40,216,113246208,1.0,physical_full_5x5_collection,0:1,0:0;0:1;0:2;0:3;0:4;1:0;1:1;1:2;1:3;1:4;2:0;2:1;2:2;2:3;2:4;3:0;3:1;3:2;3:3;3:4;4:0;4:1;4:2;4:3;4:4,x225_multisupport_confirmation,paired_train_seed,sealed_evaluation_only,Submit GPU jobs to gpumedium; do not use pilot/gpupilot.,11,400,-1,legacy_nominal_12N,A00_legacy,source_surface,5,2615,,,0.65,0.05
fsl_x225_schedule_a00_source5x5_s401_424_20260716_1136_n0-d2-dep4-md128-it324-x1p00-s421-rg0,source_delta_support_process_control,canonical,4,72,64,128,421,324,169869312,524288,16,2048,40,1,L,fsl-x225-schedule-a00-source5x5-s401-424-20260716-1136-n0-d2-dep4-md128-it324-x1p00-s421-rg0,0,2,x225_multisupport_delta_confirmation_source,4,169869312,524288,Fresh measured 5x5 source grid for the sealed x225 multi-support Delta confirmation. Target losses are evaluation-only.,controlled_model_dim_source_prefix_smalln_5x5,4980784.0,4980784.0,0.0,0.162821576719,3,x225_multisupport_full_5x5_collection,,1.305337,40,324,169869312,1.0,physical_full_5x5_collection,0:2,0:0;0:1;0:2;0:3;0:4;1:0;1:1;1:2;1:3;1:4;2:0;2:1;2:2;2:3;2:4;3:0;3:1;3:2;3:3;3:4;4:0;4:1;4:2;4:3;4:4,x225_multisupport_confirmation,paired_train_seed,sealed_evaluation_only,Submit GPU jobs to gpumedium; do not use pilot/gpupilot.,11,400,-1,legacy_nominal_12N,A00_legacy,source_surface,5,2615,,,0.65,0.05
fsl_x225_schedule_a00_source5x5_s401_424_20260716_1136_n0-d3-dep4-md128-it486-x1p00-s421-rg0,source_delta_support_process_control,canonical,4,72,64,128,421,486,254803968,524288,16,2048,40,1,L,fsl-x225-schedule-a00-source5x5-s401-424-20260716-1136-n0-d3-dep4-md128-it486-x1p00-s421-rg0,0,3,x225_multisupport_delta_confirmation_source,4,254803968,524288,Fresh measured 5x5 source grid for the sealed x225 multi-support Delta confirmation. Target losses are evaluation-only.,controlled_model_dim_source_prefix_smalln_5x5,4980784.0,4980784.0,0.0,0.162821576719,4,x225_multisupport_full_5x5_collection,,1.305337,40,486,254803968,1.0,physical_full_5x5_collection,0:3,0:0;0:1;0:2;0:3;0:4;1:0;1:1;1:2;1:3;1:4;2:0;2:1;2:2;2:3;2:4;3:0;3:1;3:2;3:3;3:4;4:0;4:1;4:2;4:3;4:4,x225_multisupport_confirmation,paired_train_seed,sealed_evaluation_only,Submit GPU jobs to gpumedium; do not use pilot/gpupilot.,11,400,-1,legacy_nominal_12N,A00_legacy,source_surface,5,2615,,,0.65,0.05
fsl_x225_schedule_a00_source5x5_s401_424_20260716_1136_n0-d4-dep4-md128-it729-x1p00-s421-rg0,source_delta_support_process_control,canonical,4,72,64,128,421,729,382205952,524288,16,2048,40,1,L,fsl-x225-schedule-a00-source5x5-s401-424-20260716-1136-n0-d4-dep4-md128-it729-x1p00-s421-rg0,0,4,x225_multisupport_delta_confirmation_source,4,382205952,524288,Fresh measured 5x5 source grid for the sealed x225 multi-support Delta confirmation. Target losses are evaluation-only.,controlled_model_dim_source_prefix_smalln_5x5,4980784.0,4980784.0,0.0,0.162821576719,5,x225_multisupport_full_5x5_collection,,1.305337,40,729,382205952,1.0,physical_full_5x5_collection,0:4,0:0;0:1;0:2;0:3;0:4;1:0;1:1;1:2;1:3;1:4;2:0;2:1;2:2;2:3;2:4;3:0;3:1;3:2;3:3;3:4;4:0;4:1;4:2;4:3;4:4,x225_multisupport_confirmation,paired_train_seed,sealed_evaluation_only,Submit GPU jobs to gpumedium; do not use pilot/gpupilot.,11,400,-1,legacy_nominal_12N,A00_legacy,source_surface,5,2615,,,0.65,0.05
fsl_x225_schedule_a00_source5x5_s401_424_20260716_1136_n1-d0-dep4-md192-it144-x1p00-s421-rg0,source_delta_support_process_control,canonical,4,72,64,192,421,144,75497472,524288,16,2048,40,1,L,fsl-x225-schedule-a00-source5x5-s401-424-20260716-1136-n1-d0-dep4-md192-it144-x1p00-s421-rg0,1,0,x225_multisupport_delta_confirmation_source,4,75497472,524288,Fresh measured 5x5 source grid for the sealed x225 multi-support Delta confirmation. Target losses are evaluation-only.,controlled_model_dim_source_prefix_smalln_5x5,8061000.0,8061000.0,0.0,0.162821576719,6,x225_multisupport_full_5x5_collection,,1.305337,40,144,75497472,1.0,physical_full_5x5_collection,1:0,0:0;0:1;0:2;0:3;0:4;1:0;1:1;1:2;1:3;1:4;2:0;2:1;2:2;2:3;2:4;3:0;3:1;3:2;3:3;3:4;4:0;4:1;4:2;4:3;4:4,x225_multisupport_confirmation,paired_train_seed,sealed_evaluation_only,Submit GPU jobs to gpumedium; do not use pilot/gpupilot.,11,400,-1,legacy_nominal_12N,A00_legacy,source_surface,5,2615,,,0.65,0.05
fsl_x225_schedule_a00_source5x5_s401_424_20260716_1136_n1-d1-dep4-md192-it216-x1p00-s421-rg0,source_delta_support_process_control,canonical,4,72,64,192,421,216,113246208,524288,16,2048,40,1,L,fsl-x225-schedule-a00-source5x5-s401-424-20260716-1136-n1-d1-dep4-md192-it216-x1p00-s421-rg0,1,1,x225_multisupport_delta_confirmation_source,4,113246208,524288,Fresh measured 5x5 source grid for the sealed x225 multi-support Delta confirmation. Target losses are evaluation-only.,controlled_model_dim_source_prefix_smalln_5x5,8061000.0,8061000.0,0.0,0.162821576719,7,x225_multisupport_full_5x5_collection,,1.305337,40,216,113246208,1.0,physical_full_5x5_collection,1:1,0:0;0:1;0:2;0:3;0:4;1:0;1:1;1:2;1:3;1:4;2:0;2:1;2:2;2:3;2:4;3:0;3:1;3:2;3:3;3:4;4:0;4:1;4:2;4:3;4:4,x225_multisupport_confirmation,paired_train_seed,sealed_evaluation_only,Submit GPU jobs to gpumedium; do not use pilot/gpupilot.,11,400,-1,legacy_nominal_12N,A00_legacy,source_surface,5,2615,,,0.65,0.05
fsl_x225_schedule_a00_source5x5_s401_424_20260716_1136_n1-d2-dep4-md192-it324-x1p00-s421-rg0,source_delta_support_process_control,canonical,4,72,64,192,421,324,169869312,524288,16,2048,40,1,L,fsl-x225-schedule-a00-source5x5-s401-424-20260716-1136-n1-d2-dep4-md192-it324-x1p00-s421-rg0,1,2,x225_multisupport_delta_confirmation_source,4,169869312,524288,Fresh measured 5x5 source grid for the sealed x225 multi-support Delta confirmation. Target losses are evaluation-only.,controlled_model_dim_source_prefix_smalln_5x5,8061000.0,8061000.0,0.0,0.162821576719,8,x225_multisupport_full_5x5_collection,,1.305337,40,324,169869312,1.0,physical_full_5x5_collection,1:2,0:0;0:1;0:2;0:3;0:4;1:0;1:1;1:2;1:3;1:4;2:0;2:1;2:2;2:3;2:4;3:0;3:1;3:2;3:3;3:4;4:0;4:1;4:2;4:3;4:4,x225_multisupport_confirmation,paired_train_seed,sealed_evaluation_only,Submit GPU jobs to gpumedium; do not use pilot/gpupilot.,11,400,-1,legacy_nominal_12N,A00_legacy,source_surface,5,2615,,,0.65,0.05
fsl_x225_schedule_a00_source5x5_s401_424_20260716_1136_n1-d3-dep4-md192-it486-x1p00-s421-rg0,source_delta_support_process_control,canonical,4,72,64,192,421,486,254803968,524288,16,2048,40,1,L,fsl-x225-schedule-a00-source5x5-s401-424-20260716-1136-n1-d3-dep4-md192-it486-x1p00-s421-rg0,1,3,x225_multisupport_delta_confirmation_source,4,254803968,524288,Fresh measured 5x5 source grid for the sealed x225 multi-support Delta confirmation. Target losses are evaluation-only.,controlled_model_dim_source_prefix_smalln_5x5,8061000.0,8061000.0,0.0,0.162821576719,9,x225_multisupport_full_5x5_collection,,1.305337,40,486,254803968,1.0,physical_full_5x5_collection,1:3,0:0;0:1;0:2;0:3;0:4;1:0;1:1;1:2;1:3;1:4;2:0;2:1;2:2;2:3;2:4;3:0;3:1;3:2;3:3;3:4;4:0;4:1;4:2;4:3;4:4,x225_multisupport_confirmation,paired_train_seed,sealed_evaluation_only,Submit GPU jobs to gpumedium; do not use pilot/gpupilot.,11,400,-1,legacy_nominal_12N,A00_legacy,source_surface,5,2615,,,0.65,0.05
fsl_x225_schedule_a00_source5x5_s401_424_20260716_1136_n1-d4-dep4-md192-it729-x1p00-s421-rg0,source_delta_support_process_control,canonical,4,72,64,192,421,729,382205952,524288,16,2048,40,1,L,fsl-x225-schedule-a00-source5x5-s401-424-20260716-1136-n1-d4-dep4-md192-it729-x1p00-s421-rg0,1,4,x225_multisupport_delta_confirmation_source,4,382205952,524288,Fresh measured 5x5 source grid for the sealed x225 multi-support Delta confirmation. Target losses are evaluation-only.,controlled_model_dim_source_prefix_smalln_5x5,8061000.0,8061000.0,0.0,0.162821576719,10,x225_multisupport_full_5x5_collection,,1.305337,40,729,382205952,1.0,physical_full_5x5_collection,1:4,0:0;0:1;0:2;0:3;0:4;1:0;1:1;1:2;1:3;1:4;2:0;2:1;2:2;2:3;2:4;3:0;3:1;3:2;3:3;3:4;4:0;4:1;4:2;4:3;4:4,x225_multisupport_confirmation,paired_train_seed,sealed_evaluation_only,Submit GPU jobs to gpumedium; do not use pilot/gpupilot.,11,400,-1,legacy_nominal_12N,A00_legacy,source_surface,5,2615,,,0.65,0.05
fsl_x225_schedule_a00_source5x5_s401_424_20260716_1136_n2-d0-dep4-md320-it144-x1p00-s421-rg0,source_delta_support_process_control,canonical,4,72,64,320,421,144,75497472,524288,16,2048,40,1,L,fsl-x225-schedule-a00-source5x5-s401-424-20260716-1136-n2-d0-dep4-md320-it144-x1p00-s421-rg0,2,0,x225_multisupport_delta_confirmation_source,4,75497472,524288,Fresh measured 5x5 source grid for the sealed x225 multi-support Delta confirmation. Target losses are evaluation-only.,controlled_model_dim_source_prefix_smalln_5x5,15401080.0,15401080.0,0.0,0.162821576719,11,x225_multisupport_full_5x5_collection,,1.305337,40,144,75497472,1.0,physical_full_5x5_collection,2:0,0:0;0:1;0:2;0:3;0:4;1:0;1:1;1:2;1:3;1:4;2:0;2:1;2:2;2:3;2:4;3:0;3:1;3:2;3:3;3:4;4:0;4:1;4:2;4:3;4:4,x225_multisupport_confirmation,paired_train_seed,sealed_evaluation_only,Submit GPU jobs to gpumedium; do not use pilot/gpupilot.,11,400,-1,legacy_nominal_12N,A00_legacy,source_surface,5,2615,,,0.65,0.05
fsl_x225_schedule_a00_source5x5_s401_424_20260716_1136_n2-d1-dep4-md320-it216-x1p00-s421-rg0,source_delta_support_process_control,canonical,4,72,64,320,421,216,113246208,524288,16,2048,40,1,L,fsl-x225-schedule-a00-source5x5-s401-424-20260716-1136-n2-d1-dep4-md320-it216-x1p00-s421-rg0,2,1,x225_multisupport_delta_confirmation_source,4,113246208,524288,Fresh measured 5x5 source grid for the sealed x225 multi-support Delta confirmation. Target losses are evaluation-only.,controlled_model_dim_source_prefix_smalln_5x5,15401080.0,15401080.0,0.0,0.162821576719,12,x225_multisupport_full_5x5_collection,,1.305337,40,216,113246208,1.0,physical_full_5x5_collection,2:1,0:0;0:1;0:2;0:3;0:4;1:0;1:1;1:2;1:3;1:4;2:0;2:1;2:2;2:3;2:4;3:0;3:1;3:2;3:3;3:4;4:0;4:1;4:2;4:3;4:4,x225_multisupport_confirmation,paired_train_seed,sealed_evaluation_only,Submit GPU jobs to gpumedium; do not use pilot/gpupilot.,11,400,-1,legacy_nominal_12N,A00_legacy,source_surface,5,2615,,,0.65,0.05
fsl_x225_schedule_a00_source5x5_s401_424_20260716_1136_n2-d2-dep4-md320-it324-x1p00-s421-rg0,source_delta_support_process_control,canonical,4,72,64,320,421,324,169869312,524288,16,2048,40,1,L,fsl-x225-schedule-a00-source5x5-s401-424-20260716-1136-n2-d2-dep4-md320-it324-x1p00-s421-rg0,2,2,x225_multisupport_delta_confirmation_source,4,169869312,524288,Fresh measured 5x5 source grid for the sealed x225 multi-support Delta confirmation. Target losses are evaluation-only.,controlled_model_dim_source_prefix_smalln_5x5,15401080.0,15401080.0,0.0,0.162821576719,13,x225_multisupport_full_5x5_collection,,1.305337,40,324,169869312,1.0,physical_full_5x5_collection,2:2,0:0;0:1;0:2;0:3;0:4;1:0;1:1;1:2;1:3;1:4;2:0;2:1;2:2;2:3;2:4;3:0;3:1;3:2;3:3;3:4;4:0;4:1;4:2;4:3;4:4,x225_multisupport_confirmation,paired_train_seed,sealed_evaluation_only,Submit GPU jobs to gpumedium; do not use pilot/gpupilot.,11,400,-1,legacy_nominal_12N,A00_legacy,source_surface,5,2615,,,0.65,0.05
fsl_x225_schedule_a00_source5x5_s401_424_20260716_1136_n2-d3-dep4-md320-it486-x1p00-s421-rg0,source_delta_support_process_control,canonical,4,72,64,320,421,486,254803968,524288,16,2048,40,1,L,fsl-x225-schedule-a00-source5x5-s401-424-20260716-1136-n2-d3-dep4-md320-it486-x1p00-s421-rg0,2,3,x225_multisupport_delta_confirmation_source,4,254803968,524288,Fresh measured 5x5 source grid for the sealed x225 multi-support Delta confirmation. Target losses are evaluation-only.,controlled_model_dim_source_prefix_smalln_5x5,15401080.0,15401080.0,0.0,0.162821576719,14,x225_multisupport_full_5x5_collection,,1.305337,40,486,254803968,1.0,physical_full_5x5_collection,2:3,0:0;0:1;0:2;0:3;0:4;1:0;1:1;1:2;1:3;1:4;2:0;2:1;2:2;2:3;2:4;3:0;3:1;3:2;3:3;3:4;4:0;4:1;4:2;4:3;4:4,x225_multisupport_confirmation,paired_train_seed,sealed_evaluation_only,Submit GPU jobs to gpumedium; do not use pilot/gpupilot.,11,400,-1,legacy_nominal_12N,A00_legacy,source_surface,5,2615,,,0.65,0.05
fsl_x225_schedule_a00_source5x5_s401_424_20260716_1136_n2-d4-dep4-md320-it729-x1p00-s421-rg0,source_delta_support_process_control,canonical,4,72,64,320,421,729,382205952,524288,16,2048,40,1,L,fsl-x225-schedule-a00-source5x5-s401-424-20260716-1136-n2-d4-dep4-md320-it729-x1p00-s421-rg0,2,4,x225_multisupport_delta_confirmation_source,4,382205952,524288,Fresh measured 5x5 source grid for the sealed x225 multi-support Delta confirmation. Target losses are evaluation-only.,controlled_model_dim_source_prefix_smalln_5x5,15401080.0,15401080.0,0.0,0.162821576719,15,x225_multisupport_full_5x5_collection,,1.305337,40,729,382205952,1.0,physical_full_5x5_collection,2:4,0:0;0:1;0:2;0:3;0:4;1:0;1:1;1:2;1:3;1:4;2:0;2:1;2:2;2:3;2:4;3:0;3:1;3:2;3:3;3:4;4:0;4:1;4:2;4:3;4:4,x225_multisupport_confirmation,paired_train_seed,sealed_evaluation_only,Submit GPU jobs to gpumedium; do not use pilot/gpupilot.,11,400,-1,legacy_nominal_12N,A00_legacy,source_surface,5,2615,,,0.65,0.05
fsl_x225_schedule_a00_source5x5_s401_424_20260716_1136_n3-d0-dep4-md512-it144-x1p00-s421-rg0,source_delta_support_process_control,canonical,4,72,64,512,421,144,75497472,524288,16,2048,40,1,L,fsl-x225-schedule-a00-source5x5-s401-424-20260716-1136-n3-d0-dep4-md512-it144-x1p00-s421-rg0,3,0,x225_multisupport_delta_confirmation_source,4,75497472,524288,Fresh measured 5x5 source grid for the sealed x225 multi-support Delta confirmation. Target losses are evaluation-only.,controlled_model_dim_source_prefix_smalln_5x5,29360320.0,29360320.0,0.0,0.162821576719,16,x225_multisupport_full_5x5_collection,,1.305337,40,144,75497472,1.0,physical_full_5x5_collection,3:0,0:0;0:1;0:2;0:3;0:4;1:0;1:1;1:2;1:3;1:4;2:0;2:1;2:2;2:3;2:4;3:0;3:1;3:2;3:3;3:4;4:0;4:1;4:2;4:3;4:4,x225_multisupport_confirmation,paired_train_seed,sealed_evaluation_only,Submit GPU jobs to gpumedium; do not use pilot/gpupilot.,11,400,-1,legacy_nominal_12N,A00_legacy,source_surface,5,2615,,,0.65,0.05
fsl_x225_schedule_a00_source5x5_s401_424_20260716_1136_n3-d1-dep4-md512-it216-x1p00-s421-rg0,source_delta_support_process_control,canonical,4,72,64,512,421,216,113246208,524288,16,2048,40,1,L,fsl-x225-schedule-a00-source5x5-s401-424-20260716-1136-n3-d1-dep4-md512-it216-x1p00-s421-rg0,3,1,x225_multisupport_delta_confirmation_source,4,113246208,524288,Fresh measured 5x5 source grid for the sealed x225 multi-support Delta confirmation. Target losses are evaluation-only.,controlled_model_dim_source_prefix_smalln_5x5,29360320.0,29360320.0,0.0,0.162821576719,17,x225_multisupport_full_5x5_collection,,1.305337,40,216,113246208,1.0,physical_full_5x5_collection,3:1,0:0;0:1;0:2;0:3;0:4;1:0;1:1;1:2;1:3;1:4;2:0;2:1;2:2;2:3;2:4;3:0;3:1;3:2;3:3;3:4;4:0;4:1;4:2;4:3;4:4,x225_multisupport_confirmation,paired_train_seed,sealed_evaluation_only,Submit GPU jobs to gpumedium; do not use pilot/gpupilot.,11,400,-1,legacy_nominal_12N,A00_legacy,source_surface,5,2615,,,0.65,0.05
fsl_x225_schedule_a00_source5x5_s401_424_20260716_1136_n3-d2-dep4-md512-it324-x1p00-s421-rg0,source_delta_support_process_control,canonical,4,72,64,512,421,324,169869312,524288,16,2048,40,1,L,fsl-x225-schedule-a00-source5x5-s401-424-20260716-1136-n3-d2-dep4-md512-it324-x1p00-s421-rg0,3,2,x225_multisupport_delta_confirmation_source,4,169869312,524288,Fresh measured 5x5 source grid for the sealed x225 multi-support Delta confirmation. Target losses are evaluation-only.,controlled_model_dim_source_prefix_smalln_5x5,29360320.0,29360320.0,0.0,0.162821576719,18,x225_multisupport_full_5x5_collection,,1.305337,40,324,169869312,1.0,physical_full_5x5_collection,3:2,0:0;0:1;0:2;0:3;0:4;1:0;1:1;1:2;1:3;1:4;2:0;2:1;2:2;2:3;2:4;3:0;3:1;3:2;3:3;3:4;4:0;4:1;4:2;4:3;4:4,x225_multisupport_confirmation,paired_train_seed,sealed_evaluation_only,Submit GPU jobs to gpumedium; do not use pilot/gpupilot.,11,400,-1,legacy_nominal_12N,A00_legacy,source_surface,5,2615,,,0.65,0.05
fsl_x225_schedule_a00_source5x5_s401_424_20260716_1136_n3-d3-dep4-md512-it486-x1p00-s421-rg0,source_delta_support_process_control,canonical,4,72,64,512,421,486,254803968,524288,16,2048,40,1,L,fsl-x225-schedule-a00-source5x5-s401-424-20260716-1136-n3-d3-dep4-md512-it486-x1p00-s421-rg0,3,3,x225_multisupport_delta_confirmation_source,4,254803968,524288,Fresh measured 5x5 source grid for the sealed x225 multi-support Delta confirmation. Target losses are evaluation-only.,controlled_model_dim_source_prefix_smalln_5x5,29360320.0,29360320.0,0.0,0.162821576719,19,x225_multisupport_full_5x5_collection,,1.305337,40,486,254803968,1.0,physical_full_5x5_collection,3:3,0:0;0:1;0:2;0:3;0:4;1:0;1:1;1:2;1:3;1:4;2:0;2:1;2:2;2:3;2:4;3:0;3:1;3:2;3:3;3:4;4:0;4:1;4:2;4:3;4:4,x225_multisupport_confirmation,paired_train_seed,sealed_evaluation_only,Submit GPU jobs to gpumedium; do not use pilot/gpupilot.,11,400,-1,legacy_nominal_12N,A00_legacy,source_surface,5,2615,,,0.65,0.05
fsl_x225_schedule_a00_source5x5_s401_424_20260716_1136_n3-d4-dep4-md512-it729-x1p00-s421-rg0,source_delta_support_process_control,canonical,4,72,64,512,421,729,382205952,524288,16,2048,40,1,L,fsl-x225-schedule-a00-source5x5-s401-424-20260716-1136-n3-d4-dep4-md512-it729-x1p00-s421-rg0,3,4,x225_multisupport_delta_confirmation_source,4,382205952,524288,Fresh measured 5x5 source grid for the sealed x225 multi-support Delta confirmation. Target losses are evaluation-only.,controlled_model_dim_source_prefix_smalln_5x5,29360320.0,29360320.0,0.0,0.162821576719,20,x225_multisupport_full_5x5_collection,,1.305337,40,729,382205952,1.0,physical_full_5x5_collection,3:4,0:0;0:1;0:2;0:3;0:4;1:0;1:1;1:2;1:3;1:4;2:0;2:1;2:2;2:3;2:4;3:0;3:1;3:2;3:3;3:4;4:0;4:1;4:2;4:3;4:4,x225_multisupport_confirmation,paired_train_seed,sealed_evaluation_only,Submit GPU jobs to gpumedium; do not use pilot/gpupilot.,11,400,-1,legacy_nominal_12N,A00_legacy,source_surface,5,2615,,,0.65,0.05
fsl_x225_schedule_a00_source5x5_s401_424_20260716_1136_n4-d0-dep4-md704-it144-x1p00-s421-rg0,source_delta_support_process_control,canonical,4,72,64,704,421,144,75497472,524288,16,2048,40,1,L,fsl-x225-schedule-a00-source5x5-s401-424-20260716-1136-n4-d0-dep4-md704-it144-x1p00-s421-rg0,4,0,x225_multisupport_delta_confirmation_source,4,75497472,524288,Fresh measured 5x5 source grid for the sealed x225 multi-support Delta confirmation. Target losses are evaluation-only.,controlled_model_dim_source_prefix_smalln_5x5,46858504.0,46858504.0,0.0,0.162821576719,21,x225_multisupport_full_5x5_collection,,1.305337,40,144,75497472,1.0,physical_full_5x5_collection,4:0,0:0;0:1;0:2;0:3;0:4;1:0;1:1;1:2;1:3;1:4;2:0;2:1;2:2;2:3;2:4;3:0;3:1;3:2;3:3;3:4;4:0;4:1;4:2;4:3;4:4,x225_multisupport_confirmation,paired_train_seed,sealed_evaluation_only,Submit GPU jobs to gpumedium; do not use pilot/gpupilot.,11,400,-1,legacy_nominal_12N,A00_legacy,source_surface,5,2615,,,0.65,0.05
fsl_x225_schedule_a00_source5x5_s401_424_20260716_1136_n4-d1-dep4-md704-it216-x1p00-s421-rg0,source_delta_support_process_control,canonical,4,72,64,704,421,216,113246208,524288,16,2048,40,1,L,fsl-x225-schedule-a00-source5x5-s401-424-20260716-1136-n4-d1-dep4-md704-it216-x1p00-s421-rg0,4,1,x225_multisupport_delta_confirmation_source,4,113246208,524288,Fresh measured 5x5 source grid for the sealed x225 multi-support Delta confirmation. Target losses are evaluation-only.,controlled_model_dim_source_prefix_smalln_5x5,46858504.0,46858504.0,0.0,0.162821576719,22,x225_multisupport_full_5x5_collection,,1.305337,40,216,113246208,1.0,physical_full_5x5_collection,4:1,0:0;0:1;0:2;0:3;0:4;1:0;1:1;1:2;1:3;1:4;2:0;2:1;2:2;2:3;2:4;3:0;3:1;3:2;3:3;3:4;4:0;4:1;4:2;4:3;4:4,x225_multisupport_confirmation,paired_train_seed,sealed_evaluation_only,Submit GPU jobs to gpumedium; do not use pilot/gpupilot.,11,400,-1,legacy_nominal_12N,A00_legacy,source_surface,5,2615,,,0.65,0.05
fsl_x225_schedule_a00_source5x5_s401_424_20260716_1136_n4-d2-dep4-md704-it324-x1p00-s421-rg0,source_delta_support_process_control,canonical,4,72,64,704,421,324,169869312,524288,16,2048,40,1,L,fsl-x225-schedule-a00-source5x5-s401-424-20260716-1136-n4-d2-dep4-md704-it324-x1p00-s421-rg0,4,2,x225_multisupport_delta_confirmation_source,4,169869312,524288,Fresh measured 5x5 source grid for the sealed x225 multi-support Delta confirmation. Target losses are evaluation-only.,controlled_model_dim_source_prefix_smalln_5x5,46858504.0,46858504.0,0.0,0.162821576719,23,x225_multisupport_full_5x5_collection,,1.305337,40,324,169869312,1.0,physical_full_5x5_collection,4:2,0:0;0:1;0:2;0:3;0:4;1:0;1:1;1:2;1:3;1:4;2:0;2:1;2:2;2:3;2:4;3:0;3:1;3:2;3:3;3:4;4:0;4:1;4:2;4:3;4:4,x225_multisupport_confirmation,paired_train_seed,sealed_evaluation_only,Submit GPU jobs to gpumedium; do not use pilot/gpupilot.,11,400,-1,legacy_nominal_12N,A00_legacy,source_surface,5,2615,,,0.65,0.05
fsl_x225_schedule_a00_source5x5_s401_424_20260716_1136_n4-d3-dep4-md704-it486-x1p00-s421-rg0,source_delta_support_process_control,canonical,4,72,64,704,421,486,254803968,524288,16,2048,40,1,L,fsl-x225-schedule-a00-source5x5-s401-424-20260716-1136-n4-d3-dep4-md704-it486-x1p00-s421-rg0,4,3,x225_multisupport_delta_confirmation_source,4,254803968,524288,Fresh measured 5x5 source grid for the sealed x225 multi-support Delta confirmation. Target losses are evaluation-only.,controlled_model_dim_source_prefix_smalln_5x5,46858504.0,46858504.0,0.0,0.162821576719,24,x225_multisupport_full_5x5_collection,,1.305337,40,486,254803968,1.0,physical_full_5x5_collection,4:3,0:0;0:1;0:2;0:3;0:4;1:0;1:1;1:2;1:3;1:4;2:0;2:1;2:2;2:3;2:4;3:0;3:1;3:2;3:3;3:4;4:0;4:1;4:2;4:3;4:4,x225_multisupport_confirmation,paired_train_seed,sealed_evaluation_only,Submit GPU jobs to gpumedium; do not use pilot/gpupilot.,11,400,-1,legacy_nominal_12N,A00_legacy,source_surface,5,2615,,,0.65,0.05
fsl_x225_schedule_a00_source5x5_s401_424_20260716_1136_n4-d4-dep4-md704-it729-x1p00-s421-rg0,source_delta_support_process_control,canonical,4,72,64,704,421,729,382205952,524288,16,2048,40,1,L,fsl-x225-schedule-a00-source5x5-s401-424-20260716-1136-n4-d4-dep4-md704-it729-x1p00-s421-rg0,4,4,x225_multisupport_delta_confirmation_source,4,382205952,524288,Fresh measured 5x5 source grid for the sealed x225 multi-support Delta confirmation. Target losses are evaluation-only.,controlled_model_dim_source_prefix_smalln_5x5,46858504.0,46858504.0,0.0,0.162821576719,25,x225_multisupport_full_5x5_collection,,1.305337,40,729,382205952,1.0,physical_full_5x5_collection,4:4,0:0;0:1;0:2;0:3;0:4;1:0;1:1;1:2;1:3;1:4;2:0;2:1;2:2;2:3;2:4;3:0;3:1;3:2;3:3;3:4;4:0;4:1;4:2;4:3;4:4,x225_multisupport_confirmation,paired_train_seed,sealed_evaluation_only,Submit GPU jobs to gpumedium; do not use pilot/gpupilot.,11,400,-1,legacy_nominal_12N,A00_legacy,source_surface,5,2615,,,0.65,0.05
fsl_x225_schedule_a00_source5x5_s401_424_20260716_1136_n0-d0-dep4-md128-it144-x1p00-s422-rg0,source_delta_support_process_control,canonical,4,72,64,128,422,144,75497472,524288,16,2048,40,1,L,fsl-x225-schedule-a00-source5x5-s401-424-20260716-1136-n0-d0-dep4-md128-it144-x1p00-s422-rg0,0,0,x225_multisupport_delta_confirmation_source,4,75497472,524288,Fresh measured 5x5 source grid for the sealed x225 multi-support Delta confirmation. Target losses are evaluation-only.,controlled_model_dim_source_prefix_smalln_5x5,4980784.0,4980784.0,0.0,0.162821576719,1,x225_multisupport_full_5x5_collection,,1.305337,40,144,75497472,1.0,physical_full_5x5_collection,0:0,0:0;0:1;0:2;0:3;0:4;1:0;1:1;1:2;1:3;1:4;2:0;2:1;2:2;2:3;2:4;3:0;3:1;3:2;3:3;3:4;4:0;4:1;4:2;4:3;4:4,x225_multisupport_confirmation,paired_train_seed,sealed_evaluation_only,Submit GPU jobs to gpumedium; do not use pilot/gpupilot.,11,400,-1,legacy_nominal_12N,A00_legacy,source_surface,5,2615,,,0.65,0.05
fsl_x225_schedule_a00_source5x5_s401_424_20260716_1136_n0-d1-dep4-md128-it216-x1p00-s422-rg0,source_delta_support_process_control,canonical,4,72,64,128,422,216,113246208,524288,16,2048,40,1,L,fsl-x225-schedule-a00-source5x5-s401-424-20260716-1136-n0-d1-dep4-md128-it216-x1p00-s422-rg0,0,1,x225_multisupport_delta_confirmation_source,4,113246208,524288,Fresh measured 5x5 source grid for the sealed x225 multi-support Delta confirmation. Target losses are evaluation-only.,controlled_model_dim_source_prefix_smalln_5x5,4980784.0,4980784.0,0.0,0.162821576719,2,x225_multisupport_full_5x5_collection,,1.305337,40,216,113246208,1.0,physical_full_5x5_collection,0:1,0:0;0:1;0:2;0:3;0:4;1:0;1:1;1:2;1:3;1:4;2:0;2:1;2:2;2:3;2:4;3:0;3:1;3:2;3:3;3:4;4:0;4:1;4:2;4:3;4:4,x225_multisupport_confirmation,paired_train_seed,sealed_evaluation_only,Submit GPU jobs to gpumedium; do not use pilot/gpupilot.,11,400,-1,legacy_nominal_12N,A00_legacy,source_surface,5,2615,,,0.65,0.05
fsl_x225_schedule_a00_source5x5_s401_424_20260716_1136_n0-d2-dep4-md128-it324-x1p00-s422-rg0,source_delta_support_process_control,canonical,4,72,64,128,422,324,169869312,524288,16,2048,40,1,L,fsl-x225-schedule-a00-source5x5-s401-424-20260716-1136-n0-d2-dep4-md128-it324-x1p00-s422-rg0,0,2,x225_multisupport_delta_confirmation_source,4,169869312,524288,Fresh measured 5x5 source grid for the sealed x225 multi-support Delta confirmation. Target losses are evaluation-only.,controlled_model_dim_source_prefix_smalln_5x5,4980784.0,4980784.0,0.0,0.162821576719,3,x225_multisupport_full_5x5_collection,,1.305337,40,324,169869312,1.0,physical_full_5x5_collection,0:2,0:0;0:1;0:2;0:3;0:4;1:0;1:1;1:2;1:3;1:4;2:0;2:1;2:2;2:3;2:4;3:0;3:1;3:2;3:3;3:4;4:0;4:1;4:2;4:3;4:4,x225_multisupport_confirmation,paired_train_seed,sealed_evaluation_only,Submit GPU jobs to gpumedium; do not use pilot/gpupilot.,11,400,-1,legacy_nominal_12N,A00_legacy,source_surface,5,2615,,,0.65,0.05
fsl_x225_schedule_a00_source5x5_s401_424_20260716_1136_n0-d3-dep4-md128-it486-x1p00-s422-rg0,source_delta_support_process_control,canonical,4,72,64,128,422,486,254803968,524288,16,2048,40,1,L,fsl-x225-schedule-a00-source5x5-s401-424-20260716-1136-n0-d3-dep4-md128-it486-x1p00-s422-rg0,0,3,x225_multisupport_delta_confirmation_source,4,254803968,524288,Fresh measured 5x5 source grid for the sealed x225 multi-support Delta confirmation. Target losses are evaluation-only.,controlled_model_dim_source_prefix_smalln_5x5,4980784.0,4980784.0,0.0,0.162821576719,4,x225_multisupport_full_5x5_collection,,1.305337,40,486,254803968,1.0,physical_full_5x5_collection,0:3,0:0;0:1;0:2;0:3;0:4;1:0;1:1;1:2;1:3;1:4;2:0;2:1;2:2;2:3;2:4;3:0;3:1;3:2;3:3;3:4;4:0;4:1;4:2;4:3;4:4,x225_multisupport_confirmation,paired_train_seed,sealed_evaluation_only,Submit GPU jobs to gpumedium; do not use pilot/gpupilot.,11,400,-1,legacy_nominal_12N,A00_legacy,source_surface,5,2615,,,0.65,0.05
fsl_x225_schedule_a00_source5x5_s401_424_20260716_1136_n0-d4-dep4-md128-it729-x1p00-s422-rg0,source_delta_support_process_control,canonical,4,72,64,128,422,729,382205952,524288,16,2048,40,1,L,fsl-x225-schedule-a00-source5x5-s401-424-20260716-1136-n0-d4-dep4-md128-it729-x1p00-s422-rg0,0,4,x225_multisupport_delta_confirmation_source,4,382205952,524288,Fresh measured 5x5 source grid for the sealed x225 multi-support Delta confirmation. Target losses are evaluation-only.,controlled_model_dim_source_prefix_smalln_5x5,4980784.0,4980784.0,0.0,0.162821576719,5,x225_multisupport_full_5x5_collection,,1.305337,40,729,382205952,1.0,physical_full_5x5_collection,0:4,0:0;0:1;0:2;0:3;0:4;1:0;1:1;1:2;1:3;1:4;2:0;2:1;2:2;2:3;2:4;3:0;3:1;3:2;3:3;3:4;4:0;4:1;4:2;4:3;4:4,x225_multisupport_confirmation,paired_train_seed,sealed_evaluation_only,Submit GPU jobs to gpumedium; do not use pilot/gpupilot.,11,400,-1,legacy_nominal_12N,A00_legacy,source_surface,5,2615,,,0.65,0.05
fsl_x225_schedule_a00_source5x5_s401_424_20260716_1136_n1-d0-dep4-md192-it144-x1p00-s422-rg0,source_delta_support_process_control,canonical,4,72,64,192,422,144,75497472,524288,16,2048,40,1,L,fsl-x225-schedule-a00-source5x5-s401-424-20260716-1136-n1-d0-dep4-md192-it144-x1p00-s422-rg0,1,0,x225_multisupport_delta_confirmation_source,4,75497472,524288,Fresh measured 5x5 source grid for the sealed x225 multi-support Delta confirmation. Target losses are evaluation-only.,controlled_model_dim_source_prefix_smalln_5x5,8061000.0,8061000.0,0.0,0.162821576719,6,x225_multisupport_full_5x5_collection,,1.305337,40,144,75497472,1.0,physical_full_5x5_collection,1:0,0:0;0:1;0:2;0:3;0:4;1:0;1:1;1:2;1:3;1:4;2:0;2:1;2:2;2:3;2:4;3:0;3:1;3:2;3:3;3:4;4:0;4:1;4:2;4:3;4:4,x225_multisupport_confirmation,paired_train_seed,sealed_evaluation_only,Submit GPU jobs to gpumedium; do not use pilot/gpupilot.,11,400,-1,legacy_nominal_12N,A00_legacy,source_surface,5,2615,,,0.65,0.05
fsl_x225_schedule_a00_source5x5_s401_424_20260716_1136_n1-d1-dep4-md192-it216-x1p00-s422-rg0,source_delta_support_process_control,canonical,4,72,64,192,422,216,113246208,524288,16,2048,40,1,L,fsl-x225-schedule-a00-source5x5-s401-424-20260716-1136-n1-d1-dep4-md192-it216-x1p00-s422-rg0,1,1,x225_multisupport_delta_confirmation_source,4,113246208,524288,Fresh measured 5x5 source grid for the sealed x225 multi-support Delta confirmation. Target losses are evaluation-only.,controlled_model_dim_source_prefix_smalln_5x5,8061000.0,8061000.0,0.0,0.162821576719,7,x225_multisupport_full_5x5_collection,,1.305337,40,216,113246208,1.0,physical_full_5x5_collection,1:1,0:0;0:1;0:2;0:3;0:4;1:0;1:1;1:2;1:3;1:4;2:0;2:1;2:2;2:3;2:4;3:0;3:1;3:2;3:3;3:4;4:0;4:1;4:2;4:3;4:4,x225_multisupport_confirmation,paired_train_seed,sealed_evaluation_only,Submit GPU jobs to gpumedium; do not use pilot/gpupilot.,11,400,-1,legacy_nominal_12N,A00_legacy,source_surface,5,2615,,,0.65,0.05
fsl_x225_schedule_a00_source5x5_s401_424_20260716_1136_n1-d2-dep4-md192-it324-x1p00-s422-rg0,source_delta_support_process_control,canonical,4,72,64,192,422,324,169869312,524288,16,2048,40,1,L,fsl-x225-schedule-a00-source5x5-s401-424-20260716-1136-n1-d2-dep4-md192-it324-x1p00-s422-rg0,1,2,x225_multisupport_delta_confirmation_source,4,169869312,524288,Fresh measured 5x5 source grid for the sealed x225 multi-support Delta confirmation. Target losses are evaluation-only.,controlled_model_dim_source_prefix_smalln_5x5,8061000.0,8061000.0,0.0,0.162821576719,8,x225_multisupport_full_5x5_collection,,1.305337,40,324,169869312,1.0,physical_full_5x5_collection,1:2,0:0;0:1;0:2;0:3;0:4;1:0;1:1;1:2;1:3;1:4;2:0;2:1;2:2;2:3;2:4;3:0;3:1;3:2;3:3;3:4;4:0;4:1;4:2;4:3;4:4,x225_multisupport_confirmation,paired_train_seed,sealed_evaluation_only,Submit GPU jobs to gpumedium; do not use pilot/gpupilot.,11,400,-1,legacy_nominal_12N,A00_legacy,source_surface,5,2615,,,0.65,0.05
fsl_x225_schedule_a00_source5x5_s401_424_20260716_1136_n1-d3-dep4-md192-it486-x1p00-s422-rg0,source_delta_support_process_control,canonical,4,72,64,192,422,486,254803968,524288,16,2048,40,1,L,fsl-x225-schedule-a00-source5x5-s401-424-20260716-1136-n1-d3-dep4-md192-it486-x1p00-s422-rg0,1,3,x225_multisupport_delta_confirmation_source,4,254803968,524288,Fresh measured 5x5 source grid for the sealed x225 multi-support Delta confirmation. Target losses are evaluation-only.,controlled_model_dim_source_prefix_smalln_5x5,8061000.0,8061000.0,0.0,0.162821576719,9,x225_multisupport_full_5x5_collection,,1.305337,40,486,254803968,1.0,physical_full_5x5_collection,1:3,0:0;0:1;0:2;0:3;0:4;1:0;1:1;1:2;1:3;1:4;2:0;2:1;2:2;2:3;2:4;3:0;3:1;3:2;3:3;3:4;4:0;4:1;4:2;4:3;4:4,x225_multisupport_confirmation,paired_train_seed,sealed_evaluation_only,Submit GPU jobs to gpumedium; do not use pilot/gpupilot.,11,400,-1,legacy_nominal_12N,A00_legacy,source_surface,5,2615,,,0.65,0.05
fsl_x225_schedule_a00_source5x5_s401_424_20260716_1136_n1-d4-dep4-md192-it729-x1p00-s422-rg0,source_delta_support_process_control,canonical,4,72,64,192,422,729,382205952,524288,16,2048,40,1,L,fsl-x225-schedule-a00-source5x5-s401-424-20260716-1136-n1-d4-dep4-md192-it729-x1p00-s422-rg0,1,4,x225_multisupport_delta_confirmation_source,4,382205952,524288,Fresh measured 5x5 source grid for the sealed x225 multi-support Delta confirmation. Target losses are evaluation-only.,controlled_model_dim_source_prefix_smalln_5x5,8061000.0,8061000.0,0.0,0.162821576719,10,x225_multisupport_full_5x5_collection,,1.305337,40,729,382205952,1.0,physical_full_5x5_collection,1:4,0:0;0:1;0:2;0:3;0:4;1:0;1:1;1:2;1:3;1:4;2:0;2:1;2:2;2:3;2:4;3:0;3:1;3:2;3:3;3:4;4:0;4:1;4:2;4:3;4:4,x225_multisupport_confirmation,paired_train_seed,sealed_evaluation_only,Submit GPU jobs to gpumedium; do not use pilot/gpupilot.,11,400,-1,legacy_nominal_12N,A00_legacy,source_surface,5,2615,,,0.65,0.05
fsl_x225_schedule_a00_source5x5_s401_424_20260716_1136_n2-d0-dep4-md320-it144-x1p00-s422-rg0,source_delta_support_process_control,canonical,4,72,64,320,422,144,75497472,524288,16,2048,40,1,L,fsl-x225-schedule-a00-source5x5-s401-424-20260716-1136-n2-d0-dep4-md320-it144-x1p00-s422-rg0,2,0,x225_multisupport_delta_confirmation_source,4,75497472,524288,Fresh measured 5x5 source grid for the sealed x225 multi-support Delta confirmation. Target losses are evaluation-only.,controlled_model_dim_source_prefix_smalln_5x5,15401080.0,15401080.0,0.0,0.162821576719,11,x225_multisupport_full_5x5_collection,,1.305337,40,144,75497472,1.0,physical_full_5x5_collection,2:0,0:0;0:1;0:2;0:3;0:4;1:0;1:1;1:2;1:3;1:4;2:0;2:1;2:2;2:3;2:4;3:0;3:1;3:2;3:3;3:4;4:0;4:1;4:2;4:3;4:4,x225_multisupport_confirmation,paired_train_seed,sealed_evaluation_only,Submit GPU jobs to gpumedium; do not use pilot/gpupilot.,11,400,-1,legacy_nominal_12N,A00_legacy,source_surface,5,2615,,,0.65,0.05
fsl_x225_schedule_a00_source5x5_s401_424_20260716_1136_n2-d1-dep4-md320-it216-x1p00-s422-rg0,source_delta_support_process_control,canonical,4,72,64,320,422,216,113246208,524288,16,2048,40,1,L,fsl-x225-schedule-a00-source5x5-s401-424-20260716-1136-n2-d1-dep4-md320-it216-x1p00-s422-rg0,2,1,x225_multisupport_delta_confirmation_source,4,113246208,524288,Fresh measured 5x5 source grid for the sealed x225 multi-support Delta confirmation. Target losses are evaluation-only.,controlled_model_dim_source_prefix_smalln_5x5,15401080.0,15401080.0,0.0,0.162821576719,12,x225_multisupport_full_5x5_collection,,1.305337,40,216,113246208,1.0,physical_full_5x5_collection,2:1,0:0;0:1;0:2;0:3;0:4;1:0;1:1;1:2;1:3;1:4;2:0;2:1;2:2;2:3;2:4;3:0;3:1;3:2;3:3;3:4;4:0;4:1;4:2;4:3;4:4,x225_multisupport_confirmation,paired_train_seed,sealed_evaluation_only,Submit GPU jobs to gpumedium; do not use pilot/gpupilot.,11,400,-1,legacy_nominal_12N,A00_legacy,source_surface,5,2615,,,0.65,0.05
fsl_x225_schedule_a00_source5x5_s401_424_20260716_1136_n2-d2-dep4-md320-it324-x1p00-s422-rg0,source_delta_support_process_control,canonical,4,72,64,320,422,324,169869312,524288,16,2048,40,1,L,fsl-x225-schedule-a00-source5x5-s401-424-20260716-1136-n2-d2-dep4-md320-it324-x1p00-s422-rg0,2,2,x225_multisupport_delta_confirmation_source,4,169869312,524288,Fresh measured 5x5 source grid for the sealed x225 multi-support Delta confirmation. Target losses are evaluation-only.,controlled_model_dim_source_prefix_smalln_5x5,15401080.0,15401080.0,0.0,0.162821576719,13,x225_multisupport_full_5x5_collection,,1.305337,40,324,169869312,1.0,physical_full_5x5_collection,2:2,0:0;0:1;0:2;0:3;0:4;1:0;1:1;1:2;1:3;1:4;2:0;2:1;2:2;2:3;2:4;3:0;3:1;3:2;3:3;3:4;4:0;4:1;4:2;4:3;4:4,x225_multisupport_confirmation,paired_train_seed,sealed_evaluation_only,Submit GPU jobs to gpumedium; do not use pilot/gpupilot.,11,400,-1,legacy_nominal_12N,A00_legacy,source_surface,5,2615,,,0.65,0.05
fsl_x225_schedule_a00_source5x5_s401_424_20260716_1136_n2-d3-dep4-md320-it486-x1p00-s422-rg0,source_delta_support_process_control,canonical,4,72,64,320,422,486,254803968,524288,16,2048,40,1,L,fsl-x225-schedule-a00-source5x5-s401-424-20260716-1136-n2-d3-dep4-md320-it486-x1p00-s422-rg0,2,3,x225_multisupport_delta_confirmation_source,4,254803968,524288,Fresh measured 5x5 source grid for the sealed x225 multi-support Delta confirmation. Target losses are evaluation-only.,controlled_model_dim_source_prefix_smalln_5x5,15401080.0,15401080.0,0.0,0.162821576719,14,x225_multisupport_full_5x5_collection,,1.305337,40,486,254803968,1.0,physical_full_5x5_collection,2:3,0:0;0:1;0:2;0:3;0:4;1:0;1:1;1:2;1:3;1:4;2:0;2:1;2:2;2:3;2:4;3:0;3:1;3:2;3:3;3:4;4:0;4:1;4:2;4:3;4:4,x225_multisupport_confirmation,paired_train_seed,sealed_evaluation_only,Submit GPU jobs to gpumedium; do not use pilot/gpupilot.,11,400,-1,legacy_nominal_12N,A00_legacy,source_surface,5,2615,,,0.65,0.05
fsl_x225_schedule_a00_source5x5_s401_424_20260716_1136_n2-d4-dep4-md320-it729-x1p00-s422-rg0,source_delta_support_process_control,canonical,4,72,64,320,422,729,382205952,524288,16,2048,40,1,L,fsl-x225-schedule-a00-source5x5-s401-424-20260716-1136-n2-d4-dep4-md320-it729-x1p00-s422-rg0,2,4,x225_multisupport_delta_confirmation_source,4,382205952,524288,Fresh measured 5x5 source grid for the sealed x225 multi-support Delta confirmation. Target losses are evaluation-only.,controlled_model_dim_source_prefix_smalln_5x5,15401080.0,15401080.0,0.0,0.162821576719,15,x225_multisupport_full_5x5_collection,,1.305337,40,729,382205952,1.0,physical_full_5x5_collection,2:4,0:0;0:1;0:2;0:3;0:4;1:0;1:1;1:2;1:3;1:4;2:0;2:1;2:2;2:3;2:4;3:0;3:1;3:2;3:3;3:4;4:0;4:1;4:2;4:3;4:4,x225_multisupport_confirmation,paired_train_seed,sealed_evaluation_only,Submit GPU jobs to gpumedium; do not use pilot/gpupilot.,11,400,-1,legacy_nominal_12N,A00_legacy,source_surface,5,2615,,,0.65,0.05
fsl_x225_schedule_a00_source5x5_s401_424_20260716_1136_n3-d0-dep4-md512-it144-x1p00-s422-rg0,source_delta_support_process_control,canonical,4,72,64,512,422,144,75497472,524288,16,2048,40,1,L,fsl-x225-schedule-a00-source5x5-s401-424-20260716-1136-n3-d0-dep4-md512-it144-x1p00-s422-rg0,3,0,x225_multisupport_delta_confirmation_source,4,75497472,524288,Fresh measured 5x5 source grid for the sealed x225 multi-support Delta confirmation. Target losses are evaluation-only.,controlled_model_dim_source_prefix_smalln_5x5,29360320.0,29360320.0,0.0,0.162821576719,16,x225_multisupport_full_5x5_collection,,1.305337,40,144,75497472,1.0,physical_full_5x5_collection,3:0,0:0;0:1;0:2;0:3;0:4;1:0;1:1;1:2;1:3;1:4;2:0;2:1;2:2;2:3;2:4;3:0;3:1;3:2;3:3;3:4;4:0;4:1;4:2;4:3;4:4,x225_multisupport_confirmation,paired_train_seed,sealed_evaluation_only,Submit GPU jobs to gpumedium; do not use pilot/gpupilot.,11,400,-1,legacy_nominal_12N,A00_legacy,source_surface,5,2615,,,0.65,0.05
fsl_x225_schedule_a00_source5x5_s401_424_20260716_1136_n3-d1-dep4-md512-it216-x1p00-s422-rg0,source_delta_support_process_control,canonical,4,72,64,512,422,216,113246208,524288,16,2048,40,1,L,fsl-x225-schedule-a00-source5x5-s401-424-20260716-1136-n3-d1-dep4-md512-it216-x1p00-s422-rg0,3,1,x225_multisupport_delta_confirmation_source,4,113246208,524288,Fresh measured 5x5 source grid for the sealed x225 multi-support Delta confirmation. Target losses are evaluation-only.,controlled_model_dim_source_prefix_smalln_5x5,29360320.0,29360320.0,0.0,0.162821576719,17,x225_multisupport_full_5x5_collection,,1.305337,40,216,113246208,1.0,physical_full_5x5_collection,3:1,0:0;0:1;0:2;0:3;0:4;1:0;1:1;1:2;1:3;1:4;2:0;2:1;2:2;2:3;2:4;3:0;3:1;3:2;3:3;3:4;4:0;4:1;4:2;4:3;4:4,x225_multisupport_confirmation,paired_train_seed,sealed_evaluation_only,Submit GPU jobs to gpumedium; do not use pilot/gpupilot.,11,400,-1,legacy_nominal_12N,A00_legacy,source_surface,5,2615,,,0.65,0.05
fsl_x225_schedule_a00_source5x5_s401_424_20260716_1136_n3-d2-dep4-md512-it324-x1p00-s422-rg0,source_delta_support_process_control,canonical,4,72,64,512,422,324,169869312,524288,16,2048,40,1,L,fsl-x225-schedule-a00-source5x5-s401-424-20260716-1136-n3-d2-dep4-md512-it324-x1p00-s422-rg0,3,2,x225_multisupport_delta_confirmation_source,4,169869312,524288,Fresh measured 5x5 source grid for the sealed x225 multi-support Delta confirmation. Target losses are evaluation-only.,controlled_model_dim_source_prefix_smalln_5x5,29360320.0,29360320.0,0.0,0.162821576719,18,x225_multisupport_full_5x5_collection,,1.305337,40,324,169869312,1.0,physical_full_5x5_collection,3:2,0:0;0:1;0:2;0:3;0:4;1:0;1:1;1:2;1:3;1:4;2:0;2:1;2:2;2:3;2:4;3:0;3:1;3:2;3:3;3:4;4:0;4:1;4:2;4:3;4:4,x225_multisupport_confirmation,paired_train_seed,sealed_evaluation_only,Submit GPU jobs to gpumedium; do not use pilot/gpupilot.,11,400,-1,legacy_nominal_12N,A00_legacy,source_surface,5,2615,,,0.65,0.05
fsl_x225_schedule_a00_source5x5_s401_424_20260716_1136_n3-d3-dep4-md512-it486-x1p00-s422-rg0,source_delta_support_process_control,canonical,4,72,64,512,422,486,254803968,524288,16,2048,40,1,L,fsl-x225-schedule-a00-source5x5-s401-424-20260716-1136-n3-d3-dep4-md512-it486-x1p00-s422-rg0,3,3,x225_multisupport_delta_confirmation_source,4,254803968,524288,Fresh measured 5x5 source grid for the sealed x225 multi-support Delta confirmation. Target losses are evaluation-only.,controlled_model_dim_source_prefix_smalln_5x5,29360320.0,29360320.0,0.0,0.162821576719,19,x225_multisupport_full_5x5_collection,,1.305337,40,486,254803968,1.0,physical_full_5x5_collection,3:3,0:0;0:1;0:2;0:3;0:4;1:0;1:1;1:2;1:3;1:4;2:0;2:1;2:2;2:3;2:4;3:0;3:1;3:2;3:3;3:4;4:0;4:1;4:2;4:3;4:4,x225_multisupport_confirmation,paired_train_seed,sealed_evaluation_only,Submit GPU jobs to gpumedium; do not use pilot/gpupilot.,11,400,-1,legacy_nominal_12N,A00_legacy,source_surface,5,2615,,,0.65,0.05
fsl_x225_schedule_a00_source5x5_s401_424_20260716_1136_n3-d4-dep4-md512-it729-x1p00-s422-rg0,source_delta_support_process_control,canonical,4,72,64,512,422,729,382205952,524288,16,2048,40,1,L,fsl-x225-schedule-a00-source5x5-s401-424-20260716-1136-n3-d4-dep4-md512-it729-x1p00-s422-rg0,3,4,x225_multisupport_delta_confirmation_source,4,382205952,524288,Fresh measured 5x5 source grid for the sealed x225 multi-support Delta confirmation. Target losses are evaluation-only.,controlled_model_dim_source_prefix_smalln_5x5,29360320.0,29360320.0,0.0,0.162821576719,20,x225_multisupport_full_5x5_collection,,1.305337,40,729,382205952,1.0,physical_full_5x5_collection,3:4,0:0;0:1;0:2;0:3;0:4;1:0;1:1;1:2;1:3;1:4;2:0;2:1;2:2;2:3;2:4;3:0;3:1;3:2;3:3;3:4;4:0;4:1;4:2;4:3;4:4,x225_multisupport_confirmation,paired_train_seed,sealed_evaluation_only,Submit GPU jobs to gpumedium; do not use pilot/gpupilot.,11,400,-1,legacy_nominal_12N,A00_legacy,source_surface,5,2615,,,0.65,0.05
fsl_x225_schedule_a00_source5x5_s401_424_20260716_1136_n4-d0-dep4-md704-it144-x1p00-s422-rg0,source_delta_support_process_control,canonical,4,72,64,704,422,144,75497472,524288,16,2048,40,1,L,fsl-x225-schedule-a00-source5x5-s401-424-20260716-1136-n4-d0-dep4-md704-it144-x1p00-s422-rg0,4,0,x225_multisupport_delta_confirmation_source,4,75497472,524288,Fresh measured 5x5 source grid for the sealed x225 multi-support Delta confirmation. Target losses are evaluation-only.,controlled_model_dim_source_prefix_smalln_5x5,46858504.0,46858504.0,0.0,0.162821576719,21,x225_multisupport_full_5x5_collection,,1.305337,40,144,75497472,1.0,physical_full_5x5_collection,4:0,0:0;0:1;0:2;0:3;0:4;1:0;1:1;1:2;1:3;1:4;2:0;2:1;2:2;2:3;2:4;3:0;3:1;3:2;3:3;3:4;4:0;4:1;4:2;4:3;4:4,x225_multisupport_confirmation,paired_train_seed,sealed_evaluation_only,Submit GPU jobs to gpumedium; do not use pilot/gpupilot.,11,400,-1,legacy_nominal_12N,A00_legacy,source_surface,5,2615,,,0.65,0.05
fsl_x225_schedule_a00_source5x5_s401_424_20260716_1136_n4-d1-dep4-md704-it216-x1p00-s422-rg0,source_delta_support_process_control,canonical,4,72,64,704,422,216,113246208,524288,16,2048,40,1,L,fsl-x225-schedule-a00-source5x5-s401-424-20260716-1136-n4-d1-dep4-md704-it216-x1p00-s422-rg0,4,1,x225_multisupport_delta_confirmation_source,4,113246208,524288,Fresh measured 5x5 source grid for the sealed x225 multi-support Delta confirmation. Target losses are evaluation-only.,controlled_model_dim_source_prefix_smalln_5x5,46858504.0,46858504.0,0.0,0.162821576719,22,x225_multisupport_full_5x5_collection,,1.305337,40,216,113246208,1.0,physical_full_5x5_collection,4:1,0:0;0:1;0:2;0:3;0:4;1:0;1:1;1:2;1:3;1:4;2:0;2:1;2:2;2:3;2:4;3:0;3:1;3:2;3:3;3:4;4:0;4:1;4:2;4:3;4:4,x225_multisupport_confirmation,paired_train_seed,sealed_evaluation_only,Submit GPU jobs to gpumedium; do not use pilot/gpupilot.,11,400,-1,legacy_nominal_12N,A00_legacy,source_surface,5,2615,,,0.65,0.05
fsl_x225_schedule_a00_source5x5_s401_424_20260716_1136_n4-d2-dep4-md704-it324-x1p00-s422-rg0,source_delta_support_process_control,canonical,4,72,64,704,422,324,169869312,524288,16,2048,40,1,L,fsl-x225-schedule-a00-source5x5-s401-424-20260716-1136-n4-d2-dep4-md704-it324-x1p00-s422-rg0,4,2,x225_multisupport_delta_confirmation_source,4,169869312,524288,Fresh measured 5x5 source grid for the sealed x225 multi-support Delta confirmation. Target losses are evaluation-only.,controlled_model_dim_source_prefix_smalln_5x5,46858504.0,46858504.0,0.0,0.162821576719,23,x225_multisupport_full_5x5_collection,,1.305337,40,324,169869312,1.0,physical_full_5x5_collection,4:2,0:0;0:1;0:2;0:3;0:4;1:0;1:1;1:2;1:3;1:4;2:0;2:1;2:2;2:3;2:4;3:0;3:1;3:2;3:3;3:4;4:0;4:1;4:2;4:3;4:4,x225_multisupport_confirmation,paired_train_seed,sealed_evaluation_only,Submit GPU jobs to gpumedium; do not use pilot/gpupilot.,11,400,-1,legacy_nominal_12N,A00_legacy,source_surface,5,2615,,,0.65,0.05
fsl_x225_schedule_a00_source5x5_s401_424_20260716_1136_n4-d3-dep4-md704-it486-x1p00-s422-rg0,source_delta_support_process_control,canonical,4,72,64,704,422,486,254803968,524288,16,2048,40,1,L,fsl-x225-schedule-a00-source5x5-s401-424-20260716-1136-n4-d3-dep4-md704-it486-x1p00-s422-rg0,4,3,x225_multisupport_delta_confirmation_source,4,254803968,524288,Fresh measured 5x5 source grid for the sealed x225 multi-support Delta confirmation. Target losses are evaluation-only.,controlled_model_dim_source_prefix_smalln_5x5,46858504.0,46858504.0,0.0,0.162821576719,24,x225_multisupport_full_5x5_collection,,1.305337,40,486,254803968,1.0,physical_full_5x5_collection,4:3,0:0;0:1;0:2;0:3;0:4;1:0;1:1;1:2;1:3;1:4;2:0;2:1;2:2;2:3;2:4;3:0;3:1;3:2;3:3;3:4;4:0;4:1;4:2;4:3;4:4,x225_multisupport_confirmation,paired_train_seed,sealed_evaluation_only,Submit GPU jobs to gpumedium; do not use pilot/gpupilot.,11,400,-1,legacy_nominal_12N,A00_legacy,source_surface,5,2615,,,0.65,0.05
fsl_x225_schedule_a00_source5x5_s401_424_20260716_1136_n4-d4-dep4-md704-it729-x1p00-s422-rg0,source_delta_support_process_control,canonical,4,72,64,704,422,729,382205952,524288,16,2048,40,1,L,fsl-x225-schedule-a00-source5x5-s401-424-20260716-1136-n4-d4-dep4-md704-it729-x1p00-s422-rg0,4,4,x225_multisupport_delta_confirmation_source,4,382205952,524288,Fresh measured 5x5 source grid for the sealed x225 multi-support Delta confirmation. Target losses are evaluation-only.,controlled_model_dim_source_prefix_smalln_5x5,46858504.0,46858504.0,0.0,0.162821576719,25,x225_multisupport_full_5x5_collection,,1.305337,40,729,382205952,1.0,physical_full_5x5_collection,4:4,0:0;0:1;0:2;0:3;0:4;1:0;1:1;1:2;1:3;1:4;2:0;2:1;2:2;2:3;2:4;3:0;3:1;3:2;3:3;3:4;4:0;4:1;4:2;4:3;4:4,x225_multisupport_confirmation,paired_train_seed,sealed_evaluation_only,Submit GPU jobs to gpumedium; do not use pilot/gpupilot.,11,400,-1,legacy_nominal_12N,A00_legacy,source_surface,5,2615,,,0.65,0.05
fsl_x225_schedule_a00_source5x5_s401_424_20260716_1136_n0-d0-dep4-md128-it144-x1p00-s423-rg0,source_delta_support_process_control,canonical,4,72,64,128,423,144,75497472,524288,16,2048,40,1,L,fsl-x225-schedule-a00-source5x5-s401-424-20260716-1136-n0-d0-dep4-md128-it144-x1p00-s423-rg0,0,0,x225_multisupport_delta_confirmation_source,4,75497472,524288,Fresh measured 5x5 source grid for the sealed x225 multi-support Delta confirmation. Target losses are evaluation-only.,controlled_model_dim_source_prefix_smalln_5x5,4980784.0,4980784.0,0.0,0.162821576719,1,x225_multisupport_full_5x5_collection,,1.305337,44,144,75497472,1.0,physical_full_5x5_collection,0:0,0:0;0:1;0:2;0:3;0:4;1:0;1:1;1:2;1:3;1:4;2:0;2:1;2:2;2:3;2:4;3:0;3:1;3:2;3:3;3:4;4:0;4:1;4:2;4:3;4:4,x225_multisupport_confirmation,paired_train_seed,sealed_evaluation_only,Submit GPU jobs to gpumedium; do not use pilot/gpupilot.,12,400,-1,legacy_nominal_12N,A00_legacy,source_surface,5,2615,,,0.65,0.05
fsl_x225_schedule_a00_source5x5_s401_424_20260716_1136_n0-d1-dep4-md128-it216-x1p00-s423-rg0,source_delta_support_process_control,canonical,4,72,64,128,423,216,113246208,524288,16,2048,40,1,L,fsl-x225-schedule-a00-source5x5-s401-424-20260716-1136-n0-d1-dep4-md128-it216-x1p00-s423-rg0,0,1,x225_multisupport_delta_confirmation_source,4,113246208,524288,Fresh measured 5x5 source grid for the sealed x225 multi-support Delta confirmation. Target losses are evaluation-only.,controlled_model_dim_source_prefix_smalln_5x5,4980784.0,4980784.0,0.0,0.162821576719,2,x225_multisupport_full_5x5_collection,,1.305337,44,216,113246208,1.0,physical_full_5x5_collection,0:1,0:0;0:1;0:2;0:3;0:4;1:0;1:1;1:2;1:3;1:4;2:0;2:1;2:2;2:3;2:4;3:0;3:1;3:2;3:3;3:4;4:0;4:1;4:2;4:3;4:4,x225_multisupport_confirmation,paired_train_seed,sealed_evaluation_only,Submit GPU jobs to gpumedium; do not use pilot/gpupilot.,12,400,-1,legacy_nominal_12N,A00_legacy,source_surface,5,2615,,,0.65,0.05
fsl_x225_schedule_a00_source5x5_s401_424_20260716_1136_n0-d2-dep4-md128-it324-x1p00-s423-rg0,source_delta_support_process_control,canonical,4,72,64,128,423,324,169869312,524288,16,2048,40,1,L,fsl-x225-schedule-a00-source5x5-s401-424-20260716-1136-n0-d2-dep4-md128-it324-x1p00-s423-rg0,0,2,x225_multisupport_delta_confirmation_source,4,169869312,524288,Fresh measured 5x5 source grid for the sealed x225 multi-support Delta confirmation. Target losses are evaluation-only.,controlled_model_dim_source_prefix_smalln_5x5,4980784.0,4980784.0,0.0,0.162821576719,3,x225_multisupport_full_5x5_collection,,1.305337,44,324,169869312,1.0,physical_full_5x5_collection,0:2,0:0;0:1;0:2;0:3;0:4;1:0;1:1;1:2;1:3;1:4;2:0;2:1;2:2;2:3;2:4;3:0;3:1;3:2;3:3;3:4;4:0;4:1;4:2;4:3;4:4,x225_multisupport_confirmation,paired_train_seed,sealed_evaluation_only,Submit GPU jobs to gpumedium; do not use pilot/gpupilot.,12,400,-1,legacy_nominal_12N,A00_legacy,source_surface,5,2615,,,0.65,0.05
fsl_x225_schedule_a00_source5x5_s401_424_20260716_1136_n0-d3-dep4-md128-it486-x1p00-s423-rg0,source_delta_support_process_control,canonical,4,72,64,128,423,486,254803968,524288,16,2048,40,1,L,fsl-x225-schedule-a00-source5x5-s401-424-20260716-1136-n0-d3-dep4-md128-it486-x1p00-s423-rg0,0,3,x225_multisupport_delta_confirmation_source,4,254803968,524288,Fresh measured 5x5 source grid for the sealed x225 multi-support Delta confirmation. Target losses are evaluation-only.,controlled_model_dim_source_prefix_smalln_5x5,4980784.0,4980784.0,0.0,0.162821576719,4,x225_multisupport_full_5x5_collection,,1.305337,44,486,254803968,1.0,physical_full_5x5_collection,0:3,0:0;0:1;0:2;0:3;0:4;1:0;1:1;1:2;1:3;1:4;2:0;2:1;2:2;2:3;2:4;3:0;3:1;3:2;3:3;3:4;4:0;4:1;4:2;4:3;4:4,x225_multisupport_confirmation,paired_train_seed,sealed_evaluation_only,Submit GPU jobs to gpumedium; do not use pilot/gpupilot.,12,400,-1,legacy_nominal_12N,A00_legacy,source_surface,5,2615,,,0.65,0.05
fsl_x225_schedule_a00_source5x5_s401_424_20260716_1136_n0-d4-dep4-md128-it729-x1p00-s423-rg0,source_delta_support_process_control,canonical,4,72,64,128,423,729,382205952,524288,16,2048,40,1,L,fsl-x225-schedule-a00-source5x5-s401-424-20260716-1136-n0-d4-dep4-md128-it729-x1p00-s423-rg0,0,4,x225_multisupport_delta_confirmation_source,4,382205952,524288,Fresh measured 5x5 source grid for the sealed x225 multi-support Delta confirmation. Target losses are evaluation-only.,controlled_model_dim_source_prefix_smalln_5x5,4980784.0,4980784.0,0.0,0.162821576719,5,x225_multisupport_full_5x5_collection,,1.305337,44,729,382205952,1.0,physical_full_5x5_collection,0:4,0:0;0:1;0:2;0:3;0:4;1:0;1:1;1:2;1:3;1:4;2:0;2:1;2:2;2:3;2:4;3:0;3:1;3:2;3:3;3:4;4:0;4:1;4:2;4:3;4:4,x225_multisupport_confirmation,paired_train_seed,sealed_evaluation_only,Submit GPU jobs to gpumedium; do not use pilot/gpupilot.,12,400,-1,legacy_nominal_12N,A00_legacy,source_surface,5,2615,,,0.65,0.05
fsl_x225_schedule_a00_source5x5_s401_424_20260716_1136_n1-d0-dep4-md192-it144-x1p00-s423-rg0,source_delta_support_process_control,canonical,4,72,64,192,423,144,75497472,524288,16,2048,40,1,L,fsl-x225-schedule-a00-source5x5-s401-424-20260716-1136-n1-d0-dep4-md192-it144-x1p00-s423-rg0,1,0,x225_multisupport_delta_confirmation_source,4,75497472,524288,Fresh measured 5x5 source grid for the sealed x225 multi-support Delta confirmation. Target losses are evaluation-only.,controlled_model_dim_source_prefix_smalln_5x5,8061000.0,8061000.0,0.0,0.162821576719,6,x225_multisupport_full_5x5_collection,,1.305337,44,144,75497472,1.0,physical_full_5x5_collection,1:0,0:0;0:1;0:2;0:3;0:4;1:0;1:1;1:2;1:3;1:4;2:0;2:1;2:2;2:3;2:4;3:0;3:1;3:2;3:3;3:4;4:0;4:1;4:2;4:3;4:4,x225_multisupport_confirmation,paired_train_seed,sealed_evaluation_only,Submit GPU jobs to gpumedium; do not use pilot/gpupilot.,12,400,-1,legacy_nominal_12N,A00_legacy,source_surface,5,2615,,,0.65,0.05
fsl_x225_schedule_a00_source5x5_s401_424_20260716_1136_n1-d1-dep4-md192-it216-x1p00-s423-rg0,source_delta_support_process_control,canonical,4,72,64,192,423,216,113246208,524288,16,2048,40,1,L,fsl-x225-schedule-a00-source5x5-s401-424-20260716-1136-n1-d1-dep4-md192-it216-x1p00-s423-rg0,1,1,x225_multisupport_delta_confirmation_source,4,113246208,524288,Fresh measured 5x5 source grid for the sealed x225 multi-support Delta confirmation. Target losses are evaluation-only.,controlled_model_dim_source_prefix_smalln_5x5,8061000.0,8061000.0,0.0,0.162821576719,7,x225_multisupport_full_5x5_collection,,1.305337,44,216,113246208,1.0,physical_full_5x5_collection,1:1,0:0;0:1;0:2;0:3;0:4;1:0;1:1;1:2;1:3;1:4;2:0;2:1;2:2;2:3;2:4;3:0;3:1;3:2;3:3;3:4;4:0;4:1;4:2;4:3;4:4,x225_multisupport_confirmation,paired_train_seed,sealed_evaluation_only,Submit GPU jobs to gpumedium; do not use pilot/gpupilot.,12,400,-1,legacy_nominal_12N,A00_legacy,source_surface,5,2615,,,0.65,0.05
fsl_x225_schedule_a00_source5x5_s401_424_20260716_1136_n1-d2-dep4-md192-it324-x1p00-s423-rg0,source_delta_support_process_control,canonical,4,72,64,192,423,324,169869312,524288,16,2048,40,1,L,fsl-x225-schedule-a00-source5x5-s401-424-20260716-1136-n1-d2-dep4-md192-it324-x1p00-s423-rg0,1,2,x225_multisupport_delta_confirmation_source,4,169869312,524288,Fresh measured 5x5 source grid for the sealed x225 multi-support Delta confirmation. Target losses are evaluation-only.,controlled_model_dim_source_prefix_smalln_5x5,8061000.0,8061000.0,0.0,0.162821576719,8,x225_multisupport_full_5x5_collection,,1.305337,44,324,169869312,1.0,physical_full_5x5_collection,1:2,0:0;0:1;0:2;0:3;0:4;1:0;1:1;1:2;1:3;1:4;2:0;2:1;2:2;2:3;2:4;3:0;3:1;3:2;3:3;3:4;4:0;4:1;4:2;4:3;4:4,x225_multisupport_confirmation,paired_train_seed,sealed_evaluation_only,Submit GPU jobs to gpumedium; do not use pilot/gpupilot.,12,400,-1,legacy_nominal_12N,A00_legacy,source_surface,5,2615,,,0.65,0.05
fsl_x225_schedule_a00_source5x5_s401_424_20260716_1136_n1-d3-dep4-md192-it486-x1p00-s423-rg0,source_delta_support_process_control,canonical,4,72,64,192,423,486,254803968,524288,16,2048,40,1,L,fsl-x225-schedule-a00-source5x5-s401-424-20260716-1136-n1-d3-dep4-md192-it486-x1p00-s423-rg0,1,3,x225_multisupport_delta_confirmation_source,4,254803968,524288,Fresh measured 5x5 source grid for the sealed x225 multi-support Delta confirmation. Target losses are evaluation-only.,controlled_model_dim_source_prefix_smalln_5x5,8061000.0,8061000.0,0.0,0.162821576719,9,x225_multisupport_full_5x5_collection,,1.305337,44,486,254803968,1.0,physical_full_5x5_collection,1:3,0:0;0:1;0:2;0:3;0:4;1:0;1:1;1:2;1:3;1:4;2:0;2:1;2:2;2:3;2:4;3:0;3:1;3:2;3:3;3:4;4:0;4:1;4:2;4:3;4:4,x225_multisupport_confirmation,paired_train_seed,sealed_evaluation_only,Submit GPU jobs to gpumedium; do not use pilot/gpupilot.,12,400,-1,legacy_nominal_12N,A00_legacy,source_surface,5,2615,,,0.65,0.05
fsl_x225_schedule_a00_source5x5_s401_424_20260716_1136_n1-d4-dep4-md192-it729-x1p00-s423-rg0,source_delta_support_process_control,canonical,4,72,64,192,423,729,382205952,524288,16,2048,40,1,L,fsl-x225-schedule-a00-source5x5-s401-424-20260716-1136-n1-d4-dep4-md192-it729-x1p00-s423-rg0,1,4,x225_multisupport_delta_confirmation_source,4,382205952,524288,Fresh measured 5x5 source grid for the sealed x225 multi-support Delta confirmation. Target losses are evaluation-only.,controlled_model_dim_source_prefix_smalln_5x5,8061000.0,8061000.0,0.0,0.162821576719,10,x225_multisupport_full_5x5_collection,,1.305337,44,729,382205952,1.0,physical_full_5x5_collection,1:4,0:0;0:1;0:2;0:3;0:4;1:0;1:1;1:2;1:3;1:4;2:0;2:1;2:2;2:3;2:4;3:0;3:1;3:2;3:3;3:4;4:0;4:1;4:2;4:3;4:4,x225_multisupport_confirmation,paired_train_seed,sealed_evaluation_only,Submit GPU jobs to gpumedium; do not use pilot/gpupilot.,12,400,-1,legacy_nominal_12N,A00_legacy,source_surface,5,2615,,,0.65,0.05
fsl_x225_schedule_a00_source5x5_s401_424_20260716_1136_n2-d0-dep4-md320-it144-x1p00-s423-rg0,source_delta_support_process_control,canonical,4,72,64,320,423,144,75497472,524288,16,2048,40,1,L,fsl-x225-schedule-a00-source5x5-s401-424-20260716-1136-n2-d0-dep4-md320-it144-x1p00-s423-rg0,2,0,x225_multisupport_delta_confirmation_source,4,75497472,524288,Fresh measured 5x5 source grid for the sealed x225 multi-support Delta confirmation. Target losses are evaluation-only.,controlled_model_dim_source_prefix_smalln_5x5,15401080.0,15401080.0,0.0,0.162821576719,11,x225_multisupport_full_5x5_collection,,1.305337,44,144,75497472,1.0,physical_full_5x5_collection,2:0,0:0;0:1;0:2;0:3;0:4;1:0;1:1;1:2;1:3;1:4;2:0;2:1;2:2;2:3;2:4;3:0;3:1;3:2;3:3;3:4;4:0;4:1;4:2;4:3;4:4,x225_multisupport_confirmation,paired_train_seed,sealed_evaluation_only,Submit GPU jobs to gpumedium; do not use pilot/gpupilot.,12,400,-1,legacy_nominal_12N,A00_legacy,source_surface,5,2615,,,0.65,0.05
fsl_x225_schedule_a00_source5x5_s401_424_20260716_1136_n2-d1-dep4-md320-it216-x1p00-s423-rg0,source_delta_support_process_control,canonical,4,72,64,320,423,216,113246208,524288,16,2048,40,1,L,fsl-x225-schedule-a00-source5x5-s401-424-20260716-1136-n2-d1-dep4-md320-it216-x1p00-s423-rg0,2,1,x225_multisupport_delta_confirmation_source,4,113246208,524288,Fresh measured 5x5 source grid for the sealed x225 multi-support Delta confirmation. Target losses are evaluation-only.,controlled_model_dim_source_prefix_smalln_5x5,15401080.0,15401080.0,0.0,0.162821576719,12,x225_multisupport_full_5x5_collection,,1.305337,44,216,113246208,1.0,physical_full_5x5_collection,2:1,0:0;0:1;0:2;0:3;0:4;1:0;1:1;1:2;1:3;1:4;2:0;2:1;2:2;2:3;2:4;3:0;3:1;3:2;3:3;3:4;4:0;4:1;4:2;4:3;4:4,x225_multisupport_confirmation,paired_train_seed,sealed_evaluation_only,Submit GPU jobs to gpumedium; do not use pilot/gpupilot.,12,400,-1,legacy_nominal_12N,A00_legacy,source_surface,5,2615,,,0.65,0.05
fsl_x225_schedule_a00_source5x5_s401_424_20260716_1136_n2-d2-dep4-md320-it324-x1p00-s423-rg0,source_delta_support_process_control,canonical,4,72,64,320,423,324,169869312,524288,16,2048,40,1,L,fsl-x225-schedule-a00-source5x5-s401-424-20260716-1136-n2-d2-dep4-md320-it324-x1p00-s423-rg0,2,2,x225_multisupport_delta_confirmation_source,4,169869312,524288,Fresh measured 5x5 source grid for the sealed x225 multi-support Delta confirmation. Target losses are evaluation-only.,controlled_model_dim_source_prefix_smalln_5x5,15401080.0,15401080.0,0.0,0.162821576719,13,x225_multisupport_full_5x5_collection,,1.305337,44,324,169869312,1.0,physical_full_5x5_collection,2:2,0:0;0:1;0:2;0:3;0:4;1:0;1:1;1:2;1:3;1:4;2:0;2:1;2:2;2:3;2:4;3:0;3:1;3:2;3:3;3:4;4:0;4:1;4:2;4:3;4:4,x225_multisupport_confirmation,paired_train_seed,sealed_evaluation_only,Submit GPU jobs to gpumedium; do not use pilot/gpupilot.,12,400,-1,legacy_nominal_12N,A00_legacy,source_surface,5,2615,,,0.65,0.05
fsl_x225_schedule_a00_source5x5_s401_424_20260716_1136_n2-d3-dep4-md320-it486-x1p00-s423-rg0,source_delta_support_process_control,canonical,4,72,64,320,423,486,254803968,524288,16,2048,40,1,L,fsl-x225-schedule-a00-source5x5-s401-424-20260716-1136-n2-d3-dep4-md320-it486-x1p00-s423-rg0,2,3,x225_multisupport_delta_confirmation_source,4,254803968,524288,Fresh measured 5x5 source grid for the sealed x225 multi-support Delta confirmation. Target losses are evaluation-only.,controlled_model_dim_source_prefix_smalln_5x5,15401080.0,15401080.0,0.0,0.162821576719,14,x225_multisupport_full_5x5_collection,,1.305337,44,486,254803968,1.0,physical_full_5x5_collection,2:3,0:0;0:1;0:2;0:3;0:4;1:0;1:1;1:2;1:3;1:4;2:0;2:1;2:2;2:3;2:4;3:0;3:1;3:2;3:3;3:4;4:0;4:1;4:2;4:3;4:4,x225_multisupport_confirmation,paired_train_seed,sealed_evaluation_only,Submit GPU jobs to gpumedium; do not use pilot/gpupilot.,12,400,-1,legacy_nominal_12N,A00_legacy,source_surface,5,2615,,,0.65,0.05
fsl_x225_schedule_a00_source5x5_s401_424_20260716_1136_n2-d4-dep4-md320-it729-x1p00-s423-rg0,source_delta_support_process_control,canonical,4,72,64,320,423,729,382205952,524288,16,2048,40,1,L,fsl-x225-schedule-a00-source5x5-s401-424-20260716-1136-n2-d4-dep4-md320-it729-x1p00-s423-rg0,2,4,x225_multisupport_delta_confirmation_source,4,382205952,524288,Fresh measured 5x5 source grid for the sealed x225 multi-support Delta confirmation. Target losses are evaluation-only.,controlled_model_dim_source_prefix_smalln_5x5,15401080.0,15401080.0,0.0,0.162821576719,15,x225_multisupport_full_5x5_collection,,1.305337,44,729,382205952,1.0,physical_full_5x5_collection,2:4,0:0;0:1;0:2;0:3;0:4;1:0;1:1;1:2;1:3;1:4;2:0;2:1;2:2;2:3;2:4;3:0;3:1;3:2;3:3;3:4;4:0;4:1;4:2;4:3;4:4,x225_multisupport_confirmation,paired_train_seed,sealed_evaluation_only,Submit GPU jobs to gpumedium; do not use pilot/gpupilot.,12,400,-1,legacy_nominal_12N,A00_legacy,source_surface,5,2615,,,0.65,0.05
fsl_x225_schedule_a00_source5x5_s401_424_20260716_1136_n3-d0-dep4-md512-it144-x1p00-s423-rg0,source_delta_support_process_control,canonical,4,72,64,512,423,144,75497472,524288,16,2048,40,1,L,fsl-x225-schedule-a00-source5x5-s401-424-20260716-1136-n3-d0-dep4-md512-it144-x1p00-s423-rg0,3,0,x225_multisupport_delta_confirmation_source,4,75497472,524288,Fresh measured 5x5 source grid for the sealed x225 multi-support Delta confirmation. Target losses are evaluation-only.,controlled_model_dim_source_prefix_smalln_5x5,29360320.0,29360320.0,0.0,0.162821576719,16,x225_multisupport_full_5x5_collection,,1.305337,44,144,75497472,1.0,physical_full_5x5_collection,3:0,0:0;0:1;0:2;0:3;0:4;1:0;1:1;1:2;1:3;1:4;2:0;2:1;2:2;2:3;2:4;3:0;3:1;3:2;3:3;3:4;4:0;4:1;4:2;4:3;4:4,x225_multisupport_confirmation,paired_train_seed,sealed_evaluation_only,Submit GPU jobs to gpumedium; do not use pilot/gpupilot.,12,400,-1,legacy_nominal_12N,A00_legacy,source_surface,5,2615,,,0.65,0.05
fsl_x225_schedule_a00_source5x5_s401_424_20260716_1136_n3-d1-dep4-md512-it216-x1p00-s423-rg0,source_delta_support_process_control,canonical,4,72,64,512,423,216,113246208,524288,16,2048,40,1,L,fsl-x225-schedule-a00-source5x5-s401-424-20260716-1136-n3-d1-dep4-md512-it216-x1p00-s423-rg0,3,1,x225_multisupport_delta_confirmation_source,4,113246208,524288,Fresh measured 5x5 source grid for the sealed x225 multi-support Delta confirmation. Target losses are evaluation-only.,controlled_model_dim_source_prefix_smalln_5x5,29360320.0,29360320.0,0.0,0.162821576719,17,x225_multisupport_full_5x5_collection,,1.305337,44,216,113246208,1.0,physical_full_5x5_collection,3:1,0:0;0:1;0:2;0:3;0:4;1:0;1:1;1:2;1:3;1:4;2:0;2:1;2:2;2:3;2:4;3:0;3:1;3:2;3:3;3:4;4:0;4:1;4:2;4:3;4:4,x225_multisupport_confirmation,paired_train_seed,sealed_evaluation_only,Submit GPU jobs to gpumedium; do not use pilot/gpupilot.,12,400,-1,legacy_nominal_12N,A00_legacy,source_surface,5,2615,,,0.65,0.05
fsl_x225_schedule_a00_source5x5_s401_424_20260716_1136_n3-d2-dep4-md512-it324-x1p00-s423-rg0,source_delta_support_process_control,canonical,4,72,64,512,423,324,169869312,524288,16,2048,40,1,L,fsl-x225-schedule-a00-source5x5-s401-424-20260716-1136-n3-d2-dep4-md512-it324-x1p00-s423-rg0,3,2,x225_multisupport_delta_confirmation_source,4,169869312,524288,Fresh measured 5x5 source grid for the sealed x225 multi-support Delta confirmation. Target losses are evaluation-only.,controlled_model_dim_source_prefix_smalln_5x5,29360320.0,29360320.0,0.0,0.162821576719,18,x225_multisupport_full_5x5_collection,,1.305337,44,324,169869312,1.0,physical_full_5x5_collection,3:2,0:0;0:1;0:2;0:3;0:4;1:0;1:1;1:2;1:3;1:4;2:0;2:1;2:2;2:3;2:4;3:0;3:1;3:2;3:3;3:4;4:0;4:1;4:2;4:3;4:4,x225_multisupport_confirmation,paired_train_seed,sealed_evaluation_only,Submit GPU jobs to gpumedium; do not use pilot/gpupilot.,12,400,-1,legacy_nominal_12N,A00_legacy,source_surface,5,2615,,,0.65,0.05
fsl_x225_schedule_a00_source5x5_s401_424_20260716_1136_n3-d3-dep4-md512-it486-x1p00-s423-rg0,source_delta_support_process_control,canonical,4,72,64,512,423,486,254803968,524288,16,2048,40,1,L,fsl-x225-schedule-a00-source5x5-s401-424-20260716-1136-n3-d3-dep4-md512-it486-x1p00-s423-rg0,3,3,x225_multisupport_delta_confirmation_source,4,254803968,524288,Fresh measured 5x5 source grid for the sealed x225 multi-support Delta confirmation. Target losses are evaluation-only.,controlled_model_dim_source_prefix_smalln_5x5,29360320.0,29360320.0,0.0,0.162821576719,19,x225_multisupport_full_5x5_collection,,1.305337,44,486,254803968,1.0,physical_full_5x5_collection,3:3,0:0;0:1;0:2;0:3;0:4;1:0;1:1;1:2;1:3;1:4;2:0;2:1;2:2;2:3;2:4;3:0;3:1;3:2;3:3;3:4;4:0;4:1;4:2;4:3;4:4,x225_multisupport_confirmation,paired_train_seed,sealed_evaluation_only,Submit GPU jobs to gpumedium; do not use pilot/gpupilot.,12,400,-1,legacy_nominal_12N,A00_legacy,source_surface,5,2615,,,0.65,0.05
fsl_x225_schedule_a00_source5x5_s401_424_20260716_1136_n3-d4-dep4-md512-it729-x1p00-s423-rg0,source_delta_support_process_control,canonical,4,72,64,512,423,729,382205952,524288,16,2048,40,1,L,fsl-x225-schedule-a00-source5x5-s401-424-20260716-1136-n3-d4-dep4-md512-it729-x1p00-s423-rg0,3,4,x225_multisupport_delta_confirmation_source,4,382205952,524288,Fresh measured 5x5 source grid for the sealed x225 multi-support Delta confirmation. Target losses are evaluation-only.,controlled_model_dim_source_prefix_smalln_5x5,29360320.0,29360320.0,0.0,0.162821576719,20,x225_multisupport_full_5x5_collection,,1.305337,44,729,382205952,1.0,physical_full_5x5_collection,3:4,0:0;0:1;0:2;0:3;0:4;1:0;1:1;1:2;1:3;1:4;2:0;2:1;2:2;2:3;2:4;3:0;3:1;3:2;3:3;3:4;4:0;4:1;4:2;4:3;4:4,x225_multisupport_confirmation,paired_train_seed,sealed_evaluation_only,Submit GPU jobs to gpumedium; do not use pilot/gpupilot.,12,400,-1,legacy_nominal_12N,A00_legacy,source_surface,5,2615,,,0.65,0.05
fsl_x225_schedule_a00_source5x5_s401_424_20260716_1136_n4-d0-dep4-md704-it144-x1p00-s423-rg0,source_delta_support_process_control,canonical,4,72,64,704,423,144,75497472,524288,16,2048,40,1,L,fsl-x225-schedule-a00-source5x5-s401-424-20260716-1136-n4-d0-dep4-md704-it144-x1p00-s423-rg0,4,0,x225_multisupport_delta_confirmation_source,4,75497472,524288,Fresh measured 5x5 source grid for the sealed x225 multi-support Delta confirmation. Target losses are evaluation-only.,controlled_model_dim_source_prefix_smalln_5x5,46858504.0,46858504.0,0.0,0.162821576719,21,x225_multisupport_full_5x5_collection,,1.305337,44,144,75497472,1.0,physical_full_5x5_collection,4:0,0:0;0:1;0:2;0:3;0:4;1:0;1:1;1:2;1:3;1:4;2:0;2:1;2:2;2:3;2:4;3:0;3:1;3:2;3:3;3:4;4:0;4:1;4:2;4:3;4:4,x225_multisupport_confirmation,paired_train_seed,sealed_evaluation_only,Submit GPU jobs to gpumedium; do not use pilot/gpupilot.,12,400,-1,legacy_nominal_12N,A00_legacy,source_surface,5,2615,,,0.65,0.05
fsl_x225_schedule_a00_source5x5_s401_424_20260716_1136_n4-d1-dep4-md704-it216-x1p00-s423-rg0,source_delta_support_process_control,canonical,4,72,64,704,423,216,113246208,524288,16,2048,40,1,L,fsl-x225-schedule-a00-source5x5-s401-424-20260716-1136-n4-d1-dep4-md704-it216-x1p00-s423-rg0,4,1,x225_multisupport_delta_confirmation_source,4,113246208,524288,Fresh measured 5x5 source grid for the sealed x225 multi-support Delta confirmation. Target losses are evaluation-only.,controlled_model_dim_source_prefix_smalln_5x5,46858504.0,46858504.0,0.0,0.162821576719,22,x225_multisupport_full_5x5_collection,,1.305337,44,216,113246208,1.0,physical_full_5x5_collection,4:1,0:0;0:1;0:2;0:3;0:4;1:0;1:1;1:2;1:3;1:4;2:0;2:1;2:2;2:3;2:4;3:0;3:1;3:2;3:3;3:4;4:0;4:1;4:2;4:3;4:4,x225_multisupport_confirmation,paired_train_seed,sealed_evaluation_only,Submit GPU jobs to gpumedium; do not use pilot/gpupilot.,12,400,-1,legacy_nominal_12N,A00_legacy,source_surface,5,2615,,,0.65,0.05
fsl_x225_schedule_a00_source5x5_s401_424_20260716_1136_n4-d2-dep4-md704-it324-x1p00-s423-rg0,source_delta_support_process_control,canonical,4,72,64,704,423,324,169869312,524288,16,2048,40,1,L,fsl-x225-schedule-a00-source5x5-s401-424-20260716-1136-n4-d2-dep4-md704-it324-x1p00-s423-rg0,4,2,x225_multisupport_delta_confirmation_source,4,169869312,524288,Fresh measured 5x5 source grid for the sealed x225 multi-support Delta confirmation. Target losses are evaluation-only.,controlled_model_dim_source_prefix_smalln_5x5,46858504.0,46858504.0,0.0,0.162821576719,23,x225_multisupport_full_5x5_collection,,1.305337,44,324,169869312,1.0,physical_full_5x5_collection,4:2,0:0;0:1;0:2;0:3;0:4;1:0;1:1;1:2;1:3;1:4;2:0;2:1;2:2;2:3;2:4;3:0;3:1;3:2;3:3;3:4;4:0;4:1;4:2;4:3;4:4,x225_multisupport_confirmation,paired_train_seed,sealed_evaluation_only,Submit GPU jobs to gpumedium; do not use pilot/gpupilot.,12,400,-1,legacy_nominal_12N,A00_legacy,source_surface,5,2615,,,0.65,0.05
fsl_x225_schedule_a00_source5x5_s401_424_20260716_1136_n4-d3-dep4-md704-it486-x1p00-s423-rg0,source_delta_support_process_control,canonical,4,72,64,704,423,486,254803968,524288,16,2048,40,1,L,fsl-x225-schedule-a00-source5x5-s401-424-20260716-1136-n4-d3-dep4-md704-it486-x1p00-s423-rg0,4,3,x225_multisupport_delta_confirmation_source,4,254803968,524288,Fresh measured 5x5 source grid for the sealed x225 multi-support Delta confirmation. Target losses are evaluation-only.,controlled_model_dim_source_prefix_smalln_5x5,46858504.0,46858504.0,0.0,0.162821576719,24,x225_multisupport_full_5x5_collection,,1.305337,44,486,254803968,1.0,physical_full_5x5_collection,4:3,0:0;0:1;0:2;0:3;0:4;1:0;1:1;1:2;1:3;1:4;2:0;2:1;2:2;2:3;2:4;3:0;3:1;3:2;3:3;3:4;4:0;4:1;4:2;4:3;4:4,x225_multisupport_confirmation,paired_train_seed,sealed_evaluation_only,Submit GPU jobs to gpumedium; do not use pilot/gpupilot.,12,400,-1,legacy_nominal_12N,A00_legacy,source_surface,5,2615,,,0.65,0.05
fsl_x225_schedule_a00_source5x5_s401_424_20260716_1136_n4-d4-dep4-md704-it729-x1p00-s423-rg0,source_delta_support_process_control,canonical,4,72,64,704,423,729,382205952,524288,16,2048,40,1,L,fsl-x225-schedule-a00-source5x5-s401-424-20260716-1136-n4-d4-dep4-md704-it729-x1p00-s423-rg0,4,4,x225_multisupport_delta_confirmation_source,4,382205952,524288,Fresh measured 5x5 source grid for the sealed x225 multi-support Delta confirmation. Target losses are evaluation-only.,controlled_model_dim_source_prefix_smalln_5x5,46858504.0,46858504.0,0.0,0.162821576719,25,x225_multisupport_full_5x5_collection,,1.305337,44,729,382205952,1.0,physical_full_5x5_collection,4:4,0:0;0:1;0:2;0:3;0:4;1:0;1:1;1:2;1:3;1:4;2:0;2:1;2:2;2:3;2:4;3:0;3:1;3:2;3:3;3:4;4:0;4:1;4:2;4:3;4:4,x225_multisupport_confirmation,paired_train_seed,sealed_evaluation_only,Submit GPU jobs to gpumedium; do not use pilot/gpupilot.,12,400,-1,legacy_nominal_12N,A00_legacy,source_surface,5,2615,,,0.65,0.05
fsl_x225_schedule_a00_source5x5_s401_424_20260716_1136_n0-d0-dep4-md128-it144-x1p00-s424-rg0,source_delta_support_process_control,canonical,4,72,64,128,424,144,75497472,524288,16,2048,40,1,L,fsl-x225-schedule-a00-source5x5-s401-424-20260716-1136-n0-d0-dep4-md128-it144-x1p00-s424-rg0,0,0,x225_multisupport_delta_confirmation_source,4,75497472,524288,Fresh measured 5x5 source grid for the sealed x225 multi-support Delta confirmation. Target losses are evaluation-only.,controlled_model_dim_source_prefix_smalln_5x5,4980784.0,4980784.0,0.0,0.162821576719,1,x225_multisupport_full_5x5_collection,,1.305337,44,144,75497472,1.0,physical_full_5x5_collection,0:0,0:0;0:1;0:2;0:3;0:4;1:0;1:1;1:2;1:3;1:4;2:0;2:1;2:2;2:3;2:4;3:0;3:1;3:2;3:3;3:4;4:0;4:1;4:2;4:3;4:4,x225_multisupport_confirmation,paired_train_seed,sealed_evaluation_only,Submit GPU jobs to gpumedium; do not use pilot/gpupilot.,12,400,-1,legacy_nominal_12N,A00_legacy,source_surface,5,2615,,,0.65,0.05
fsl_x225_schedule_a00_source5x5_s401_424_20260716_1136_n0-d1-dep4-md128-it216-x1p00-s424-rg0,source_delta_support_process_control,canonical,4,72,64,128,424,216,113246208,524288,16,2048,40,1,L,fsl-x225-schedule-a00-source5x5-s401-424-20260716-1136-n0-d1-dep4-md128-it216-x1p00-s424-rg0,0,1,x225_multisupport_delta_confirmation_source,4,113246208,524288,Fresh measured 5x5 source grid for the sealed x225 multi-support Delta confirmation. Target losses are evaluation-only.,controlled_model_dim_source_prefix_smalln_5x5,4980784.0,4980784.0,0.0,0.162821576719,2,x225_multisupport_full_5x5_collection,,1.305337,44,216,113246208,1.0,physical_full_5x5_collection,0:1,0:0;0:1;0:2;0:3;0:4;1:0;1:1;1:2;1:3;1:4;2:0;2:1;2:2;2:3;2:4;3:0;3:1;3:2;3:3;3:4;4:0;4:1;4:2;4:3;4:4,x225_multisupport_confirmation,paired_train_seed,sealed_evaluation_only,Submit GPU jobs to gpumedium; do not use pilot/gpupilot.,12,400,-1,legacy_nominal_12N,A00_legacy,source_surface,5,2615,,,0.65,0.05
fsl_x225_schedule_a00_source5x5_s401_424_20260716_1136_n0-d2-dep4-md128-it324-x1p00-s424-rg0,source_delta_support_process_control,canonical,4,72,64,128,424,324,169869312,524288,16,2048,40,1,L,fsl-x225-schedule-a00-source5x5-s401-424-20260716-1136-n0-d2-dep4-md128-it324-x1p00-s424-rg0,0,2,x225_multisupport_delta_confirmation_source,4,169869312,524288,Fresh measured 5x5 source grid for the sealed x225 multi-support Delta confirmation. Target losses are evaluation-only.,controlled_model_dim_source_prefix_smalln_5x5,4980784.0,4980784.0,0.0,0.162821576719,3,x225_multisupport_full_5x5_collection,,1.305337,44,324,169869312,1.0,physical_full_5x5_collection,0:2,0:0;0:1;0:2;0:3;0:4;1:0;1:1;1:2;1:3;1:4;2:0;2:1;2:2;2:3;2:4;3:0;3:1;3:2;3:3;3:4;4:0;4:1;4:2;4:3;4:4,x225_multisupport_confirmation,paired_train_seed,sealed_evaluation_only,Submit GPU jobs to gpumedium; do not use pilot/gpupilot.,12,400,-1,legacy_nominal_12N,A00_legacy,source_surface,5,2615,,,0.65,0.05
fsl_x225_schedule_a00_source5x5_s401_424_20260716_1136_n0-d3-dep4-md128-it486-x1p00-s424-rg0,source_delta_support_process_control,canonical,4,72,64,128,424,486,254803968,524288,16,2048,40,1,L,fsl-x225-schedule-a00-source5x5-s401-424-20260716-1136-n0-d3-dep4-md128-it486-x1p00-s424-rg0,0,3,x225_multisupport_delta_confirmation_source,4,254803968,524288,Fresh measured 5x5 source grid for the sealed x225 multi-support Delta confirmation. Target losses are evaluation-only.,controlled_model_dim_source_prefix_smalln_5x5,4980784.0,4980784.0,0.0,0.162821576719,4,x225_multisupport_full_5x5_collection,,1.305337,44,486,254803968,1.0,physical_full_5x5_collection,0:3,0:0;0:1;0:2;0:3;0:4;1:0;1:1;1:2;1:3;1:4;2:0;2:1;2:2;2:3;2:4;3:0;3:1;3:2;3:3;3:4;4:0;4:1;4:2;4:3;4:4,x225_multisupport_confirmation,paired_train_seed,sealed_evaluation_only,Submit GPU jobs to gpumedium; do not use pilot/gpupilot.,12,400,-1,legacy_nominal_12N,A00_legacy,source_surface,5,2615,,,0.65,0.05
fsl_x225_schedule_a00_source5x5_s401_424_20260716_1136_n0-d4-dep4-md128-it729-x1p00-s424-rg0,source_delta_support_process_control,canonical,4,72,64,128,424,729,382205952,524288,16,2048,40,1,L,fsl-x225-schedule-a00-source5x5-s401-424-20260716-1136-n0-d4-dep4-md128-it729-x1p00-s424-rg0,0,4,x225_multisupport_delta_confirmation_source,4,382205952,524288,Fresh measured 5x5 source grid for the sealed x225 multi-support Delta confirmation. Target losses are evaluation-only.,controlled_model_dim_source_prefix_smalln_5x5,4980784.0,4980784.0,0.0,0.162821576719,5,x225_multisupport_full_5x5_collection,,1.305337,44,729,382205952,1.0,physical_full_5x5_collection,0:4,0:0;0:1;0:2;0:3;0:4;1:0;1:1;1:2;1:3;1:4;2:0;2:1;2:2;2:3;2:4;3:0;3:1;3:2;3:3;3:4;4:0;4:1;4:2;4:3;4:4,x225_multisupport_confirmation,paired_train_seed,sealed_evaluation_only,Submit GPU jobs to gpumedium; do not use pilot/gpupilot.,12,400,-1,legacy_nominal_12N,A00_legacy,source_surface,5,2615,,,0.65,0.05
fsl_x225_schedule_a00_source5x5_s401_424_20260716_1136_n1-d0-dep4-md192-it144-x1p00-s424-rg0,source_delta_support_process_control,canonical,4,72,64,192,424,144,75497472,524288,16,2048,40,1,L,fsl-x225-schedule-a00-source5x5-s401-424-20260716-1136-n1-d0-dep4-md192-it144-x1p00-s424-rg0,1,0,x225_multisupport_delta_confirmation_source,4,75497472,524288,Fresh measured 5x5 source grid for the sealed x225 multi-support Delta confirmation. Target losses are evaluation-only.,controlled_model_dim_source_prefix_smalln_5x5,8061000.0,8061000.0,0.0,0.162821576719,6,x225_multisupport_full_5x5_collection,,1.305337,44,144,75497472,1.0,physical_full_5x5_collection,1:0,0:0;0:1;0:2;0:3;0:4;1:0;1:1;1:2;1:3;1:4;2:0;2:1;2:2;2:3;2:4;3:0;3:1;3:2;3:3;3:4;4:0;4:1;4:2;4:3;4:4,x225_multisupport_confirmation,paired_train_seed,sealed_evaluation_only,Submit GPU jobs to gpumedium; do not use pilot/gpupilot.,12,400,-1,legacy_nominal_12N,A00_legacy,source_surface,5,2615,,,0.65,0.05
fsl_x225_schedule_a00_source5x5_s401_424_20260716_1136_n1-d1-dep4-md192-it216-x1p00-s424-rg0,source_delta_support_process_control,canonical,4,72,64,192,424,216,113246208,524288,16,2048,40,1,L,fsl-x225-schedule-a00-source5x5-s401-424-20260716-1136-n1-d1-dep4-md192-it216-x1p00-s424-rg0,1,1,x225_multisupport_delta_confirmation_source,4,113246208,524288,Fresh measured 5x5 source grid for the sealed x225 multi-support Delta confirmation. Target losses are evaluation-only.,controlled_model_dim_source_prefix_smalln_5x5,8061000.0,8061000.0,0.0,0.162821576719,7,x225_multisupport_full_5x5_collection,,1.305337,44,216,113246208,1.0,physical_full_5x5_collection,1:1,0:0;0:1;0:2;0:3;0:4;1:0;1:1;1:2;1:3;1:4;2:0;2:1;2:2;2:3;2:4;3:0;3:1;3:2;3:3;3:4;4:0;4:1;4:2;4:3;4:4,x225_multisupport_confirmation,paired_train_seed,sealed_evaluation_only,Submit GPU jobs to gpumedium; do not use pilot/gpupilot.,12,400,-1,legacy_nominal_12N,A00_legacy,source_surface,5,2615,,,0.65,0.05
fsl_x225_schedule_a00_source5x5_s401_424_20260716_1136_n1-d2-dep4-md192-it324-x1p00-s424-rg0,source_delta_support_process_control,canonical,4,72,64,192,424,324,169869312,524288,16,2048,40,1,L,fsl-x225-schedule-a00-source5x5-s401-424-20260716-1136-n1-d2-dep4-md192-it324-x1p00-s424-rg0,1,2,x225_multisupport_delta_confirmation_source,4,169869312,524288,Fresh measured 5x5 source grid for the sealed x225 multi-support Delta confirmation. Target losses are evaluation-only.,controlled_model_dim_source_prefix_smalln_5x5,8061000.0,8061000.0,0.0,0.162821576719,8,x225_multisupport_full_5x5_collection,,1.305337,44,324,169869312,1.0,physical_full_5x5_collection,1:2,0:0;0:1;0:2;0:3;0:4;1:0;1:1;1:2;1:3;1:4;2:0;2:1;2:2;2:3;2:4;3:0;3:1;3:2;3:3;3:4;4:0;4:1;4:2;4:3;4:4,x225_multisupport_confirmation,paired_train_seed,sealed_evaluation_only,Submit GPU jobs to gpumedium; do not use pilot/gpupilot.,12,400,-1,legacy_nominal_12N,A00_legacy,source_surface,5,2615,,,0.65,0.05
fsl_x225_schedule_a00_source5x5_s401_424_20260716_1136_n1-d3-dep4-md192-it486-x1p00-s424-rg0,source_delta_support_process_control,canonical,4,72,64,192,424,486,254803968,524288,16,2048,40,1,L,fsl-x225-schedule-a00-source5x5-s401-424-20260716-1136-n1-d3-dep4-md192-it486-x1p00-s424-rg0,1,3,x225_multisupport_delta_confirmation_source,4,254803968,524288,Fresh measured 5x5 source grid for the sealed x225 multi-support Delta confirmation. Target losses are evaluation-only.,controlled_model_dim_source_prefix_smalln_5x5,8061000.0,8061000.0,0.0,0.162821576719,9,x225_multisupport_full_5x5_collection,,1.305337,44,486,254803968,1.0,physical_full_5x5_collection,1:3,0:0;0:1;0:2;0:3;0:4;1:0;1:1;1:2;1:3;1:4;2:0;2:1;2:2;2:3;2:4;3:0;3:1;3:2;3:3;3:4;4:0;4:1;4:2;4:3;4:4,x225_multisupport_confirmation,paired_train_seed,sealed_evaluation_only,Submit GPU jobs to gpumedium; do not use pilot/gpupilot.,12,400,-1,legacy_nominal_12N,A00_legacy,source_surface,5,2615,,,0.65,0.05
fsl_x225_schedule_a00_source5x5_s401_424_20260716_1136_n1-d4-dep4-md192-it729-x1p00-s424-rg0,source_delta_support_process_control,canonical,4,72,64,192,424,729,382205952,524288,16,2048,40,1,L,fsl-x225-schedule-a00-source5x5-s401-424-20260716-1136-n1-d4-dep4-md192-it729-x1p00-s424-rg0,1,4,x225_multisupport_delta_confirmation_source,4,382205952,524288,Fresh measured 5x5 source grid for the sealed x225 multi-support Delta confirmation. Target losses are evaluation-only.,controlled_model_dim_source_prefix_smalln_5x5,8061000.0,8061000.0,0.0,0.162821576719,10,x225_multisupport_full_5x5_collection,,1.305337,44,729,382205952,1.0,physical_full_5x5_collection,1:4,0:0;0:1;0:2;0:3;0:4;1:0;1:1;1:2;1:3;1:4;2:0;2:1;2:2;2:3;2:4;3:0;3:1;3:2;3:3;3:4;4:0;4:1;4:2;4:3;4:4,x225_multisupport_confirmation,paired_train_seed,sealed_evaluation_only,Submit GPU jobs to gpumedium; do not use pilot/gpupilot.,12,400,-1,legacy_nominal_12N,A00_legacy,source_surface,5,2615,,,0.65,0.05
fsl_x225_schedule_a00_source5x5_s401_424_20260716_1136_n2-d0-dep4-md320-it144-x1p00-s424-rg0,source_delta_support_process_control,canonical,4,72,64,320,424,144,75497472,524288,16,2048,40,1,L,fsl-x225-schedule-a00-source5x5-s401-424-20260716-1136-n2-d0-dep4-md320-it144-x1p00-s424-rg0,2,0,x225_multisupport_delta_confirmation_source,4,75497472,524288,Fresh measured 5x5 source grid for the sealed x225 multi-support Delta confirmation. Target losses are evaluation-only.,controlled_model_dim_source_prefix_smalln_5x5,15401080.0,15401080.0,0.0,0.162821576719,11,x225_multisupport_full_5x5_collection,,1.305337,44,144,75497472,1.0,physical_full_5x5_collection,2:0,0:0;0:1;0:2;0:3;0:4;1:0;1:1;1:2;1:3;1:4;2:0;2:1;2:2;2:3;2:4;3:0;3:1;3:2;3:3;3:4;4:0;4:1;4:2;4:3;4:4,x225_multisupport_confirmation,paired_train_seed,sealed_evaluation_only,Submit GPU jobs to gpumedium; do not use pilot/gpupilot.,12,400,-1,legacy_nominal_12N,A00_legacy,source_surface,5,2615,,,0.65,0.05
fsl_x225_schedule_a00_source5x5_s401_424_20260716_1136_n2-d1-dep4-md320-it216-x1p00-s424-rg0,source_delta_support_process_control,canonical,4,72,64,320,424,216,113246208,524288,16,2048,40,1,L,fsl-x225-schedule-a00-source5x5-s401-424-20260716-1136-n2-d1-dep4-md320-it216-x1p00-s424-rg0,2,1,x225_multisupport_delta_confirmation_source,4,113246208,524288,Fresh measured 5x5 source grid for the sealed x225 multi-support Delta confirmation. Target losses are evaluation-only.,controlled_model_dim_source_prefix_smalln_5x5,15401080.0,15401080.0,0.0,0.162821576719,12,x225_multisupport_full_5x5_collection,,1.305337,44,216,113246208,1.0,physical_full_5x5_collection,2:1,0:0;0:1;0:2;0:3;0:4;1:0;1:1;1:2;1:3;1:4;2:0;2:1;2:2;2:3;2:4;3:0;3:1;3:2;3:3;3:4;4:0;4:1;4:2;4:3;4:4,x225_multisupport_confirmation,paired_train_seed,sealed_evaluation_only,Submit GPU jobs to gpumedium; do not use pilot/gpupilot.,12,400,-1,legacy_nominal_12N,A00_legacy,source_surface,5,2615,,,0.65,0.05
fsl_x225_schedule_a00_source5x5_s401_424_20260716_1136_n2-d2-dep4-md320-it324-x1p00-s424-rg0,source_delta_support_process_control,canonical,4,72,64,320,424,324,169869312,524288,16,2048,40,1,L,fsl-x225-schedule-a00-source5x5-s401-424-20260716-1136-n2-d2-dep4-md320-it324-x1p00-s424-rg0,2,2,x225_multisupport_delta_confirmation_source,4,169869312,524288,Fresh measured 5x5 source grid for the sealed x225 multi-support Delta confirmation. Target losses are evaluation-only.,controlled_model_dim_source_prefix_smalln_5x5,15401080.0,15401080.0,0.0,0.162821576719,13,x225_multisupport_full_5x5_collection,,1.305337,44,324,169869312,1.0,physical_full_5x5_collection,2:2,0:0;0:1;0:2;0:3;0:4;1:0;1:1;1:2;1:3;1:4;2:0;2:1;2:2;2:3;2:4;3:0;3:1;3:2;3:3;3:4;4:0;4:1;4:2;4:3;4:4,x225_multisupport_confirmation,paired_train_seed,sealed_evaluation_only,Submit GPU jobs to gpumedium; do not use pilot/gpupilot.,12,400,-1,legacy_nominal_12N,A00_legacy,source_surface,5,2615,,,0.65,0.05
fsl_x225_schedule_a00_source5x5_s401_424_20260716_1136_n2-d3-dep4-md320-it486-x1p00-s424-rg0,source_delta_support_process_control,canonical,4,72,64,320,424,486,254803968,524288,16,2048,40,1,L,fsl-x225-schedule-a00-source5x5-s401-424-20260716-1136-n2-d3-dep4-md320-it486-x1p00-s424-rg0,2,3,x225_multisupport_delta_confirmation_source,4,254803968,524288,Fresh measured 5x5 source grid for the sealed x225 multi-support Delta confirmation. Target losses are evaluation-only.,controlled_model_dim_source_prefix_smalln_5x5,15401080.0,15401080.0,0.0,0.162821576719,14,x225_multisupport_full_5x5_collection,,1.305337,44,486,254803968,1.0,physical_full_5x5_collection,2:3,0:0;0:1;0:2;0:3;0:4;1:0;1:1;1:2;1:3;1:4;2:0;2:1;2:2;2:3;2:4;3:0;3:1;3:2;3:3;3:4;4:0;4:1;4:2;4:3;4:4,x225_multisupport_confirmation,paired_train_seed,sealed_evaluation_only,Submit GPU jobs to gpumedium; do not use pilot/gpupilot.,12,400,-1,legacy_nominal_12N,A00_legacy,source_surface,5,2615,,,0.65,0.05
fsl_x225_schedule_a00_source5x5_s401_424_20260716_1136_n2-d4-dep4-md320-it729-x1p00-s424-rg0,source_delta_support_process_control,canonical,4,72,64,320,424,729,382205952,524288,16,2048,40,1,L,fsl-x225-schedule-a00-source5x5-s401-424-20260716-1136-n2-d4-dep4-md320-it729-x1p00-s424-rg0,2,4,x225_multisupport_delta_confirmation_source,4,382205952,524288,Fresh measured 5x5 source grid for the sealed x225 multi-support Delta confirmation. Target losses are evaluation-only.,controlled_model_dim_source_prefix_smalln_5x5,15401080.0,15401080.0,0.0,0.162821576719,15,x225_multisupport_full_5x5_collection,,1.305337,44,729,382205952,1.0,physical_full_5x5_collection,2:4,0:0;0:1;0:2;0:3;0:4;1:0;1:1;1:2;1:3;1:4;2:0;2:1;2:2;2:3;2:4;3:0;3:1;3:2;3:3;3:4;4:0;4:1;4:2;4:3;4:4,x225_multisupport_confirmation,paired_train_seed,sealed_evaluation_only,Submit GPU jobs to gpumedium; do not use pilot/gpupilot.,12,400,-1,legacy_nominal_12N,A00_legacy,source_surface,5,2615,,,0.65,0.05
fsl_x225_schedule_a00_source5x5_s401_424_20260716_1136_n3-d0-dep4-md512-it144-x1p00-s424-rg0,source_delta_support_process_control,canonical,4,72,64,512,424,144,75497472,524288,16,2048,40,1,L,fsl-x225-schedule-a00-source5x5-s401-424-20260716-1136-n3-d0-dep4-md512-it144-x1p00-s424-rg0,3,0,x225_multisupport_delta_confirmation_source,4,75497472,524288,Fresh measured 5x5 source grid for the sealed x225 multi-support Delta confirmation. Target losses are evaluation-only.,controlled_model_dim_source_prefix_smalln_5x5,29360320.0,29360320.0,0.0,0.162821576719,16,x225_multisupport_full_5x5_collection,,1.305337,44,144,75497472,1.0,physical_full_5x5_collection,3:0,0:0;0:1;0:2;0:3;0:4;1:0;1:1;1:2;1:3;1:4;2:0;2:1;2:2;2:3;2:4;3:0;3:1;3:2;3:3;3:4;4:0;4:1;4:2;4:3;4:4,x225_multisupport_confirmation,paired_train_seed,sealed_evaluation_only,Submit GPU jobs to gpumedium; do not use pilot/gpupilot.,12,400,-1,legacy_nominal_12N,A00_legacy,source_surface,5,2615,,,0.65,0.05
fsl_x225_schedule_a00_source5x5_s401_424_20260716_1136_n3-d1-dep4-md512-it216-x1p00-s424-rg0,source_delta_support_process_control,canonical,4,72,64,512,424,216,113246208,524288,16,2048,40,1,L,fsl-x225-schedule-a00-source5x5-s401-424-20260716-1136-n3-d1-dep4-md512-it216-x1p00-s424-rg0,3,1,x225_multisupport_delta_confirmation_source,4,113246208,524288,Fresh measured 5x5 source grid for the sealed x225 multi-support Delta confirmation. Target losses are evaluation-only.,controlled_model_dim_source_prefix_smalln_5x5,29360320.0,29360320.0,0.0,0.162821576719,17,x225_multisupport_full_5x5_collection,,1.305337,44,216,113246208,1.0,physical_full_5x5_collection,3:1,0:0;0:1;0:2;0:3;0:4;1:0;1:1;1:2;1:3;1:4;2:0;2:1;2:2;2:3;2:4;3:0;3:1;3:2;3:3;3:4;4:0;4:1;4:2;4:3;4:4,x225_multisupport_confirmation,paired_train_seed,sealed_evaluation_only,Submit GPU jobs to gpumedium; do not use pilot/gpupilot.,12,400,-1,legacy_nominal_12N,A00_legacy,source_surface,5,2615,,,0.65,0.05
fsl_x225_schedule_a00_source5x5_s401_424_20260716_1136_n3-d2-dep4-md512-it324-x1p00-s424-rg0,source_delta_support_process_control,canonical,4,72,64,512,424,324,169869312,524288,16,2048,40,1,L,fsl-x225-schedule-a00-source5x5-s401-424-20260716-1136-n3-d2-dep4-md512-it324-x1p00-s424-rg0,3,2,x225_multisupport_delta_confirmation_source,4,169869312,524288,Fresh measured 5x5 source grid for the sealed x225 multi-support Delta confirmation. Target losses are evaluation-only.,controlled_model_dim_source_prefix_smalln_5x5,29360320.0,29360320.0,0.0,0.162821576719,18,x225_multisupport_full_5x5_collection,,1.305337,44,324,169869312,1.0,physical_full_5x5_collection,3:2,0:0;0:1;0:2;0:3;0:4;1:0;1:1;1:2;1:3;1:4;2:0;2:1;2:2;2:3;2:4;3:0;3:1;3:2;3:3;3:4;4:0;4:1;4:2;4:3;4:4,x225_multisupport_confirmation,paired_train_seed,sealed_evaluation_only,Submit GPU jobs to gpumedium; do not use pilot/gpupilot.,12,400,-1,legacy_nominal_12N,A00_legacy,source_surface,5,2615,,,0.65,0.05
fsl_x225_schedule_a00_source5x5_s401_424_20260716_1136_n3-d3-dep4-md512-it486-x1p00-s424-rg0,source_delta_support_process_control,canonical,4,72,64,512,424,486,254803968,524288,16,2048,40,1,L,fsl-x225-schedule-a00-source5x5-s401-424-20260716-1136-n3-d3-dep4-md512-it486-x1p00-s424-rg0,3,3,x225_multisupport_delta_confirmation_source,4,254803968,524288,Fresh measured 5x5 source grid for the sealed x225 multi-support Delta confirmation. Target losses are evaluation-only.,controlled_model_dim_source_prefix_smalln_5x5,29360320.0,29360320.0,0.0,0.162821576719,19,x225_multisupport_full_5x5_collection,,1.305337,44,486,254803968,1.0,physical_full_5x5_collection,3:3,0:0;0:1;0:2;0:3;0:4;1:0;1:1;1:2;1:3;1:4;2:0;2:1;2:2;2:3;2:4;3:0;3:1;3:2;3:3;3:4;4:0;4:1;4:2;4:3;4:4,x225_multisupport_confirmation,paired_train_seed,sealed_evaluation_only,Submit GPU jobs to gpumedium; do not use pilot/gpupilot.,12,400,-1,legacy_nominal_12N,A00_legacy,source_surface,5,2615,,,0.65,0.05
fsl_x225_schedule_a00_source5x5_s401_424_20260716_1136_n3-d4-dep4-md512-it729-x1p00-s424-rg0,source_delta_support_process_control,canonical,4,72,64,512,424,729,382205952,524288,16,2048,40,1,L,fsl-x225-schedule-a00-source5x5-s401-424-20260716-1136-n3-d4-dep4-md512-it729-x1p00-s424-rg0,3,4,x225_multisupport_delta_confirmation_source,4,382205952,524288,Fresh measured 5x5 source grid for the sealed x225 multi-support Delta confirmation. Target losses are evaluation-only.,controlled_model_dim_source_prefix_smalln_5x5,29360320.0,29360320.0,0.0,0.162821576719,20,x225_multisupport_full_5x5_collection,,1.305337,44,729,382205952,1.0,physical_full_5x5_collection,3:4,0:0;0:1;0:2;0:3;0:4;1:0;1:1;1:2;1:3;1:4;2:0;2:1;2:2;2:3;2:4;3:0;3:1;3:2;3:3;3:4;4:0;4:1;4:2;4:3;4:4,x225_multisupport_confirmation,paired_train_seed,sealed_evaluation_only,Submit GPU jobs to gpumedium; do not use pilot/gpupilot.,12,400,-1,legacy_nominal_12N,A00_legacy,source_surface,5,2615,,,0.65,0.05
fsl_x225_schedule_a00_source5x5_s401_424_20260716_1136_n4-d0-dep4-md704-it144-x1p00-s424-rg0,source_delta_support_process_control,canonical,4,72,64,704,424,144,75497472,524288,16,2048,40,1,L,fsl-x225-schedule-a00-source5x5-s401-424-20260716-1136-n4-d0-dep4-md704-it144-x1p00-s424-rg0,4,0,x225_multisupport_delta_confirmation_source,4,75497472,524288,Fresh measured 5x5 source grid for the sealed x225 multi-support Delta confirmation. Target losses are evaluation-only.,controlled_model_dim_source_prefix_smalln_5x5,46858504.0,46858504.0,0.0,0.162821576719,21,x225_multisupport_full_5x5_collection,,1.305337,44,144,75497472,1.0,physical_full_5x5_collection,4:0,0:0;0:1;0:2;0:3;0:4;1:0;1:1;1:2;1:3;1:4;2:0;2:1;2:2;2:3;2:4;3:0;3:1;3:2;3:3;3:4;4:0;4:1;4:2;4:3;4:4,x225_multisupport_confirmation,paired_train_seed,sealed_evaluation_only,Submit GPU jobs to gpumedium; do not use pilot/gpupilot.,12,400,-1,legacy_nominal_12N,A00_legacy,source_surface,5,2615,,,0.65,0.05
fsl_x225_schedule_a00_source5x5_s401_424_20260716_1136_n4-d1-dep4-md704-it216-x1p00-s424-rg0,source_delta_support_process_control,canonical,4,72,64,704,424,216,113246208,524288,16,2048,40,1,L,fsl-x225-schedule-a00-source5x5-s401-424-20260716-1136-n4-d1-dep4-md704-it216-x1p00-s424-rg0,4,1,x225_multisupport_delta_confirmation_source,4,113246208,524288,Fresh measured 5x5 source grid for the sealed x225 multi-support Delta confirmation. Target losses are evaluation-only.,controlled_model_dim_source_prefix_smalln_5x5,46858504.0,46858504.0,0.0,0.162821576719,22,x225_multisupport_full_5x5_collection,,1.305337,44,216,113246208,1.0,physical_full_5x5_collection,4:1,0:0;0:1;0:2;0:3;0:4;1:0;1:1;1:2;1:3;1:4;2:0;2:1;2:2;2:3;2:4;3:0;3:1;3:2;3:3;3:4;4:0;4:1;4:2;4:3;4:4,x225_multisupport_confirmation,paired_train_seed,sealed_evaluation_only,Submit GPU jobs to gpumedium; do not use pilot/gpupilot.,12,400,-1,legacy_nominal_12N,A00_legacy,source_surface,5,2615,,,0.65,0.05
fsl_x225_schedule_a00_source5x5_s401_424_20260716_1136_n4-d2-dep4-md704-it324-x1p00-s424-rg0,source_delta_support_process_control,canonical,4,72,64,704,424,324,169869312,524288,16,2048,40,1,L,fsl-x225-schedule-a00-source5x5-s401-424-20260716-1136-n4-d2-dep4-md704-it324-x1p00-s424-rg0,4,2,x225_multisupport_delta_confirmation_source,4,169869312,524288,Fresh measured 5x5 source grid for the sealed x225 multi-support Delta confirmation. Target losses are evaluation-only.,controlled_model_dim_source_prefix_smalln_5x5,46858504.0,46858504.0,0.0,0.162821576719,23,x225_multisupport_full_5x5_collection,,1.305337,44,324,169869312,1.0,physical_full_5x5_collection,4:2,0:0;0:1;0:2;0:3;0:4;1:0;1:1;1:2;1:3;1:4;2:0;2:1;2:2;2:3;2:4;3:0;3:1;3:2;3:3;3:4;4:0;4:1;4:2;4:3;4:4,x225_multisupport_confirmation,paired_train_seed,sealed_evaluation_only,Submit GPU jobs to gpumedium; do not use pilot/gpupilot.,12,400,-1,legacy_nominal_12N,A00_legacy,source_surface,5,2615,,,0.65,0.05
fsl_x225_schedule_a00_source5x5_s401_424_20260716_1136_n4-d3-dep4-md704-it486-x1p00-s424-rg0,source_delta_support_process_control,canonical,4,72,64,704,424,486,254803968,524288,16,2048,40,1,L,fsl-x225-schedule-a00-source5x5-s401-424-20260716-1136-n4-d3-dep4-md704-it486-x1p00-s424-rg0,4,3,x225_multisupport_delta_confirmation_source,4,254803968,524288,Fresh measured 5x5 source grid for the sealed x225 multi-support Delta confirmation. Target losses are evaluation-only.,controlled_model_dim_source_prefix_smalln_5x5,46858504.0,46858504.0,0.0,0.162821576719,24,x225_multisupport_full_5x5_collection,,1.305337,44,486,254803968,1.0,physical_full_5x5_collection,4:3,0:0;0:1;0:2;0:3;0:4;1:0;1:1;1:2;1:3;1:4;2:0;2:1;2:2;2:3;2:4;3:0;3:1;3:2;3:3;3:4;4:0;4:1;4:2;4:3;4:4,x225_multisupport_confirmation,paired_train_seed,sealed_evaluation_only,Submit GPU jobs to gpumedium; do not use pilot/gpupilot.,12,400,-1,legacy_nominal_12N,A00_legacy,source_surface,5,2615,,,0.65,0.05
fsl_x225_schedule_a00_source5x5_s401_424_20260716_1136_n4-d4-dep4-md704-it729-x1p00-s424-rg0,source_delta_support_process_control,canonical,4,72,64,704,424,729,382205952,524288,16,2048,40,1,L,fsl-x225-schedule-a00-source5x5-s401-424-20260716-1136-n4-d4-dep4-md704-it729-x1p00-s424-rg0,4,4,x225_multisupport_delta_confirmation_source,4,382205952,524288,Fresh measured 5x5 source grid for the sealed x225 multi-support Delta confirmation. Target losses are evaluation-only.,controlled_model_dim_source_prefix_smalln_5x5,46858504.0,46858504.0,0.0,0.162821576719,25,x225_multisupport_full_5x5_collection,,1.305337,44,729,382205952,1.0,physical_full_5x5_collection,4:4,0:0;0:1;0:2;0:3;0:4;1:0;1:1;1:2;1:3;1:4;2:0;2:1;2:2;2:3;2:4;3:0;3:1;3:2;3:3;3:4;4:0;4:1;4:2;4:3;4:4,x225_multisupport_confirmation,paired_train_seed,sealed_evaluation_only,Submit GPU jobs to gpumedium; do not use pilot/gpupilot.,12,400,-1,legacy_nominal_12N,A00_legacy,source_surface,5,2615,,,0.65,0.05
