stage,split,recipe_band,depth,aspect_ratio,head_dim,model_dim,seed,num_iterations,target_tokens,total_batch_size,device_batch_size,max_seq_len,warmup_steps,fp8,window_pattern,model_tag,n_index,d_index,planned_family,planned_model_depth,planned_data_tokens,planned_total_batch_size,planned_note,sizing_family,target_n_scaling,preflight_n_scaling,target_n_scaling_rel_error,n_geometric_rel_error,source_prefix_order,source_prefix_family,source_prefix_q_hint,target_budget_b,train_row_group_start,base_num_iterations,D_actual,train_length_multiplier,support_policy,support_point_id,support_keys,delta_support_process_family,delta_support_process_repeats,target_line_referee_usage,roihu_partition_note
fsl_targetdistance_source_replication_s211_216_20260713_1841_n0-d0-dep4-md128-it144-x1p00-s211-rg0,source_delta_support_process_control,canonical,4,72,64,128,211,144,75497472,524288,16,2048,40,1,L,fsl-targetdistance-source-replication-s211-216-20260713-1841-n0-d0-dep4-md128-it144-x1p00-s211-rg0,0,0,roihu_delta_support_process_control,4,75497472,524288,"Prospective source-deployment replication on already measured x100 and x150 target referees. Source geometry, support, readouts, thresholds, and scoring were frozen before these source runs; target losses remain evaluation-only.",controlled_model_dim_source_prefix_smalln_5x5,4980784.0,4980784.0,0.0,0.162821576719,1,5p_to_3x3_to_4x4_to_5x5_nested,5,1.305337,0,144,75497472,1.0,offline_union_5x5_source_replication,0:0,0:0;0:1;0:2;0:3;0:4;1:0;1:1;1:2;1:3;1:4;2:0;2:1;2:2;2:3;2:4;3:0;3:1;3:2;3:3;3:4;4:0;4:1;4:2;4:3;4:4,target_distance_source_replication_5x5,"train_seed,train_row_group_start,train_length_multiplier",held_out_evaluation_only,Submit GPU jobs to gpumedium; do not use pilot/gpupilot.
fsl_targetdistance_source_replication_s211_216_20260713_1841_n0-d0-dep4-md128-it144-x1p00-s212-rg0,source_delta_support_process_control,canonical,4,72,64,128,212,144,75497472,524288,16,2048,40,1,L,fsl-targetdistance-source-replication-s211-216-20260713-1841-n0-d0-dep4-md128-it144-x1p00-s212-rg0,0,0,roihu_delta_support_process_control,4,75497472,524288,"Prospective source-deployment replication on already measured x100 and x150 target referees. Source geometry, support, readouts, thresholds, and scoring were frozen before these source runs; target losses remain evaluation-only.",controlled_model_dim_source_prefix_smalln_5x5,4980784.0,4980784.0,0.0,0.162821576719,1,5p_to_3x3_to_4x4_to_5x5_nested,5,1.305337,0,144,75497472,1.0,offline_union_5x5_source_replication,0:0,0:0;0:1;0:2;0:3;0:4;1:0;1:1;1:2;1:3;1:4;2:0;2:1;2:2;2:3;2:4;3:0;3:1;3:2;3:3;3:4;4:0;4:1;4:2;4:3;4:4,target_distance_source_replication_5x5,"train_seed,train_row_group_start,train_length_multiplier",held_out_evaluation_only,Submit GPU jobs to gpumedium; do not use pilot/gpupilot.
fsl_targetdistance_source_replication_s211_216_20260713_1841_n0-d0-dep4-md128-it144-x1p00-s213-rg0,source_delta_support_process_control,canonical,4,72,64,128,213,144,75497472,524288,16,2048,40,1,L,fsl-targetdistance-source-replication-s211-216-20260713-1841-n0-d0-dep4-md128-it144-x1p00-s213-rg0,0,0,roihu_delta_support_process_control,4,75497472,524288,"Prospective source-deployment replication on already measured x100 and x150 target referees. Source geometry, support, readouts, thresholds, and scoring were frozen before these source runs; target losses remain evaluation-only.",controlled_model_dim_source_prefix_smalln_5x5,4980784.0,4980784.0,0.0,0.162821576719,1,5p_to_3x3_to_4x4_to_5x5_nested,5,1.305337,0,144,75497472,1.0,offline_union_5x5_source_replication,0:0,0:0;0:1;0:2;0:3;0:4;1:0;1:1;1:2;1:3;1:4;2:0;2:1;2:2;2:3;2:4;3:0;3:1;3:2;3:3;3:4;4:0;4:1;4:2;4:3;4:4,target_distance_source_replication_5x5,"train_seed,train_row_group_start,train_length_multiplier",held_out_evaluation_only,Submit GPU jobs to gpumedium; do not use pilot/gpupilot.
fsl_targetdistance_source_replication_s211_216_20260713_1841_n0-d0-dep4-md128-it144-x1p00-s214-rg0,source_delta_support_process_control,canonical,4,72,64,128,214,144,75497472,524288,16,2048,40,1,L,fsl-targetdistance-source-replication-s211-216-20260713-1841-n0-d0-dep4-md128-it144-x1p00-s214-rg0,0,0,roihu_delta_support_process_control,4,75497472,524288,"Prospective source-deployment replication on already measured x100 and x150 target referees. Source geometry, support, readouts, thresholds, and scoring were frozen before these source runs; target losses remain evaluation-only.",controlled_model_dim_source_prefix_smalln_5x5,4980784.0,4980784.0,0.0,0.162821576719,1,5p_to_3x3_to_4x4_to_5x5_nested,5,1.305337,0,144,75497472,1.0,offline_union_5x5_source_replication,0:0,0:0;0:1;0:2;0:3;0:4;1:0;1:1;1:2;1:3;1:4;2:0;2:1;2:2;2:3;2:4;3:0;3:1;3:2;3:3;3:4;4:0;4:1;4:2;4:3;4:4,target_distance_source_replication_5x5,"train_seed,train_row_group_start,train_length_multiplier",held_out_evaluation_only,Submit GPU jobs to gpumedium; do not use pilot/gpupilot.
fsl_targetdistance_source_replication_s211_216_20260713_1841_n0-d0-dep4-md128-it144-x1p00-s215-rg0,source_delta_support_process_control,canonical,4,72,64,128,215,144,75497472,524288,16,2048,40,1,L,fsl-targetdistance-source-replication-s211-216-20260713-1841-n0-d0-dep4-md128-it144-x1p00-s215-rg0,0,0,roihu_delta_support_process_control,4,75497472,524288,"Prospective source-deployment replication on already measured x100 and x150 target referees. Source geometry, support, readouts, thresholds, and scoring were frozen before these source runs; target losses remain evaluation-only.",controlled_model_dim_source_prefix_smalln_5x5,4980784.0,4980784.0,0.0,0.162821576719,1,5p_to_3x3_to_4x4_to_5x5_nested,5,1.305337,0,144,75497472,1.0,offline_union_5x5_source_replication,0:0,0:0;0:1;0:2;0:3;0:4;1:0;1:1;1:2;1:3;1:4;2:0;2:1;2:2;2:3;2:4;3:0;3:1;3:2;3:3;3:4;4:0;4:1;4:2;4:3;4:4,target_distance_source_replication_5x5,"train_seed,train_row_group_start,train_length_multiplier",held_out_evaluation_only,Submit GPU jobs to gpumedium; do not use pilot/gpupilot.
fsl_targetdistance_source_replication_s211_216_20260713_1841_n0-d0-dep4-md128-it144-x1p00-s216-rg0,source_delta_support_process_control,canonical,4,72,64,128,216,144,75497472,524288,16,2048,40,1,L,fsl-targetdistance-source-replication-s211-216-20260713-1841-n0-d0-dep4-md128-it144-x1p00-s216-rg0,0,0,roihu_delta_support_process_control,4,75497472,524288,"Prospective source-deployment replication on already measured x100 and x150 target referees. Source geometry, support, readouts, thresholds, and scoring were frozen before these source runs; target losses remain evaluation-only.",controlled_model_dim_source_prefix_smalln_5x5,4980784.0,4980784.0,0.0,0.162821576719,1,5p_to_3x3_to_4x4_to_5x5_nested,5,1.305337,0,144,75497472,1.0,offline_union_5x5_source_replication,0:0,0:0;0:1;0:2;0:3;0:4;1:0;1:1;1:2;1:3;1:4;2:0;2:1;2:2;2:3;2:4;3:0;3:1;3:2;3:3;3:4;4:0;4:1;4:2;4:3;4:4,target_distance_source_replication_5x5,"train_seed,train_row_group_start,train_length_multiplier",held_out_evaluation_only,Submit GPU jobs to gpumedium; do not use pilot/gpupilot.
fsl_targetdistance_source_replication_s211_216_20260713_1841_n0-d1-dep4-md128-it216-x1p00-s211-rg0,source_delta_support_process_control,canonical,4,72,64,128,211,216,113246208,524288,16,2048,40,1,L,fsl-targetdistance-source-replication-s211-216-20260713-1841-n0-d1-dep4-md128-it216-x1p00-s211-rg0,0,1,roihu_delta_support_process_control,4,113246208,524288,"Prospective source-deployment replication on already measured x100 and x150 target referees. Source geometry, support, readouts, thresholds, and scoring were frozen before these source runs; target losses remain evaluation-only.",controlled_model_dim_source_prefix_smalln_5x5,4980784.0,4980784.0,0.0,0.162821576719,4,5p_to_3x3_to_4x4_to_5x5_nested,5,1.305337,0,216,113246208,1.0,offline_union_5x5_source_replication,0:1,0:0;0:1;0:2;0:3;0:4;1:0;1:1;1:2;1:3;1:4;2:0;2:1;2:2;2:3;2:4;3:0;3:1;3:2;3:3;3:4;4:0;4:1;4:2;4:3;4:4,target_distance_source_replication_5x5,"train_seed,train_row_group_start,train_length_multiplier",held_out_evaluation_only,Submit GPU jobs to gpumedium; do not use pilot/gpupilot.
fsl_targetdistance_source_replication_s211_216_20260713_1841_n0-d1-dep4-md128-it216-x1p00-s212-rg0,source_delta_support_process_control,canonical,4,72,64,128,212,216,113246208,524288,16,2048,40,1,L,fsl-targetdistance-source-replication-s211-216-20260713-1841-n0-d1-dep4-md128-it216-x1p00-s212-rg0,0,1,roihu_delta_support_process_control,4,113246208,524288,"Prospective source-deployment replication on already measured x100 and x150 target referees. Source geometry, support, readouts, thresholds, and scoring were frozen before these source runs; target losses remain evaluation-only.",controlled_model_dim_source_prefix_smalln_5x5,4980784.0,4980784.0,0.0,0.162821576719,4,5p_to_3x3_to_4x4_to_5x5_nested,5,1.305337,0,216,113246208,1.0,offline_union_5x5_source_replication,0:1,0:0;0:1;0:2;0:3;0:4;1:0;1:1;1:2;1:3;1:4;2:0;2:1;2:2;2:3;2:4;3:0;3:1;3:2;3:3;3:4;4:0;4:1;4:2;4:3;4:4,target_distance_source_replication_5x5,"train_seed,train_row_group_start,train_length_multiplier",held_out_evaluation_only,Submit GPU jobs to gpumedium; do not use pilot/gpupilot.
fsl_targetdistance_source_replication_s211_216_20260713_1841_n0-d1-dep4-md128-it216-x1p00-s213-rg0,source_delta_support_process_control,canonical,4,72,64,128,213,216,113246208,524288,16,2048,40,1,L,fsl-targetdistance-source-replication-s211-216-20260713-1841-n0-d1-dep4-md128-it216-x1p00-s213-rg0,0,1,roihu_delta_support_process_control,4,113246208,524288,"Prospective source-deployment replication on already measured x100 and x150 target referees. Source geometry, support, readouts, thresholds, and scoring were frozen before these source runs; target losses remain evaluation-only.",controlled_model_dim_source_prefix_smalln_5x5,4980784.0,4980784.0,0.0,0.162821576719,4,5p_to_3x3_to_4x4_to_5x5_nested,5,1.305337,0,216,113246208,1.0,offline_union_5x5_source_replication,0:1,0:0;0:1;0:2;0:3;0:4;1:0;1:1;1:2;1:3;1:4;2:0;2:1;2:2;2:3;2:4;3:0;3:1;3:2;3:3;3:4;4:0;4:1;4:2;4:3;4:4,target_distance_source_replication_5x5,"train_seed,train_row_group_start,train_length_multiplier",held_out_evaluation_only,Submit GPU jobs to gpumedium; do not use pilot/gpupilot.
fsl_targetdistance_source_replication_s211_216_20260713_1841_n0-d1-dep4-md128-it216-x1p00-s214-rg0,source_delta_support_process_control,canonical,4,72,64,128,214,216,113246208,524288,16,2048,40,1,L,fsl-targetdistance-source-replication-s211-216-20260713-1841-n0-d1-dep4-md128-it216-x1p00-s214-rg0,0,1,roihu_delta_support_process_control,4,113246208,524288,"Prospective source-deployment replication on already measured x100 and x150 target referees. Source geometry, support, readouts, thresholds, and scoring were frozen before these source runs; target losses remain evaluation-only.",controlled_model_dim_source_prefix_smalln_5x5,4980784.0,4980784.0,0.0,0.162821576719,4,5p_to_3x3_to_4x4_to_5x5_nested,5,1.305337,0,216,113246208,1.0,offline_union_5x5_source_replication,0:1,0:0;0:1;0:2;0:3;0:4;1:0;1:1;1:2;1:3;1:4;2:0;2:1;2:2;2:3;2:4;3:0;3:1;3:2;3:3;3:4;4:0;4:1;4:2;4:3;4:4,target_distance_source_replication_5x5,"train_seed,train_row_group_start,train_length_multiplier",held_out_evaluation_only,Submit GPU jobs to gpumedium; do not use pilot/gpupilot.
fsl_targetdistance_source_replication_s211_216_20260713_1841_n0-d1-dep4-md128-it216-x1p00-s215-rg0,source_delta_support_process_control,canonical,4,72,64,128,215,216,113246208,524288,16,2048,40,1,L,fsl-targetdistance-source-replication-s211-216-20260713-1841-n0-d1-dep4-md128-it216-x1p00-s215-rg0,0,1,roihu_delta_support_process_control,4,113246208,524288,"Prospective source-deployment replication on already measured x100 and x150 target referees. Source geometry, support, readouts, thresholds, and scoring were frozen before these source runs; target losses remain evaluation-only.",controlled_model_dim_source_prefix_smalln_5x5,4980784.0,4980784.0,0.0,0.162821576719,4,5p_to_3x3_to_4x4_to_5x5_nested,5,1.305337,0,216,113246208,1.0,offline_union_5x5_source_replication,0:1,0:0;0:1;0:2;0:3;0:4;1:0;1:1;1:2;1:3;1:4;2:0;2:1;2:2;2:3;2:4;3:0;3:1;3:2;3:3;3:4;4:0;4:1;4:2;4:3;4:4,target_distance_source_replication_5x5,"train_seed,train_row_group_start,train_length_multiplier",held_out_evaluation_only,Submit GPU jobs to gpumedium; do not use pilot/gpupilot.
fsl_targetdistance_source_replication_s211_216_20260713_1841_n0-d1-dep4-md128-it216-x1p00-s216-rg0,source_delta_support_process_control,canonical,4,72,64,128,216,216,113246208,524288,16,2048,40,1,L,fsl-targetdistance-source-replication-s211-216-20260713-1841-n0-d1-dep4-md128-it216-x1p00-s216-rg0,0,1,roihu_delta_support_process_control,4,113246208,524288,"Prospective source-deployment replication on already measured x100 and x150 target referees. Source geometry, support, readouts, thresholds, and scoring were frozen before these source runs; target losses remain evaluation-only.",controlled_model_dim_source_prefix_smalln_5x5,4980784.0,4980784.0,0.0,0.162821576719,4,5p_to_3x3_to_4x4_to_5x5_nested,5,1.305337,0,216,113246208,1.0,offline_union_5x5_source_replication,0:1,0:0;0:1;0:2;0:3;0:4;1:0;1:1;1:2;1:3;1:4;2:0;2:1;2:2;2:3;2:4;3:0;3:1;3:2;3:3;3:4;4:0;4:1;4:2;4:3;4:4,target_distance_source_replication_5x5,"train_seed,train_row_group_start,train_length_multiplier",held_out_evaluation_only,Submit GPU jobs to gpumedium; do not use pilot/gpupilot.
fsl_targetdistance_source_replication_s211_216_20260713_1841_n0-d2-dep4-md128-it324-x1p00-s211-rg0,source_delta_support_process_control,canonical,4,72,64,128,211,324,169869312,524288,16,2048,40,1,L,fsl-targetdistance-source-replication-s211-216-20260713-1841-n0-d2-dep4-md128-it324-x1p00-s211-rg0,0,2,roihu_delta_support_process_control,4,169869312,524288,"Prospective source-deployment replication on already measured x100 and x150 target referees. Source geometry, support, readouts, thresholds, and scoring were frozen before these source runs; target losses remain evaluation-only.",controlled_model_dim_source_prefix_smalln_5x5,4980784.0,4980784.0,0.0,0.162821576719,5,5p_to_3x3_to_4x4_to_5x5_nested,5,1.305337,0,324,169869312,1.0,offline_union_5x5_source_replication,0:2,0:0;0:1;0:2;0:3;0:4;1:0;1:1;1:2;1:3;1:4;2:0;2:1;2:2;2:3;2:4;3:0;3:1;3:2;3:3;3:4;4:0;4:1;4:2;4:3;4:4,target_distance_source_replication_5x5,"train_seed,train_row_group_start,train_length_multiplier",held_out_evaluation_only,Submit GPU jobs to gpumedium; do not use pilot/gpupilot.
fsl_targetdistance_source_replication_s211_216_20260713_1841_n0-d2-dep4-md128-it324-x1p00-s212-rg0,source_delta_support_process_control,canonical,4,72,64,128,212,324,169869312,524288,16,2048,40,1,L,fsl-targetdistance-source-replication-s211-216-20260713-1841-n0-d2-dep4-md128-it324-x1p00-s212-rg0,0,2,roihu_delta_support_process_control,4,169869312,524288,"Prospective source-deployment replication on already measured x100 and x150 target referees. Source geometry, support, readouts, thresholds, and scoring were frozen before these source runs; target losses remain evaluation-only.",controlled_model_dim_source_prefix_smalln_5x5,4980784.0,4980784.0,0.0,0.162821576719,5,5p_to_3x3_to_4x4_to_5x5_nested,5,1.305337,0,324,169869312,1.0,offline_union_5x5_source_replication,0:2,0:0;0:1;0:2;0:3;0:4;1:0;1:1;1:2;1:3;1:4;2:0;2:1;2:2;2:3;2:4;3:0;3:1;3:2;3:3;3:4;4:0;4:1;4:2;4:3;4:4,target_distance_source_replication_5x5,"train_seed,train_row_group_start,train_length_multiplier",held_out_evaluation_only,Submit GPU jobs to gpumedium; do not use pilot/gpupilot.
fsl_targetdistance_source_replication_s211_216_20260713_1841_n0-d2-dep4-md128-it324-x1p00-s213-rg0,source_delta_support_process_control,canonical,4,72,64,128,213,324,169869312,524288,16,2048,40,1,L,fsl-targetdistance-source-replication-s211-216-20260713-1841-n0-d2-dep4-md128-it324-x1p00-s213-rg0,0,2,roihu_delta_support_process_control,4,169869312,524288,"Prospective source-deployment replication on already measured x100 and x150 target referees. Source geometry, support, readouts, thresholds, and scoring were frozen before these source runs; target losses remain evaluation-only.",controlled_model_dim_source_prefix_smalln_5x5,4980784.0,4980784.0,0.0,0.162821576719,5,5p_to_3x3_to_4x4_to_5x5_nested,5,1.305337,0,324,169869312,1.0,offline_union_5x5_source_replication,0:2,0:0;0:1;0:2;0:3;0:4;1:0;1:1;1:2;1:3;1:4;2:0;2:1;2:2;2:3;2:4;3:0;3:1;3:2;3:3;3:4;4:0;4:1;4:2;4:3;4:4,target_distance_source_replication_5x5,"train_seed,train_row_group_start,train_length_multiplier",held_out_evaluation_only,Submit GPU jobs to gpumedium; do not use pilot/gpupilot.
fsl_targetdistance_source_replication_s211_216_20260713_1841_n0-d2-dep4-md128-it324-x1p00-s214-rg0,source_delta_support_process_control,canonical,4,72,64,128,214,324,169869312,524288,16,2048,40,1,L,fsl-targetdistance-source-replication-s211-216-20260713-1841-n0-d2-dep4-md128-it324-x1p00-s214-rg0,0,2,roihu_delta_support_process_control,4,169869312,524288,"Prospective source-deployment replication on already measured x100 and x150 target referees. Source geometry, support, readouts, thresholds, and scoring were frozen before these source runs; target losses remain evaluation-only.",controlled_model_dim_source_prefix_smalln_5x5,4980784.0,4980784.0,0.0,0.162821576719,5,5p_to_3x3_to_4x4_to_5x5_nested,5,1.305337,0,324,169869312,1.0,offline_union_5x5_source_replication,0:2,0:0;0:1;0:2;0:3;0:4;1:0;1:1;1:2;1:3;1:4;2:0;2:1;2:2;2:3;2:4;3:0;3:1;3:2;3:3;3:4;4:0;4:1;4:2;4:3;4:4,target_distance_source_replication_5x5,"train_seed,train_row_group_start,train_length_multiplier",held_out_evaluation_only,Submit GPU jobs to gpumedium; do not use pilot/gpupilot.
fsl_targetdistance_source_replication_s211_216_20260713_1841_n0-d2-dep4-md128-it324-x1p00-s215-rg0,source_delta_support_process_control,canonical,4,72,64,128,215,324,169869312,524288,16,2048,40,1,L,fsl-targetdistance-source-replication-s211-216-20260713-1841-n0-d2-dep4-md128-it324-x1p00-s215-rg0,0,2,roihu_delta_support_process_control,4,169869312,524288,"Prospective source-deployment replication on already measured x100 and x150 target referees. Source geometry, support, readouts, thresholds, and scoring were frozen before these source runs; target losses remain evaluation-only.",controlled_model_dim_source_prefix_smalln_5x5,4980784.0,4980784.0,0.0,0.162821576719,5,5p_to_3x3_to_4x4_to_5x5_nested,5,1.305337,0,324,169869312,1.0,offline_union_5x5_source_replication,0:2,0:0;0:1;0:2;0:3;0:4;1:0;1:1;1:2;1:3;1:4;2:0;2:1;2:2;2:3;2:4;3:0;3:1;3:2;3:3;3:4;4:0;4:1;4:2;4:3;4:4,target_distance_source_replication_5x5,"train_seed,train_row_group_start,train_length_multiplier",held_out_evaluation_only,Submit GPU jobs to gpumedium; do not use pilot/gpupilot.
fsl_targetdistance_source_replication_s211_216_20260713_1841_n0-d2-dep4-md128-it324-x1p00-s216-rg0,source_delta_support_process_control,canonical,4,72,64,128,216,324,169869312,524288,16,2048,40,1,L,fsl-targetdistance-source-replication-s211-216-20260713-1841-n0-d2-dep4-md128-it324-x1p00-s216-rg0,0,2,roihu_delta_support_process_control,4,169869312,524288,"Prospective source-deployment replication on already measured x100 and x150 target referees. Source geometry, support, readouts, thresholds, and scoring were frozen before these source runs; target losses remain evaluation-only.",controlled_model_dim_source_prefix_smalln_5x5,4980784.0,4980784.0,0.0,0.162821576719,5,5p_to_3x3_to_4x4_to_5x5_nested,5,1.305337,0,324,169869312,1.0,offline_union_5x5_source_replication,0:2,0:0;0:1;0:2;0:3;0:4;1:0;1:1;1:2;1:3;1:4;2:0;2:1;2:2;2:3;2:4;3:0;3:1;3:2;3:3;3:4;4:0;4:1;4:2;4:3;4:4,target_distance_source_replication_5x5,"train_seed,train_row_group_start,train_length_multiplier",held_out_evaluation_only,Submit GPU jobs to gpumedium; do not use pilot/gpupilot.
fsl_targetdistance_source_replication_s211_216_20260713_1841_n0-d3-dep4-md128-it486-x1p00-s211-rg0,source_delta_support_process_control,canonical,4,72,64,128,211,486,254803968,524288,16,2048,40,1,L,fsl-targetdistance-source-replication-s211-216-20260713-1841-n0-d3-dep4-md128-it486-x1p00-s211-rg0,0,3,roihu_delta_support_process_control,4,254803968,524288,"Prospective source-deployment replication on already measured x100 and x150 target referees. Source geometry, support, readouts, thresholds, and scoring were frozen before these source runs; target losses remain evaluation-only.",controlled_model_dim_source_prefix_smalln_5x5,4980784.0,4980784.0,0.0,0.162821576719,13,5p_to_3x3_to_4x4_to_5x5_nested,16,1.305337,0,486,254803968,1.0,offline_union_5x5_source_replication,0:3,0:0;0:1;0:2;0:3;0:4;1:0;1:1;1:2;1:3;1:4;2:0;2:1;2:2;2:3;2:4;3:0;3:1;3:2;3:3;3:4;4:0;4:1;4:2;4:3;4:4,target_distance_source_replication_5x5,"train_seed,train_row_group_start,train_length_multiplier",held_out_evaluation_only,Submit GPU jobs to gpumedium; do not use pilot/gpupilot.
fsl_targetdistance_source_replication_s211_216_20260713_1841_n0-d3-dep4-md128-it486-x1p00-s212-rg0,source_delta_support_process_control,canonical,4,72,64,128,212,486,254803968,524288,16,2048,40,1,L,fsl-targetdistance-source-replication-s211-216-20260713-1841-n0-d3-dep4-md128-it486-x1p00-s212-rg0,0,3,roihu_delta_support_process_control,4,254803968,524288,"Prospective source-deployment replication on already measured x100 and x150 target referees. Source geometry, support, readouts, thresholds, and scoring were frozen before these source runs; target losses remain evaluation-only.",controlled_model_dim_source_prefix_smalln_5x5,4980784.0,4980784.0,0.0,0.162821576719,13,5p_to_3x3_to_4x4_to_5x5_nested,16,1.305337,0,486,254803968,1.0,offline_union_5x5_source_replication,0:3,0:0;0:1;0:2;0:3;0:4;1:0;1:1;1:2;1:3;1:4;2:0;2:1;2:2;2:3;2:4;3:0;3:1;3:2;3:3;3:4;4:0;4:1;4:2;4:3;4:4,target_distance_source_replication_5x5,"train_seed,train_row_group_start,train_length_multiplier",held_out_evaluation_only,Submit GPU jobs to gpumedium; do not use pilot/gpupilot.
fsl_targetdistance_source_replication_s211_216_20260713_1841_n0-d3-dep4-md128-it486-x1p00-s213-rg0,source_delta_support_process_control,canonical,4,72,64,128,213,486,254803968,524288,16,2048,40,1,L,fsl-targetdistance-source-replication-s211-216-20260713-1841-n0-d3-dep4-md128-it486-x1p00-s213-rg0,0,3,roihu_delta_support_process_control,4,254803968,524288,"Prospective source-deployment replication on already measured x100 and x150 target referees. Source geometry, support, readouts, thresholds, and scoring were frozen before these source runs; target losses remain evaluation-only.",controlled_model_dim_source_prefix_smalln_5x5,4980784.0,4980784.0,0.0,0.162821576719,13,5p_to_3x3_to_4x4_to_5x5_nested,16,1.305337,0,486,254803968,1.0,offline_union_5x5_source_replication,0:3,0:0;0:1;0:2;0:3;0:4;1:0;1:1;1:2;1:3;1:4;2:0;2:1;2:2;2:3;2:4;3:0;3:1;3:2;3:3;3:4;4:0;4:1;4:2;4:3;4:4,target_distance_source_replication_5x5,"train_seed,train_row_group_start,train_length_multiplier",held_out_evaluation_only,Submit GPU jobs to gpumedium; do not use pilot/gpupilot.
fsl_targetdistance_source_replication_s211_216_20260713_1841_n0-d3-dep4-md128-it486-x1p00-s214-rg0,source_delta_support_process_control,canonical,4,72,64,128,214,486,254803968,524288,16,2048,40,1,L,fsl-targetdistance-source-replication-s211-216-20260713-1841-n0-d3-dep4-md128-it486-x1p00-s214-rg0,0,3,roihu_delta_support_process_control,4,254803968,524288,"Prospective source-deployment replication on already measured x100 and x150 target referees. Source geometry, support, readouts, thresholds, and scoring were frozen before these source runs; target losses remain evaluation-only.",controlled_model_dim_source_prefix_smalln_5x5,4980784.0,4980784.0,0.0,0.162821576719,13,5p_to_3x3_to_4x4_to_5x5_nested,16,1.305337,0,486,254803968,1.0,offline_union_5x5_source_replication,0:3,0:0;0:1;0:2;0:3;0:4;1:0;1:1;1:2;1:3;1:4;2:0;2:1;2:2;2:3;2:4;3:0;3:1;3:2;3:3;3:4;4:0;4:1;4:2;4:3;4:4,target_distance_source_replication_5x5,"train_seed,train_row_group_start,train_length_multiplier",held_out_evaluation_only,Submit GPU jobs to gpumedium; do not use pilot/gpupilot.
fsl_targetdistance_source_replication_s211_216_20260713_1841_n0-d3-dep4-md128-it486-x1p00-s215-rg0,source_delta_support_process_control,canonical,4,72,64,128,215,486,254803968,524288,16,2048,40,1,L,fsl-targetdistance-source-replication-s211-216-20260713-1841-n0-d3-dep4-md128-it486-x1p00-s215-rg0,0,3,roihu_delta_support_process_control,4,254803968,524288,"Prospective source-deployment replication on already measured x100 and x150 target referees. Source geometry, support, readouts, thresholds, and scoring were frozen before these source runs; target losses remain evaluation-only.",controlled_model_dim_source_prefix_smalln_5x5,4980784.0,4980784.0,0.0,0.162821576719,13,5p_to_3x3_to_4x4_to_5x5_nested,16,1.305337,0,486,254803968,1.0,offline_union_5x5_source_replication,0:3,0:0;0:1;0:2;0:3;0:4;1:0;1:1;1:2;1:3;1:4;2:0;2:1;2:2;2:3;2:4;3:0;3:1;3:2;3:3;3:4;4:0;4:1;4:2;4:3;4:4,target_distance_source_replication_5x5,"train_seed,train_row_group_start,train_length_multiplier",held_out_evaluation_only,Submit GPU jobs to gpumedium; do not use pilot/gpupilot.
fsl_targetdistance_source_replication_s211_216_20260713_1841_n0-d3-dep4-md128-it486-x1p00-s216-rg0,source_delta_support_process_control,canonical,4,72,64,128,216,486,254803968,524288,16,2048,40,1,L,fsl-targetdistance-source-replication-s211-216-20260713-1841-n0-d3-dep4-md128-it486-x1p00-s216-rg0,0,3,roihu_delta_support_process_control,4,254803968,524288,"Prospective source-deployment replication on already measured x100 and x150 target referees. Source geometry, support, readouts, thresholds, and scoring were frozen before these source runs; target losses remain evaluation-only.",controlled_model_dim_source_prefix_smalln_5x5,4980784.0,4980784.0,0.0,0.162821576719,13,5p_to_3x3_to_4x4_to_5x5_nested,16,1.305337,0,486,254803968,1.0,offline_union_5x5_source_replication,0:3,0:0;0:1;0:2;0:3;0:4;1:0;1:1;1:2;1:3;1:4;2:0;2:1;2:2;2:3;2:4;3:0;3:1;3:2;3:3;3:4;4:0;4:1;4:2;4:3;4:4,target_distance_source_replication_5x5,"train_seed,train_row_group_start,train_length_multiplier",held_out_evaluation_only,Submit GPU jobs to gpumedium; do not use pilot/gpupilot.
fsl_targetdistance_source_replication_s211_216_20260713_1841_n0-d4-dep4-md128-it729-x1p00-s211-rg0,source_delta_support_process_control,canonical,4,72,64,128,211,729,382205952,524288,16,2048,40,1,L,fsl-targetdistance-source-replication-s211-216-20260713-1841-n0-d4-dep4-md128-it729-x1p00-s211-rg0,0,4,roihu_delta_support_process_control,4,382205952,524288,"Prospective source-deployment replication on already measured x100 and x150 target referees. Source geometry, support, readouts, thresholds, and scoring were frozen before these source runs; target losses remain evaluation-only.",controlled_model_dim_source_prefix_smalln_5x5,4980784.0,4980784.0,0.0,0.162821576719,21,5p_to_3x3_to_4x4_to_5x5_nested,25,1.305337,0,729,382205952,1.0,offline_union_5x5_source_replication,0:4,0:0;0:1;0:2;0:3;0:4;1:0;1:1;1:2;1:3;1:4;2:0;2:1;2:2;2:3;2:4;3:0;3:1;3:2;3:3;3:4;4:0;4:1;4:2;4:3;4:4,target_distance_source_replication_5x5,"train_seed,train_row_group_start,train_length_multiplier",held_out_evaluation_only,Submit GPU jobs to gpumedium; do not use pilot/gpupilot.
fsl_targetdistance_source_replication_s211_216_20260713_1841_n0-d4-dep4-md128-it729-x1p00-s212-rg0,source_delta_support_process_control,canonical,4,72,64,128,212,729,382205952,524288,16,2048,40,1,L,fsl-targetdistance-source-replication-s211-216-20260713-1841-n0-d4-dep4-md128-it729-x1p00-s212-rg0,0,4,roihu_delta_support_process_control,4,382205952,524288,"Prospective source-deployment replication on already measured x100 and x150 target referees. Source geometry, support, readouts, thresholds, and scoring were frozen before these source runs; target losses remain evaluation-only.",controlled_model_dim_source_prefix_smalln_5x5,4980784.0,4980784.0,0.0,0.162821576719,21,5p_to_3x3_to_4x4_to_5x5_nested,25,1.305337,0,729,382205952,1.0,offline_union_5x5_source_replication,0:4,0:0;0:1;0:2;0:3;0:4;1:0;1:1;1:2;1:3;1:4;2:0;2:1;2:2;2:3;2:4;3:0;3:1;3:2;3:3;3:4;4:0;4:1;4:2;4:3;4:4,target_distance_source_replication_5x5,"train_seed,train_row_group_start,train_length_multiplier",held_out_evaluation_only,Submit GPU jobs to gpumedium; do not use pilot/gpupilot.
fsl_targetdistance_source_replication_s211_216_20260713_1841_n0-d4-dep4-md128-it729-x1p00-s213-rg0,source_delta_support_process_control,canonical,4,72,64,128,213,729,382205952,524288,16,2048,40,1,L,fsl-targetdistance-source-replication-s211-216-20260713-1841-n0-d4-dep4-md128-it729-x1p00-s213-rg0,0,4,roihu_delta_support_process_control,4,382205952,524288,"Prospective source-deployment replication on already measured x100 and x150 target referees. Source geometry, support, readouts, thresholds, and scoring were frozen before these source runs; target losses remain evaluation-only.",controlled_model_dim_source_prefix_smalln_5x5,4980784.0,4980784.0,0.0,0.162821576719,21,5p_to_3x3_to_4x4_to_5x5_nested,25,1.305337,0,729,382205952,1.0,offline_union_5x5_source_replication,0:4,0:0;0:1;0:2;0:3;0:4;1:0;1:1;1:2;1:3;1:4;2:0;2:1;2:2;2:3;2:4;3:0;3:1;3:2;3:3;3:4;4:0;4:1;4:2;4:3;4:4,target_distance_source_replication_5x5,"train_seed,train_row_group_start,train_length_multiplier",held_out_evaluation_only,Submit GPU jobs to gpumedium; do not use pilot/gpupilot.
fsl_targetdistance_source_replication_s211_216_20260713_1841_n0-d4-dep4-md128-it729-x1p00-s214-rg0,source_delta_support_process_control,canonical,4,72,64,128,214,729,382205952,524288,16,2048,40,1,L,fsl-targetdistance-source-replication-s211-216-20260713-1841-n0-d4-dep4-md128-it729-x1p00-s214-rg0,0,4,roihu_delta_support_process_control,4,382205952,524288,"Prospective source-deployment replication on already measured x100 and x150 target referees. Source geometry, support, readouts, thresholds, and scoring were frozen before these source runs; target losses remain evaluation-only.",controlled_model_dim_source_prefix_smalln_5x5,4980784.0,4980784.0,0.0,0.162821576719,21,5p_to_3x3_to_4x4_to_5x5_nested,25,1.305337,0,729,382205952,1.0,offline_union_5x5_source_replication,0:4,0:0;0:1;0:2;0:3;0:4;1:0;1:1;1:2;1:3;1:4;2:0;2:1;2:2;2:3;2:4;3:0;3:1;3:2;3:3;3:4;4:0;4:1;4:2;4:3;4:4,target_distance_source_replication_5x5,"train_seed,train_row_group_start,train_length_multiplier",held_out_evaluation_only,Submit GPU jobs to gpumedium; do not use pilot/gpupilot.
fsl_targetdistance_source_replication_s211_216_20260713_1841_n0-d4-dep4-md128-it729-x1p00-s215-rg0,source_delta_support_process_control,canonical,4,72,64,128,215,729,382205952,524288,16,2048,40,1,L,fsl-targetdistance-source-replication-s211-216-20260713-1841-n0-d4-dep4-md128-it729-x1p00-s215-rg0,0,4,roihu_delta_support_process_control,4,382205952,524288,"Prospective source-deployment replication on already measured x100 and x150 target referees. Source geometry, support, readouts, thresholds, and scoring were frozen before these source runs; target losses remain evaluation-only.",controlled_model_dim_source_prefix_smalln_5x5,4980784.0,4980784.0,0.0,0.162821576719,21,5p_to_3x3_to_4x4_to_5x5_nested,25,1.305337,0,729,382205952,1.0,offline_union_5x5_source_replication,0:4,0:0;0:1;0:2;0:3;0:4;1:0;1:1;1:2;1:3;1:4;2:0;2:1;2:2;2:3;2:4;3:0;3:1;3:2;3:3;3:4;4:0;4:1;4:2;4:3;4:4,target_distance_source_replication_5x5,"train_seed,train_row_group_start,train_length_multiplier",held_out_evaluation_only,Submit GPU jobs to gpumedium; do not use pilot/gpupilot.
fsl_targetdistance_source_replication_s211_216_20260713_1841_n0-d4-dep4-md128-it729-x1p00-s216-rg0,source_delta_support_process_control,canonical,4,72,64,128,216,729,382205952,524288,16,2048,40,1,L,fsl-targetdistance-source-replication-s211-216-20260713-1841-n0-d4-dep4-md128-it729-x1p00-s216-rg0,0,4,roihu_delta_support_process_control,4,382205952,524288,"Prospective source-deployment replication on already measured x100 and x150 target referees. Source geometry, support, readouts, thresholds, and scoring were frozen before these source runs; target losses remain evaluation-only.",controlled_model_dim_source_prefix_smalln_5x5,4980784.0,4980784.0,0.0,0.162821576719,21,5p_to_3x3_to_4x4_to_5x5_nested,25,1.305337,0,729,382205952,1.0,offline_union_5x5_source_replication,0:4,0:0;0:1;0:2;0:3;0:4;1:0;1:1;1:2;1:3;1:4;2:0;2:1;2:2;2:3;2:4;3:0;3:1;3:2;3:3;3:4;4:0;4:1;4:2;4:3;4:4,target_distance_source_replication_5x5,"train_seed,train_row_group_start,train_length_multiplier",held_out_evaluation_only,Submit GPU jobs to gpumedium; do not use pilot/gpupilot.
fsl_targetdistance_source_replication_s211_216_20260713_1841_n1-d0-dep4-md192-it144-x1p00-s211-rg0,source_delta_support_process_control,canonical,4,72,64,192,211,144,75497472,524288,16,2048,40,1,L,fsl-targetdistance-source-replication-s211-216-20260713-1841-n1-d0-dep4-md192-it144-x1p00-s211-rg0,1,0,roihu_delta_support_process_control,4,75497472,524288,"Prospective source-deployment replication on already measured x100 and x150 target referees. Source geometry, support, readouts, thresholds, and scoring were frozen before these source runs; target losses remain evaluation-only.",controlled_model_dim_source_prefix_smalln_5x5,8061000.0,8061000.0,0.0,0.162821576719,2,5p_to_3x3_to_4x4_to_5x5_nested,5,1.305337,0,144,75497472,1.0,offline_union_5x5_source_replication,1:0,0:0;0:1;0:2;0:3;0:4;1:0;1:1;1:2;1:3;1:4;2:0;2:1;2:2;2:3;2:4;3:0;3:1;3:2;3:3;3:4;4:0;4:1;4:2;4:3;4:4,target_distance_source_replication_5x5,"train_seed,train_row_group_start,train_length_multiplier",held_out_evaluation_only,Submit GPU jobs to gpumedium; do not use pilot/gpupilot.
fsl_targetdistance_source_replication_s211_216_20260713_1841_n1-d0-dep4-md192-it144-x1p00-s212-rg0,source_delta_support_process_control,canonical,4,72,64,192,212,144,75497472,524288,16,2048,40,1,L,fsl-targetdistance-source-replication-s211-216-20260713-1841-n1-d0-dep4-md192-it144-x1p00-s212-rg0,1,0,roihu_delta_support_process_control,4,75497472,524288,"Prospective source-deployment replication on already measured x100 and x150 target referees. Source geometry, support, readouts, thresholds, and scoring were frozen before these source runs; target losses remain evaluation-only.",controlled_model_dim_source_prefix_smalln_5x5,8061000.0,8061000.0,0.0,0.162821576719,2,5p_to_3x3_to_4x4_to_5x5_nested,5,1.305337,0,144,75497472,1.0,offline_union_5x5_source_replication,1:0,0:0;0:1;0:2;0:3;0:4;1:0;1:1;1:2;1:3;1:4;2:0;2:1;2:2;2:3;2:4;3:0;3:1;3:2;3:3;3:4;4:0;4:1;4:2;4:3;4:4,target_distance_source_replication_5x5,"train_seed,train_row_group_start,train_length_multiplier",held_out_evaluation_only,Submit GPU jobs to gpumedium; do not use pilot/gpupilot.
fsl_targetdistance_source_replication_s211_216_20260713_1841_n1-d0-dep4-md192-it144-x1p00-s213-rg0,source_delta_support_process_control,canonical,4,72,64,192,213,144,75497472,524288,16,2048,40,1,L,fsl-targetdistance-source-replication-s211-216-20260713-1841-n1-d0-dep4-md192-it144-x1p00-s213-rg0,1,0,roihu_delta_support_process_control,4,75497472,524288,"Prospective source-deployment replication on already measured x100 and x150 target referees. Source geometry, support, readouts, thresholds, and scoring were frozen before these source runs; target losses remain evaluation-only.",controlled_model_dim_source_prefix_smalln_5x5,8061000.0,8061000.0,0.0,0.162821576719,2,5p_to_3x3_to_4x4_to_5x5_nested,5,1.305337,0,144,75497472,1.0,offline_union_5x5_source_replication,1:0,0:0;0:1;0:2;0:3;0:4;1:0;1:1;1:2;1:3;1:4;2:0;2:1;2:2;2:3;2:4;3:0;3:1;3:2;3:3;3:4;4:0;4:1;4:2;4:3;4:4,target_distance_source_replication_5x5,"train_seed,train_row_group_start,train_length_multiplier",held_out_evaluation_only,Submit GPU jobs to gpumedium; do not use pilot/gpupilot.
fsl_targetdistance_source_replication_s211_216_20260713_1841_n1-d0-dep4-md192-it144-x1p00-s214-rg0,source_delta_support_process_control,canonical,4,72,64,192,214,144,75497472,524288,16,2048,40,1,L,fsl-targetdistance-source-replication-s211-216-20260713-1841-n1-d0-dep4-md192-it144-x1p00-s214-rg0,1,0,roihu_delta_support_process_control,4,75497472,524288,"Prospective source-deployment replication on already measured x100 and x150 target referees. Source geometry, support, readouts, thresholds, and scoring were frozen before these source runs; target losses remain evaluation-only.",controlled_model_dim_source_prefix_smalln_5x5,8061000.0,8061000.0,0.0,0.162821576719,2,5p_to_3x3_to_4x4_to_5x5_nested,5,1.305337,0,144,75497472,1.0,offline_union_5x5_source_replication,1:0,0:0;0:1;0:2;0:3;0:4;1:0;1:1;1:2;1:3;1:4;2:0;2:1;2:2;2:3;2:4;3:0;3:1;3:2;3:3;3:4;4:0;4:1;4:2;4:3;4:4,target_distance_source_replication_5x5,"train_seed,train_row_group_start,train_length_multiplier",held_out_evaluation_only,Submit GPU jobs to gpumedium; do not use pilot/gpupilot.
fsl_targetdistance_source_replication_s211_216_20260713_1841_n1-d0-dep4-md192-it144-x1p00-s215-rg0,source_delta_support_process_control,canonical,4,72,64,192,215,144,75497472,524288,16,2048,40,1,L,fsl-targetdistance-source-replication-s211-216-20260713-1841-n1-d0-dep4-md192-it144-x1p00-s215-rg0,1,0,roihu_delta_support_process_control,4,75497472,524288,"Prospective source-deployment replication on already measured x100 and x150 target referees. Source geometry, support, readouts, thresholds, and scoring were frozen before these source runs; target losses remain evaluation-only.",controlled_model_dim_source_prefix_smalln_5x5,8061000.0,8061000.0,0.0,0.162821576719,2,5p_to_3x3_to_4x4_to_5x5_nested,5,1.305337,0,144,75497472,1.0,offline_union_5x5_source_replication,1:0,0:0;0:1;0:2;0:3;0:4;1:0;1:1;1:2;1:3;1:4;2:0;2:1;2:2;2:3;2:4;3:0;3:1;3:2;3:3;3:4;4:0;4:1;4:2;4:3;4:4,target_distance_source_replication_5x5,"train_seed,train_row_group_start,train_length_multiplier",held_out_evaluation_only,Submit GPU jobs to gpumedium; do not use pilot/gpupilot.
fsl_targetdistance_source_replication_s211_216_20260713_1841_n1-d0-dep4-md192-it144-x1p00-s216-rg0,source_delta_support_process_control,canonical,4,72,64,192,216,144,75497472,524288,16,2048,40,1,L,fsl-targetdistance-source-replication-s211-216-20260713-1841-n1-d0-dep4-md192-it144-x1p00-s216-rg0,1,0,roihu_delta_support_process_control,4,75497472,524288,"Prospective source-deployment replication on already measured x100 and x150 target referees. Source geometry, support, readouts, thresholds, and scoring were frozen before these source runs; target losses remain evaluation-only.",controlled_model_dim_source_prefix_smalln_5x5,8061000.0,8061000.0,0.0,0.162821576719,2,5p_to_3x3_to_4x4_to_5x5_nested,5,1.305337,0,144,75497472,1.0,offline_union_5x5_source_replication,1:0,0:0;0:1;0:2;0:3;0:4;1:0;1:1;1:2;1:3;1:4;2:0;2:1;2:2;2:3;2:4;3:0;3:1;3:2;3:3;3:4;4:0;4:1;4:2;4:3;4:4,target_distance_source_replication_5x5,"train_seed,train_row_group_start,train_length_multiplier",held_out_evaluation_only,Submit GPU jobs to gpumedium; do not use pilot/gpupilot.
fsl_targetdistance_source_replication_s211_216_20260713_1841_n1-d1-dep4-md192-it216-x1p00-s211-rg0,source_delta_support_process_control,canonical,4,72,64,192,211,216,113246208,524288,16,2048,40,1,L,fsl-targetdistance-source-replication-s211-216-20260713-1841-n1-d1-dep4-md192-it216-x1p00-s211-rg0,1,1,roihu_delta_support_process_control,4,113246208,524288,"Prospective source-deployment replication on already measured x100 and x150 target referees. Source geometry, support, readouts, thresholds, and scoring were frozen before these source runs; target losses remain evaluation-only.",controlled_model_dim_source_prefix_smalln_5x5,8061000.0,8061000.0,0.0,0.162821576719,6,5p_to_3x3_to_4x4_to_5x5_nested,9,1.305337,0,216,113246208,1.0,offline_union_5x5_source_replication,1:1,0:0;0:1;0:2;0:3;0:4;1:0;1:1;1:2;1:3;1:4;2:0;2:1;2:2;2:3;2:4;3:0;3:1;3:2;3:3;3:4;4:0;4:1;4:2;4:3;4:4,target_distance_source_replication_5x5,"train_seed,train_row_group_start,train_length_multiplier",held_out_evaluation_only,Submit GPU jobs to gpumedium; do not use pilot/gpupilot.
fsl_targetdistance_source_replication_s211_216_20260713_1841_n1-d1-dep4-md192-it216-x1p00-s212-rg0,source_delta_support_process_control,canonical,4,72,64,192,212,216,113246208,524288,16,2048,40,1,L,fsl-targetdistance-source-replication-s211-216-20260713-1841-n1-d1-dep4-md192-it216-x1p00-s212-rg0,1,1,roihu_delta_support_process_control,4,113246208,524288,"Prospective source-deployment replication on already measured x100 and x150 target referees. Source geometry, support, readouts, thresholds, and scoring were frozen before these source runs; target losses remain evaluation-only.",controlled_model_dim_source_prefix_smalln_5x5,8061000.0,8061000.0,0.0,0.162821576719,6,5p_to_3x3_to_4x4_to_5x5_nested,9,1.305337,0,216,113246208,1.0,offline_union_5x5_source_replication,1:1,0:0;0:1;0:2;0:3;0:4;1:0;1:1;1:2;1:3;1:4;2:0;2:1;2:2;2:3;2:4;3:0;3:1;3:2;3:3;3:4;4:0;4:1;4:2;4:3;4:4,target_distance_source_replication_5x5,"train_seed,train_row_group_start,train_length_multiplier",held_out_evaluation_only,Submit GPU jobs to gpumedium; do not use pilot/gpupilot.
fsl_targetdistance_source_replication_s211_216_20260713_1841_n1-d1-dep4-md192-it216-x1p00-s213-rg0,source_delta_support_process_control,canonical,4,72,64,192,213,216,113246208,524288,16,2048,40,1,L,fsl-targetdistance-source-replication-s211-216-20260713-1841-n1-d1-dep4-md192-it216-x1p00-s213-rg0,1,1,roihu_delta_support_process_control,4,113246208,524288,"Prospective source-deployment replication on already measured x100 and x150 target referees. Source geometry, support, readouts, thresholds, and scoring were frozen before these source runs; target losses remain evaluation-only.",controlled_model_dim_source_prefix_smalln_5x5,8061000.0,8061000.0,0.0,0.162821576719,6,5p_to_3x3_to_4x4_to_5x5_nested,9,1.305337,0,216,113246208,1.0,offline_union_5x5_source_replication,1:1,0:0;0:1;0:2;0:3;0:4;1:0;1:1;1:2;1:3;1:4;2:0;2:1;2:2;2:3;2:4;3:0;3:1;3:2;3:3;3:4;4:0;4:1;4:2;4:3;4:4,target_distance_source_replication_5x5,"train_seed,train_row_group_start,train_length_multiplier",held_out_evaluation_only,Submit GPU jobs to gpumedium; do not use pilot/gpupilot.
fsl_targetdistance_source_replication_s211_216_20260713_1841_n1-d1-dep4-md192-it216-x1p00-s214-rg0,source_delta_support_process_control,canonical,4,72,64,192,214,216,113246208,524288,16,2048,40,1,L,fsl-targetdistance-source-replication-s211-216-20260713-1841-n1-d1-dep4-md192-it216-x1p00-s214-rg0,1,1,roihu_delta_support_process_control,4,113246208,524288,"Prospective source-deployment replication on already measured x100 and x150 target referees. Source geometry, support, readouts, thresholds, and scoring were frozen before these source runs; target losses remain evaluation-only.",controlled_model_dim_source_prefix_smalln_5x5,8061000.0,8061000.0,0.0,0.162821576719,6,5p_to_3x3_to_4x4_to_5x5_nested,9,1.305337,0,216,113246208,1.0,offline_union_5x5_source_replication,1:1,0:0;0:1;0:2;0:3;0:4;1:0;1:1;1:2;1:3;1:4;2:0;2:1;2:2;2:3;2:4;3:0;3:1;3:2;3:3;3:4;4:0;4:1;4:2;4:3;4:4,target_distance_source_replication_5x5,"train_seed,train_row_group_start,train_length_multiplier",held_out_evaluation_only,Submit GPU jobs to gpumedium; do not use pilot/gpupilot.
fsl_targetdistance_source_replication_s211_216_20260713_1841_n1-d1-dep4-md192-it216-x1p00-s215-rg0,source_delta_support_process_control,canonical,4,72,64,192,215,216,113246208,524288,16,2048,40,1,L,fsl-targetdistance-source-replication-s211-216-20260713-1841-n1-d1-dep4-md192-it216-x1p00-s215-rg0,1,1,roihu_delta_support_process_control,4,113246208,524288,"Prospective source-deployment replication on already measured x100 and x150 target referees. Source geometry, support, readouts, thresholds, and scoring were frozen before these source runs; target losses remain evaluation-only.",controlled_model_dim_source_prefix_smalln_5x5,8061000.0,8061000.0,0.0,0.162821576719,6,5p_to_3x3_to_4x4_to_5x5_nested,9,1.305337,0,216,113246208,1.0,offline_union_5x5_source_replication,1:1,0:0;0:1;0:2;0:3;0:4;1:0;1:1;1:2;1:3;1:4;2:0;2:1;2:2;2:3;2:4;3:0;3:1;3:2;3:3;3:4;4:0;4:1;4:2;4:3;4:4,target_distance_source_replication_5x5,"train_seed,train_row_group_start,train_length_multiplier",held_out_evaluation_only,Submit GPU jobs to gpumedium; do not use pilot/gpupilot.
fsl_targetdistance_source_replication_s211_216_20260713_1841_n1-d1-dep4-md192-it216-x1p00-s216-rg0,source_delta_support_process_control,canonical,4,72,64,192,216,216,113246208,524288,16,2048,40,1,L,fsl-targetdistance-source-replication-s211-216-20260713-1841-n1-d1-dep4-md192-it216-x1p00-s216-rg0,1,1,roihu_delta_support_process_control,4,113246208,524288,"Prospective source-deployment replication on already measured x100 and x150 target referees. Source geometry, support, readouts, thresholds, and scoring were frozen before these source runs; target losses remain evaluation-only.",controlled_model_dim_source_prefix_smalln_5x5,8061000.0,8061000.0,0.0,0.162821576719,6,5p_to_3x3_to_4x4_to_5x5_nested,9,1.305337,0,216,113246208,1.0,offline_union_5x5_source_replication,1:1,0:0;0:1;0:2;0:3;0:4;1:0;1:1;1:2;1:3;1:4;2:0;2:1;2:2;2:3;2:4;3:0;3:1;3:2;3:3;3:4;4:0;4:1;4:2;4:3;4:4,target_distance_source_replication_5x5,"train_seed,train_row_group_start,train_length_multiplier",held_out_evaluation_only,Submit GPU jobs to gpumedium; do not use pilot/gpupilot.
fsl_targetdistance_source_replication_s211_216_20260713_1841_n1-d2-dep4-md192-it324-x1p00-s211-rg0,source_delta_support_process_control,canonical,4,72,64,192,211,324,169869312,524288,16,2048,40,1,L,fsl-targetdistance-source-replication-s211-216-20260713-1841-n1-d2-dep4-md192-it324-x1p00-s211-rg0,1,2,roihu_delta_support_process_control,4,169869312,524288,"Prospective source-deployment replication on already measured x100 and x150 target referees. Source geometry, support, readouts, thresholds, and scoring were frozen before these source runs; target losses remain evaluation-only.",controlled_model_dim_source_prefix_smalln_5x5,8061000.0,8061000.0,0.0,0.162821576719,7,5p_to_3x3_to_4x4_to_5x5_nested,9,1.305337,0,324,169869312,1.0,offline_union_5x5_source_replication,1:2,0:0;0:1;0:2;0:3;0:4;1:0;1:1;1:2;1:3;1:4;2:0;2:1;2:2;2:3;2:4;3:0;3:1;3:2;3:3;3:4;4:0;4:1;4:2;4:3;4:4,target_distance_source_replication_5x5,"train_seed,train_row_group_start,train_length_multiplier",held_out_evaluation_only,Submit GPU jobs to gpumedium; do not use pilot/gpupilot.
fsl_targetdistance_source_replication_s211_216_20260713_1841_n1-d2-dep4-md192-it324-x1p00-s212-rg0,source_delta_support_process_control,canonical,4,72,64,192,212,324,169869312,524288,16,2048,40,1,L,fsl-targetdistance-source-replication-s211-216-20260713-1841-n1-d2-dep4-md192-it324-x1p00-s212-rg0,1,2,roihu_delta_support_process_control,4,169869312,524288,"Prospective source-deployment replication on already measured x100 and x150 target referees. Source geometry, support, readouts, thresholds, and scoring were frozen before these source runs; target losses remain evaluation-only.",controlled_model_dim_source_prefix_smalln_5x5,8061000.0,8061000.0,0.0,0.162821576719,7,5p_to_3x3_to_4x4_to_5x5_nested,9,1.305337,0,324,169869312,1.0,offline_union_5x5_source_replication,1:2,0:0;0:1;0:2;0:3;0:4;1:0;1:1;1:2;1:3;1:4;2:0;2:1;2:2;2:3;2:4;3:0;3:1;3:2;3:3;3:4;4:0;4:1;4:2;4:3;4:4,target_distance_source_replication_5x5,"train_seed,train_row_group_start,train_length_multiplier",held_out_evaluation_only,Submit GPU jobs to gpumedium; do not use pilot/gpupilot.
fsl_targetdistance_source_replication_s211_216_20260713_1841_n1-d2-dep4-md192-it324-x1p00-s213-rg0,source_delta_support_process_control,canonical,4,72,64,192,213,324,169869312,524288,16,2048,40,1,L,fsl-targetdistance-source-replication-s211-216-20260713-1841-n1-d2-dep4-md192-it324-x1p00-s213-rg0,1,2,roihu_delta_support_process_control,4,169869312,524288,"Prospective source-deployment replication on already measured x100 and x150 target referees. Source geometry, support, readouts, thresholds, and scoring were frozen before these source runs; target losses remain evaluation-only.",controlled_model_dim_source_prefix_smalln_5x5,8061000.0,8061000.0,0.0,0.162821576719,7,5p_to_3x3_to_4x4_to_5x5_nested,9,1.305337,0,324,169869312,1.0,offline_union_5x5_source_replication,1:2,0:0;0:1;0:2;0:3;0:4;1:0;1:1;1:2;1:3;1:4;2:0;2:1;2:2;2:3;2:4;3:0;3:1;3:2;3:3;3:4;4:0;4:1;4:2;4:3;4:4,target_distance_source_replication_5x5,"train_seed,train_row_group_start,train_length_multiplier",held_out_evaluation_only,Submit GPU jobs to gpumedium; do not use pilot/gpupilot.
fsl_targetdistance_source_replication_s211_216_20260713_1841_n1-d2-dep4-md192-it324-x1p00-s214-rg0,source_delta_support_process_control,canonical,4,72,64,192,214,324,169869312,524288,16,2048,40,1,L,fsl-targetdistance-source-replication-s211-216-20260713-1841-n1-d2-dep4-md192-it324-x1p00-s214-rg0,1,2,roihu_delta_support_process_control,4,169869312,524288,"Prospective source-deployment replication on already measured x100 and x150 target referees. Source geometry, support, readouts, thresholds, and scoring were frozen before these source runs; target losses remain evaluation-only.",controlled_model_dim_source_prefix_smalln_5x5,8061000.0,8061000.0,0.0,0.162821576719,7,5p_to_3x3_to_4x4_to_5x5_nested,9,1.305337,0,324,169869312,1.0,offline_union_5x5_source_replication,1:2,0:0;0:1;0:2;0:3;0:4;1:0;1:1;1:2;1:3;1:4;2:0;2:1;2:2;2:3;2:4;3:0;3:1;3:2;3:3;3:4;4:0;4:1;4:2;4:3;4:4,target_distance_source_replication_5x5,"train_seed,train_row_group_start,train_length_multiplier",held_out_evaluation_only,Submit GPU jobs to gpumedium; do not use pilot/gpupilot.
fsl_targetdistance_source_replication_s211_216_20260713_1841_n1-d2-dep4-md192-it324-x1p00-s215-rg0,source_delta_support_process_control,canonical,4,72,64,192,215,324,169869312,524288,16,2048,40,1,L,fsl-targetdistance-source-replication-s211-216-20260713-1841-n1-d2-dep4-md192-it324-x1p00-s215-rg0,1,2,roihu_delta_support_process_control,4,169869312,524288,"Prospective source-deployment replication on already measured x100 and x150 target referees. Source geometry, support, readouts, thresholds, and scoring were frozen before these source runs; target losses remain evaluation-only.",controlled_model_dim_source_prefix_smalln_5x5,8061000.0,8061000.0,0.0,0.162821576719,7,5p_to_3x3_to_4x4_to_5x5_nested,9,1.305337,0,324,169869312,1.0,offline_union_5x5_source_replication,1:2,0:0;0:1;0:2;0:3;0:4;1:0;1:1;1:2;1:3;1:4;2:0;2:1;2:2;2:3;2:4;3:0;3:1;3:2;3:3;3:4;4:0;4:1;4:2;4:3;4:4,target_distance_source_replication_5x5,"train_seed,train_row_group_start,train_length_multiplier",held_out_evaluation_only,Submit GPU jobs to gpumedium; do not use pilot/gpupilot.
fsl_targetdistance_source_replication_s211_216_20260713_1841_n1-d2-dep4-md192-it324-x1p00-s216-rg0,source_delta_support_process_control,canonical,4,72,64,192,216,324,169869312,524288,16,2048,40,1,L,fsl-targetdistance-source-replication-s211-216-20260713-1841-n1-d2-dep4-md192-it324-x1p00-s216-rg0,1,2,roihu_delta_support_process_control,4,169869312,524288,"Prospective source-deployment replication on already measured x100 and x150 target referees. Source geometry, support, readouts, thresholds, and scoring were frozen before these source runs; target losses remain evaluation-only.",controlled_model_dim_source_prefix_smalln_5x5,8061000.0,8061000.0,0.0,0.162821576719,7,5p_to_3x3_to_4x4_to_5x5_nested,9,1.305337,0,324,169869312,1.0,offline_union_5x5_source_replication,1:2,0:0;0:1;0:2;0:3;0:4;1:0;1:1;1:2;1:3;1:4;2:0;2:1;2:2;2:3;2:4;3:0;3:1;3:2;3:3;3:4;4:0;4:1;4:2;4:3;4:4,target_distance_source_replication_5x5,"train_seed,train_row_group_start,train_length_multiplier",held_out_evaluation_only,Submit GPU jobs to gpumedium; do not use pilot/gpupilot.
fsl_targetdistance_source_replication_s211_216_20260713_1841_n1-d3-dep4-md192-it486-x1p00-s211-rg0,source_delta_support_process_control,canonical,4,72,64,192,211,486,254803968,524288,16,2048,40,1,L,fsl-targetdistance-source-replication-s211-216-20260713-1841-n1-d3-dep4-md192-it486-x1p00-s211-rg0,1,3,roihu_delta_support_process_control,4,254803968,524288,"Prospective source-deployment replication on already measured x100 and x150 target referees. Source geometry, support, readouts, thresholds, and scoring were frozen before these source runs; target losses remain evaluation-only.",controlled_model_dim_source_prefix_smalln_5x5,8061000.0,8061000.0,0.0,0.162821576719,14,5p_to_3x3_to_4x4_to_5x5_nested,16,1.305337,0,486,254803968,1.0,offline_union_5x5_source_replication,1:3,0:0;0:1;0:2;0:3;0:4;1:0;1:1;1:2;1:3;1:4;2:0;2:1;2:2;2:3;2:4;3:0;3:1;3:2;3:3;3:4;4:0;4:1;4:2;4:3;4:4,target_distance_source_replication_5x5,"train_seed,train_row_group_start,train_length_multiplier",held_out_evaluation_only,Submit GPU jobs to gpumedium; do not use pilot/gpupilot.
fsl_targetdistance_source_replication_s211_216_20260713_1841_n1-d3-dep4-md192-it486-x1p00-s212-rg0,source_delta_support_process_control,canonical,4,72,64,192,212,486,254803968,524288,16,2048,40,1,L,fsl-targetdistance-source-replication-s211-216-20260713-1841-n1-d3-dep4-md192-it486-x1p00-s212-rg0,1,3,roihu_delta_support_process_control,4,254803968,524288,"Prospective source-deployment replication on already measured x100 and x150 target referees. Source geometry, support, readouts, thresholds, and scoring were frozen before these source runs; target losses remain evaluation-only.",controlled_model_dim_source_prefix_smalln_5x5,8061000.0,8061000.0,0.0,0.162821576719,14,5p_to_3x3_to_4x4_to_5x5_nested,16,1.305337,0,486,254803968,1.0,offline_union_5x5_source_replication,1:3,0:0;0:1;0:2;0:3;0:4;1:0;1:1;1:2;1:3;1:4;2:0;2:1;2:2;2:3;2:4;3:0;3:1;3:2;3:3;3:4;4:0;4:1;4:2;4:3;4:4,target_distance_source_replication_5x5,"train_seed,train_row_group_start,train_length_multiplier",held_out_evaluation_only,Submit GPU jobs to gpumedium; do not use pilot/gpupilot.
fsl_targetdistance_source_replication_s211_216_20260713_1841_n1-d3-dep4-md192-it486-x1p00-s213-rg0,source_delta_support_process_control,canonical,4,72,64,192,213,486,254803968,524288,16,2048,40,1,L,fsl-targetdistance-source-replication-s211-216-20260713-1841-n1-d3-dep4-md192-it486-x1p00-s213-rg0,1,3,roihu_delta_support_process_control,4,254803968,524288,"Prospective source-deployment replication on already measured x100 and x150 target referees. Source geometry, support, readouts, thresholds, and scoring were frozen before these source runs; target losses remain evaluation-only.",controlled_model_dim_source_prefix_smalln_5x5,8061000.0,8061000.0,0.0,0.162821576719,14,5p_to_3x3_to_4x4_to_5x5_nested,16,1.305337,0,486,254803968,1.0,offline_union_5x5_source_replication,1:3,0:0;0:1;0:2;0:3;0:4;1:0;1:1;1:2;1:3;1:4;2:0;2:1;2:2;2:3;2:4;3:0;3:1;3:2;3:3;3:4;4:0;4:1;4:2;4:3;4:4,target_distance_source_replication_5x5,"train_seed,train_row_group_start,train_length_multiplier",held_out_evaluation_only,Submit GPU jobs to gpumedium; do not use pilot/gpupilot.
fsl_targetdistance_source_replication_s211_216_20260713_1841_n1-d3-dep4-md192-it486-x1p00-s214-rg0,source_delta_support_process_control,canonical,4,72,64,192,214,486,254803968,524288,16,2048,40,1,L,fsl-targetdistance-source-replication-s211-216-20260713-1841-n1-d3-dep4-md192-it486-x1p00-s214-rg0,1,3,roihu_delta_support_process_control,4,254803968,524288,"Prospective source-deployment replication on already measured x100 and x150 target referees. Source geometry, support, readouts, thresholds, and scoring were frozen before these source runs; target losses remain evaluation-only.",controlled_model_dim_source_prefix_smalln_5x5,8061000.0,8061000.0,0.0,0.162821576719,14,5p_to_3x3_to_4x4_to_5x5_nested,16,1.305337,0,486,254803968,1.0,offline_union_5x5_source_replication,1:3,0:0;0:1;0:2;0:3;0:4;1:0;1:1;1:2;1:3;1:4;2:0;2:1;2:2;2:3;2:4;3:0;3:1;3:2;3:3;3:4;4:0;4:1;4:2;4:3;4:4,target_distance_source_replication_5x5,"train_seed,train_row_group_start,train_length_multiplier",held_out_evaluation_only,Submit GPU jobs to gpumedium; do not use pilot/gpupilot.
fsl_targetdistance_source_replication_s211_216_20260713_1841_n1-d3-dep4-md192-it486-x1p00-s215-rg0,source_delta_support_process_control,canonical,4,72,64,192,215,486,254803968,524288,16,2048,40,1,L,fsl-targetdistance-source-replication-s211-216-20260713-1841-n1-d3-dep4-md192-it486-x1p00-s215-rg0,1,3,roihu_delta_support_process_control,4,254803968,524288,"Prospective source-deployment replication on already measured x100 and x150 target referees. Source geometry, support, readouts, thresholds, and scoring were frozen before these source runs; target losses remain evaluation-only.",controlled_model_dim_source_prefix_smalln_5x5,8061000.0,8061000.0,0.0,0.162821576719,14,5p_to_3x3_to_4x4_to_5x5_nested,16,1.305337,0,486,254803968,1.0,offline_union_5x5_source_replication,1:3,0:0;0:1;0:2;0:3;0:4;1:0;1:1;1:2;1:3;1:4;2:0;2:1;2:2;2:3;2:4;3:0;3:1;3:2;3:3;3:4;4:0;4:1;4:2;4:3;4:4,target_distance_source_replication_5x5,"train_seed,train_row_group_start,train_length_multiplier",held_out_evaluation_only,Submit GPU jobs to gpumedium; do not use pilot/gpupilot.
fsl_targetdistance_source_replication_s211_216_20260713_1841_n1-d3-dep4-md192-it486-x1p00-s216-rg0,source_delta_support_process_control,canonical,4,72,64,192,216,486,254803968,524288,16,2048,40,1,L,fsl-targetdistance-source-replication-s211-216-20260713-1841-n1-d3-dep4-md192-it486-x1p00-s216-rg0,1,3,roihu_delta_support_process_control,4,254803968,524288,"Prospective source-deployment replication on already measured x100 and x150 target referees. Source geometry, support, readouts, thresholds, and scoring were frozen before these source runs; target losses remain evaluation-only.",controlled_model_dim_source_prefix_smalln_5x5,8061000.0,8061000.0,0.0,0.162821576719,14,5p_to_3x3_to_4x4_to_5x5_nested,16,1.305337,0,486,254803968,1.0,offline_union_5x5_source_replication,1:3,0:0;0:1;0:2;0:3;0:4;1:0;1:1;1:2;1:3;1:4;2:0;2:1;2:2;2:3;2:4;3:0;3:1;3:2;3:3;3:4;4:0;4:1;4:2;4:3;4:4,target_distance_source_replication_5x5,"train_seed,train_row_group_start,train_length_multiplier",held_out_evaluation_only,Submit GPU jobs to gpumedium; do not use pilot/gpupilot.
fsl_targetdistance_source_replication_s211_216_20260713_1841_n1-d4-dep4-md192-it729-x1p00-s211-rg0,source_delta_support_process_control,canonical,4,72,64,192,211,729,382205952,524288,16,2048,40,1,L,fsl-targetdistance-source-replication-s211-216-20260713-1841-n1-d4-dep4-md192-it729-x1p00-s211-rg0,1,4,roihu_delta_support_process_control,4,382205952,524288,"Prospective source-deployment replication on already measured x100 and x150 target referees. Source geometry, support, readouts, thresholds, and scoring were frozen before these source runs; target losses remain evaluation-only.",controlled_model_dim_source_prefix_smalln_5x5,8061000.0,8061000.0,0.0,0.162821576719,22,5p_to_3x3_to_4x4_to_5x5_nested,25,1.305337,0,729,382205952,1.0,offline_union_5x5_source_replication,1:4,0:0;0:1;0:2;0:3;0:4;1:0;1:1;1:2;1:3;1:4;2:0;2:1;2:2;2:3;2:4;3:0;3:1;3:2;3:3;3:4;4:0;4:1;4:2;4:3;4:4,target_distance_source_replication_5x5,"train_seed,train_row_group_start,train_length_multiplier",held_out_evaluation_only,Submit GPU jobs to gpumedium; do not use pilot/gpupilot.
fsl_targetdistance_source_replication_s211_216_20260713_1841_n1-d4-dep4-md192-it729-x1p00-s212-rg0,source_delta_support_process_control,canonical,4,72,64,192,212,729,382205952,524288,16,2048,40,1,L,fsl-targetdistance-source-replication-s211-216-20260713-1841-n1-d4-dep4-md192-it729-x1p00-s212-rg0,1,4,roihu_delta_support_process_control,4,382205952,524288,"Prospective source-deployment replication on already measured x100 and x150 target referees. Source geometry, support, readouts, thresholds, and scoring were frozen before these source runs; target losses remain evaluation-only.",controlled_model_dim_source_prefix_smalln_5x5,8061000.0,8061000.0,0.0,0.162821576719,22,5p_to_3x3_to_4x4_to_5x5_nested,25,1.305337,0,729,382205952,1.0,offline_union_5x5_source_replication,1:4,0:0;0:1;0:2;0:3;0:4;1:0;1:1;1:2;1:3;1:4;2:0;2:1;2:2;2:3;2:4;3:0;3:1;3:2;3:3;3:4;4:0;4:1;4:2;4:3;4:4,target_distance_source_replication_5x5,"train_seed,train_row_group_start,train_length_multiplier",held_out_evaluation_only,Submit GPU jobs to gpumedium; do not use pilot/gpupilot.
fsl_targetdistance_source_replication_s211_216_20260713_1841_n1-d4-dep4-md192-it729-x1p00-s213-rg0,source_delta_support_process_control,canonical,4,72,64,192,213,729,382205952,524288,16,2048,40,1,L,fsl-targetdistance-source-replication-s211-216-20260713-1841-n1-d4-dep4-md192-it729-x1p00-s213-rg0,1,4,roihu_delta_support_process_control,4,382205952,524288,"Prospective source-deployment replication on already measured x100 and x150 target referees. Source geometry, support, readouts, thresholds, and scoring were frozen before these source runs; target losses remain evaluation-only.",controlled_model_dim_source_prefix_smalln_5x5,8061000.0,8061000.0,0.0,0.162821576719,22,5p_to_3x3_to_4x4_to_5x5_nested,25,1.305337,0,729,382205952,1.0,offline_union_5x5_source_replication,1:4,0:0;0:1;0:2;0:3;0:4;1:0;1:1;1:2;1:3;1:4;2:0;2:1;2:2;2:3;2:4;3:0;3:1;3:2;3:3;3:4;4:0;4:1;4:2;4:3;4:4,target_distance_source_replication_5x5,"train_seed,train_row_group_start,train_length_multiplier",held_out_evaluation_only,Submit GPU jobs to gpumedium; do not use pilot/gpupilot.
fsl_targetdistance_source_replication_s211_216_20260713_1841_n1-d4-dep4-md192-it729-x1p00-s214-rg0,source_delta_support_process_control,canonical,4,72,64,192,214,729,382205952,524288,16,2048,40,1,L,fsl-targetdistance-source-replication-s211-216-20260713-1841-n1-d4-dep4-md192-it729-x1p00-s214-rg0,1,4,roihu_delta_support_process_control,4,382205952,524288,"Prospective source-deployment replication on already measured x100 and x150 target referees. Source geometry, support, readouts, thresholds, and scoring were frozen before these source runs; target losses remain evaluation-only.",controlled_model_dim_source_prefix_smalln_5x5,8061000.0,8061000.0,0.0,0.162821576719,22,5p_to_3x3_to_4x4_to_5x5_nested,25,1.305337,0,729,382205952,1.0,offline_union_5x5_source_replication,1:4,0:0;0:1;0:2;0:3;0:4;1:0;1:1;1:2;1:3;1:4;2:0;2:1;2:2;2:3;2:4;3:0;3:1;3:2;3:3;3:4;4:0;4:1;4:2;4:3;4:4,target_distance_source_replication_5x5,"train_seed,train_row_group_start,train_length_multiplier",held_out_evaluation_only,Submit GPU jobs to gpumedium; do not use pilot/gpupilot.
fsl_targetdistance_source_replication_s211_216_20260713_1841_n1-d4-dep4-md192-it729-x1p00-s215-rg0,source_delta_support_process_control,canonical,4,72,64,192,215,729,382205952,524288,16,2048,40,1,L,fsl-targetdistance-source-replication-s211-216-20260713-1841-n1-d4-dep4-md192-it729-x1p00-s215-rg0,1,4,roihu_delta_support_process_control,4,382205952,524288,"Prospective source-deployment replication on already measured x100 and x150 target referees. Source geometry, support, readouts, thresholds, and scoring were frozen before these source runs; target losses remain evaluation-only.",controlled_model_dim_source_prefix_smalln_5x5,8061000.0,8061000.0,0.0,0.162821576719,22,5p_to_3x3_to_4x4_to_5x5_nested,25,1.305337,0,729,382205952,1.0,offline_union_5x5_source_replication,1:4,0:0;0:1;0:2;0:3;0:4;1:0;1:1;1:2;1:3;1:4;2:0;2:1;2:2;2:3;2:4;3:0;3:1;3:2;3:3;3:4;4:0;4:1;4:2;4:3;4:4,target_distance_source_replication_5x5,"train_seed,train_row_group_start,train_length_multiplier",held_out_evaluation_only,Submit GPU jobs to gpumedium; do not use pilot/gpupilot.
fsl_targetdistance_source_replication_s211_216_20260713_1841_n1-d4-dep4-md192-it729-x1p00-s216-rg0,source_delta_support_process_control,canonical,4,72,64,192,216,729,382205952,524288,16,2048,40,1,L,fsl-targetdistance-source-replication-s211-216-20260713-1841-n1-d4-dep4-md192-it729-x1p00-s216-rg0,1,4,roihu_delta_support_process_control,4,382205952,524288,"Prospective source-deployment replication on already measured x100 and x150 target referees. Source geometry, support, readouts, thresholds, and scoring were frozen before these source runs; target losses remain evaluation-only.",controlled_model_dim_source_prefix_smalln_5x5,8061000.0,8061000.0,0.0,0.162821576719,22,5p_to_3x3_to_4x4_to_5x5_nested,25,1.305337,0,729,382205952,1.0,offline_union_5x5_source_replication,1:4,0:0;0:1;0:2;0:3;0:4;1:0;1:1;1:2;1:3;1:4;2:0;2:1;2:2;2:3;2:4;3:0;3:1;3:2;3:3;3:4;4:0;4:1;4:2;4:3;4:4,target_distance_source_replication_5x5,"train_seed,train_row_group_start,train_length_multiplier",held_out_evaluation_only,Submit GPU jobs to gpumedium; do not use pilot/gpupilot.
fsl_targetdistance_source_replication_s211_216_20260713_1841_n2-d0-dep4-md320-it144-x1p00-s211-rg0,source_delta_support_process_control,canonical,4,72,64,320,211,144,75497472,524288,16,2048,40,1,L,fsl-targetdistance-source-replication-s211-216-20260713-1841-n2-d0-dep4-md320-it144-x1p00-s211-rg0,2,0,roihu_delta_support_process_control,4,75497472,524288,"Prospective source-deployment replication on already measured x100 and x150 target referees. Source geometry, support, readouts, thresholds, and scoring were frozen before these source runs; target losses remain evaluation-only.",controlled_model_dim_source_prefix_smalln_5x5,15401080.0,15401080.0,0.0,0.162821576719,3,5p_to_3x3_to_4x4_to_5x5_nested,5,1.305337,0,144,75497472,1.0,offline_union_5x5_source_replication,2:0,0:0;0:1;0:2;0:3;0:4;1:0;1:1;1:2;1:3;1:4;2:0;2:1;2:2;2:3;2:4;3:0;3:1;3:2;3:3;3:4;4:0;4:1;4:2;4:3;4:4,target_distance_source_replication_5x5,"train_seed,train_row_group_start,train_length_multiplier",held_out_evaluation_only,Submit GPU jobs to gpumedium; do not use pilot/gpupilot.
fsl_targetdistance_source_replication_s211_216_20260713_1841_n2-d0-dep4-md320-it144-x1p00-s212-rg0,source_delta_support_process_control,canonical,4,72,64,320,212,144,75497472,524288,16,2048,40,1,L,fsl-targetdistance-source-replication-s211-216-20260713-1841-n2-d0-dep4-md320-it144-x1p00-s212-rg0,2,0,roihu_delta_support_process_control,4,75497472,524288,"Prospective source-deployment replication on already measured x100 and x150 target referees. Source geometry, support, readouts, thresholds, and scoring were frozen before these source runs; target losses remain evaluation-only.",controlled_model_dim_source_prefix_smalln_5x5,15401080.0,15401080.0,0.0,0.162821576719,3,5p_to_3x3_to_4x4_to_5x5_nested,5,1.305337,0,144,75497472,1.0,offline_union_5x5_source_replication,2:0,0:0;0:1;0:2;0:3;0:4;1:0;1:1;1:2;1:3;1:4;2:0;2:1;2:2;2:3;2:4;3:0;3:1;3:2;3:3;3:4;4:0;4:1;4:2;4:3;4:4,target_distance_source_replication_5x5,"train_seed,train_row_group_start,train_length_multiplier",held_out_evaluation_only,Submit GPU jobs to gpumedium; do not use pilot/gpupilot.
fsl_targetdistance_source_replication_s211_216_20260713_1841_n2-d0-dep4-md320-it144-x1p00-s213-rg0,source_delta_support_process_control,canonical,4,72,64,320,213,144,75497472,524288,16,2048,40,1,L,fsl-targetdistance-source-replication-s211-216-20260713-1841-n2-d0-dep4-md320-it144-x1p00-s213-rg0,2,0,roihu_delta_support_process_control,4,75497472,524288,"Prospective source-deployment replication on already measured x100 and x150 target referees. Source geometry, support, readouts, thresholds, and scoring were frozen before these source runs; target losses remain evaluation-only.",controlled_model_dim_source_prefix_smalln_5x5,15401080.0,15401080.0,0.0,0.162821576719,3,5p_to_3x3_to_4x4_to_5x5_nested,5,1.305337,0,144,75497472,1.0,offline_union_5x5_source_replication,2:0,0:0;0:1;0:2;0:3;0:4;1:0;1:1;1:2;1:3;1:4;2:0;2:1;2:2;2:3;2:4;3:0;3:1;3:2;3:3;3:4;4:0;4:1;4:2;4:3;4:4,target_distance_source_replication_5x5,"train_seed,train_row_group_start,train_length_multiplier",held_out_evaluation_only,Submit GPU jobs to gpumedium; do not use pilot/gpupilot.
fsl_targetdistance_source_replication_s211_216_20260713_1841_n2-d0-dep4-md320-it144-x1p00-s214-rg0,source_delta_support_process_control,canonical,4,72,64,320,214,144,75497472,524288,16,2048,40,1,L,fsl-targetdistance-source-replication-s211-216-20260713-1841-n2-d0-dep4-md320-it144-x1p00-s214-rg0,2,0,roihu_delta_support_process_control,4,75497472,524288,"Prospective source-deployment replication on already measured x100 and x150 target referees. Source geometry, support, readouts, thresholds, and scoring were frozen before these source runs; target losses remain evaluation-only.",controlled_model_dim_source_prefix_smalln_5x5,15401080.0,15401080.0,0.0,0.162821576719,3,5p_to_3x3_to_4x4_to_5x5_nested,5,1.305337,0,144,75497472,1.0,offline_union_5x5_source_replication,2:0,0:0;0:1;0:2;0:3;0:4;1:0;1:1;1:2;1:3;1:4;2:0;2:1;2:2;2:3;2:4;3:0;3:1;3:2;3:3;3:4;4:0;4:1;4:2;4:3;4:4,target_distance_source_replication_5x5,"train_seed,train_row_group_start,train_length_multiplier",held_out_evaluation_only,Submit GPU jobs to gpumedium; do not use pilot/gpupilot.
fsl_targetdistance_source_replication_s211_216_20260713_1841_n2-d0-dep4-md320-it144-x1p00-s215-rg0,source_delta_support_process_control,canonical,4,72,64,320,215,144,75497472,524288,16,2048,40,1,L,fsl-targetdistance-source-replication-s211-216-20260713-1841-n2-d0-dep4-md320-it144-x1p00-s215-rg0,2,0,roihu_delta_support_process_control,4,75497472,524288,"Prospective source-deployment replication on already measured x100 and x150 target referees. Source geometry, support, readouts, thresholds, and scoring were frozen before these source runs; target losses remain evaluation-only.",controlled_model_dim_source_prefix_smalln_5x5,15401080.0,15401080.0,0.0,0.162821576719,3,5p_to_3x3_to_4x4_to_5x5_nested,5,1.305337,0,144,75497472,1.0,offline_union_5x5_source_replication,2:0,0:0;0:1;0:2;0:3;0:4;1:0;1:1;1:2;1:3;1:4;2:0;2:1;2:2;2:3;2:4;3:0;3:1;3:2;3:3;3:4;4:0;4:1;4:2;4:3;4:4,target_distance_source_replication_5x5,"train_seed,train_row_group_start,train_length_multiplier",held_out_evaluation_only,Submit GPU jobs to gpumedium; do not use pilot/gpupilot.
fsl_targetdistance_source_replication_s211_216_20260713_1841_n2-d0-dep4-md320-it144-x1p00-s216-rg0,source_delta_support_process_control,canonical,4,72,64,320,216,144,75497472,524288,16,2048,40,1,L,fsl-targetdistance-source-replication-s211-216-20260713-1841-n2-d0-dep4-md320-it144-x1p00-s216-rg0,2,0,roihu_delta_support_process_control,4,75497472,524288,"Prospective source-deployment replication on already measured x100 and x150 target referees. Source geometry, support, readouts, thresholds, and scoring were frozen before these source runs; target losses remain evaluation-only.",controlled_model_dim_source_prefix_smalln_5x5,15401080.0,15401080.0,0.0,0.162821576719,3,5p_to_3x3_to_4x4_to_5x5_nested,5,1.305337,0,144,75497472,1.0,offline_union_5x5_source_replication,2:0,0:0;0:1;0:2;0:3;0:4;1:0;1:1;1:2;1:3;1:4;2:0;2:1;2:2;2:3;2:4;3:0;3:1;3:2;3:3;3:4;4:0;4:1;4:2;4:3;4:4,target_distance_source_replication_5x5,"train_seed,train_row_group_start,train_length_multiplier",held_out_evaluation_only,Submit GPU jobs to gpumedium; do not use pilot/gpupilot.
fsl_targetdistance_source_replication_s211_216_20260713_1841_n2-d1-dep4-md320-it216-x1p00-s211-rg0,source_delta_support_process_control,canonical,4,72,64,320,211,216,113246208,524288,16,2048,40,1,L,fsl-targetdistance-source-replication-s211-216-20260713-1841-n2-d1-dep4-md320-it216-x1p00-s211-rg0,2,1,roihu_delta_support_process_control,4,113246208,524288,"Prospective source-deployment replication on already measured x100 and x150 target referees. Source geometry, support, readouts, thresholds, and scoring were frozen before these source runs; target losses remain evaluation-only.",controlled_model_dim_source_prefix_smalln_5x5,15401080.0,15401080.0,0.0,0.162821576719,8,5p_to_3x3_to_4x4_to_5x5_nested,9,1.305337,0,216,113246208,1.0,offline_union_5x5_source_replication,2:1,0:0;0:1;0:2;0:3;0:4;1:0;1:1;1:2;1:3;1:4;2:0;2:1;2:2;2:3;2:4;3:0;3:1;3:2;3:3;3:4;4:0;4:1;4:2;4:3;4:4,target_distance_source_replication_5x5,"train_seed,train_row_group_start,train_length_multiplier",held_out_evaluation_only,Submit GPU jobs to gpumedium; do not use pilot/gpupilot.
fsl_targetdistance_source_replication_s211_216_20260713_1841_n2-d1-dep4-md320-it216-x1p00-s212-rg0,source_delta_support_process_control,canonical,4,72,64,320,212,216,113246208,524288,16,2048,40,1,L,fsl-targetdistance-source-replication-s211-216-20260713-1841-n2-d1-dep4-md320-it216-x1p00-s212-rg0,2,1,roihu_delta_support_process_control,4,113246208,524288,"Prospective source-deployment replication on already measured x100 and x150 target referees. Source geometry, support, readouts, thresholds, and scoring were frozen before these source runs; target losses remain evaluation-only.",controlled_model_dim_source_prefix_smalln_5x5,15401080.0,15401080.0,0.0,0.162821576719,8,5p_to_3x3_to_4x4_to_5x5_nested,9,1.305337,0,216,113246208,1.0,offline_union_5x5_source_replication,2:1,0:0;0:1;0:2;0:3;0:4;1:0;1:1;1:2;1:3;1:4;2:0;2:1;2:2;2:3;2:4;3:0;3:1;3:2;3:3;3:4;4:0;4:1;4:2;4:3;4:4,target_distance_source_replication_5x5,"train_seed,train_row_group_start,train_length_multiplier",held_out_evaluation_only,Submit GPU jobs to gpumedium; do not use pilot/gpupilot.
fsl_targetdistance_source_replication_s211_216_20260713_1841_n2-d1-dep4-md320-it216-x1p00-s213-rg0,source_delta_support_process_control,canonical,4,72,64,320,213,216,113246208,524288,16,2048,40,1,L,fsl-targetdistance-source-replication-s211-216-20260713-1841-n2-d1-dep4-md320-it216-x1p00-s213-rg0,2,1,roihu_delta_support_process_control,4,113246208,524288,"Prospective source-deployment replication on already measured x100 and x150 target referees. Source geometry, support, readouts, thresholds, and scoring were frozen before these source runs; target losses remain evaluation-only.",controlled_model_dim_source_prefix_smalln_5x5,15401080.0,15401080.0,0.0,0.162821576719,8,5p_to_3x3_to_4x4_to_5x5_nested,9,1.305337,0,216,113246208,1.0,offline_union_5x5_source_replication,2:1,0:0;0:1;0:2;0:3;0:4;1:0;1:1;1:2;1:3;1:4;2:0;2:1;2:2;2:3;2:4;3:0;3:1;3:2;3:3;3:4;4:0;4:1;4:2;4:3;4:4,target_distance_source_replication_5x5,"train_seed,train_row_group_start,train_length_multiplier",held_out_evaluation_only,Submit GPU jobs to gpumedium; do not use pilot/gpupilot.
fsl_targetdistance_source_replication_s211_216_20260713_1841_n2-d1-dep4-md320-it216-x1p00-s214-rg0,source_delta_support_process_control,canonical,4,72,64,320,214,216,113246208,524288,16,2048,40,1,L,fsl-targetdistance-source-replication-s211-216-20260713-1841-n2-d1-dep4-md320-it216-x1p00-s214-rg0,2,1,roihu_delta_support_process_control,4,113246208,524288,"Prospective source-deployment replication on already measured x100 and x150 target referees. Source geometry, support, readouts, thresholds, and scoring were frozen before these source runs; target losses remain evaluation-only.",controlled_model_dim_source_prefix_smalln_5x5,15401080.0,15401080.0,0.0,0.162821576719,8,5p_to_3x3_to_4x4_to_5x5_nested,9,1.305337,0,216,113246208,1.0,offline_union_5x5_source_replication,2:1,0:0;0:1;0:2;0:3;0:4;1:0;1:1;1:2;1:3;1:4;2:0;2:1;2:2;2:3;2:4;3:0;3:1;3:2;3:3;3:4;4:0;4:1;4:2;4:3;4:4,target_distance_source_replication_5x5,"train_seed,train_row_group_start,train_length_multiplier",held_out_evaluation_only,Submit GPU jobs to gpumedium; do not use pilot/gpupilot.
fsl_targetdistance_source_replication_s211_216_20260713_1841_n2-d1-dep4-md320-it216-x1p00-s215-rg0,source_delta_support_process_control,canonical,4,72,64,320,215,216,113246208,524288,16,2048,40,1,L,fsl-targetdistance-source-replication-s211-216-20260713-1841-n2-d1-dep4-md320-it216-x1p00-s215-rg0,2,1,roihu_delta_support_process_control,4,113246208,524288,"Prospective source-deployment replication on already measured x100 and x150 target referees. Source geometry, support, readouts, thresholds, and scoring were frozen before these source runs; target losses remain evaluation-only.",controlled_model_dim_source_prefix_smalln_5x5,15401080.0,15401080.0,0.0,0.162821576719,8,5p_to_3x3_to_4x4_to_5x5_nested,9,1.305337,0,216,113246208,1.0,offline_union_5x5_source_replication,2:1,0:0;0:1;0:2;0:3;0:4;1:0;1:1;1:2;1:3;1:4;2:0;2:1;2:2;2:3;2:4;3:0;3:1;3:2;3:3;3:4;4:0;4:1;4:2;4:3;4:4,target_distance_source_replication_5x5,"train_seed,train_row_group_start,train_length_multiplier",held_out_evaluation_only,Submit GPU jobs to gpumedium; do not use pilot/gpupilot.
fsl_targetdistance_source_replication_s211_216_20260713_1841_n2-d1-dep4-md320-it216-x1p00-s216-rg0,source_delta_support_process_control,canonical,4,72,64,320,216,216,113246208,524288,16,2048,40,1,L,fsl-targetdistance-source-replication-s211-216-20260713-1841-n2-d1-dep4-md320-it216-x1p00-s216-rg0,2,1,roihu_delta_support_process_control,4,113246208,524288,"Prospective source-deployment replication on already measured x100 and x150 target referees. Source geometry, support, readouts, thresholds, and scoring were frozen before these source runs; target losses remain evaluation-only.",controlled_model_dim_source_prefix_smalln_5x5,15401080.0,15401080.0,0.0,0.162821576719,8,5p_to_3x3_to_4x4_to_5x5_nested,9,1.305337,0,216,113246208,1.0,offline_union_5x5_source_replication,2:1,0:0;0:1;0:2;0:3;0:4;1:0;1:1;1:2;1:3;1:4;2:0;2:1;2:2;2:3;2:4;3:0;3:1;3:2;3:3;3:4;4:0;4:1;4:2;4:3;4:4,target_distance_source_replication_5x5,"train_seed,train_row_group_start,train_length_multiplier",held_out_evaluation_only,Submit GPU jobs to gpumedium; do not use pilot/gpupilot.
fsl_targetdistance_source_replication_s211_216_20260713_1841_n2-d2-dep4-md320-it324-x1p00-s211-rg0,source_delta_support_process_control,canonical,4,72,64,320,211,324,169869312,524288,16,2048,40,1,L,fsl-targetdistance-source-replication-s211-216-20260713-1841-n2-d2-dep4-md320-it324-x1p00-s211-rg0,2,2,roihu_delta_support_process_control,4,169869312,524288,"Prospective source-deployment replication on already measured x100 and x150 target referees. Source geometry, support, readouts, thresholds, and scoring were frozen before these source runs; target losses remain evaluation-only.",controlled_model_dim_source_prefix_smalln_5x5,15401080.0,15401080.0,0.0,0.162821576719,9,5p_to_3x3_to_4x4_to_5x5_nested,9,1.305337,0,324,169869312,1.0,offline_union_5x5_source_replication,2:2,0:0;0:1;0:2;0:3;0:4;1:0;1:1;1:2;1:3;1:4;2:0;2:1;2:2;2:3;2:4;3:0;3:1;3:2;3:3;3:4;4:0;4:1;4:2;4:3;4:4,target_distance_source_replication_5x5,"train_seed,train_row_group_start,train_length_multiplier",held_out_evaluation_only,Submit GPU jobs to gpumedium; do not use pilot/gpupilot.
fsl_targetdistance_source_replication_s211_216_20260713_1841_n2-d2-dep4-md320-it324-x1p00-s212-rg0,source_delta_support_process_control,canonical,4,72,64,320,212,324,169869312,524288,16,2048,40,1,L,fsl-targetdistance-source-replication-s211-216-20260713-1841-n2-d2-dep4-md320-it324-x1p00-s212-rg0,2,2,roihu_delta_support_process_control,4,169869312,524288,"Prospective source-deployment replication on already measured x100 and x150 target referees. Source geometry, support, readouts, thresholds, and scoring were frozen before these source runs; target losses remain evaluation-only.",controlled_model_dim_source_prefix_smalln_5x5,15401080.0,15401080.0,0.0,0.162821576719,9,5p_to_3x3_to_4x4_to_5x5_nested,9,1.305337,0,324,169869312,1.0,offline_union_5x5_source_replication,2:2,0:0;0:1;0:2;0:3;0:4;1:0;1:1;1:2;1:3;1:4;2:0;2:1;2:2;2:3;2:4;3:0;3:1;3:2;3:3;3:4;4:0;4:1;4:2;4:3;4:4,target_distance_source_replication_5x5,"train_seed,train_row_group_start,train_length_multiplier",held_out_evaluation_only,Submit GPU jobs to gpumedium; do not use pilot/gpupilot.
fsl_targetdistance_source_replication_s211_216_20260713_1841_n2-d2-dep4-md320-it324-x1p00-s213-rg0,source_delta_support_process_control,canonical,4,72,64,320,213,324,169869312,524288,16,2048,40,1,L,fsl-targetdistance-source-replication-s211-216-20260713-1841-n2-d2-dep4-md320-it324-x1p00-s213-rg0,2,2,roihu_delta_support_process_control,4,169869312,524288,"Prospective source-deployment replication on already measured x100 and x150 target referees. Source geometry, support, readouts, thresholds, and scoring were frozen before these source runs; target losses remain evaluation-only.",controlled_model_dim_source_prefix_smalln_5x5,15401080.0,15401080.0,0.0,0.162821576719,9,5p_to_3x3_to_4x4_to_5x5_nested,9,1.305337,0,324,169869312,1.0,offline_union_5x5_source_replication,2:2,0:0;0:1;0:2;0:3;0:4;1:0;1:1;1:2;1:3;1:4;2:0;2:1;2:2;2:3;2:4;3:0;3:1;3:2;3:3;3:4;4:0;4:1;4:2;4:3;4:4,target_distance_source_replication_5x5,"train_seed,train_row_group_start,train_length_multiplier",held_out_evaluation_only,Submit GPU jobs to gpumedium; do not use pilot/gpupilot.
fsl_targetdistance_source_replication_s211_216_20260713_1841_n2-d2-dep4-md320-it324-x1p00-s214-rg0,source_delta_support_process_control,canonical,4,72,64,320,214,324,169869312,524288,16,2048,40,1,L,fsl-targetdistance-source-replication-s211-216-20260713-1841-n2-d2-dep4-md320-it324-x1p00-s214-rg0,2,2,roihu_delta_support_process_control,4,169869312,524288,"Prospective source-deployment replication on already measured x100 and x150 target referees. Source geometry, support, readouts, thresholds, and scoring were frozen before these source runs; target losses remain evaluation-only.",controlled_model_dim_source_prefix_smalln_5x5,15401080.0,15401080.0,0.0,0.162821576719,9,5p_to_3x3_to_4x4_to_5x5_nested,9,1.305337,0,324,169869312,1.0,offline_union_5x5_source_replication,2:2,0:0;0:1;0:2;0:3;0:4;1:0;1:1;1:2;1:3;1:4;2:0;2:1;2:2;2:3;2:4;3:0;3:1;3:2;3:3;3:4;4:0;4:1;4:2;4:3;4:4,target_distance_source_replication_5x5,"train_seed,train_row_group_start,train_length_multiplier",held_out_evaluation_only,Submit GPU jobs to gpumedium; do not use pilot/gpupilot.
fsl_targetdistance_source_replication_s211_216_20260713_1841_n2-d2-dep4-md320-it324-x1p00-s215-rg0,source_delta_support_process_control,canonical,4,72,64,320,215,324,169869312,524288,16,2048,40,1,L,fsl-targetdistance-source-replication-s211-216-20260713-1841-n2-d2-dep4-md320-it324-x1p00-s215-rg0,2,2,roihu_delta_support_process_control,4,169869312,524288,"Prospective source-deployment replication on already measured x100 and x150 target referees. Source geometry, support, readouts, thresholds, and scoring were frozen before these source runs; target losses remain evaluation-only.",controlled_model_dim_source_prefix_smalln_5x5,15401080.0,15401080.0,0.0,0.162821576719,9,5p_to_3x3_to_4x4_to_5x5_nested,9,1.305337,0,324,169869312,1.0,offline_union_5x5_source_replication,2:2,0:0;0:1;0:2;0:3;0:4;1:0;1:1;1:2;1:3;1:4;2:0;2:1;2:2;2:3;2:4;3:0;3:1;3:2;3:3;3:4;4:0;4:1;4:2;4:3;4:4,target_distance_source_replication_5x5,"train_seed,train_row_group_start,train_length_multiplier",held_out_evaluation_only,Submit GPU jobs to gpumedium; do not use pilot/gpupilot.
fsl_targetdistance_source_replication_s211_216_20260713_1841_n2-d2-dep4-md320-it324-x1p00-s216-rg0,source_delta_support_process_control,canonical,4,72,64,320,216,324,169869312,524288,16,2048,40,1,L,fsl-targetdistance-source-replication-s211-216-20260713-1841-n2-d2-dep4-md320-it324-x1p00-s216-rg0,2,2,roihu_delta_support_process_control,4,169869312,524288,"Prospective source-deployment replication on already measured x100 and x150 target referees. Source geometry, support, readouts, thresholds, and scoring were frozen before these source runs; target losses remain evaluation-only.",controlled_model_dim_source_prefix_smalln_5x5,15401080.0,15401080.0,0.0,0.162821576719,9,5p_to_3x3_to_4x4_to_5x5_nested,9,1.305337,0,324,169869312,1.0,offline_union_5x5_source_replication,2:2,0:0;0:1;0:2;0:3;0:4;1:0;1:1;1:2;1:3;1:4;2:0;2:1;2:2;2:3;2:4;3:0;3:1;3:2;3:3;3:4;4:0;4:1;4:2;4:3;4:4,target_distance_source_replication_5x5,"train_seed,train_row_group_start,train_length_multiplier",held_out_evaluation_only,Submit GPU jobs to gpumedium; do not use pilot/gpupilot.
fsl_targetdistance_source_replication_s211_216_20260713_1841_n2-d3-dep4-md320-it486-x1p00-s211-rg0,source_delta_support_process_control,canonical,4,72,64,320,211,486,254803968,524288,16,2048,40,1,L,fsl-targetdistance-source-replication-s211-216-20260713-1841-n2-d3-dep4-md320-it486-x1p00-s211-rg0,2,3,roihu_delta_support_process_control,4,254803968,524288,"Prospective source-deployment replication on already measured x100 and x150 target referees. Source geometry, support, readouts, thresholds, and scoring were frozen before these source runs; target losses remain evaluation-only.",controlled_model_dim_source_prefix_smalln_5x5,15401080.0,15401080.0,0.0,0.162821576719,15,5p_to_3x3_to_4x4_to_5x5_nested,16,1.305337,0,486,254803968,1.0,offline_union_5x5_source_replication,2:3,0:0;0:1;0:2;0:3;0:4;1:0;1:1;1:2;1:3;1:4;2:0;2:1;2:2;2:3;2:4;3:0;3:1;3:2;3:3;3:4;4:0;4:1;4:2;4:3;4:4,target_distance_source_replication_5x5,"train_seed,train_row_group_start,train_length_multiplier",held_out_evaluation_only,Submit GPU jobs to gpumedium; do not use pilot/gpupilot.
fsl_targetdistance_source_replication_s211_216_20260713_1841_n2-d3-dep4-md320-it486-x1p00-s212-rg0,source_delta_support_process_control,canonical,4,72,64,320,212,486,254803968,524288,16,2048,40,1,L,fsl-targetdistance-source-replication-s211-216-20260713-1841-n2-d3-dep4-md320-it486-x1p00-s212-rg0,2,3,roihu_delta_support_process_control,4,254803968,524288,"Prospective source-deployment replication on already measured x100 and x150 target referees. Source geometry, support, readouts, thresholds, and scoring were frozen before these source runs; target losses remain evaluation-only.",controlled_model_dim_source_prefix_smalln_5x5,15401080.0,15401080.0,0.0,0.162821576719,15,5p_to_3x3_to_4x4_to_5x5_nested,16,1.305337,0,486,254803968,1.0,offline_union_5x5_source_replication,2:3,0:0;0:1;0:2;0:3;0:4;1:0;1:1;1:2;1:3;1:4;2:0;2:1;2:2;2:3;2:4;3:0;3:1;3:2;3:3;3:4;4:0;4:1;4:2;4:3;4:4,target_distance_source_replication_5x5,"train_seed,train_row_group_start,train_length_multiplier",held_out_evaluation_only,Submit GPU jobs to gpumedium; do not use pilot/gpupilot.
fsl_targetdistance_source_replication_s211_216_20260713_1841_n2-d3-dep4-md320-it486-x1p00-s213-rg0,source_delta_support_process_control,canonical,4,72,64,320,213,486,254803968,524288,16,2048,40,1,L,fsl-targetdistance-source-replication-s211-216-20260713-1841-n2-d3-dep4-md320-it486-x1p00-s213-rg0,2,3,roihu_delta_support_process_control,4,254803968,524288,"Prospective source-deployment replication on already measured x100 and x150 target referees. Source geometry, support, readouts, thresholds, and scoring were frozen before these source runs; target losses remain evaluation-only.",controlled_model_dim_source_prefix_smalln_5x5,15401080.0,15401080.0,0.0,0.162821576719,15,5p_to_3x3_to_4x4_to_5x5_nested,16,1.305337,0,486,254803968,1.0,offline_union_5x5_source_replication,2:3,0:0;0:1;0:2;0:3;0:4;1:0;1:1;1:2;1:3;1:4;2:0;2:1;2:2;2:3;2:4;3:0;3:1;3:2;3:3;3:4;4:0;4:1;4:2;4:3;4:4,target_distance_source_replication_5x5,"train_seed,train_row_group_start,train_length_multiplier",held_out_evaluation_only,Submit GPU jobs to gpumedium; do not use pilot/gpupilot.
fsl_targetdistance_source_replication_s211_216_20260713_1841_n2-d3-dep4-md320-it486-x1p00-s214-rg0,source_delta_support_process_control,canonical,4,72,64,320,214,486,254803968,524288,16,2048,40,1,L,fsl-targetdistance-source-replication-s211-216-20260713-1841-n2-d3-dep4-md320-it486-x1p00-s214-rg0,2,3,roihu_delta_support_process_control,4,254803968,524288,"Prospective source-deployment replication on already measured x100 and x150 target referees. Source geometry, support, readouts, thresholds, and scoring were frozen before these source runs; target losses remain evaluation-only.",controlled_model_dim_source_prefix_smalln_5x5,15401080.0,15401080.0,0.0,0.162821576719,15,5p_to_3x3_to_4x4_to_5x5_nested,16,1.305337,0,486,254803968,1.0,offline_union_5x5_source_replication,2:3,0:0;0:1;0:2;0:3;0:4;1:0;1:1;1:2;1:3;1:4;2:0;2:1;2:2;2:3;2:4;3:0;3:1;3:2;3:3;3:4;4:0;4:1;4:2;4:3;4:4,target_distance_source_replication_5x5,"train_seed,train_row_group_start,train_length_multiplier",held_out_evaluation_only,Submit GPU jobs to gpumedium; do not use pilot/gpupilot.
fsl_targetdistance_source_replication_s211_216_20260713_1841_n2-d3-dep4-md320-it486-x1p00-s215-rg0,source_delta_support_process_control,canonical,4,72,64,320,215,486,254803968,524288,16,2048,40,1,L,fsl-targetdistance-source-replication-s211-216-20260713-1841-n2-d3-dep4-md320-it486-x1p00-s215-rg0,2,3,roihu_delta_support_process_control,4,254803968,524288,"Prospective source-deployment replication on already measured x100 and x150 target referees. Source geometry, support, readouts, thresholds, and scoring were frozen before these source runs; target losses remain evaluation-only.",controlled_model_dim_source_prefix_smalln_5x5,15401080.0,15401080.0,0.0,0.162821576719,15,5p_to_3x3_to_4x4_to_5x5_nested,16,1.305337,0,486,254803968,1.0,offline_union_5x5_source_replication,2:3,0:0;0:1;0:2;0:3;0:4;1:0;1:1;1:2;1:3;1:4;2:0;2:1;2:2;2:3;2:4;3:0;3:1;3:2;3:3;3:4;4:0;4:1;4:2;4:3;4:4,target_distance_source_replication_5x5,"train_seed,train_row_group_start,train_length_multiplier",held_out_evaluation_only,Submit GPU jobs to gpumedium; do not use pilot/gpupilot.
fsl_targetdistance_source_replication_s211_216_20260713_1841_n2-d3-dep4-md320-it486-x1p00-s216-rg0,source_delta_support_process_control,canonical,4,72,64,320,216,486,254803968,524288,16,2048,40,1,L,fsl-targetdistance-source-replication-s211-216-20260713-1841-n2-d3-dep4-md320-it486-x1p00-s216-rg0,2,3,roihu_delta_support_process_control,4,254803968,524288,"Prospective source-deployment replication on already measured x100 and x150 target referees. Source geometry, support, readouts, thresholds, and scoring were frozen before these source runs; target losses remain evaluation-only.",controlled_model_dim_source_prefix_smalln_5x5,15401080.0,15401080.0,0.0,0.162821576719,15,5p_to_3x3_to_4x4_to_5x5_nested,16,1.305337,0,486,254803968,1.0,offline_union_5x5_source_replication,2:3,0:0;0:1;0:2;0:3;0:4;1:0;1:1;1:2;1:3;1:4;2:0;2:1;2:2;2:3;2:4;3:0;3:1;3:2;3:3;3:4;4:0;4:1;4:2;4:3;4:4,target_distance_source_replication_5x5,"train_seed,train_row_group_start,train_length_multiplier",held_out_evaluation_only,Submit GPU jobs to gpumedium; do not use pilot/gpupilot.
fsl_targetdistance_source_replication_s211_216_20260713_1841_n2-d4-dep4-md320-it729-x1p00-s211-rg0,source_delta_support_process_control,canonical,4,72,64,320,211,729,382205952,524288,16,2048,40,1,L,fsl-targetdistance-source-replication-s211-216-20260713-1841-n2-d4-dep4-md320-it729-x1p00-s211-rg0,2,4,roihu_delta_support_process_control,4,382205952,524288,"Prospective source-deployment replication on already measured x100 and x150 target referees. Source geometry, support, readouts, thresholds, and scoring were frozen before these source runs; target losses remain evaluation-only.",controlled_model_dim_source_prefix_smalln_5x5,15401080.0,15401080.0,0.0,0.162821576719,23,5p_to_3x3_to_4x4_to_5x5_nested,25,1.305337,0,729,382205952,1.0,offline_union_5x5_source_replication,2:4,0:0;0:1;0:2;0:3;0:4;1:0;1:1;1:2;1:3;1:4;2:0;2:1;2:2;2:3;2:4;3:0;3:1;3:2;3:3;3:4;4:0;4:1;4:2;4:3;4:4,target_distance_source_replication_5x5,"train_seed,train_row_group_start,train_length_multiplier",held_out_evaluation_only,Submit GPU jobs to gpumedium; do not use pilot/gpupilot.
fsl_targetdistance_source_replication_s211_216_20260713_1841_n2-d4-dep4-md320-it729-x1p00-s212-rg0,source_delta_support_process_control,canonical,4,72,64,320,212,729,382205952,524288,16,2048,40,1,L,fsl-targetdistance-source-replication-s211-216-20260713-1841-n2-d4-dep4-md320-it729-x1p00-s212-rg0,2,4,roihu_delta_support_process_control,4,382205952,524288,"Prospective source-deployment replication on already measured x100 and x150 target referees. Source geometry, support, readouts, thresholds, and scoring were frozen before these source runs; target losses remain evaluation-only.",controlled_model_dim_source_prefix_smalln_5x5,15401080.0,15401080.0,0.0,0.162821576719,23,5p_to_3x3_to_4x4_to_5x5_nested,25,1.305337,0,729,382205952,1.0,offline_union_5x5_source_replication,2:4,0:0;0:1;0:2;0:3;0:4;1:0;1:1;1:2;1:3;1:4;2:0;2:1;2:2;2:3;2:4;3:0;3:1;3:2;3:3;3:4;4:0;4:1;4:2;4:3;4:4,target_distance_source_replication_5x5,"train_seed,train_row_group_start,train_length_multiplier",held_out_evaluation_only,Submit GPU jobs to gpumedium; do not use pilot/gpupilot.
fsl_targetdistance_source_replication_s211_216_20260713_1841_n2-d4-dep4-md320-it729-x1p00-s213-rg0,source_delta_support_process_control,canonical,4,72,64,320,213,729,382205952,524288,16,2048,40,1,L,fsl-targetdistance-source-replication-s211-216-20260713-1841-n2-d4-dep4-md320-it729-x1p00-s213-rg0,2,4,roihu_delta_support_process_control,4,382205952,524288,"Prospective source-deployment replication on already measured x100 and x150 target referees. Source geometry, support, readouts, thresholds, and scoring were frozen before these source runs; target losses remain evaluation-only.",controlled_model_dim_source_prefix_smalln_5x5,15401080.0,15401080.0,0.0,0.162821576719,23,5p_to_3x3_to_4x4_to_5x5_nested,25,1.305337,0,729,382205952,1.0,offline_union_5x5_source_replication,2:4,0:0;0:1;0:2;0:3;0:4;1:0;1:1;1:2;1:3;1:4;2:0;2:1;2:2;2:3;2:4;3:0;3:1;3:2;3:3;3:4;4:0;4:1;4:2;4:3;4:4,target_distance_source_replication_5x5,"train_seed,train_row_group_start,train_length_multiplier",held_out_evaluation_only,Submit GPU jobs to gpumedium; do not use pilot/gpupilot.
fsl_targetdistance_source_replication_s211_216_20260713_1841_n2-d4-dep4-md320-it729-x1p00-s214-rg0,source_delta_support_process_control,canonical,4,72,64,320,214,729,382205952,524288,16,2048,40,1,L,fsl-targetdistance-source-replication-s211-216-20260713-1841-n2-d4-dep4-md320-it729-x1p00-s214-rg0,2,4,roihu_delta_support_process_control,4,382205952,524288,"Prospective source-deployment replication on already measured x100 and x150 target referees. Source geometry, support, readouts, thresholds, and scoring were frozen before these source runs; target losses remain evaluation-only.",controlled_model_dim_source_prefix_smalln_5x5,15401080.0,15401080.0,0.0,0.162821576719,23,5p_to_3x3_to_4x4_to_5x5_nested,25,1.305337,0,729,382205952,1.0,offline_union_5x5_source_replication,2:4,0:0;0:1;0:2;0:3;0:4;1:0;1:1;1:2;1:3;1:4;2:0;2:1;2:2;2:3;2:4;3:0;3:1;3:2;3:3;3:4;4:0;4:1;4:2;4:3;4:4,target_distance_source_replication_5x5,"train_seed,train_row_group_start,train_length_multiplier",held_out_evaluation_only,Submit GPU jobs to gpumedium; do not use pilot/gpupilot.
fsl_targetdistance_source_replication_s211_216_20260713_1841_n2-d4-dep4-md320-it729-x1p00-s215-rg0,source_delta_support_process_control,canonical,4,72,64,320,215,729,382205952,524288,16,2048,40,1,L,fsl-targetdistance-source-replication-s211-216-20260713-1841-n2-d4-dep4-md320-it729-x1p00-s215-rg0,2,4,roihu_delta_support_process_control,4,382205952,524288,"Prospective source-deployment replication on already measured x100 and x150 target referees. Source geometry, support, readouts, thresholds, and scoring were frozen before these source runs; target losses remain evaluation-only.",controlled_model_dim_source_prefix_smalln_5x5,15401080.0,15401080.0,0.0,0.162821576719,23,5p_to_3x3_to_4x4_to_5x5_nested,25,1.305337,0,729,382205952,1.0,offline_union_5x5_source_replication,2:4,0:0;0:1;0:2;0:3;0:4;1:0;1:1;1:2;1:3;1:4;2:0;2:1;2:2;2:3;2:4;3:0;3:1;3:2;3:3;3:4;4:0;4:1;4:2;4:3;4:4,target_distance_source_replication_5x5,"train_seed,train_row_group_start,train_length_multiplier",held_out_evaluation_only,Submit GPU jobs to gpumedium; do not use pilot/gpupilot.
fsl_targetdistance_source_replication_s211_216_20260713_1841_n2-d4-dep4-md320-it729-x1p00-s216-rg0,source_delta_support_process_control,canonical,4,72,64,320,216,729,382205952,524288,16,2048,40,1,L,fsl-targetdistance-source-replication-s211-216-20260713-1841-n2-d4-dep4-md320-it729-x1p00-s216-rg0,2,4,roihu_delta_support_process_control,4,382205952,524288,"Prospective source-deployment replication on already measured x100 and x150 target referees. Source geometry, support, readouts, thresholds, and scoring were frozen before these source runs; target losses remain evaluation-only.",controlled_model_dim_source_prefix_smalln_5x5,15401080.0,15401080.0,0.0,0.162821576719,23,5p_to_3x3_to_4x4_to_5x5_nested,25,1.305337,0,729,382205952,1.0,offline_union_5x5_source_replication,2:4,0:0;0:1;0:2;0:3;0:4;1:0;1:1;1:2;1:3;1:4;2:0;2:1;2:2;2:3;2:4;3:0;3:1;3:2;3:3;3:4;4:0;4:1;4:2;4:3;4:4,target_distance_source_replication_5x5,"train_seed,train_row_group_start,train_length_multiplier",held_out_evaluation_only,Submit GPU jobs to gpumedium; do not use pilot/gpupilot.
fsl_targetdistance_source_replication_s211_216_20260713_1841_n3-d0-dep4-md512-it144-x1p00-s211-rg0,source_delta_support_process_control,canonical,4,72,64,512,211,144,75497472,524288,16,2048,40,1,L,fsl-targetdistance-source-replication-s211-216-20260713-1841-n3-d0-dep4-md512-it144-x1p00-s211-rg0,3,0,roihu_delta_support_process_control,4,75497472,524288,"Prospective source-deployment replication on already measured x100 and x150 target referees. Source geometry, support, readouts, thresholds, and scoring were frozen before these source runs; target losses remain evaluation-only.",controlled_model_dim_source_prefix_smalln_5x5,29360320.0,29360320.0,0.0,0.162821576719,10,5p_to_3x3_to_4x4_to_5x5_nested,16,1.305337,0,144,75497472,1.0,offline_union_5x5_source_replication,3:0,0:0;0:1;0:2;0:3;0:4;1:0;1:1;1:2;1:3;1:4;2:0;2:1;2:2;2:3;2:4;3:0;3:1;3:2;3:3;3:4;4:0;4:1;4:2;4:3;4:4,target_distance_source_replication_5x5,"train_seed,train_row_group_start,train_length_multiplier",held_out_evaluation_only,Submit GPU jobs to gpumedium; do not use pilot/gpupilot.
fsl_targetdistance_source_replication_s211_216_20260713_1841_n3-d0-dep4-md512-it144-x1p00-s212-rg0,source_delta_support_process_control,canonical,4,72,64,512,212,144,75497472,524288,16,2048,40,1,L,fsl-targetdistance-source-replication-s211-216-20260713-1841-n3-d0-dep4-md512-it144-x1p00-s212-rg0,3,0,roihu_delta_support_process_control,4,75497472,524288,"Prospective source-deployment replication on already measured x100 and x150 target referees. Source geometry, support, readouts, thresholds, and scoring were frozen before these source runs; target losses remain evaluation-only.",controlled_model_dim_source_prefix_smalln_5x5,29360320.0,29360320.0,0.0,0.162821576719,10,5p_to_3x3_to_4x4_to_5x5_nested,16,1.305337,0,144,75497472,1.0,offline_union_5x5_source_replication,3:0,0:0;0:1;0:2;0:3;0:4;1:0;1:1;1:2;1:3;1:4;2:0;2:1;2:2;2:3;2:4;3:0;3:1;3:2;3:3;3:4;4:0;4:1;4:2;4:3;4:4,target_distance_source_replication_5x5,"train_seed,train_row_group_start,train_length_multiplier",held_out_evaluation_only,Submit GPU jobs to gpumedium; do not use pilot/gpupilot.
fsl_targetdistance_source_replication_s211_216_20260713_1841_n3-d0-dep4-md512-it144-x1p00-s213-rg0,source_delta_support_process_control,canonical,4,72,64,512,213,144,75497472,524288,16,2048,40,1,L,fsl-targetdistance-source-replication-s211-216-20260713-1841-n3-d0-dep4-md512-it144-x1p00-s213-rg0,3,0,roihu_delta_support_process_control,4,75497472,524288,"Prospective source-deployment replication on already measured x100 and x150 target referees. Source geometry, support, readouts, thresholds, and scoring were frozen before these source runs; target losses remain evaluation-only.",controlled_model_dim_source_prefix_smalln_5x5,29360320.0,29360320.0,0.0,0.162821576719,10,5p_to_3x3_to_4x4_to_5x5_nested,16,1.305337,0,144,75497472,1.0,offline_union_5x5_source_replication,3:0,0:0;0:1;0:2;0:3;0:4;1:0;1:1;1:2;1:3;1:4;2:0;2:1;2:2;2:3;2:4;3:0;3:1;3:2;3:3;3:4;4:0;4:1;4:2;4:3;4:4,target_distance_source_replication_5x5,"train_seed,train_row_group_start,train_length_multiplier",held_out_evaluation_only,Submit GPU jobs to gpumedium; do not use pilot/gpupilot.
fsl_targetdistance_source_replication_s211_216_20260713_1841_n3-d0-dep4-md512-it144-x1p00-s214-rg0,source_delta_support_process_control,canonical,4,72,64,512,214,144,75497472,524288,16,2048,40,1,L,fsl-targetdistance-source-replication-s211-216-20260713-1841-n3-d0-dep4-md512-it144-x1p00-s214-rg0,3,0,roihu_delta_support_process_control,4,75497472,524288,"Prospective source-deployment replication on already measured x100 and x150 target referees. Source geometry, support, readouts, thresholds, and scoring were frozen before these source runs; target losses remain evaluation-only.",controlled_model_dim_source_prefix_smalln_5x5,29360320.0,29360320.0,0.0,0.162821576719,10,5p_to_3x3_to_4x4_to_5x5_nested,16,1.305337,0,144,75497472,1.0,offline_union_5x5_source_replication,3:0,0:0;0:1;0:2;0:3;0:4;1:0;1:1;1:2;1:3;1:4;2:0;2:1;2:2;2:3;2:4;3:0;3:1;3:2;3:3;3:4;4:0;4:1;4:2;4:3;4:4,target_distance_source_replication_5x5,"train_seed,train_row_group_start,train_length_multiplier",held_out_evaluation_only,Submit GPU jobs to gpumedium; do not use pilot/gpupilot.
fsl_targetdistance_source_replication_s211_216_20260713_1841_n3-d0-dep4-md512-it144-x1p00-s215-rg0,source_delta_support_process_control,canonical,4,72,64,512,215,144,75497472,524288,16,2048,40,1,L,fsl-targetdistance-source-replication-s211-216-20260713-1841-n3-d0-dep4-md512-it144-x1p00-s215-rg0,3,0,roihu_delta_support_process_control,4,75497472,524288,"Prospective source-deployment replication on already measured x100 and x150 target referees. Source geometry, support, readouts, thresholds, and scoring were frozen before these source runs; target losses remain evaluation-only.",controlled_model_dim_source_prefix_smalln_5x5,29360320.0,29360320.0,0.0,0.162821576719,10,5p_to_3x3_to_4x4_to_5x5_nested,16,1.305337,0,144,75497472,1.0,offline_union_5x5_source_replication,3:0,0:0;0:1;0:2;0:3;0:4;1:0;1:1;1:2;1:3;1:4;2:0;2:1;2:2;2:3;2:4;3:0;3:1;3:2;3:3;3:4;4:0;4:1;4:2;4:3;4:4,target_distance_source_replication_5x5,"train_seed,train_row_group_start,train_length_multiplier",held_out_evaluation_only,Submit GPU jobs to gpumedium; do not use pilot/gpupilot.
fsl_targetdistance_source_replication_s211_216_20260713_1841_n3-d0-dep4-md512-it144-x1p00-s216-rg0,source_delta_support_process_control,canonical,4,72,64,512,216,144,75497472,524288,16,2048,40,1,L,fsl-targetdistance-source-replication-s211-216-20260713-1841-n3-d0-dep4-md512-it144-x1p00-s216-rg0,3,0,roihu_delta_support_process_control,4,75497472,524288,"Prospective source-deployment replication on already measured x100 and x150 target referees. Source geometry, support, readouts, thresholds, and scoring were frozen before these source runs; target losses remain evaluation-only.",controlled_model_dim_source_prefix_smalln_5x5,29360320.0,29360320.0,0.0,0.162821576719,10,5p_to_3x3_to_4x4_to_5x5_nested,16,1.305337,0,144,75497472,1.0,offline_union_5x5_source_replication,3:0,0:0;0:1;0:2;0:3;0:4;1:0;1:1;1:2;1:3;1:4;2:0;2:1;2:2;2:3;2:4;3:0;3:1;3:2;3:3;3:4;4:0;4:1;4:2;4:3;4:4,target_distance_source_replication_5x5,"train_seed,train_row_group_start,train_length_multiplier",held_out_evaluation_only,Submit GPU jobs to gpumedium; do not use pilot/gpupilot.
fsl_targetdistance_source_replication_s211_216_20260713_1841_n3-d1-dep4-md512-it216-x1p00-s211-rg0,source_delta_support_process_control,canonical,4,72,64,512,211,216,113246208,524288,16,2048,40,1,L,fsl-targetdistance-source-replication-s211-216-20260713-1841-n3-d1-dep4-md512-it216-x1p00-s211-rg0,3,1,roihu_delta_support_process_control,4,113246208,524288,"Prospective source-deployment replication on already measured x100 and x150 target referees. Source geometry, support, readouts, thresholds, and scoring were frozen before these source runs; target losses remain evaluation-only.",controlled_model_dim_source_prefix_smalln_5x5,29360320.0,29360320.0,0.0,0.162821576719,11,5p_to_3x3_to_4x4_to_5x5_nested,16,1.305337,0,216,113246208,1.0,offline_union_5x5_source_replication,3:1,0:0;0:1;0:2;0:3;0:4;1:0;1:1;1:2;1:3;1:4;2:0;2:1;2:2;2:3;2:4;3:0;3:1;3:2;3:3;3:4;4:0;4:1;4:2;4:3;4:4,target_distance_source_replication_5x5,"train_seed,train_row_group_start,train_length_multiplier",held_out_evaluation_only,Submit GPU jobs to gpumedium; do not use pilot/gpupilot.
fsl_targetdistance_source_replication_s211_216_20260713_1841_n3-d1-dep4-md512-it216-x1p00-s212-rg0,source_delta_support_process_control,canonical,4,72,64,512,212,216,113246208,524288,16,2048,40,1,L,fsl-targetdistance-source-replication-s211-216-20260713-1841-n3-d1-dep4-md512-it216-x1p00-s212-rg0,3,1,roihu_delta_support_process_control,4,113246208,524288,"Prospective source-deployment replication on already measured x100 and x150 target referees. Source geometry, support, readouts, thresholds, and scoring were frozen before these source runs; target losses remain evaluation-only.",controlled_model_dim_source_prefix_smalln_5x5,29360320.0,29360320.0,0.0,0.162821576719,11,5p_to_3x3_to_4x4_to_5x5_nested,16,1.305337,0,216,113246208,1.0,offline_union_5x5_source_replication,3:1,0:0;0:1;0:2;0:3;0:4;1:0;1:1;1:2;1:3;1:4;2:0;2:1;2:2;2:3;2:4;3:0;3:1;3:2;3:3;3:4;4:0;4:1;4:2;4:3;4:4,target_distance_source_replication_5x5,"train_seed,train_row_group_start,train_length_multiplier",held_out_evaluation_only,Submit GPU jobs to gpumedium; do not use pilot/gpupilot.
fsl_targetdistance_source_replication_s211_216_20260713_1841_n3-d1-dep4-md512-it216-x1p00-s213-rg0,source_delta_support_process_control,canonical,4,72,64,512,213,216,113246208,524288,16,2048,40,1,L,fsl-targetdistance-source-replication-s211-216-20260713-1841-n3-d1-dep4-md512-it216-x1p00-s213-rg0,3,1,roihu_delta_support_process_control,4,113246208,524288,"Prospective source-deployment replication on already measured x100 and x150 target referees. Source geometry, support, readouts, thresholds, and scoring were frozen before these source runs; target losses remain evaluation-only.",controlled_model_dim_source_prefix_smalln_5x5,29360320.0,29360320.0,0.0,0.162821576719,11,5p_to_3x3_to_4x4_to_5x5_nested,16,1.305337,0,216,113246208,1.0,offline_union_5x5_source_replication,3:1,0:0;0:1;0:2;0:3;0:4;1:0;1:1;1:2;1:3;1:4;2:0;2:1;2:2;2:3;2:4;3:0;3:1;3:2;3:3;3:4;4:0;4:1;4:2;4:3;4:4,target_distance_source_replication_5x5,"train_seed,train_row_group_start,train_length_multiplier",held_out_evaluation_only,Submit GPU jobs to gpumedium; do not use pilot/gpupilot.
fsl_targetdistance_source_replication_s211_216_20260713_1841_n3-d1-dep4-md512-it216-x1p00-s214-rg0,source_delta_support_process_control,canonical,4,72,64,512,214,216,113246208,524288,16,2048,40,1,L,fsl-targetdistance-source-replication-s211-216-20260713-1841-n3-d1-dep4-md512-it216-x1p00-s214-rg0,3,1,roihu_delta_support_process_control,4,113246208,524288,"Prospective source-deployment replication on already measured x100 and x150 target referees. Source geometry, support, readouts, thresholds, and scoring were frozen before these source runs; target losses remain evaluation-only.",controlled_model_dim_source_prefix_smalln_5x5,29360320.0,29360320.0,0.0,0.162821576719,11,5p_to_3x3_to_4x4_to_5x5_nested,16,1.305337,0,216,113246208,1.0,offline_union_5x5_source_replication,3:1,0:0;0:1;0:2;0:3;0:4;1:0;1:1;1:2;1:3;1:4;2:0;2:1;2:2;2:3;2:4;3:0;3:1;3:2;3:3;3:4;4:0;4:1;4:2;4:3;4:4,target_distance_source_replication_5x5,"train_seed,train_row_group_start,train_length_multiplier",held_out_evaluation_only,Submit GPU jobs to gpumedium; do not use pilot/gpupilot.
fsl_targetdistance_source_replication_s211_216_20260713_1841_n3-d1-dep4-md512-it216-x1p00-s215-rg0,source_delta_support_process_control,canonical,4,72,64,512,215,216,113246208,524288,16,2048,40,1,L,fsl-targetdistance-source-replication-s211-216-20260713-1841-n3-d1-dep4-md512-it216-x1p00-s215-rg0,3,1,roihu_delta_support_process_control,4,113246208,524288,"Prospective source-deployment replication on already measured x100 and x150 target referees. Source geometry, support, readouts, thresholds, and scoring were frozen before these source runs; target losses remain evaluation-only.",controlled_model_dim_source_prefix_smalln_5x5,29360320.0,29360320.0,0.0,0.162821576719,11,5p_to_3x3_to_4x4_to_5x5_nested,16,1.305337,0,216,113246208,1.0,offline_union_5x5_source_replication,3:1,0:0;0:1;0:2;0:3;0:4;1:0;1:1;1:2;1:3;1:4;2:0;2:1;2:2;2:3;2:4;3:0;3:1;3:2;3:3;3:4;4:0;4:1;4:2;4:3;4:4,target_distance_source_replication_5x5,"train_seed,train_row_group_start,train_length_multiplier",held_out_evaluation_only,Submit GPU jobs to gpumedium; do not use pilot/gpupilot.
fsl_targetdistance_source_replication_s211_216_20260713_1841_n3-d1-dep4-md512-it216-x1p00-s216-rg0,source_delta_support_process_control,canonical,4,72,64,512,216,216,113246208,524288,16,2048,40,1,L,fsl-targetdistance-source-replication-s211-216-20260713-1841-n3-d1-dep4-md512-it216-x1p00-s216-rg0,3,1,roihu_delta_support_process_control,4,113246208,524288,"Prospective source-deployment replication on already measured x100 and x150 target referees. Source geometry, support, readouts, thresholds, and scoring were frozen before these source runs; target losses remain evaluation-only.",controlled_model_dim_source_prefix_smalln_5x5,29360320.0,29360320.0,0.0,0.162821576719,11,5p_to_3x3_to_4x4_to_5x5_nested,16,1.305337,0,216,113246208,1.0,offline_union_5x5_source_replication,3:1,0:0;0:1;0:2;0:3;0:4;1:0;1:1;1:2;1:3;1:4;2:0;2:1;2:2;2:3;2:4;3:0;3:1;3:2;3:3;3:4;4:0;4:1;4:2;4:3;4:4,target_distance_source_replication_5x5,"train_seed,train_row_group_start,train_length_multiplier",held_out_evaluation_only,Submit GPU jobs to gpumedium; do not use pilot/gpupilot.
fsl_targetdistance_source_replication_s211_216_20260713_1841_n3-d2-dep4-md512-it324-x1p00-s211-rg0,source_delta_support_process_control,canonical,4,72,64,512,211,324,169869312,524288,16,2048,40,1,L,fsl-targetdistance-source-replication-s211-216-20260713-1841-n3-d2-dep4-md512-it324-x1p00-s211-rg0,3,2,roihu_delta_support_process_control,4,169869312,524288,"Prospective source-deployment replication on already measured x100 and x150 target referees. Source geometry, support, readouts, thresholds, and scoring were frozen before these source runs; target losses remain evaluation-only.",controlled_model_dim_source_prefix_smalln_5x5,29360320.0,29360320.0,0.0,0.162821576719,12,5p_to_3x3_to_4x4_to_5x5_nested,16,1.305337,0,324,169869312,1.0,offline_union_5x5_source_replication,3:2,0:0;0:1;0:2;0:3;0:4;1:0;1:1;1:2;1:3;1:4;2:0;2:1;2:2;2:3;2:4;3:0;3:1;3:2;3:3;3:4;4:0;4:1;4:2;4:3;4:4,target_distance_source_replication_5x5,"train_seed,train_row_group_start,train_length_multiplier",held_out_evaluation_only,Submit GPU jobs to gpumedium; do not use pilot/gpupilot.
fsl_targetdistance_source_replication_s211_216_20260713_1841_n3-d2-dep4-md512-it324-x1p00-s212-rg0,source_delta_support_process_control,canonical,4,72,64,512,212,324,169869312,524288,16,2048,40,1,L,fsl-targetdistance-source-replication-s211-216-20260713-1841-n3-d2-dep4-md512-it324-x1p00-s212-rg0,3,2,roihu_delta_support_process_control,4,169869312,524288,"Prospective source-deployment replication on already measured x100 and x150 target referees. Source geometry, support, readouts, thresholds, and scoring were frozen before these source runs; target losses remain evaluation-only.",controlled_model_dim_source_prefix_smalln_5x5,29360320.0,29360320.0,0.0,0.162821576719,12,5p_to_3x3_to_4x4_to_5x5_nested,16,1.305337,0,324,169869312,1.0,offline_union_5x5_source_replication,3:2,0:0;0:1;0:2;0:3;0:4;1:0;1:1;1:2;1:3;1:4;2:0;2:1;2:2;2:3;2:4;3:0;3:1;3:2;3:3;3:4;4:0;4:1;4:2;4:3;4:4,target_distance_source_replication_5x5,"train_seed,train_row_group_start,train_length_multiplier",held_out_evaluation_only,Submit GPU jobs to gpumedium; do not use pilot/gpupilot.
fsl_targetdistance_source_replication_s211_216_20260713_1841_n3-d2-dep4-md512-it324-x1p00-s213-rg0,source_delta_support_process_control,canonical,4,72,64,512,213,324,169869312,524288,16,2048,40,1,L,fsl-targetdistance-source-replication-s211-216-20260713-1841-n3-d2-dep4-md512-it324-x1p00-s213-rg0,3,2,roihu_delta_support_process_control,4,169869312,524288,"Prospective source-deployment replication on already measured x100 and x150 target referees. Source geometry, support, readouts, thresholds, and scoring were frozen before these source runs; target losses remain evaluation-only.",controlled_model_dim_source_prefix_smalln_5x5,29360320.0,29360320.0,0.0,0.162821576719,12,5p_to_3x3_to_4x4_to_5x5_nested,16,1.305337,0,324,169869312,1.0,offline_union_5x5_source_replication,3:2,0:0;0:1;0:2;0:3;0:4;1:0;1:1;1:2;1:3;1:4;2:0;2:1;2:2;2:3;2:4;3:0;3:1;3:2;3:3;3:4;4:0;4:1;4:2;4:3;4:4,target_distance_source_replication_5x5,"train_seed,train_row_group_start,train_length_multiplier",held_out_evaluation_only,Submit GPU jobs to gpumedium; do not use pilot/gpupilot.
fsl_targetdistance_source_replication_s211_216_20260713_1841_n3-d2-dep4-md512-it324-x1p00-s214-rg0,source_delta_support_process_control,canonical,4,72,64,512,214,324,169869312,524288,16,2048,40,1,L,fsl-targetdistance-source-replication-s211-216-20260713-1841-n3-d2-dep4-md512-it324-x1p00-s214-rg0,3,2,roihu_delta_support_process_control,4,169869312,524288,"Prospective source-deployment replication on already measured x100 and x150 target referees. Source geometry, support, readouts, thresholds, and scoring were frozen before these source runs; target losses remain evaluation-only.",controlled_model_dim_source_prefix_smalln_5x5,29360320.0,29360320.0,0.0,0.162821576719,12,5p_to_3x3_to_4x4_to_5x5_nested,16,1.305337,0,324,169869312,1.0,offline_union_5x5_source_replication,3:2,0:0;0:1;0:2;0:3;0:4;1:0;1:1;1:2;1:3;1:4;2:0;2:1;2:2;2:3;2:4;3:0;3:1;3:2;3:3;3:4;4:0;4:1;4:2;4:3;4:4,target_distance_source_replication_5x5,"train_seed,train_row_group_start,train_length_multiplier",held_out_evaluation_only,Submit GPU jobs to gpumedium; do not use pilot/gpupilot.
fsl_targetdistance_source_replication_s211_216_20260713_1841_n3-d2-dep4-md512-it324-x1p00-s215-rg0,source_delta_support_process_control,canonical,4,72,64,512,215,324,169869312,524288,16,2048,40,1,L,fsl-targetdistance-source-replication-s211-216-20260713-1841-n3-d2-dep4-md512-it324-x1p00-s215-rg0,3,2,roihu_delta_support_process_control,4,169869312,524288,"Prospective source-deployment replication on already measured x100 and x150 target referees. Source geometry, support, readouts, thresholds, and scoring were frozen before these source runs; target losses remain evaluation-only.",controlled_model_dim_source_prefix_smalln_5x5,29360320.0,29360320.0,0.0,0.162821576719,12,5p_to_3x3_to_4x4_to_5x5_nested,16,1.305337,0,324,169869312,1.0,offline_union_5x5_source_replication,3:2,0:0;0:1;0:2;0:3;0:4;1:0;1:1;1:2;1:3;1:4;2:0;2:1;2:2;2:3;2:4;3:0;3:1;3:2;3:3;3:4;4:0;4:1;4:2;4:3;4:4,target_distance_source_replication_5x5,"train_seed,train_row_group_start,train_length_multiplier",held_out_evaluation_only,Submit GPU jobs to gpumedium; do not use pilot/gpupilot.
fsl_targetdistance_source_replication_s211_216_20260713_1841_n3-d2-dep4-md512-it324-x1p00-s216-rg0,source_delta_support_process_control,canonical,4,72,64,512,216,324,169869312,524288,16,2048,40,1,L,fsl-targetdistance-source-replication-s211-216-20260713-1841-n3-d2-dep4-md512-it324-x1p00-s216-rg0,3,2,roihu_delta_support_process_control,4,169869312,524288,"Prospective source-deployment replication on already measured x100 and x150 target referees. Source geometry, support, readouts, thresholds, and scoring were frozen before these source runs; target losses remain evaluation-only.",controlled_model_dim_source_prefix_smalln_5x5,29360320.0,29360320.0,0.0,0.162821576719,12,5p_to_3x3_to_4x4_to_5x5_nested,16,1.305337,0,324,169869312,1.0,offline_union_5x5_source_replication,3:2,0:0;0:1;0:2;0:3;0:4;1:0;1:1;1:2;1:3;1:4;2:0;2:1;2:2;2:3;2:4;3:0;3:1;3:2;3:3;3:4;4:0;4:1;4:2;4:3;4:4,target_distance_source_replication_5x5,"train_seed,train_row_group_start,train_length_multiplier",held_out_evaluation_only,Submit GPU jobs to gpumedium; do not use pilot/gpupilot.
fsl_targetdistance_source_replication_s211_216_20260713_1841_n3-d3-dep4-md512-it486-x1p00-s211-rg0,source_delta_support_process_control,canonical,4,72,64,512,211,486,254803968,524288,16,2048,40,1,L,fsl-targetdistance-source-replication-s211-216-20260713-1841-n3-d3-dep4-md512-it486-x1p00-s211-rg0,3,3,roihu_delta_support_process_control,4,254803968,524288,"Prospective source-deployment replication on already measured x100 and x150 target referees. Source geometry, support, readouts, thresholds, and scoring were frozen before these source runs; target losses remain evaluation-only.",controlled_model_dim_source_prefix_smalln_5x5,29360320.0,29360320.0,0.0,0.162821576719,16,5p_to_3x3_to_4x4_to_5x5_nested,16,1.305337,0,486,254803968,1.0,offline_union_5x5_source_replication,3:3,0:0;0:1;0:2;0:3;0:4;1:0;1:1;1:2;1:3;1:4;2:0;2:1;2:2;2:3;2:4;3:0;3:1;3:2;3:3;3:4;4:0;4:1;4:2;4:3;4:4,target_distance_source_replication_5x5,"train_seed,train_row_group_start,train_length_multiplier",held_out_evaluation_only,Submit GPU jobs to gpumedium; do not use pilot/gpupilot.
fsl_targetdistance_source_replication_s211_216_20260713_1841_n3-d3-dep4-md512-it486-x1p00-s212-rg0,source_delta_support_process_control,canonical,4,72,64,512,212,486,254803968,524288,16,2048,40,1,L,fsl-targetdistance-source-replication-s211-216-20260713-1841-n3-d3-dep4-md512-it486-x1p00-s212-rg0,3,3,roihu_delta_support_process_control,4,254803968,524288,"Prospective source-deployment replication on already measured x100 and x150 target referees. Source geometry, support, readouts, thresholds, and scoring were frozen before these source runs; target losses remain evaluation-only.",controlled_model_dim_source_prefix_smalln_5x5,29360320.0,29360320.0,0.0,0.162821576719,16,5p_to_3x3_to_4x4_to_5x5_nested,16,1.305337,0,486,254803968,1.0,offline_union_5x5_source_replication,3:3,0:0;0:1;0:2;0:3;0:4;1:0;1:1;1:2;1:3;1:4;2:0;2:1;2:2;2:3;2:4;3:0;3:1;3:2;3:3;3:4;4:0;4:1;4:2;4:3;4:4,target_distance_source_replication_5x5,"train_seed,train_row_group_start,train_length_multiplier",held_out_evaluation_only,Submit GPU jobs to gpumedium; do not use pilot/gpupilot.
fsl_targetdistance_source_replication_s211_216_20260713_1841_n3-d3-dep4-md512-it486-x1p00-s213-rg0,source_delta_support_process_control,canonical,4,72,64,512,213,486,254803968,524288,16,2048,40,1,L,fsl-targetdistance-source-replication-s211-216-20260713-1841-n3-d3-dep4-md512-it486-x1p00-s213-rg0,3,3,roihu_delta_support_process_control,4,254803968,524288,"Prospective source-deployment replication on already measured x100 and x150 target referees. Source geometry, support, readouts, thresholds, and scoring were frozen before these source runs; target losses remain evaluation-only.",controlled_model_dim_source_prefix_smalln_5x5,29360320.0,29360320.0,0.0,0.162821576719,16,5p_to_3x3_to_4x4_to_5x5_nested,16,1.305337,0,486,254803968,1.0,offline_union_5x5_source_replication,3:3,0:0;0:1;0:2;0:3;0:4;1:0;1:1;1:2;1:3;1:4;2:0;2:1;2:2;2:3;2:4;3:0;3:1;3:2;3:3;3:4;4:0;4:1;4:2;4:3;4:4,target_distance_source_replication_5x5,"train_seed,train_row_group_start,train_length_multiplier",held_out_evaluation_only,Submit GPU jobs to gpumedium; do not use pilot/gpupilot.
fsl_targetdistance_source_replication_s211_216_20260713_1841_n3-d3-dep4-md512-it486-x1p00-s214-rg0,source_delta_support_process_control,canonical,4,72,64,512,214,486,254803968,524288,16,2048,40,1,L,fsl-targetdistance-source-replication-s211-216-20260713-1841-n3-d3-dep4-md512-it486-x1p00-s214-rg0,3,3,roihu_delta_support_process_control,4,254803968,524288,"Prospective source-deployment replication on already measured x100 and x150 target referees. Source geometry, support, readouts, thresholds, and scoring were frozen before these source runs; target losses remain evaluation-only.",controlled_model_dim_source_prefix_smalln_5x5,29360320.0,29360320.0,0.0,0.162821576719,16,5p_to_3x3_to_4x4_to_5x5_nested,16,1.305337,0,486,254803968,1.0,offline_union_5x5_source_replication,3:3,0:0;0:1;0:2;0:3;0:4;1:0;1:1;1:2;1:3;1:4;2:0;2:1;2:2;2:3;2:4;3:0;3:1;3:2;3:3;3:4;4:0;4:1;4:2;4:3;4:4,target_distance_source_replication_5x5,"train_seed,train_row_group_start,train_length_multiplier",held_out_evaluation_only,Submit GPU jobs to gpumedium; do not use pilot/gpupilot.
fsl_targetdistance_source_replication_s211_216_20260713_1841_n3-d3-dep4-md512-it486-x1p00-s215-rg0,source_delta_support_process_control,canonical,4,72,64,512,215,486,254803968,524288,16,2048,40,1,L,fsl-targetdistance-source-replication-s211-216-20260713-1841-n3-d3-dep4-md512-it486-x1p00-s215-rg0,3,3,roihu_delta_support_process_control,4,254803968,524288,"Prospective source-deployment replication on already measured x100 and x150 target referees. Source geometry, support, readouts, thresholds, and scoring were frozen before these source runs; target losses remain evaluation-only.",controlled_model_dim_source_prefix_smalln_5x5,29360320.0,29360320.0,0.0,0.162821576719,16,5p_to_3x3_to_4x4_to_5x5_nested,16,1.305337,0,486,254803968,1.0,offline_union_5x5_source_replication,3:3,0:0;0:1;0:2;0:3;0:4;1:0;1:1;1:2;1:3;1:4;2:0;2:1;2:2;2:3;2:4;3:0;3:1;3:2;3:3;3:4;4:0;4:1;4:2;4:3;4:4,target_distance_source_replication_5x5,"train_seed,train_row_group_start,train_length_multiplier",held_out_evaluation_only,Submit GPU jobs to gpumedium; do not use pilot/gpupilot.
fsl_targetdistance_source_replication_s211_216_20260713_1841_n3-d3-dep4-md512-it486-x1p00-s216-rg0,source_delta_support_process_control,canonical,4,72,64,512,216,486,254803968,524288,16,2048,40,1,L,fsl-targetdistance-source-replication-s211-216-20260713-1841-n3-d3-dep4-md512-it486-x1p00-s216-rg0,3,3,roihu_delta_support_process_control,4,254803968,524288,"Prospective source-deployment replication on already measured x100 and x150 target referees. Source geometry, support, readouts, thresholds, and scoring were frozen before these source runs; target losses remain evaluation-only.",controlled_model_dim_source_prefix_smalln_5x5,29360320.0,29360320.0,0.0,0.162821576719,16,5p_to_3x3_to_4x4_to_5x5_nested,16,1.305337,0,486,254803968,1.0,offline_union_5x5_source_replication,3:3,0:0;0:1;0:2;0:3;0:4;1:0;1:1;1:2;1:3;1:4;2:0;2:1;2:2;2:3;2:4;3:0;3:1;3:2;3:3;3:4;4:0;4:1;4:2;4:3;4:4,target_distance_source_replication_5x5,"train_seed,train_row_group_start,train_length_multiplier",held_out_evaluation_only,Submit GPU jobs to gpumedium; do not use pilot/gpupilot.
fsl_targetdistance_source_replication_s211_216_20260713_1841_n3-d4-dep4-md512-it729-x1p00-s211-rg0,source_delta_support_process_control,canonical,4,72,64,512,211,729,382205952,524288,16,2048,40,1,L,fsl-targetdistance-source-replication-s211-216-20260713-1841-n3-d4-dep4-md512-it729-x1p00-s211-rg0,3,4,roihu_delta_support_process_control,4,382205952,524288,"Prospective source-deployment replication on already measured x100 and x150 target referees. Source geometry, support, readouts, thresholds, and scoring were frozen before these source runs; target losses remain evaluation-only.",controlled_model_dim_source_prefix_smalln_5x5,29360320.0,29360320.0,0.0,0.162821576719,24,5p_to_3x3_to_4x4_to_5x5_nested,25,1.305337,0,729,382205952,1.0,offline_union_5x5_source_replication,3:4,0:0;0:1;0:2;0:3;0:4;1:0;1:1;1:2;1:3;1:4;2:0;2:1;2:2;2:3;2:4;3:0;3:1;3:2;3:3;3:4;4:0;4:1;4:2;4:3;4:4,target_distance_source_replication_5x5,"train_seed,train_row_group_start,train_length_multiplier",held_out_evaluation_only,Submit GPU jobs to gpumedium; do not use pilot/gpupilot.
fsl_targetdistance_source_replication_s211_216_20260713_1841_n3-d4-dep4-md512-it729-x1p00-s212-rg0,source_delta_support_process_control,canonical,4,72,64,512,212,729,382205952,524288,16,2048,40,1,L,fsl-targetdistance-source-replication-s211-216-20260713-1841-n3-d4-dep4-md512-it729-x1p00-s212-rg0,3,4,roihu_delta_support_process_control,4,382205952,524288,"Prospective source-deployment replication on already measured x100 and x150 target referees. Source geometry, support, readouts, thresholds, and scoring were frozen before these source runs; target losses remain evaluation-only.",controlled_model_dim_source_prefix_smalln_5x5,29360320.0,29360320.0,0.0,0.162821576719,24,5p_to_3x3_to_4x4_to_5x5_nested,25,1.305337,0,729,382205952,1.0,offline_union_5x5_source_replication,3:4,0:0;0:1;0:2;0:3;0:4;1:0;1:1;1:2;1:3;1:4;2:0;2:1;2:2;2:3;2:4;3:0;3:1;3:2;3:3;3:4;4:0;4:1;4:2;4:3;4:4,target_distance_source_replication_5x5,"train_seed,train_row_group_start,train_length_multiplier",held_out_evaluation_only,Submit GPU jobs to gpumedium; do not use pilot/gpupilot.
fsl_targetdistance_source_replication_s211_216_20260713_1841_n3-d4-dep4-md512-it729-x1p00-s213-rg0,source_delta_support_process_control,canonical,4,72,64,512,213,729,382205952,524288,16,2048,40,1,L,fsl-targetdistance-source-replication-s211-216-20260713-1841-n3-d4-dep4-md512-it729-x1p00-s213-rg0,3,4,roihu_delta_support_process_control,4,382205952,524288,"Prospective source-deployment replication on already measured x100 and x150 target referees. Source geometry, support, readouts, thresholds, and scoring were frozen before these source runs; target losses remain evaluation-only.",controlled_model_dim_source_prefix_smalln_5x5,29360320.0,29360320.0,0.0,0.162821576719,24,5p_to_3x3_to_4x4_to_5x5_nested,25,1.305337,0,729,382205952,1.0,offline_union_5x5_source_replication,3:4,0:0;0:1;0:2;0:3;0:4;1:0;1:1;1:2;1:3;1:4;2:0;2:1;2:2;2:3;2:4;3:0;3:1;3:2;3:3;3:4;4:0;4:1;4:2;4:3;4:4,target_distance_source_replication_5x5,"train_seed,train_row_group_start,train_length_multiplier",held_out_evaluation_only,Submit GPU jobs to gpumedium; do not use pilot/gpupilot.
fsl_targetdistance_source_replication_s211_216_20260713_1841_n3-d4-dep4-md512-it729-x1p00-s214-rg0,source_delta_support_process_control,canonical,4,72,64,512,214,729,382205952,524288,16,2048,40,1,L,fsl-targetdistance-source-replication-s211-216-20260713-1841-n3-d4-dep4-md512-it729-x1p00-s214-rg0,3,4,roihu_delta_support_process_control,4,382205952,524288,"Prospective source-deployment replication on already measured x100 and x150 target referees. Source geometry, support, readouts, thresholds, and scoring were frozen before these source runs; target losses remain evaluation-only.",controlled_model_dim_source_prefix_smalln_5x5,29360320.0,29360320.0,0.0,0.162821576719,24,5p_to_3x3_to_4x4_to_5x5_nested,25,1.305337,0,729,382205952,1.0,offline_union_5x5_source_replication,3:4,0:0;0:1;0:2;0:3;0:4;1:0;1:1;1:2;1:3;1:4;2:0;2:1;2:2;2:3;2:4;3:0;3:1;3:2;3:3;3:4;4:0;4:1;4:2;4:3;4:4,target_distance_source_replication_5x5,"train_seed,train_row_group_start,train_length_multiplier",held_out_evaluation_only,Submit GPU jobs to gpumedium; do not use pilot/gpupilot.
fsl_targetdistance_source_replication_s211_216_20260713_1841_n3-d4-dep4-md512-it729-x1p00-s215-rg0,source_delta_support_process_control,canonical,4,72,64,512,215,729,382205952,524288,16,2048,40,1,L,fsl-targetdistance-source-replication-s211-216-20260713-1841-n3-d4-dep4-md512-it729-x1p00-s215-rg0,3,4,roihu_delta_support_process_control,4,382205952,524288,"Prospective source-deployment replication on already measured x100 and x150 target referees. Source geometry, support, readouts, thresholds, and scoring were frozen before these source runs; target losses remain evaluation-only.",controlled_model_dim_source_prefix_smalln_5x5,29360320.0,29360320.0,0.0,0.162821576719,24,5p_to_3x3_to_4x4_to_5x5_nested,25,1.305337,0,729,382205952,1.0,offline_union_5x5_source_replication,3:4,0:0;0:1;0:2;0:3;0:4;1:0;1:1;1:2;1:3;1:4;2:0;2:1;2:2;2:3;2:4;3:0;3:1;3:2;3:3;3:4;4:0;4:1;4:2;4:3;4:4,target_distance_source_replication_5x5,"train_seed,train_row_group_start,train_length_multiplier",held_out_evaluation_only,Submit GPU jobs to gpumedium; do not use pilot/gpupilot.
fsl_targetdistance_source_replication_s211_216_20260713_1841_n3-d4-dep4-md512-it729-x1p00-s216-rg0,source_delta_support_process_control,canonical,4,72,64,512,216,729,382205952,524288,16,2048,40,1,L,fsl-targetdistance-source-replication-s211-216-20260713-1841-n3-d4-dep4-md512-it729-x1p00-s216-rg0,3,4,roihu_delta_support_process_control,4,382205952,524288,"Prospective source-deployment replication on already measured x100 and x150 target referees. Source geometry, support, readouts, thresholds, and scoring were frozen before these source runs; target losses remain evaluation-only.",controlled_model_dim_source_prefix_smalln_5x5,29360320.0,29360320.0,0.0,0.162821576719,24,5p_to_3x3_to_4x4_to_5x5_nested,25,1.305337,0,729,382205952,1.0,offline_union_5x5_source_replication,3:4,0:0;0:1;0:2;0:3;0:4;1:0;1:1;1:2;1:3;1:4;2:0;2:1;2:2;2:3;2:4;3:0;3:1;3:2;3:3;3:4;4:0;4:1;4:2;4:3;4:4,target_distance_source_replication_5x5,"train_seed,train_row_group_start,train_length_multiplier",held_out_evaluation_only,Submit GPU jobs to gpumedium; do not use pilot/gpupilot.
fsl_targetdistance_source_replication_s211_216_20260713_1841_n4-d0-dep4-md704-it144-x1p00-s211-rg0,source_delta_support_process_control,canonical,4,72,64,704,211,144,75497472,524288,16,2048,40,1,L,fsl-targetdistance-source-replication-s211-216-20260713-1841-n4-d0-dep4-md704-it144-x1p00-s211-rg0,4,0,roihu_delta_support_process_control,4,75497472,524288,"Prospective source-deployment replication on already measured x100 and x150 target referees. Source geometry, support, readouts, thresholds, and scoring were frozen before these source runs; target losses remain evaluation-only.",controlled_model_dim_source_prefix_smalln_5x5,46858504.0,46858504.0,0.0,0.162821576719,17,5p_to_3x3_to_4x4_to_5x5_nested,25,1.305337,0,144,75497472,1.0,offline_union_5x5_source_replication,4:0,0:0;0:1;0:2;0:3;0:4;1:0;1:1;1:2;1:3;1:4;2:0;2:1;2:2;2:3;2:4;3:0;3:1;3:2;3:3;3:4;4:0;4:1;4:2;4:3;4:4,target_distance_source_replication_5x5,"train_seed,train_row_group_start,train_length_multiplier",held_out_evaluation_only,Submit GPU jobs to gpumedium; do not use pilot/gpupilot.
fsl_targetdistance_source_replication_s211_216_20260713_1841_n4-d0-dep4-md704-it144-x1p00-s212-rg0,source_delta_support_process_control,canonical,4,72,64,704,212,144,75497472,524288,16,2048,40,1,L,fsl-targetdistance-source-replication-s211-216-20260713-1841-n4-d0-dep4-md704-it144-x1p00-s212-rg0,4,0,roihu_delta_support_process_control,4,75497472,524288,"Prospective source-deployment replication on already measured x100 and x150 target referees. Source geometry, support, readouts, thresholds, and scoring were frozen before these source runs; target losses remain evaluation-only.",controlled_model_dim_source_prefix_smalln_5x5,46858504.0,46858504.0,0.0,0.162821576719,17,5p_to_3x3_to_4x4_to_5x5_nested,25,1.305337,0,144,75497472,1.0,offline_union_5x5_source_replication,4:0,0:0;0:1;0:2;0:3;0:4;1:0;1:1;1:2;1:3;1:4;2:0;2:1;2:2;2:3;2:4;3:0;3:1;3:2;3:3;3:4;4:0;4:1;4:2;4:3;4:4,target_distance_source_replication_5x5,"train_seed,train_row_group_start,train_length_multiplier",held_out_evaluation_only,Submit GPU jobs to gpumedium; do not use pilot/gpupilot.
fsl_targetdistance_source_replication_s211_216_20260713_1841_n4-d0-dep4-md704-it144-x1p00-s213-rg0,source_delta_support_process_control,canonical,4,72,64,704,213,144,75497472,524288,16,2048,40,1,L,fsl-targetdistance-source-replication-s211-216-20260713-1841-n4-d0-dep4-md704-it144-x1p00-s213-rg0,4,0,roihu_delta_support_process_control,4,75497472,524288,"Prospective source-deployment replication on already measured x100 and x150 target referees. Source geometry, support, readouts, thresholds, and scoring were frozen before these source runs; target losses remain evaluation-only.",controlled_model_dim_source_prefix_smalln_5x5,46858504.0,46858504.0,0.0,0.162821576719,17,5p_to_3x3_to_4x4_to_5x5_nested,25,1.305337,0,144,75497472,1.0,offline_union_5x5_source_replication,4:0,0:0;0:1;0:2;0:3;0:4;1:0;1:1;1:2;1:3;1:4;2:0;2:1;2:2;2:3;2:4;3:0;3:1;3:2;3:3;3:4;4:0;4:1;4:2;4:3;4:4,target_distance_source_replication_5x5,"train_seed,train_row_group_start,train_length_multiplier",held_out_evaluation_only,Submit GPU jobs to gpumedium; do not use pilot/gpupilot.
fsl_targetdistance_source_replication_s211_216_20260713_1841_n4-d0-dep4-md704-it144-x1p00-s214-rg0,source_delta_support_process_control,canonical,4,72,64,704,214,144,75497472,524288,16,2048,40,1,L,fsl-targetdistance-source-replication-s211-216-20260713-1841-n4-d0-dep4-md704-it144-x1p00-s214-rg0,4,0,roihu_delta_support_process_control,4,75497472,524288,"Prospective source-deployment replication on already measured x100 and x150 target referees. Source geometry, support, readouts, thresholds, and scoring were frozen before these source runs; target losses remain evaluation-only.",controlled_model_dim_source_prefix_smalln_5x5,46858504.0,46858504.0,0.0,0.162821576719,17,5p_to_3x3_to_4x4_to_5x5_nested,25,1.305337,0,144,75497472,1.0,offline_union_5x5_source_replication,4:0,0:0;0:1;0:2;0:3;0:4;1:0;1:1;1:2;1:3;1:4;2:0;2:1;2:2;2:3;2:4;3:0;3:1;3:2;3:3;3:4;4:0;4:1;4:2;4:3;4:4,target_distance_source_replication_5x5,"train_seed,train_row_group_start,train_length_multiplier",held_out_evaluation_only,Submit GPU jobs to gpumedium; do not use pilot/gpupilot.
fsl_targetdistance_source_replication_s211_216_20260713_1841_n4-d0-dep4-md704-it144-x1p00-s215-rg0,source_delta_support_process_control,canonical,4,72,64,704,215,144,75497472,524288,16,2048,40,1,L,fsl-targetdistance-source-replication-s211-216-20260713-1841-n4-d0-dep4-md704-it144-x1p00-s215-rg0,4,0,roihu_delta_support_process_control,4,75497472,524288,"Prospective source-deployment replication on already measured x100 and x150 target referees. Source geometry, support, readouts, thresholds, and scoring were frozen before these source runs; target losses remain evaluation-only.",controlled_model_dim_source_prefix_smalln_5x5,46858504.0,46858504.0,0.0,0.162821576719,17,5p_to_3x3_to_4x4_to_5x5_nested,25,1.305337,0,144,75497472,1.0,offline_union_5x5_source_replication,4:0,0:0;0:1;0:2;0:3;0:4;1:0;1:1;1:2;1:3;1:4;2:0;2:1;2:2;2:3;2:4;3:0;3:1;3:2;3:3;3:4;4:0;4:1;4:2;4:3;4:4,target_distance_source_replication_5x5,"train_seed,train_row_group_start,train_length_multiplier",held_out_evaluation_only,Submit GPU jobs to gpumedium; do not use pilot/gpupilot.
fsl_targetdistance_source_replication_s211_216_20260713_1841_n4-d0-dep4-md704-it144-x1p00-s216-rg0,source_delta_support_process_control,canonical,4,72,64,704,216,144,75497472,524288,16,2048,40,1,L,fsl-targetdistance-source-replication-s211-216-20260713-1841-n4-d0-dep4-md704-it144-x1p00-s216-rg0,4,0,roihu_delta_support_process_control,4,75497472,524288,"Prospective source-deployment replication on already measured x100 and x150 target referees. Source geometry, support, readouts, thresholds, and scoring were frozen before these source runs; target losses remain evaluation-only.",controlled_model_dim_source_prefix_smalln_5x5,46858504.0,46858504.0,0.0,0.162821576719,17,5p_to_3x3_to_4x4_to_5x5_nested,25,1.305337,0,144,75497472,1.0,offline_union_5x5_source_replication,4:0,0:0;0:1;0:2;0:3;0:4;1:0;1:1;1:2;1:3;1:4;2:0;2:1;2:2;2:3;2:4;3:0;3:1;3:2;3:3;3:4;4:0;4:1;4:2;4:3;4:4,target_distance_source_replication_5x5,"train_seed,train_row_group_start,train_length_multiplier",held_out_evaluation_only,Submit GPU jobs to gpumedium; do not use pilot/gpupilot.
fsl_targetdistance_source_replication_s211_216_20260713_1841_n4-d1-dep4-md704-it216-x1p00-s211-rg0,source_delta_support_process_control,canonical,4,72,64,704,211,216,113246208,524288,16,2048,40,1,L,fsl-targetdistance-source-replication-s211-216-20260713-1841-n4-d1-dep4-md704-it216-x1p00-s211-rg0,4,1,roihu_delta_support_process_control,4,113246208,524288,"Prospective source-deployment replication on already measured x100 and x150 target referees. Source geometry, support, readouts, thresholds, and scoring were frozen before these source runs; target losses remain evaluation-only.",controlled_model_dim_source_prefix_smalln_5x5,46858504.0,46858504.0,0.0,0.162821576719,18,5p_to_3x3_to_4x4_to_5x5_nested,25,1.305337,0,216,113246208,1.0,offline_union_5x5_source_replication,4:1,0:0;0:1;0:2;0:3;0:4;1:0;1:1;1:2;1:3;1:4;2:0;2:1;2:2;2:3;2:4;3:0;3:1;3:2;3:3;3:4;4:0;4:1;4:2;4:3;4:4,target_distance_source_replication_5x5,"train_seed,train_row_group_start,train_length_multiplier",held_out_evaluation_only,Submit GPU jobs to gpumedium; do not use pilot/gpupilot.
fsl_targetdistance_source_replication_s211_216_20260713_1841_n4-d1-dep4-md704-it216-x1p00-s212-rg0,source_delta_support_process_control,canonical,4,72,64,704,212,216,113246208,524288,16,2048,40,1,L,fsl-targetdistance-source-replication-s211-216-20260713-1841-n4-d1-dep4-md704-it216-x1p00-s212-rg0,4,1,roihu_delta_support_process_control,4,113246208,524288,"Prospective source-deployment replication on already measured x100 and x150 target referees. Source geometry, support, readouts, thresholds, and scoring were frozen before these source runs; target losses remain evaluation-only.",controlled_model_dim_source_prefix_smalln_5x5,46858504.0,46858504.0,0.0,0.162821576719,18,5p_to_3x3_to_4x4_to_5x5_nested,25,1.305337,0,216,113246208,1.0,offline_union_5x5_source_replication,4:1,0:0;0:1;0:2;0:3;0:4;1:0;1:1;1:2;1:3;1:4;2:0;2:1;2:2;2:3;2:4;3:0;3:1;3:2;3:3;3:4;4:0;4:1;4:2;4:3;4:4,target_distance_source_replication_5x5,"train_seed,train_row_group_start,train_length_multiplier",held_out_evaluation_only,Submit GPU jobs to gpumedium; do not use pilot/gpupilot.
fsl_targetdistance_source_replication_s211_216_20260713_1841_n4-d1-dep4-md704-it216-x1p00-s213-rg0,source_delta_support_process_control,canonical,4,72,64,704,213,216,113246208,524288,16,2048,40,1,L,fsl-targetdistance-source-replication-s211-216-20260713-1841-n4-d1-dep4-md704-it216-x1p00-s213-rg0,4,1,roihu_delta_support_process_control,4,113246208,524288,"Prospective source-deployment replication on already measured x100 and x150 target referees. Source geometry, support, readouts, thresholds, and scoring were frozen before these source runs; target losses remain evaluation-only.",controlled_model_dim_source_prefix_smalln_5x5,46858504.0,46858504.0,0.0,0.162821576719,18,5p_to_3x3_to_4x4_to_5x5_nested,25,1.305337,0,216,113246208,1.0,offline_union_5x5_source_replication,4:1,0:0;0:1;0:2;0:3;0:4;1:0;1:1;1:2;1:3;1:4;2:0;2:1;2:2;2:3;2:4;3:0;3:1;3:2;3:3;3:4;4:0;4:1;4:2;4:3;4:4,target_distance_source_replication_5x5,"train_seed,train_row_group_start,train_length_multiplier",held_out_evaluation_only,Submit GPU jobs to gpumedium; do not use pilot/gpupilot.
fsl_targetdistance_source_replication_s211_216_20260713_1841_n4-d1-dep4-md704-it216-x1p00-s214-rg0,source_delta_support_process_control,canonical,4,72,64,704,214,216,113246208,524288,16,2048,40,1,L,fsl-targetdistance-source-replication-s211-216-20260713-1841-n4-d1-dep4-md704-it216-x1p00-s214-rg0,4,1,roihu_delta_support_process_control,4,113246208,524288,"Prospective source-deployment replication on already measured x100 and x150 target referees. Source geometry, support, readouts, thresholds, and scoring were frozen before these source runs; target losses remain evaluation-only.",controlled_model_dim_source_prefix_smalln_5x5,46858504.0,46858504.0,0.0,0.162821576719,18,5p_to_3x3_to_4x4_to_5x5_nested,25,1.305337,0,216,113246208,1.0,offline_union_5x5_source_replication,4:1,0:0;0:1;0:2;0:3;0:4;1:0;1:1;1:2;1:3;1:4;2:0;2:1;2:2;2:3;2:4;3:0;3:1;3:2;3:3;3:4;4:0;4:1;4:2;4:3;4:4,target_distance_source_replication_5x5,"train_seed,train_row_group_start,train_length_multiplier",held_out_evaluation_only,Submit GPU jobs to gpumedium; do not use pilot/gpupilot.
fsl_targetdistance_source_replication_s211_216_20260713_1841_n4-d1-dep4-md704-it216-x1p00-s215-rg0,source_delta_support_process_control,canonical,4,72,64,704,215,216,113246208,524288,16,2048,40,1,L,fsl-targetdistance-source-replication-s211-216-20260713-1841-n4-d1-dep4-md704-it216-x1p00-s215-rg0,4,1,roihu_delta_support_process_control,4,113246208,524288,"Prospective source-deployment replication on already measured x100 and x150 target referees. Source geometry, support, readouts, thresholds, and scoring were frozen before these source runs; target losses remain evaluation-only.",controlled_model_dim_source_prefix_smalln_5x5,46858504.0,46858504.0,0.0,0.162821576719,18,5p_to_3x3_to_4x4_to_5x5_nested,25,1.305337,0,216,113246208,1.0,offline_union_5x5_source_replication,4:1,0:0;0:1;0:2;0:3;0:4;1:0;1:1;1:2;1:3;1:4;2:0;2:1;2:2;2:3;2:4;3:0;3:1;3:2;3:3;3:4;4:0;4:1;4:2;4:3;4:4,target_distance_source_replication_5x5,"train_seed,train_row_group_start,train_length_multiplier",held_out_evaluation_only,Submit GPU jobs to gpumedium; do not use pilot/gpupilot.
fsl_targetdistance_source_replication_s211_216_20260713_1841_n4-d1-dep4-md704-it216-x1p00-s216-rg0,source_delta_support_process_control,canonical,4,72,64,704,216,216,113246208,524288,16,2048,40,1,L,fsl-targetdistance-source-replication-s211-216-20260713-1841-n4-d1-dep4-md704-it216-x1p00-s216-rg0,4,1,roihu_delta_support_process_control,4,113246208,524288,"Prospective source-deployment replication on already measured x100 and x150 target referees. Source geometry, support, readouts, thresholds, and scoring were frozen before these source runs; target losses remain evaluation-only.",controlled_model_dim_source_prefix_smalln_5x5,46858504.0,46858504.0,0.0,0.162821576719,18,5p_to_3x3_to_4x4_to_5x5_nested,25,1.305337,0,216,113246208,1.0,offline_union_5x5_source_replication,4:1,0:0;0:1;0:2;0:3;0:4;1:0;1:1;1:2;1:3;1:4;2:0;2:1;2:2;2:3;2:4;3:0;3:1;3:2;3:3;3:4;4:0;4:1;4:2;4:3;4:4,target_distance_source_replication_5x5,"train_seed,train_row_group_start,train_length_multiplier",held_out_evaluation_only,Submit GPU jobs to gpumedium; do not use pilot/gpupilot.
fsl_targetdistance_source_replication_s211_216_20260713_1841_n4-d2-dep4-md704-it324-x1p00-s211-rg0,source_delta_support_process_control,canonical,4,72,64,704,211,324,169869312,524288,16,2048,40,1,L,fsl-targetdistance-source-replication-s211-216-20260713-1841-n4-d2-dep4-md704-it324-x1p00-s211-rg0,4,2,roihu_delta_support_process_control,4,169869312,524288,"Prospective source-deployment replication on already measured x100 and x150 target referees. Source geometry, support, readouts, thresholds, and scoring were frozen before these source runs; target losses remain evaluation-only.",controlled_model_dim_source_prefix_smalln_5x5,46858504.0,46858504.0,0.0,0.162821576719,19,5p_to_3x3_to_4x4_to_5x5_nested,25,1.305337,0,324,169869312,1.0,offline_union_5x5_source_replication,4:2,0:0;0:1;0:2;0:3;0:4;1:0;1:1;1:2;1:3;1:4;2:0;2:1;2:2;2:3;2:4;3:0;3:1;3:2;3:3;3:4;4:0;4:1;4:2;4:3;4:4,target_distance_source_replication_5x5,"train_seed,train_row_group_start,train_length_multiplier",held_out_evaluation_only,Submit GPU jobs to gpumedium; do not use pilot/gpupilot.
fsl_targetdistance_source_replication_s211_216_20260713_1841_n4-d2-dep4-md704-it324-x1p00-s212-rg0,source_delta_support_process_control,canonical,4,72,64,704,212,324,169869312,524288,16,2048,40,1,L,fsl-targetdistance-source-replication-s211-216-20260713-1841-n4-d2-dep4-md704-it324-x1p00-s212-rg0,4,2,roihu_delta_support_process_control,4,169869312,524288,"Prospective source-deployment replication on already measured x100 and x150 target referees. Source geometry, support, readouts, thresholds, and scoring were frozen before these source runs; target losses remain evaluation-only.",controlled_model_dim_source_prefix_smalln_5x5,46858504.0,46858504.0,0.0,0.162821576719,19,5p_to_3x3_to_4x4_to_5x5_nested,25,1.305337,0,324,169869312,1.0,offline_union_5x5_source_replication,4:2,0:0;0:1;0:2;0:3;0:4;1:0;1:1;1:2;1:3;1:4;2:0;2:1;2:2;2:3;2:4;3:0;3:1;3:2;3:3;3:4;4:0;4:1;4:2;4:3;4:4,target_distance_source_replication_5x5,"train_seed,train_row_group_start,train_length_multiplier",held_out_evaluation_only,Submit GPU jobs to gpumedium; do not use pilot/gpupilot.
fsl_targetdistance_source_replication_s211_216_20260713_1841_n4-d2-dep4-md704-it324-x1p00-s213-rg0,source_delta_support_process_control,canonical,4,72,64,704,213,324,169869312,524288,16,2048,40,1,L,fsl-targetdistance-source-replication-s211-216-20260713-1841-n4-d2-dep4-md704-it324-x1p00-s213-rg0,4,2,roihu_delta_support_process_control,4,169869312,524288,"Prospective source-deployment replication on already measured x100 and x150 target referees. Source geometry, support, readouts, thresholds, and scoring were frozen before these source runs; target losses remain evaluation-only.",controlled_model_dim_source_prefix_smalln_5x5,46858504.0,46858504.0,0.0,0.162821576719,19,5p_to_3x3_to_4x4_to_5x5_nested,25,1.305337,0,324,169869312,1.0,offline_union_5x5_source_replication,4:2,0:0;0:1;0:2;0:3;0:4;1:0;1:1;1:2;1:3;1:4;2:0;2:1;2:2;2:3;2:4;3:0;3:1;3:2;3:3;3:4;4:0;4:1;4:2;4:3;4:4,target_distance_source_replication_5x5,"train_seed,train_row_group_start,train_length_multiplier",held_out_evaluation_only,Submit GPU jobs to gpumedium; do not use pilot/gpupilot.
fsl_targetdistance_source_replication_s211_216_20260713_1841_n4-d2-dep4-md704-it324-x1p00-s214-rg0,source_delta_support_process_control,canonical,4,72,64,704,214,324,169869312,524288,16,2048,40,1,L,fsl-targetdistance-source-replication-s211-216-20260713-1841-n4-d2-dep4-md704-it324-x1p00-s214-rg0,4,2,roihu_delta_support_process_control,4,169869312,524288,"Prospective source-deployment replication on already measured x100 and x150 target referees. Source geometry, support, readouts, thresholds, and scoring were frozen before these source runs; target losses remain evaluation-only.",controlled_model_dim_source_prefix_smalln_5x5,46858504.0,46858504.0,0.0,0.162821576719,19,5p_to_3x3_to_4x4_to_5x5_nested,25,1.305337,0,324,169869312,1.0,offline_union_5x5_source_replication,4:2,0:0;0:1;0:2;0:3;0:4;1:0;1:1;1:2;1:3;1:4;2:0;2:1;2:2;2:3;2:4;3:0;3:1;3:2;3:3;3:4;4:0;4:1;4:2;4:3;4:4,target_distance_source_replication_5x5,"train_seed,train_row_group_start,train_length_multiplier",held_out_evaluation_only,Submit GPU jobs to gpumedium; do not use pilot/gpupilot.
fsl_targetdistance_source_replication_s211_216_20260713_1841_n4-d2-dep4-md704-it324-x1p00-s215-rg0,source_delta_support_process_control,canonical,4,72,64,704,215,324,169869312,524288,16,2048,40,1,L,fsl-targetdistance-source-replication-s211-216-20260713-1841-n4-d2-dep4-md704-it324-x1p00-s215-rg0,4,2,roihu_delta_support_process_control,4,169869312,524288,"Prospective source-deployment replication on already measured x100 and x150 target referees. Source geometry, support, readouts, thresholds, and scoring were frozen before these source runs; target losses remain evaluation-only.",controlled_model_dim_source_prefix_smalln_5x5,46858504.0,46858504.0,0.0,0.162821576719,19,5p_to_3x3_to_4x4_to_5x5_nested,25,1.305337,0,324,169869312,1.0,offline_union_5x5_source_replication,4:2,0:0;0:1;0:2;0:3;0:4;1:0;1:1;1:2;1:3;1:4;2:0;2:1;2:2;2:3;2:4;3:0;3:1;3:2;3:3;3:4;4:0;4:1;4:2;4:3;4:4,target_distance_source_replication_5x5,"train_seed,train_row_group_start,train_length_multiplier",held_out_evaluation_only,Submit GPU jobs to gpumedium; do not use pilot/gpupilot.
fsl_targetdistance_source_replication_s211_216_20260713_1841_n4-d2-dep4-md704-it324-x1p00-s216-rg0,source_delta_support_process_control,canonical,4,72,64,704,216,324,169869312,524288,16,2048,40,1,L,fsl-targetdistance-source-replication-s211-216-20260713-1841-n4-d2-dep4-md704-it324-x1p00-s216-rg0,4,2,roihu_delta_support_process_control,4,169869312,524288,"Prospective source-deployment replication on already measured x100 and x150 target referees. Source geometry, support, readouts, thresholds, and scoring were frozen before these source runs; target losses remain evaluation-only.",controlled_model_dim_source_prefix_smalln_5x5,46858504.0,46858504.0,0.0,0.162821576719,19,5p_to_3x3_to_4x4_to_5x5_nested,25,1.305337,0,324,169869312,1.0,offline_union_5x5_source_replication,4:2,0:0;0:1;0:2;0:3;0:4;1:0;1:1;1:2;1:3;1:4;2:0;2:1;2:2;2:3;2:4;3:0;3:1;3:2;3:3;3:4;4:0;4:1;4:2;4:3;4:4,target_distance_source_replication_5x5,"train_seed,train_row_group_start,train_length_multiplier",held_out_evaluation_only,Submit GPU jobs to gpumedium; do not use pilot/gpupilot.
fsl_targetdistance_source_replication_s211_216_20260713_1841_n4-d3-dep4-md704-it486-x1p00-s211-rg0,source_delta_support_process_control,canonical,4,72,64,704,211,486,254803968,524288,16,2048,40,1,L,fsl-targetdistance-source-replication-s211-216-20260713-1841-n4-d3-dep4-md704-it486-x1p00-s211-rg0,4,3,roihu_delta_support_process_control,4,254803968,524288,"Prospective source-deployment replication on already measured x100 and x150 target referees. Source geometry, support, readouts, thresholds, and scoring were frozen before these source runs; target losses remain evaluation-only.",controlled_model_dim_source_prefix_smalln_5x5,46858504.0,46858504.0,0.0,0.162821576719,20,5p_to_3x3_to_4x4_to_5x5_nested,25,1.305337,0,486,254803968,1.0,offline_union_5x5_source_replication,4:3,0:0;0:1;0:2;0:3;0:4;1:0;1:1;1:2;1:3;1:4;2:0;2:1;2:2;2:3;2:4;3:0;3:1;3:2;3:3;3:4;4:0;4:1;4:2;4:3;4:4,target_distance_source_replication_5x5,"train_seed,train_row_group_start,train_length_multiplier",held_out_evaluation_only,Submit GPU jobs to gpumedium; do not use pilot/gpupilot.
fsl_targetdistance_source_replication_s211_216_20260713_1841_n4-d3-dep4-md704-it486-x1p00-s212-rg0,source_delta_support_process_control,canonical,4,72,64,704,212,486,254803968,524288,16,2048,40,1,L,fsl-targetdistance-source-replication-s211-216-20260713-1841-n4-d3-dep4-md704-it486-x1p00-s212-rg0,4,3,roihu_delta_support_process_control,4,254803968,524288,"Prospective source-deployment replication on already measured x100 and x150 target referees. Source geometry, support, readouts, thresholds, and scoring were frozen before these source runs; target losses remain evaluation-only.",controlled_model_dim_source_prefix_smalln_5x5,46858504.0,46858504.0,0.0,0.162821576719,20,5p_to_3x3_to_4x4_to_5x5_nested,25,1.305337,0,486,254803968,1.0,offline_union_5x5_source_replication,4:3,0:0;0:1;0:2;0:3;0:4;1:0;1:1;1:2;1:3;1:4;2:0;2:1;2:2;2:3;2:4;3:0;3:1;3:2;3:3;3:4;4:0;4:1;4:2;4:3;4:4,target_distance_source_replication_5x5,"train_seed,train_row_group_start,train_length_multiplier",held_out_evaluation_only,Submit GPU jobs to gpumedium; do not use pilot/gpupilot.
fsl_targetdistance_source_replication_s211_216_20260713_1841_n4-d3-dep4-md704-it486-x1p00-s213-rg0,source_delta_support_process_control,canonical,4,72,64,704,213,486,254803968,524288,16,2048,40,1,L,fsl-targetdistance-source-replication-s211-216-20260713-1841-n4-d3-dep4-md704-it486-x1p00-s213-rg0,4,3,roihu_delta_support_process_control,4,254803968,524288,"Prospective source-deployment replication on already measured x100 and x150 target referees. Source geometry, support, readouts, thresholds, and scoring were frozen before these source runs; target losses remain evaluation-only.",controlled_model_dim_source_prefix_smalln_5x5,46858504.0,46858504.0,0.0,0.162821576719,20,5p_to_3x3_to_4x4_to_5x5_nested,25,1.305337,0,486,254803968,1.0,offline_union_5x5_source_replication,4:3,0:0;0:1;0:2;0:3;0:4;1:0;1:1;1:2;1:3;1:4;2:0;2:1;2:2;2:3;2:4;3:0;3:1;3:2;3:3;3:4;4:0;4:1;4:2;4:3;4:4,target_distance_source_replication_5x5,"train_seed,train_row_group_start,train_length_multiplier",held_out_evaluation_only,Submit GPU jobs to gpumedium; do not use pilot/gpupilot.
fsl_targetdistance_source_replication_s211_216_20260713_1841_n4-d3-dep4-md704-it486-x1p00-s214-rg0,source_delta_support_process_control,canonical,4,72,64,704,214,486,254803968,524288,16,2048,40,1,L,fsl-targetdistance-source-replication-s211-216-20260713-1841-n4-d3-dep4-md704-it486-x1p00-s214-rg0,4,3,roihu_delta_support_process_control,4,254803968,524288,"Prospective source-deployment replication on already measured x100 and x150 target referees. Source geometry, support, readouts, thresholds, and scoring were frozen before these source runs; target losses remain evaluation-only.",controlled_model_dim_source_prefix_smalln_5x5,46858504.0,46858504.0,0.0,0.162821576719,20,5p_to_3x3_to_4x4_to_5x5_nested,25,1.305337,0,486,254803968,1.0,offline_union_5x5_source_replication,4:3,0:0;0:1;0:2;0:3;0:4;1:0;1:1;1:2;1:3;1:4;2:0;2:1;2:2;2:3;2:4;3:0;3:1;3:2;3:3;3:4;4:0;4:1;4:2;4:3;4:4,target_distance_source_replication_5x5,"train_seed,train_row_group_start,train_length_multiplier",held_out_evaluation_only,Submit GPU jobs to gpumedium; do not use pilot/gpupilot.
fsl_targetdistance_source_replication_s211_216_20260713_1841_n4-d3-dep4-md704-it486-x1p00-s215-rg0,source_delta_support_process_control,canonical,4,72,64,704,215,486,254803968,524288,16,2048,40,1,L,fsl-targetdistance-source-replication-s211-216-20260713-1841-n4-d3-dep4-md704-it486-x1p00-s215-rg0,4,3,roihu_delta_support_process_control,4,254803968,524288,"Prospective source-deployment replication on already measured x100 and x150 target referees. Source geometry, support, readouts, thresholds, and scoring were frozen before these source runs; target losses remain evaluation-only.",controlled_model_dim_source_prefix_smalln_5x5,46858504.0,46858504.0,0.0,0.162821576719,20,5p_to_3x3_to_4x4_to_5x5_nested,25,1.305337,0,486,254803968,1.0,offline_union_5x5_source_replication,4:3,0:0;0:1;0:2;0:3;0:4;1:0;1:1;1:2;1:3;1:4;2:0;2:1;2:2;2:3;2:4;3:0;3:1;3:2;3:3;3:4;4:0;4:1;4:2;4:3;4:4,target_distance_source_replication_5x5,"train_seed,train_row_group_start,train_length_multiplier",held_out_evaluation_only,Submit GPU jobs to gpumedium; do not use pilot/gpupilot.
fsl_targetdistance_source_replication_s211_216_20260713_1841_n4-d3-dep4-md704-it486-x1p00-s216-rg0,source_delta_support_process_control,canonical,4,72,64,704,216,486,254803968,524288,16,2048,40,1,L,fsl-targetdistance-source-replication-s211-216-20260713-1841-n4-d3-dep4-md704-it486-x1p00-s216-rg0,4,3,roihu_delta_support_process_control,4,254803968,524288,"Prospective source-deployment replication on already measured x100 and x150 target referees. Source geometry, support, readouts, thresholds, and scoring were frozen before these source runs; target losses remain evaluation-only.",controlled_model_dim_source_prefix_smalln_5x5,46858504.0,46858504.0,0.0,0.162821576719,20,5p_to_3x3_to_4x4_to_5x5_nested,25,1.305337,0,486,254803968,1.0,offline_union_5x5_source_replication,4:3,0:0;0:1;0:2;0:3;0:4;1:0;1:1;1:2;1:3;1:4;2:0;2:1;2:2;2:3;2:4;3:0;3:1;3:2;3:3;3:4;4:0;4:1;4:2;4:3;4:4,target_distance_source_replication_5x5,"train_seed,train_row_group_start,train_length_multiplier",held_out_evaluation_only,Submit GPU jobs to gpumedium; do not use pilot/gpupilot.
fsl_targetdistance_source_replication_s211_216_20260713_1841_n4-d4-dep4-md704-it729-x1p00-s211-rg0,source_delta_support_process_control,canonical,4,72,64,704,211,729,382205952,524288,16,2048,40,1,L,fsl-targetdistance-source-replication-s211-216-20260713-1841-n4-d4-dep4-md704-it729-x1p00-s211-rg0,4,4,roihu_delta_support_process_control,4,382205952,524288,"Prospective source-deployment replication on already measured x100 and x150 target referees. Source geometry, support, readouts, thresholds, and scoring were frozen before these source runs; target losses remain evaluation-only.",controlled_model_dim_source_prefix_smalln_5x5,46858504.0,46858504.0,0.0,0.162821576719,25,5p_to_3x3_to_4x4_to_5x5_nested,25,1.305337,0,729,382205952,1.0,offline_union_5x5_source_replication,4:4,0:0;0:1;0:2;0:3;0:4;1:0;1:1;1:2;1:3;1:4;2:0;2:1;2:2;2:3;2:4;3:0;3:1;3:2;3:3;3:4;4:0;4:1;4:2;4:3;4:4,target_distance_source_replication_5x5,"train_seed,train_row_group_start,train_length_multiplier",held_out_evaluation_only,Submit GPU jobs to gpumedium; do not use pilot/gpupilot.
fsl_targetdistance_source_replication_s211_216_20260713_1841_n4-d4-dep4-md704-it729-x1p00-s212-rg0,source_delta_support_process_control,canonical,4,72,64,704,212,729,382205952,524288,16,2048,40,1,L,fsl-targetdistance-source-replication-s211-216-20260713-1841-n4-d4-dep4-md704-it729-x1p00-s212-rg0,4,4,roihu_delta_support_process_control,4,382205952,524288,"Prospective source-deployment replication on already measured x100 and x150 target referees. Source geometry, support, readouts, thresholds, and scoring were frozen before these source runs; target losses remain evaluation-only.",controlled_model_dim_source_prefix_smalln_5x5,46858504.0,46858504.0,0.0,0.162821576719,25,5p_to_3x3_to_4x4_to_5x5_nested,25,1.305337,0,729,382205952,1.0,offline_union_5x5_source_replication,4:4,0:0;0:1;0:2;0:3;0:4;1:0;1:1;1:2;1:3;1:4;2:0;2:1;2:2;2:3;2:4;3:0;3:1;3:2;3:3;3:4;4:0;4:1;4:2;4:3;4:4,target_distance_source_replication_5x5,"train_seed,train_row_group_start,train_length_multiplier",held_out_evaluation_only,Submit GPU jobs to gpumedium; do not use pilot/gpupilot.
fsl_targetdistance_source_replication_s211_216_20260713_1841_n4-d4-dep4-md704-it729-x1p00-s213-rg0,source_delta_support_process_control,canonical,4,72,64,704,213,729,382205952,524288,16,2048,40,1,L,fsl-targetdistance-source-replication-s211-216-20260713-1841-n4-d4-dep4-md704-it729-x1p00-s213-rg0,4,4,roihu_delta_support_process_control,4,382205952,524288,"Prospective source-deployment replication on already measured x100 and x150 target referees. Source geometry, support, readouts, thresholds, and scoring were frozen before these source runs; target losses remain evaluation-only.",controlled_model_dim_source_prefix_smalln_5x5,46858504.0,46858504.0,0.0,0.162821576719,25,5p_to_3x3_to_4x4_to_5x5_nested,25,1.305337,0,729,382205952,1.0,offline_union_5x5_source_replication,4:4,0:0;0:1;0:2;0:3;0:4;1:0;1:1;1:2;1:3;1:4;2:0;2:1;2:2;2:3;2:4;3:0;3:1;3:2;3:3;3:4;4:0;4:1;4:2;4:3;4:4,target_distance_source_replication_5x5,"train_seed,train_row_group_start,train_length_multiplier",held_out_evaluation_only,Submit GPU jobs to gpumedium; do not use pilot/gpupilot.
fsl_targetdistance_source_replication_s211_216_20260713_1841_n4-d4-dep4-md704-it729-x1p00-s214-rg0,source_delta_support_process_control,canonical,4,72,64,704,214,729,382205952,524288,16,2048,40,1,L,fsl-targetdistance-source-replication-s211-216-20260713-1841-n4-d4-dep4-md704-it729-x1p00-s214-rg0,4,4,roihu_delta_support_process_control,4,382205952,524288,"Prospective source-deployment replication on already measured x100 and x150 target referees. Source geometry, support, readouts, thresholds, and scoring were frozen before these source runs; target losses remain evaluation-only.",controlled_model_dim_source_prefix_smalln_5x5,46858504.0,46858504.0,0.0,0.162821576719,25,5p_to_3x3_to_4x4_to_5x5_nested,25,1.305337,0,729,382205952,1.0,offline_union_5x5_source_replication,4:4,0:0;0:1;0:2;0:3;0:4;1:0;1:1;1:2;1:3;1:4;2:0;2:1;2:2;2:3;2:4;3:0;3:1;3:2;3:3;3:4;4:0;4:1;4:2;4:3;4:4,target_distance_source_replication_5x5,"train_seed,train_row_group_start,train_length_multiplier",held_out_evaluation_only,Submit GPU jobs to gpumedium; do not use pilot/gpupilot.
fsl_targetdistance_source_replication_s211_216_20260713_1841_n4-d4-dep4-md704-it729-x1p00-s215-rg0,source_delta_support_process_control,canonical,4,72,64,704,215,729,382205952,524288,16,2048,40,1,L,fsl-targetdistance-source-replication-s211-216-20260713-1841-n4-d4-dep4-md704-it729-x1p00-s215-rg0,4,4,roihu_delta_support_process_control,4,382205952,524288,"Prospective source-deployment replication on already measured x100 and x150 target referees. Source geometry, support, readouts, thresholds, and scoring were frozen before these source runs; target losses remain evaluation-only.",controlled_model_dim_source_prefix_smalln_5x5,46858504.0,46858504.0,0.0,0.162821576719,25,5p_to_3x3_to_4x4_to_5x5_nested,25,1.305337,0,729,382205952,1.0,offline_union_5x5_source_replication,4:4,0:0;0:1;0:2;0:3;0:4;1:0;1:1;1:2;1:3;1:4;2:0;2:1;2:2;2:3;2:4;3:0;3:1;3:2;3:3;3:4;4:0;4:1;4:2;4:3;4:4,target_distance_source_replication_5x5,"train_seed,train_row_group_start,train_length_multiplier",held_out_evaluation_only,Submit GPU jobs to gpumedium; do not use pilot/gpupilot.
fsl_targetdistance_source_replication_s211_216_20260713_1841_n4-d4-dep4-md704-it729-x1p00-s216-rg0,source_delta_support_process_control,canonical,4,72,64,704,216,729,382205952,524288,16,2048,40,1,L,fsl-targetdistance-source-replication-s211-216-20260713-1841-n4-d4-dep4-md704-it729-x1p00-s216-rg0,4,4,roihu_delta_support_process_control,4,382205952,524288,"Prospective source-deployment replication on already measured x100 and x150 target referees. Source geometry, support, readouts, thresholds, and scoring were frozen before these source runs; target losses remain evaluation-only.",controlled_model_dim_source_prefix_smalln_5x5,46858504.0,46858504.0,0.0,0.162821576719,25,5p_to_3x3_to_4x4_to_5x5_nested,25,1.305337,0,729,382205952,1.0,offline_union_5x5_source_replication,4:4,0:0;0:1;0:2;0:3;0:4;1:0;1:1;1:2;1:3;1:4;2:0;2:1;2:2;2:3;2:4;3:0;3:1;3:2;3:3;3:4;4:0;4:1;4:2;4:3;4:4,target_distance_source_replication_5x5,"train_seed,train_row_group_start,train_length_multiplier",held_out_evaluation_only,Submit GPU jobs to gpumedium; do not use pilot/gpupilot.
