stage,split,recipe_band,depth,aspect_ratio,head_dim,model_dim,seed,num_iterations,target_tokens,total_batch_size,device_batch_size,max_seq_len,warmup_steps,fp8,window_pattern,model_tag,n_index,d_index,planned_family,planned_model_depth,planned_data_tokens,planned_total_batch_size,planned_note,sizing_family,target_n_scaling,preflight_n_scaling,target_n_scaling_rel_error,n_geometric_rel_error,source_prefix_order,source_prefix_family,source_prefix_q_hint,target_budget_b,train_row_group_start,base_num_iterations,D_actual,train_length_multiplier,support_policy,support_point_id,support_keys,delta_support_process_family,delta_support_process_repeats,target_line_referee_usage,roihu_partition_note
fsl_highcorner_x175_source5x5_s301_312_20260713_2115_n0-d0-dep4-md128-it144-x1p00-s301-rg0,source_delta_support_process_control,canonical,4,72,64,128,301,144,75497472,524288,16,2048,40,1,L,fsl-highcorner-x175-source5x5-s301-312-20260713-2115-n0-d0-dep4-md128-it144-x1p00-s301-rg0,0,0,roihu_delta_support_process_control,4,75497472,524288,Fresh measured 5x5 source union for the sealed x175 prospective validation; target-line losses are evaluation-only.,controlled_model_dim_source_prefix_smalln_5x5,4980784.0,4980784.0,0.0,0.162821576719,1,5p_to_3x3_to_4x4_to_5x5_nested,5,1.305337,0,144,75497472,1.0,offline_union_5x5_x175_prospective,0:0,0:0;0:1;0:2;0:3;0:4;1:0;1:1;1:2;1:3;1:4;2:0;2:1;2:2;2:3;2:4;3:0;3:1;3:2;3:3;3:4;4:0;4:1;4:2;4:3;4:4,high_corner_x175_prospective_5x5,"train_seed,train_row_group_start,train_length_multiplier",held_out_evaluation_only,Submit GPU jobs to gpumedium; do not use pilot/gpupilot.
fsl_highcorner_x175_source5x5_s301_312_20260713_2115_n0-d0-dep4-md128-it144-x1p00-s302-rg0,source_delta_support_process_control,canonical,4,72,64,128,302,144,75497472,524288,16,2048,40,1,L,fsl-highcorner-x175-source5x5-s301-312-20260713-2115-n0-d0-dep4-md128-it144-x1p00-s302-rg0,0,0,roihu_delta_support_process_control,4,75497472,524288,Fresh measured 5x5 source union for the sealed x175 prospective validation; target-line losses are evaluation-only.,controlled_model_dim_source_prefix_smalln_5x5,4980784.0,4980784.0,0.0,0.162821576719,1,5p_to_3x3_to_4x4_to_5x5_nested,5,1.305337,0,144,75497472,1.0,offline_union_5x5_x175_prospective,0:0,0:0;0:1;0:2;0:3;0:4;1:0;1:1;1:2;1:3;1:4;2:0;2:1;2:2;2:3;2:4;3:0;3:1;3:2;3:3;3:4;4:0;4:1;4:2;4:3;4:4,high_corner_x175_prospective_5x5,"train_seed,train_row_group_start,train_length_multiplier",held_out_evaluation_only,Submit GPU jobs to gpumedium; do not use pilot/gpupilot.
fsl_highcorner_x175_source5x5_s301_312_20260713_2115_n0-d0-dep4-md128-it144-x1p00-s303-rg0,source_delta_support_process_control,canonical,4,72,64,128,303,144,75497472,524288,16,2048,40,1,L,fsl-highcorner-x175-source5x5-s301-312-20260713-2115-n0-d0-dep4-md128-it144-x1p00-s303-rg0,0,0,roihu_delta_support_process_control,4,75497472,524288,Fresh measured 5x5 source union for the sealed x175 prospective validation; target-line losses are evaluation-only.,controlled_model_dim_source_prefix_smalln_5x5,4980784.0,4980784.0,0.0,0.162821576719,1,5p_to_3x3_to_4x4_to_5x5_nested,5,1.305337,0,144,75497472,1.0,offline_union_5x5_x175_prospective,0:0,0:0;0:1;0:2;0:3;0:4;1:0;1:1;1:2;1:3;1:4;2:0;2:1;2:2;2:3;2:4;3:0;3:1;3:2;3:3;3:4;4:0;4:1;4:2;4:3;4:4,high_corner_x175_prospective_5x5,"train_seed,train_row_group_start,train_length_multiplier",held_out_evaluation_only,Submit GPU jobs to gpumedium; do not use pilot/gpupilot.
fsl_highcorner_x175_source5x5_s301_312_20260713_2115_n0-d0-dep4-md128-it144-x1p00-s304-rg0,source_delta_support_process_control,canonical,4,72,64,128,304,144,75497472,524288,16,2048,40,1,L,fsl-highcorner-x175-source5x5-s301-312-20260713-2115-n0-d0-dep4-md128-it144-x1p00-s304-rg0,0,0,roihu_delta_support_process_control,4,75497472,524288,Fresh measured 5x5 source union for the sealed x175 prospective validation; target-line losses are evaluation-only.,controlled_model_dim_source_prefix_smalln_5x5,4980784.0,4980784.0,0.0,0.162821576719,1,5p_to_3x3_to_4x4_to_5x5_nested,5,1.305337,0,144,75497472,1.0,offline_union_5x5_x175_prospective,0:0,0:0;0:1;0:2;0:3;0:4;1:0;1:1;1:2;1:3;1:4;2:0;2:1;2:2;2:3;2:4;3:0;3:1;3:2;3:3;3:4;4:0;4:1;4:2;4:3;4:4,high_corner_x175_prospective_5x5,"train_seed,train_row_group_start,train_length_multiplier",held_out_evaluation_only,Submit GPU jobs to gpumedium; do not use pilot/gpupilot.
fsl_highcorner_x175_source5x5_s301_312_20260713_2115_n0-d0-dep4-md128-it144-x1p00-s305-rg0,source_delta_support_process_control,canonical,4,72,64,128,305,144,75497472,524288,16,2048,40,1,L,fsl-highcorner-x175-source5x5-s301-312-20260713-2115-n0-d0-dep4-md128-it144-x1p00-s305-rg0,0,0,roihu_delta_support_process_control,4,75497472,524288,Fresh measured 5x5 source union for the sealed x175 prospective validation; target-line losses are evaluation-only.,controlled_model_dim_source_prefix_smalln_5x5,4980784.0,4980784.0,0.0,0.162821576719,1,5p_to_3x3_to_4x4_to_5x5_nested,5,1.305337,0,144,75497472,1.0,offline_union_5x5_x175_prospective,0:0,0:0;0:1;0:2;0:3;0:4;1:0;1:1;1:2;1:3;1:4;2:0;2:1;2:2;2:3;2:4;3:0;3:1;3:2;3:3;3:4;4:0;4:1;4:2;4:3;4:4,high_corner_x175_prospective_5x5,"train_seed,train_row_group_start,train_length_multiplier",held_out_evaluation_only,Submit GPU jobs to gpumedium; do not use pilot/gpupilot.
fsl_highcorner_x175_source5x5_s301_312_20260713_2115_n0-d0-dep4-md128-it144-x1p00-s306-rg0,source_delta_support_process_control,canonical,4,72,64,128,306,144,75497472,524288,16,2048,40,1,L,fsl-highcorner-x175-source5x5-s301-312-20260713-2115-n0-d0-dep4-md128-it144-x1p00-s306-rg0,0,0,roihu_delta_support_process_control,4,75497472,524288,Fresh measured 5x5 source union for the sealed x175 prospective validation; target-line losses are evaluation-only.,controlled_model_dim_source_prefix_smalln_5x5,4980784.0,4980784.0,0.0,0.162821576719,1,5p_to_3x3_to_4x4_to_5x5_nested,5,1.305337,0,144,75497472,1.0,offline_union_5x5_x175_prospective,0:0,0:0;0:1;0:2;0:3;0:4;1:0;1:1;1:2;1:3;1:4;2:0;2:1;2:2;2:3;2:4;3:0;3:1;3:2;3:3;3:4;4:0;4:1;4:2;4:3;4:4,high_corner_x175_prospective_5x5,"train_seed,train_row_group_start,train_length_multiplier",held_out_evaluation_only,Submit GPU jobs to gpumedium; do not use pilot/gpupilot.
fsl_highcorner_x175_source5x5_s301_312_20260713_2115_n0-d0-dep4-md128-it144-x1p00-s307-rg0,source_delta_support_process_control,canonical,4,72,64,128,307,144,75497472,524288,16,2048,40,1,L,fsl-highcorner-x175-source5x5-s301-312-20260713-2115-n0-d0-dep4-md128-it144-x1p00-s307-rg0,0,0,roihu_delta_support_process_control,4,75497472,524288,Fresh measured 5x5 source union for the sealed x175 prospective validation; target-line losses are evaluation-only.,controlled_model_dim_source_prefix_smalln_5x5,4980784.0,4980784.0,0.0,0.162821576719,1,5p_to_3x3_to_4x4_to_5x5_nested,5,1.305337,0,144,75497472,1.0,offline_union_5x5_x175_prospective,0:0,0:0;0:1;0:2;0:3;0:4;1:0;1:1;1:2;1:3;1:4;2:0;2:1;2:2;2:3;2:4;3:0;3:1;3:2;3:3;3:4;4:0;4:1;4:2;4:3;4:4,high_corner_x175_prospective_5x5,"train_seed,train_row_group_start,train_length_multiplier",held_out_evaluation_only,Submit GPU jobs to gpumedium; do not use pilot/gpupilot.
fsl_highcorner_x175_source5x5_s301_312_20260713_2115_n0-d0-dep4-md128-it144-x1p00-s308-rg0,source_delta_support_process_control,canonical,4,72,64,128,308,144,75497472,524288,16,2048,40,1,L,fsl-highcorner-x175-source5x5-s301-312-20260713-2115-n0-d0-dep4-md128-it144-x1p00-s308-rg0,0,0,roihu_delta_support_process_control,4,75497472,524288,Fresh measured 5x5 source union for the sealed x175 prospective validation; target-line losses are evaluation-only.,controlled_model_dim_source_prefix_smalln_5x5,4980784.0,4980784.0,0.0,0.162821576719,1,5p_to_3x3_to_4x4_to_5x5_nested,5,1.305337,0,144,75497472,1.0,offline_union_5x5_x175_prospective,0:0,0:0;0:1;0:2;0:3;0:4;1:0;1:1;1:2;1:3;1:4;2:0;2:1;2:2;2:3;2:4;3:0;3:1;3:2;3:3;3:4;4:0;4:1;4:2;4:3;4:4,high_corner_x175_prospective_5x5,"train_seed,train_row_group_start,train_length_multiplier",held_out_evaluation_only,Submit GPU jobs to gpumedium; do not use pilot/gpupilot.
fsl_highcorner_x175_source5x5_s301_312_20260713_2115_n0-d0-dep4-md128-it144-x1p00-s309-rg0,source_delta_support_process_control,canonical,4,72,64,128,309,144,75497472,524288,16,2048,40,1,L,fsl-highcorner-x175-source5x5-s301-312-20260713-2115-n0-d0-dep4-md128-it144-x1p00-s309-rg0,0,0,roihu_delta_support_process_control,4,75497472,524288,Fresh measured 5x5 source union for the sealed x175 prospective validation; target-line losses are evaluation-only.,controlled_model_dim_source_prefix_smalln_5x5,4980784.0,4980784.0,0.0,0.162821576719,1,5p_to_3x3_to_4x4_to_5x5_nested,5,1.305337,0,144,75497472,1.0,offline_union_5x5_x175_prospective,0:0,0:0;0:1;0:2;0:3;0:4;1:0;1:1;1:2;1:3;1:4;2:0;2:1;2:2;2:3;2:4;3:0;3:1;3:2;3:3;3:4;4:0;4:1;4:2;4:3;4:4,high_corner_x175_prospective_5x5,"train_seed,train_row_group_start,train_length_multiplier",held_out_evaluation_only,Submit GPU jobs to gpumedium; do not use pilot/gpupilot.
fsl_highcorner_x175_source5x5_s301_312_20260713_2115_n0-d0-dep4-md128-it144-x1p00-s310-rg0,source_delta_support_process_control,canonical,4,72,64,128,310,144,75497472,524288,16,2048,40,1,L,fsl-highcorner-x175-source5x5-s301-312-20260713-2115-n0-d0-dep4-md128-it144-x1p00-s310-rg0,0,0,roihu_delta_support_process_control,4,75497472,524288,Fresh measured 5x5 source union for the sealed x175 prospective validation; target-line losses are evaluation-only.,controlled_model_dim_source_prefix_smalln_5x5,4980784.0,4980784.0,0.0,0.162821576719,1,5p_to_3x3_to_4x4_to_5x5_nested,5,1.305337,0,144,75497472,1.0,offline_union_5x5_x175_prospective,0:0,0:0;0:1;0:2;0:3;0:4;1:0;1:1;1:2;1:3;1:4;2:0;2:1;2:2;2:3;2:4;3:0;3:1;3:2;3:3;3:4;4:0;4:1;4:2;4:3;4:4,high_corner_x175_prospective_5x5,"train_seed,train_row_group_start,train_length_multiplier",held_out_evaluation_only,Submit GPU jobs to gpumedium; do not use pilot/gpupilot.
fsl_highcorner_x175_source5x5_s301_312_20260713_2115_n0-d0-dep4-md128-it144-x1p00-s311-rg0,source_delta_support_process_control,canonical,4,72,64,128,311,144,75497472,524288,16,2048,40,1,L,fsl-highcorner-x175-source5x5-s301-312-20260713-2115-n0-d0-dep4-md128-it144-x1p00-s311-rg0,0,0,roihu_delta_support_process_control,4,75497472,524288,Fresh measured 5x5 source union for the sealed x175 prospective validation; target-line losses are evaluation-only.,controlled_model_dim_source_prefix_smalln_5x5,4980784.0,4980784.0,0.0,0.162821576719,1,5p_to_3x3_to_4x4_to_5x5_nested,5,1.305337,0,144,75497472,1.0,offline_union_5x5_x175_prospective,0:0,0:0;0:1;0:2;0:3;0:4;1:0;1:1;1:2;1:3;1:4;2:0;2:1;2:2;2:3;2:4;3:0;3:1;3:2;3:3;3:4;4:0;4:1;4:2;4:3;4:4,high_corner_x175_prospective_5x5,"train_seed,train_row_group_start,train_length_multiplier",held_out_evaluation_only,Submit GPU jobs to gpumedium; do not use pilot/gpupilot.
fsl_highcorner_x175_source5x5_s301_312_20260713_2115_n0-d0-dep4-md128-it144-x1p00-s312-rg0,source_delta_support_process_control,canonical,4,72,64,128,312,144,75497472,524288,16,2048,40,1,L,fsl-highcorner-x175-source5x5-s301-312-20260713-2115-n0-d0-dep4-md128-it144-x1p00-s312-rg0,0,0,roihu_delta_support_process_control,4,75497472,524288,Fresh measured 5x5 source union for the sealed x175 prospective validation; target-line losses are evaluation-only.,controlled_model_dim_source_prefix_smalln_5x5,4980784.0,4980784.0,0.0,0.162821576719,1,5p_to_3x3_to_4x4_to_5x5_nested,5,1.305337,0,144,75497472,1.0,offline_union_5x5_x175_prospective,0:0,0:0;0:1;0:2;0:3;0:4;1:0;1:1;1:2;1:3;1:4;2:0;2:1;2:2;2:3;2:4;3:0;3:1;3:2;3:3;3:4;4:0;4:1;4:2;4:3;4:4,high_corner_x175_prospective_5x5,"train_seed,train_row_group_start,train_length_multiplier",held_out_evaluation_only,Submit GPU jobs to gpumedium; do not use pilot/gpupilot.
fsl_highcorner_x175_source5x5_s301_312_20260713_2115_n0-d1-dep4-md128-it216-x1p00-s301-rg0,source_delta_support_process_control,canonical,4,72,64,128,301,216,113246208,524288,16,2048,40,1,L,fsl-highcorner-x175-source5x5-s301-312-20260713-2115-n0-d1-dep4-md128-it216-x1p00-s301-rg0,0,1,roihu_delta_support_process_control,4,113246208,524288,Fresh measured 5x5 source union for the sealed x175 prospective validation; target-line losses are evaluation-only.,controlled_model_dim_source_prefix_smalln_5x5,4980784.0,4980784.0,0.0,0.162821576719,4,5p_to_3x3_to_4x4_to_5x5_nested,5,1.305337,0,216,113246208,1.0,offline_union_5x5_x175_prospective,0:1,0:0;0:1;0:2;0:3;0:4;1:0;1:1;1:2;1:3;1:4;2:0;2:1;2:2;2:3;2:4;3:0;3:1;3:2;3:3;3:4;4:0;4:1;4:2;4:3;4:4,high_corner_x175_prospective_5x5,"train_seed,train_row_group_start,train_length_multiplier",held_out_evaluation_only,Submit GPU jobs to gpumedium; do not use pilot/gpupilot.
fsl_highcorner_x175_source5x5_s301_312_20260713_2115_n0-d1-dep4-md128-it216-x1p00-s302-rg0,source_delta_support_process_control,canonical,4,72,64,128,302,216,113246208,524288,16,2048,40,1,L,fsl-highcorner-x175-source5x5-s301-312-20260713-2115-n0-d1-dep4-md128-it216-x1p00-s302-rg0,0,1,roihu_delta_support_process_control,4,113246208,524288,Fresh measured 5x5 source union for the sealed x175 prospective validation; target-line losses are evaluation-only.,controlled_model_dim_source_prefix_smalln_5x5,4980784.0,4980784.0,0.0,0.162821576719,4,5p_to_3x3_to_4x4_to_5x5_nested,5,1.305337,0,216,113246208,1.0,offline_union_5x5_x175_prospective,0:1,0:0;0:1;0:2;0:3;0:4;1:0;1:1;1:2;1:3;1:4;2:0;2:1;2:2;2:3;2:4;3:0;3:1;3:2;3:3;3:4;4:0;4:1;4:2;4:3;4:4,high_corner_x175_prospective_5x5,"train_seed,train_row_group_start,train_length_multiplier",held_out_evaluation_only,Submit GPU jobs to gpumedium; do not use pilot/gpupilot.
fsl_highcorner_x175_source5x5_s301_312_20260713_2115_n0-d1-dep4-md128-it216-x1p00-s303-rg0,source_delta_support_process_control,canonical,4,72,64,128,303,216,113246208,524288,16,2048,40,1,L,fsl-highcorner-x175-source5x5-s301-312-20260713-2115-n0-d1-dep4-md128-it216-x1p00-s303-rg0,0,1,roihu_delta_support_process_control,4,113246208,524288,Fresh measured 5x5 source union for the sealed x175 prospective validation; target-line losses are evaluation-only.,controlled_model_dim_source_prefix_smalln_5x5,4980784.0,4980784.0,0.0,0.162821576719,4,5p_to_3x3_to_4x4_to_5x5_nested,5,1.305337,0,216,113246208,1.0,offline_union_5x5_x175_prospective,0:1,0:0;0:1;0:2;0:3;0:4;1:0;1:1;1:2;1:3;1:4;2:0;2:1;2:2;2:3;2:4;3:0;3:1;3:2;3:3;3:4;4:0;4:1;4:2;4:3;4:4,high_corner_x175_prospective_5x5,"train_seed,train_row_group_start,train_length_multiplier",held_out_evaluation_only,Submit GPU jobs to gpumedium; do not use pilot/gpupilot.
fsl_highcorner_x175_source5x5_s301_312_20260713_2115_n0-d1-dep4-md128-it216-x1p00-s304-rg0,source_delta_support_process_control,canonical,4,72,64,128,304,216,113246208,524288,16,2048,40,1,L,fsl-highcorner-x175-source5x5-s301-312-20260713-2115-n0-d1-dep4-md128-it216-x1p00-s304-rg0,0,1,roihu_delta_support_process_control,4,113246208,524288,Fresh measured 5x5 source union for the sealed x175 prospective validation; target-line losses are evaluation-only.,controlled_model_dim_source_prefix_smalln_5x5,4980784.0,4980784.0,0.0,0.162821576719,4,5p_to_3x3_to_4x4_to_5x5_nested,5,1.305337,0,216,113246208,1.0,offline_union_5x5_x175_prospective,0:1,0:0;0:1;0:2;0:3;0:4;1:0;1:1;1:2;1:3;1:4;2:0;2:1;2:2;2:3;2:4;3:0;3:1;3:2;3:3;3:4;4:0;4:1;4:2;4:3;4:4,high_corner_x175_prospective_5x5,"train_seed,train_row_group_start,train_length_multiplier",held_out_evaluation_only,Submit GPU jobs to gpumedium; do not use pilot/gpupilot.
fsl_highcorner_x175_source5x5_s301_312_20260713_2115_n0-d1-dep4-md128-it216-x1p00-s305-rg0,source_delta_support_process_control,canonical,4,72,64,128,305,216,113246208,524288,16,2048,40,1,L,fsl-highcorner-x175-source5x5-s301-312-20260713-2115-n0-d1-dep4-md128-it216-x1p00-s305-rg0,0,1,roihu_delta_support_process_control,4,113246208,524288,Fresh measured 5x5 source union for the sealed x175 prospective validation; target-line losses are evaluation-only.,controlled_model_dim_source_prefix_smalln_5x5,4980784.0,4980784.0,0.0,0.162821576719,4,5p_to_3x3_to_4x4_to_5x5_nested,5,1.305337,0,216,113246208,1.0,offline_union_5x5_x175_prospective,0:1,0:0;0:1;0:2;0:3;0:4;1:0;1:1;1:2;1:3;1:4;2:0;2:1;2:2;2:3;2:4;3:0;3:1;3:2;3:3;3:4;4:0;4:1;4:2;4:3;4:4,high_corner_x175_prospective_5x5,"train_seed,train_row_group_start,train_length_multiplier",held_out_evaluation_only,Submit GPU jobs to gpumedium; do not use pilot/gpupilot.
fsl_highcorner_x175_source5x5_s301_312_20260713_2115_n0-d1-dep4-md128-it216-x1p00-s306-rg0,source_delta_support_process_control,canonical,4,72,64,128,306,216,113246208,524288,16,2048,40,1,L,fsl-highcorner-x175-source5x5-s301-312-20260713-2115-n0-d1-dep4-md128-it216-x1p00-s306-rg0,0,1,roihu_delta_support_process_control,4,113246208,524288,Fresh measured 5x5 source union for the sealed x175 prospective validation; target-line losses are evaluation-only.,controlled_model_dim_source_prefix_smalln_5x5,4980784.0,4980784.0,0.0,0.162821576719,4,5p_to_3x3_to_4x4_to_5x5_nested,5,1.305337,0,216,113246208,1.0,offline_union_5x5_x175_prospective,0:1,0:0;0:1;0:2;0:3;0:4;1:0;1:1;1:2;1:3;1:4;2:0;2:1;2:2;2:3;2:4;3:0;3:1;3:2;3:3;3:4;4:0;4:1;4:2;4:3;4:4,high_corner_x175_prospective_5x5,"train_seed,train_row_group_start,train_length_multiplier",held_out_evaluation_only,Submit GPU jobs to gpumedium; do not use pilot/gpupilot.
fsl_highcorner_x175_source5x5_s301_312_20260713_2115_n0-d1-dep4-md128-it216-x1p00-s307-rg0,source_delta_support_process_control,canonical,4,72,64,128,307,216,113246208,524288,16,2048,40,1,L,fsl-highcorner-x175-source5x5-s301-312-20260713-2115-n0-d1-dep4-md128-it216-x1p00-s307-rg0,0,1,roihu_delta_support_process_control,4,113246208,524288,Fresh measured 5x5 source union for the sealed x175 prospective validation; target-line losses are evaluation-only.,controlled_model_dim_source_prefix_smalln_5x5,4980784.0,4980784.0,0.0,0.162821576719,4,5p_to_3x3_to_4x4_to_5x5_nested,5,1.305337,0,216,113246208,1.0,offline_union_5x5_x175_prospective,0:1,0:0;0:1;0:2;0:3;0:4;1:0;1:1;1:2;1:3;1:4;2:0;2:1;2:2;2:3;2:4;3:0;3:1;3:2;3:3;3:4;4:0;4:1;4:2;4:3;4:4,high_corner_x175_prospective_5x5,"train_seed,train_row_group_start,train_length_multiplier",held_out_evaluation_only,Submit GPU jobs to gpumedium; do not use pilot/gpupilot.
fsl_highcorner_x175_source5x5_s301_312_20260713_2115_n0-d1-dep4-md128-it216-x1p00-s308-rg0,source_delta_support_process_control,canonical,4,72,64,128,308,216,113246208,524288,16,2048,40,1,L,fsl-highcorner-x175-source5x5-s301-312-20260713-2115-n0-d1-dep4-md128-it216-x1p00-s308-rg0,0,1,roihu_delta_support_process_control,4,113246208,524288,Fresh measured 5x5 source union for the sealed x175 prospective validation; target-line losses are evaluation-only.,controlled_model_dim_source_prefix_smalln_5x5,4980784.0,4980784.0,0.0,0.162821576719,4,5p_to_3x3_to_4x4_to_5x5_nested,5,1.305337,0,216,113246208,1.0,offline_union_5x5_x175_prospective,0:1,0:0;0:1;0:2;0:3;0:4;1:0;1:1;1:2;1:3;1:4;2:0;2:1;2:2;2:3;2:4;3:0;3:1;3:2;3:3;3:4;4:0;4:1;4:2;4:3;4:4,high_corner_x175_prospective_5x5,"train_seed,train_row_group_start,train_length_multiplier",held_out_evaluation_only,Submit GPU jobs to gpumedium; do not use pilot/gpupilot.
fsl_highcorner_x175_source5x5_s301_312_20260713_2115_n0-d1-dep4-md128-it216-x1p00-s309-rg0,source_delta_support_process_control,canonical,4,72,64,128,309,216,113246208,524288,16,2048,40,1,L,fsl-highcorner-x175-source5x5-s301-312-20260713-2115-n0-d1-dep4-md128-it216-x1p00-s309-rg0,0,1,roihu_delta_support_process_control,4,113246208,524288,Fresh measured 5x5 source union for the sealed x175 prospective validation; target-line losses are evaluation-only.,controlled_model_dim_source_prefix_smalln_5x5,4980784.0,4980784.0,0.0,0.162821576719,4,5p_to_3x3_to_4x4_to_5x5_nested,5,1.305337,0,216,113246208,1.0,offline_union_5x5_x175_prospective,0:1,0:0;0:1;0:2;0:3;0:4;1:0;1:1;1:2;1:3;1:4;2:0;2:1;2:2;2:3;2:4;3:0;3:1;3:2;3:3;3:4;4:0;4:1;4:2;4:3;4:4,high_corner_x175_prospective_5x5,"train_seed,train_row_group_start,train_length_multiplier",held_out_evaluation_only,Submit GPU jobs to gpumedium; do not use pilot/gpupilot.
fsl_highcorner_x175_source5x5_s301_312_20260713_2115_n0-d1-dep4-md128-it216-x1p00-s310-rg0,source_delta_support_process_control,canonical,4,72,64,128,310,216,113246208,524288,16,2048,40,1,L,fsl-highcorner-x175-source5x5-s301-312-20260713-2115-n0-d1-dep4-md128-it216-x1p00-s310-rg0,0,1,roihu_delta_support_process_control,4,113246208,524288,Fresh measured 5x5 source union for the sealed x175 prospective validation; target-line losses are evaluation-only.,controlled_model_dim_source_prefix_smalln_5x5,4980784.0,4980784.0,0.0,0.162821576719,4,5p_to_3x3_to_4x4_to_5x5_nested,5,1.305337,0,216,113246208,1.0,offline_union_5x5_x175_prospective,0:1,0:0;0:1;0:2;0:3;0:4;1:0;1:1;1:2;1:3;1:4;2:0;2:1;2:2;2:3;2:4;3:0;3:1;3:2;3:3;3:4;4:0;4:1;4:2;4:3;4:4,high_corner_x175_prospective_5x5,"train_seed,train_row_group_start,train_length_multiplier",held_out_evaluation_only,Submit GPU jobs to gpumedium; do not use pilot/gpupilot.
fsl_highcorner_x175_source5x5_s301_312_20260713_2115_n0-d1-dep4-md128-it216-x1p00-s311-rg0,source_delta_support_process_control,canonical,4,72,64,128,311,216,113246208,524288,16,2048,40,1,L,fsl-highcorner-x175-source5x5-s301-312-20260713-2115-n0-d1-dep4-md128-it216-x1p00-s311-rg0,0,1,roihu_delta_support_process_control,4,113246208,524288,Fresh measured 5x5 source union for the sealed x175 prospective validation; target-line losses are evaluation-only.,controlled_model_dim_source_prefix_smalln_5x5,4980784.0,4980784.0,0.0,0.162821576719,4,5p_to_3x3_to_4x4_to_5x5_nested,5,1.305337,0,216,113246208,1.0,offline_union_5x5_x175_prospective,0:1,0:0;0:1;0:2;0:3;0:4;1:0;1:1;1:2;1:3;1:4;2:0;2:1;2:2;2:3;2:4;3:0;3:1;3:2;3:3;3:4;4:0;4:1;4:2;4:3;4:4,high_corner_x175_prospective_5x5,"train_seed,train_row_group_start,train_length_multiplier",held_out_evaluation_only,Submit GPU jobs to gpumedium; do not use pilot/gpupilot.
fsl_highcorner_x175_source5x5_s301_312_20260713_2115_n0-d1-dep4-md128-it216-x1p00-s312-rg0,source_delta_support_process_control,canonical,4,72,64,128,312,216,113246208,524288,16,2048,40,1,L,fsl-highcorner-x175-source5x5-s301-312-20260713-2115-n0-d1-dep4-md128-it216-x1p00-s312-rg0,0,1,roihu_delta_support_process_control,4,113246208,524288,Fresh measured 5x5 source union for the sealed x175 prospective validation; target-line losses are evaluation-only.,controlled_model_dim_source_prefix_smalln_5x5,4980784.0,4980784.0,0.0,0.162821576719,4,5p_to_3x3_to_4x4_to_5x5_nested,5,1.305337,0,216,113246208,1.0,offline_union_5x5_x175_prospective,0:1,0:0;0:1;0:2;0:3;0:4;1:0;1:1;1:2;1:3;1:4;2:0;2:1;2:2;2:3;2:4;3:0;3:1;3:2;3:3;3:4;4:0;4:1;4:2;4:3;4:4,high_corner_x175_prospective_5x5,"train_seed,train_row_group_start,train_length_multiplier",held_out_evaluation_only,Submit GPU jobs to gpumedium; do not use pilot/gpupilot.
fsl_highcorner_x175_source5x5_s301_312_20260713_2115_n0-d2-dep4-md128-it324-x1p00-s301-rg0,source_delta_support_process_control,canonical,4,72,64,128,301,324,169869312,524288,16,2048,40,1,L,fsl-highcorner-x175-source5x5-s301-312-20260713-2115-n0-d2-dep4-md128-it324-x1p00-s301-rg0,0,2,roihu_delta_support_process_control,4,169869312,524288,Fresh measured 5x5 source union for the sealed x175 prospective validation; target-line losses are evaluation-only.,controlled_model_dim_source_prefix_smalln_5x5,4980784.0,4980784.0,0.0,0.162821576719,5,5p_to_3x3_to_4x4_to_5x5_nested,5,1.305337,0,324,169869312,1.0,offline_union_5x5_x175_prospective,0:2,0:0;0:1;0:2;0:3;0:4;1:0;1:1;1:2;1:3;1:4;2:0;2:1;2:2;2:3;2:4;3:0;3:1;3:2;3:3;3:4;4:0;4:1;4:2;4:3;4:4,high_corner_x175_prospective_5x5,"train_seed,train_row_group_start,train_length_multiplier",held_out_evaluation_only,Submit GPU jobs to gpumedium; do not use pilot/gpupilot.
fsl_highcorner_x175_source5x5_s301_312_20260713_2115_n0-d2-dep4-md128-it324-x1p00-s302-rg0,source_delta_support_process_control,canonical,4,72,64,128,302,324,169869312,524288,16,2048,40,1,L,fsl-highcorner-x175-source5x5-s301-312-20260713-2115-n0-d2-dep4-md128-it324-x1p00-s302-rg0,0,2,roihu_delta_support_process_control,4,169869312,524288,Fresh measured 5x5 source union for the sealed x175 prospective validation; target-line losses are evaluation-only.,controlled_model_dim_source_prefix_smalln_5x5,4980784.0,4980784.0,0.0,0.162821576719,5,5p_to_3x3_to_4x4_to_5x5_nested,5,1.305337,0,324,169869312,1.0,offline_union_5x5_x175_prospective,0:2,0:0;0:1;0:2;0:3;0:4;1:0;1:1;1:2;1:3;1:4;2:0;2:1;2:2;2:3;2:4;3:0;3:1;3:2;3:3;3:4;4:0;4:1;4:2;4:3;4:4,high_corner_x175_prospective_5x5,"train_seed,train_row_group_start,train_length_multiplier",held_out_evaluation_only,Submit GPU jobs to gpumedium; do not use pilot/gpupilot.
fsl_highcorner_x175_source5x5_s301_312_20260713_2115_n0-d2-dep4-md128-it324-x1p00-s303-rg0,source_delta_support_process_control,canonical,4,72,64,128,303,324,169869312,524288,16,2048,40,1,L,fsl-highcorner-x175-source5x5-s301-312-20260713-2115-n0-d2-dep4-md128-it324-x1p00-s303-rg0,0,2,roihu_delta_support_process_control,4,169869312,524288,Fresh measured 5x5 source union for the sealed x175 prospective validation; target-line losses are evaluation-only.,controlled_model_dim_source_prefix_smalln_5x5,4980784.0,4980784.0,0.0,0.162821576719,5,5p_to_3x3_to_4x4_to_5x5_nested,5,1.305337,0,324,169869312,1.0,offline_union_5x5_x175_prospective,0:2,0:0;0:1;0:2;0:3;0:4;1:0;1:1;1:2;1:3;1:4;2:0;2:1;2:2;2:3;2:4;3:0;3:1;3:2;3:3;3:4;4:0;4:1;4:2;4:3;4:4,high_corner_x175_prospective_5x5,"train_seed,train_row_group_start,train_length_multiplier",held_out_evaluation_only,Submit GPU jobs to gpumedium; do not use pilot/gpupilot.
fsl_highcorner_x175_source5x5_s301_312_20260713_2115_n0-d2-dep4-md128-it324-x1p00-s304-rg0,source_delta_support_process_control,canonical,4,72,64,128,304,324,169869312,524288,16,2048,40,1,L,fsl-highcorner-x175-source5x5-s301-312-20260713-2115-n0-d2-dep4-md128-it324-x1p00-s304-rg0,0,2,roihu_delta_support_process_control,4,169869312,524288,Fresh measured 5x5 source union for the sealed x175 prospective validation; target-line losses are evaluation-only.,controlled_model_dim_source_prefix_smalln_5x5,4980784.0,4980784.0,0.0,0.162821576719,5,5p_to_3x3_to_4x4_to_5x5_nested,5,1.305337,0,324,169869312,1.0,offline_union_5x5_x175_prospective,0:2,0:0;0:1;0:2;0:3;0:4;1:0;1:1;1:2;1:3;1:4;2:0;2:1;2:2;2:3;2:4;3:0;3:1;3:2;3:3;3:4;4:0;4:1;4:2;4:3;4:4,high_corner_x175_prospective_5x5,"train_seed,train_row_group_start,train_length_multiplier",held_out_evaluation_only,Submit GPU jobs to gpumedium; do not use pilot/gpupilot.
fsl_highcorner_x175_source5x5_s301_312_20260713_2115_n0-d2-dep4-md128-it324-x1p00-s305-rg0,source_delta_support_process_control,canonical,4,72,64,128,305,324,169869312,524288,16,2048,40,1,L,fsl-highcorner-x175-source5x5-s301-312-20260713-2115-n0-d2-dep4-md128-it324-x1p00-s305-rg0,0,2,roihu_delta_support_process_control,4,169869312,524288,Fresh measured 5x5 source union for the sealed x175 prospective validation; target-line losses are evaluation-only.,controlled_model_dim_source_prefix_smalln_5x5,4980784.0,4980784.0,0.0,0.162821576719,5,5p_to_3x3_to_4x4_to_5x5_nested,5,1.305337,0,324,169869312,1.0,offline_union_5x5_x175_prospective,0:2,0:0;0:1;0:2;0:3;0:4;1:0;1:1;1:2;1:3;1:4;2:0;2:1;2:2;2:3;2:4;3:0;3:1;3:2;3:3;3:4;4:0;4:1;4:2;4:3;4:4,high_corner_x175_prospective_5x5,"train_seed,train_row_group_start,train_length_multiplier",held_out_evaluation_only,Submit GPU jobs to gpumedium; do not use pilot/gpupilot.
fsl_highcorner_x175_source5x5_s301_312_20260713_2115_n0-d2-dep4-md128-it324-x1p00-s306-rg0,source_delta_support_process_control,canonical,4,72,64,128,306,324,169869312,524288,16,2048,40,1,L,fsl-highcorner-x175-source5x5-s301-312-20260713-2115-n0-d2-dep4-md128-it324-x1p00-s306-rg0,0,2,roihu_delta_support_process_control,4,169869312,524288,Fresh measured 5x5 source union for the sealed x175 prospective validation; target-line losses are evaluation-only.,controlled_model_dim_source_prefix_smalln_5x5,4980784.0,4980784.0,0.0,0.162821576719,5,5p_to_3x3_to_4x4_to_5x5_nested,5,1.305337,0,324,169869312,1.0,offline_union_5x5_x175_prospective,0:2,0:0;0:1;0:2;0:3;0:4;1:0;1:1;1:2;1:3;1:4;2:0;2:1;2:2;2:3;2:4;3:0;3:1;3:2;3:3;3:4;4:0;4:1;4:2;4:3;4:4,high_corner_x175_prospective_5x5,"train_seed,train_row_group_start,train_length_multiplier",held_out_evaluation_only,Submit GPU jobs to gpumedium; do not use pilot/gpupilot.
fsl_highcorner_x175_source5x5_s301_312_20260713_2115_n0-d2-dep4-md128-it324-x1p00-s307-rg0,source_delta_support_process_control,canonical,4,72,64,128,307,324,169869312,524288,16,2048,40,1,L,fsl-highcorner-x175-source5x5-s301-312-20260713-2115-n0-d2-dep4-md128-it324-x1p00-s307-rg0,0,2,roihu_delta_support_process_control,4,169869312,524288,Fresh measured 5x5 source union for the sealed x175 prospective validation; target-line losses are evaluation-only.,controlled_model_dim_source_prefix_smalln_5x5,4980784.0,4980784.0,0.0,0.162821576719,5,5p_to_3x3_to_4x4_to_5x5_nested,5,1.305337,0,324,169869312,1.0,offline_union_5x5_x175_prospective,0:2,0:0;0:1;0:2;0:3;0:4;1:0;1:1;1:2;1:3;1:4;2:0;2:1;2:2;2:3;2:4;3:0;3:1;3:2;3:3;3:4;4:0;4:1;4:2;4:3;4:4,high_corner_x175_prospective_5x5,"train_seed,train_row_group_start,train_length_multiplier",held_out_evaluation_only,Submit GPU jobs to gpumedium; do not use pilot/gpupilot.
fsl_highcorner_x175_source5x5_s301_312_20260713_2115_n0-d2-dep4-md128-it324-x1p00-s308-rg0,source_delta_support_process_control,canonical,4,72,64,128,308,324,169869312,524288,16,2048,40,1,L,fsl-highcorner-x175-source5x5-s301-312-20260713-2115-n0-d2-dep4-md128-it324-x1p00-s308-rg0,0,2,roihu_delta_support_process_control,4,169869312,524288,Fresh measured 5x5 source union for the sealed x175 prospective validation; target-line losses are evaluation-only.,controlled_model_dim_source_prefix_smalln_5x5,4980784.0,4980784.0,0.0,0.162821576719,5,5p_to_3x3_to_4x4_to_5x5_nested,5,1.305337,0,324,169869312,1.0,offline_union_5x5_x175_prospective,0:2,0:0;0:1;0:2;0:3;0:4;1:0;1:1;1:2;1:3;1:4;2:0;2:1;2:2;2:3;2:4;3:0;3:1;3:2;3:3;3:4;4:0;4:1;4:2;4:3;4:4,high_corner_x175_prospective_5x5,"train_seed,train_row_group_start,train_length_multiplier",held_out_evaluation_only,Submit GPU jobs to gpumedium; do not use pilot/gpupilot.
fsl_highcorner_x175_source5x5_s301_312_20260713_2115_n0-d2-dep4-md128-it324-x1p00-s309-rg0,source_delta_support_process_control,canonical,4,72,64,128,309,324,169869312,524288,16,2048,40,1,L,fsl-highcorner-x175-source5x5-s301-312-20260713-2115-n0-d2-dep4-md128-it324-x1p00-s309-rg0,0,2,roihu_delta_support_process_control,4,169869312,524288,Fresh measured 5x5 source union for the sealed x175 prospective validation; target-line losses are evaluation-only.,controlled_model_dim_source_prefix_smalln_5x5,4980784.0,4980784.0,0.0,0.162821576719,5,5p_to_3x3_to_4x4_to_5x5_nested,5,1.305337,0,324,169869312,1.0,offline_union_5x5_x175_prospective,0:2,0:0;0:1;0:2;0:3;0:4;1:0;1:1;1:2;1:3;1:4;2:0;2:1;2:2;2:3;2:4;3:0;3:1;3:2;3:3;3:4;4:0;4:1;4:2;4:3;4:4,high_corner_x175_prospective_5x5,"train_seed,train_row_group_start,train_length_multiplier",held_out_evaluation_only,Submit GPU jobs to gpumedium; do not use pilot/gpupilot.
fsl_highcorner_x175_source5x5_s301_312_20260713_2115_n0-d2-dep4-md128-it324-x1p00-s310-rg0,source_delta_support_process_control,canonical,4,72,64,128,310,324,169869312,524288,16,2048,40,1,L,fsl-highcorner-x175-source5x5-s301-312-20260713-2115-n0-d2-dep4-md128-it324-x1p00-s310-rg0,0,2,roihu_delta_support_process_control,4,169869312,524288,Fresh measured 5x5 source union for the sealed x175 prospective validation; target-line losses are evaluation-only.,controlled_model_dim_source_prefix_smalln_5x5,4980784.0,4980784.0,0.0,0.162821576719,5,5p_to_3x3_to_4x4_to_5x5_nested,5,1.305337,0,324,169869312,1.0,offline_union_5x5_x175_prospective,0:2,0:0;0:1;0:2;0:3;0:4;1:0;1:1;1:2;1:3;1:4;2:0;2:1;2:2;2:3;2:4;3:0;3:1;3:2;3:3;3:4;4:0;4:1;4:2;4:3;4:4,high_corner_x175_prospective_5x5,"train_seed,train_row_group_start,train_length_multiplier",held_out_evaluation_only,Submit GPU jobs to gpumedium; do not use pilot/gpupilot.
fsl_highcorner_x175_source5x5_s301_312_20260713_2115_n0-d2-dep4-md128-it324-x1p00-s311-rg0,source_delta_support_process_control,canonical,4,72,64,128,311,324,169869312,524288,16,2048,40,1,L,fsl-highcorner-x175-source5x5-s301-312-20260713-2115-n0-d2-dep4-md128-it324-x1p00-s311-rg0,0,2,roihu_delta_support_process_control,4,169869312,524288,Fresh measured 5x5 source union for the sealed x175 prospective validation; target-line losses are evaluation-only.,controlled_model_dim_source_prefix_smalln_5x5,4980784.0,4980784.0,0.0,0.162821576719,5,5p_to_3x3_to_4x4_to_5x5_nested,5,1.305337,0,324,169869312,1.0,offline_union_5x5_x175_prospective,0:2,0:0;0:1;0:2;0:3;0:4;1:0;1:1;1:2;1:3;1:4;2:0;2:1;2:2;2:3;2:4;3:0;3:1;3:2;3:3;3:4;4:0;4:1;4:2;4:3;4:4,high_corner_x175_prospective_5x5,"train_seed,train_row_group_start,train_length_multiplier",held_out_evaluation_only,Submit GPU jobs to gpumedium; do not use pilot/gpupilot.
fsl_highcorner_x175_source5x5_s301_312_20260713_2115_n0-d2-dep4-md128-it324-x1p00-s312-rg0,source_delta_support_process_control,canonical,4,72,64,128,312,324,169869312,524288,16,2048,40,1,L,fsl-highcorner-x175-source5x5-s301-312-20260713-2115-n0-d2-dep4-md128-it324-x1p00-s312-rg0,0,2,roihu_delta_support_process_control,4,169869312,524288,Fresh measured 5x5 source union for the sealed x175 prospective validation; target-line losses are evaluation-only.,controlled_model_dim_source_prefix_smalln_5x5,4980784.0,4980784.0,0.0,0.162821576719,5,5p_to_3x3_to_4x4_to_5x5_nested,5,1.305337,0,324,169869312,1.0,offline_union_5x5_x175_prospective,0:2,0:0;0:1;0:2;0:3;0:4;1:0;1:1;1:2;1:3;1:4;2:0;2:1;2:2;2:3;2:4;3:0;3:1;3:2;3:3;3:4;4:0;4:1;4:2;4:3;4:4,high_corner_x175_prospective_5x5,"train_seed,train_row_group_start,train_length_multiplier",held_out_evaluation_only,Submit GPU jobs to gpumedium; do not use pilot/gpupilot.
fsl_highcorner_x175_source5x5_s301_312_20260713_2115_n0-d3-dep4-md128-it486-x1p00-s301-rg0,source_delta_support_process_control,canonical,4,72,64,128,301,486,254803968,524288,16,2048,40,1,L,fsl-highcorner-x175-source5x5-s301-312-20260713-2115-n0-d3-dep4-md128-it486-x1p00-s301-rg0,0,3,roihu_delta_support_process_control,4,254803968,524288,Fresh measured 5x5 source union for the sealed x175 prospective validation; target-line losses are evaluation-only.,controlled_model_dim_source_prefix_smalln_5x5,4980784.0,4980784.0,0.0,0.162821576719,13,5p_to_3x3_to_4x4_to_5x5_nested,16,1.305337,0,486,254803968,1.0,offline_union_5x5_x175_prospective,0:3,0:0;0:1;0:2;0:3;0:4;1:0;1:1;1:2;1:3;1:4;2:0;2:1;2:2;2:3;2:4;3:0;3:1;3:2;3:3;3:4;4:0;4:1;4:2;4:3;4:4,high_corner_x175_prospective_5x5,"train_seed,train_row_group_start,train_length_multiplier",held_out_evaluation_only,Submit GPU jobs to gpumedium; do not use pilot/gpupilot.
fsl_highcorner_x175_source5x5_s301_312_20260713_2115_n0-d3-dep4-md128-it486-x1p00-s302-rg0,source_delta_support_process_control,canonical,4,72,64,128,302,486,254803968,524288,16,2048,40,1,L,fsl-highcorner-x175-source5x5-s301-312-20260713-2115-n0-d3-dep4-md128-it486-x1p00-s302-rg0,0,3,roihu_delta_support_process_control,4,254803968,524288,Fresh measured 5x5 source union for the sealed x175 prospective validation; target-line losses are evaluation-only.,controlled_model_dim_source_prefix_smalln_5x5,4980784.0,4980784.0,0.0,0.162821576719,13,5p_to_3x3_to_4x4_to_5x5_nested,16,1.305337,0,486,254803968,1.0,offline_union_5x5_x175_prospective,0:3,0:0;0:1;0:2;0:3;0:4;1:0;1:1;1:2;1:3;1:4;2:0;2:1;2:2;2:3;2:4;3:0;3:1;3:2;3:3;3:4;4:0;4:1;4:2;4:3;4:4,high_corner_x175_prospective_5x5,"train_seed,train_row_group_start,train_length_multiplier",held_out_evaluation_only,Submit GPU jobs to gpumedium; do not use pilot/gpupilot.
fsl_highcorner_x175_source5x5_s301_312_20260713_2115_n0-d3-dep4-md128-it486-x1p00-s303-rg0,source_delta_support_process_control,canonical,4,72,64,128,303,486,254803968,524288,16,2048,40,1,L,fsl-highcorner-x175-source5x5-s301-312-20260713-2115-n0-d3-dep4-md128-it486-x1p00-s303-rg0,0,3,roihu_delta_support_process_control,4,254803968,524288,Fresh measured 5x5 source union for the sealed x175 prospective validation; target-line losses are evaluation-only.,controlled_model_dim_source_prefix_smalln_5x5,4980784.0,4980784.0,0.0,0.162821576719,13,5p_to_3x3_to_4x4_to_5x5_nested,16,1.305337,0,486,254803968,1.0,offline_union_5x5_x175_prospective,0:3,0:0;0:1;0:2;0:3;0:4;1:0;1:1;1:2;1:3;1:4;2:0;2:1;2:2;2:3;2:4;3:0;3:1;3:2;3:3;3:4;4:0;4:1;4:2;4:3;4:4,high_corner_x175_prospective_5x5,"train_seed,train_row_group_start,train_length_multiplier",held_out_evaluation_only,Submit GPU jobs to gpumedium; do not use pilot/gpupilot.
fsl_highcorner_x175_source5x5_s301_312_20260713_2115_n0-d3-dep4-md128-it486-x1p00-s304-rg0,source_delta_support_process_control,canonical,4,72,64,128,304,486,254803968,524288,16,2048,40,1,L,fsl-highcorner-x175-source5x5-s301-312-20260713-2115-n0-d3-dep4-md128-it486-x1p00-s304-rg0,0,3,roihu_delta_support_process_control,4,254803968,524288,Fresh measured 5x5 source union for the sealed x175 prospective validation; target-line losses are evaluation-only.,controlled_model_dim_source_prefix_smalln_5x5,4980784.0,4980784.0,0.0,0.162821576719,13,5p_to_3x3_to_4x4_to_5x5_nested,16,1.305337,0,486,254803968,1.0,offline_union_5x5_x175_prospective,0:3,0:0;0:1;0:2;0:3;0:4;1:0;1:1;1:2;1:3;1:4;2:0;2:1;2:2;2:3;2:4;3:0;3:1;3:2;3:3;3:4;4:0;4:1;4:2;4:3;4:4,high_corner_x175_prospective_5x5,"train_seed,train_row_group_start,train_length_multiplier",held_out_evaluation_only,Submit GPU jobs to gpumedium; do not use pilot/gpupilot.
fsl_highcorner_x175_source5x5_s301_312_20260713_2115_n0-d3-dep4-md128-it486-x1p00-s305-rg0,source_delta_support_process_control,canonical,4,72,64,128,305,486,254803968,524288,16,2048,40,1,L,fsl-highcorner-x175-source5x5-s301-312-20260713-2115-n0-d3-dep4-md128-it486-x1p00-s305-rg0,0,3,roihu_delta_support_process_control,4,254803968,524288,Fresh measured 5x5 source union for the sealed x175 prospective validation; target-line losses are evaluation-only.,controlled_model_dim_source_prefix_smalln_5x5,4980784.0,4980784.0,0.0,0.162821576719,13,5p_to_3x3_to_4x4_to_5x5_nested,16,1.305337,0,486,254803968,1.0,offline_union_5x5_x175_prospective,0:3,0:0;0:1;0:2;0:3;0:4;1:0;1:1;1:2;1:3;1:4;2:0;2:1;2:2;2:3;2:4;3:0;3:1;3:2;3:3;3:4;4:0;4:1;4:2;4:3;4:4,high_corner_x175_prospective_5x5,"train_seed,train_row_group_start,train_length_multiplier",held_out_evaluation_only,Submit GPU jobs to gpumedium; do not use pilot/gpupilot.
fsl_highcorner_x175_source5x5_s301_312_20260713_2115_n0-d3-dep4-md128-it486-x1p00-s306-rg0,source_delta_support_process_control,canonical,4,72,64,128,306,486,254803968,524288,16,2048,40,1,L,fsl-highcorner-x175-source5x5-s301-312-20260713-2115-n0-d3-dep4-md128-it486-x1p00-s306-rg0,0,3,roihu_delta_support_process_control,4,254803968,524288,Fresh measured 5x5 source union for the sealed x175 prospective validation; target-line losses are evaluation-only.,controlled_model_dim_source_prefix_smalln_5x5,4980784.0,4980784.0,0.0,0.162821576719,13,5p_to_3x3_to_4x4_to_5x5_nested,16,1.305337,0,486,254803968,1.0,offline_union_5x5_x175_prospective,0:3,0:0;0:1;0:2;0:3;0:4;1:0;1:1;1:2;1:3;1:4;2:0;2:1;2:2;2:3;2:4;3:0;3:1;3:2;3:3;3:4;4:0;4:1;4:2;4:3;4:4,high_corner_x175_prospective_5x5,"train_seed,train_row_group_start,train_length_multiplier",held_out_evaluation_only,Submit GPU jobs to gpumedium; do not use pilot/gpupilot.
fsl_highcorner_x175_source5x5_s301_312_20260713_2115_n0-d3-dep4-md128-it486-x1p00-s307-rg0,source_delta_support_process_control,canonical,4,72,64,128,307,486,254803968,524288,16,2048,40,1,L,fsl-highcorner-x175-source5x5-s301-312-20260713-2115-n0-d3-dep4-md128-it486-x1p00-s307-rg0,0,3,roihu_delta_support_process_control,4,254803968,524288,Fresh measured 5x5 source union for the sealed x175 prospective validation; target-line losses are evaluation-only.,controlled_model_dim_source_prefix_smalln_5x5,4980784.0,4980784.0,0.0,0.162821576719,13,5p_to_3x3_to_4x4_to_5x5_nested,16,1.305337,0,486,254803968,1.0,offline_union_5x5_x175_prospective,0:3,0:0;0:1;0:2;0:3;0:4;1:0;1:1;1:2;1:3;1:4;2:0;2:1;2:2;2:3;2:4;3:0;3:1;3:2;3:3;3:4;4:0;4:1;4:2;4:3;4:4,high_corner_x175_prospective_5x5,"train_seed,train_row_group_start,train_length_multiplier",held_out_evaluation_only,Submit GPU jobs to gpumedium; do not use pilot/gpupilot.
fsl_highcorner_x175_source5x5_s301_312_20260713_2115_n0-d3-dep4-md128-it486-x1p00-s308-rg0,source_delta_support_process_control,canonical,4,72,64,128,308,486,254803968,524288,16,2048,40,1,L,fsl-highcorner-x175-source5x5-s301-312-20260713-2115-n0-d3-dep4-md128-it486-x1p00-s308-rg0,0,3,roihu_delta_support_process_control,4,254803968,524288,Fresh measured 5x5 source union for the sealed x175 prospective validation; target-line losses are evaluation-only.,controlled_model_dim_source_prefix_smalln_5x5,4980784.0,4980784.0,0.0,0.162821576719,13,5p_to_3x3_to_4x4_to_5x5_nested,16,1.305337,0,486,254803968,1.0,offline_union_5x5_x175_prospective,0:3,0:0;0:1;0:2;0:3;0:4;1:0;1:1;1:2;1:3;1:4;2:0;2:1;2:2;2:3;2:4;3:0;3:1;3:2;3:3;3:4;4:0;4:1;4:2;4:3;4:4,high_corner_x175_prospective_5x5,"train_seed,train_row_group_start,train_length_multiplier",held_out_evaluation_only,Submit GPU jobs to gpumedium; do not use pilot/gpupilot.
fsl_highcorner_x175_source5x5_s301_312_20260713_2115_n0-d3-dep4-md128-it486-x1p00-s309-rg0,source_delta_support_process_control,canonical,4,72,64,128,309,486,254803968,524288,16,2048,40,1,L,fsl-highcorner-x175-source5x5-s301-312-20260713-2115-n0-d3-dep4-md128-it486-x1p00-s309-rg0,0,3,roihu_delta_support_process_control,4,254803968,524288,Fresh measured 5x5 source union for the sealed x175 prospective validation; target-line losses are evaluation-only.,controlled_model_dim_source_prefix_smalln_5x5,4980784.0,4980784.0,0.0,0.162821576719,13,5p_to_3x3_to_4x4_to_5x5_nested,16,1.305337,0,486,254803968,1.0,offline_union_5x5_x175_prospective,0:3,0:0;0:1;0:2;0:3;0:4;1:0;1:1;1:2;1:3;1:4;2:0;2:1;2:2;2:3;2:4;3:0;3:1;3:2;3:3;3:4;4:0;4:1;4:2;4:3;4:4,high_corner_x175_prospective_5x5,"train_seed,train_row_group_start,train_length_multiplier",held_out_evaluation_only,Submit GPU jobs to gpumedium; do not use pilot/gpupilot.
fsl_highcorner_x175_source5x5_s301_312_20260713_2115_n0-d3-dep4-md128-it486-x1p00-s310-rg0,source_delta_support_process_control,canonical,4,72,64,128,310,486,254803968,524288,16,2048,40,1,L,fsl-highcorner-x175-source5x5-s301-312-20260713-2115-n0-d3-dep4-md128-it486-x1p00-s310-rg0,0,3,roihu_delta_support_process_control,4,254803968,524288,Fresh measured 5x5 source union for the sealed x175 prospective validation; target-line losses are evaluation-only.,controlled_model_dim_source_prefix_smalln_5x5,4980784.0,4980784.0,0.0,0.162821576719,13,5p_to_3x3_to_4x4_to_5x5_nested,16,1.305337,0,486,254803968,1.0,offline_union_5x5_x175_prospective,0:3,0:0;0:1;0:2;0:3;0:4;1:0;1:1;1:2;1:3;1:4;2:0;2:1;2:2;2:3;2:4;3:0;3:1;3:2;3:3;3:4;4:0;4:1;4:2;4:3;4:4,high_corner_x175_prospective_5x5,"train_seed,train_row_group_start,train_length_multiplier",held_out_evaluation_only,Submit GPU jobs to gpumedium; do not use pilot/gpupilot.
fsl_highcorner_x175_source5x5_s301_312_20260713_2115_n0-d3-dep4-md128-it486-x1p00-s311-rg0,source_delta_support_process_control,canonical,4,72,64,128,311,486,254803968,524288,16,2048,40,1,L,fsl-highcorner-x175-source5x5-s301-312-20260713-2115-n0-d3-dep4-md128-it486-x1p00-s311-rg0,0,3,roihu_delta_support_process_control,4,254803968,524288,Fresh measured 5x5 source union for the sealed x175 prospective validation; target-line losses are evaluation-only.,controlled_model_dim_source_prefix_smalln_5x5,4980784.0,4980784.0,0.0,0.162821576719,13,5p_to_3x3_to_4x4_to_5x5_nested,16,1.305337,0,486,254803968,1.0,offline_union_5x5_x175_prospective,0:3,0:0;0:1;0:2;0:3;0:4;1:0;1:1;1:2;1:3;1:4;2:0;2:1;2:2;2:3;2:4;3:0;3:1;3:2;3:3;3:4;4:0;4:1;4:2;4:3;4:4,high_corner_x175_prospective_5x5,"train_seed,train_row_group_start,train_length_multiplier",held_out_evaluation_only,Submit GPU jobs to gpumedium; do not use pilot/gpupilot.
fsl_highcorner_x175_source5x5_s301_312_20260713_2115_n0-d3-dep4-md128-it486-x1p00-s312-rg0,source_delta_support_process_control,canonical,4,72,64,128,312,486,254803968,524288,16,2048,40,1,L,fsl-highcorner-x175-source5x5-s301-312-20260713-2115-n0-d3-dep4-md128-it486-x1p00-s312-rg0,0,3,roihu_delta_support_process_control,4,254803968,524288,Fresh measured 5x5 source union for the sealed x175 prospective validation; target-line losses are evaluation-only.,controlled_model_dim_source_prefix_smalln_5x5,4980784.0,4980784.0,0.0,0.162821576719,13,5p_to_3x3_to_4x4_to_5x5_nested,16,1.305337,0,486,254803968,1.0,offline_union_5x5_x175_prospective,0:3,0:0;0:1;0:2;0:3;0:4;1:0;1:1;1:2;1:3;1:4;2:0;2:1;2:2;2:3;2:4;3:0;3:1;3:2;3:3;3:4;4:0;4:1;4:2;4:3;4:4,high_corner_x175_prospective_5x5,"train_seed,train_row_group_start,train_length_multiplier",held_out_evaluation_only,Submit GPU jobs to gpumedium; do not use pilot/gpupilot.
fsl_highcorner_x175_source5x5_s301_312_20260713_2115_n0-d4-dep4-md128-it729-x1p00-s301-rg0,source_delta_support_process_control,canonical,4,72,64,128,301,729,382205952,524288,16,2048,40,1,L,fsl-highcorner-x175-source5x5-s301-312-20260713-2115-n0-d4-dep4-md128-it729-x1p00-s301-rg0,0,4,roihu_delta_support_process_control,4,382205952,524288,Fresh measured 5x5 source union for the sealed x175 prospective validation; target-line losses are evaluation-only.,controlled_model_dim_source_prefix_smalln_5x5,4980784.0,4980784.0,0.0,0.162821576719,21,5p_to_3x3_to_4x4_to_5x5_nested,25,1.305337,0,729,382205952,1.0,offline_union_5x5_x175_prospective,0:4,0:0;0:1;0:2;0:3;0:4;1:0;1:1;1:2;1:3;1:4;2:0;2:1;2:2;2:3;2:4;3:0;3:1;3:2;3:3;3:4;4:0;4:1;4:2;4:3;4:4,high_corner_x175_prospective_5x5,"train_seed,train_row_group_start,train_length_multiplier",held_out_evaluation_only,Submit GPU jobs to gpumedium; do not use pilot/gpupilot.
fsl_highcorner_x175_source5x5_s301_312_20260713_2115_n0-d4-dep4-md128-it729-x1p00-s302-rg0,source_delta_support_process_control,canonical,4,72,64,128,302,729,382205952,524288,16,2048,40,1,L,fsl-highcorner-x175-source5x5-s301-312-20260713-2115-n0-d4-dep4-md128-it729-x1p00-s302-rg0,0,4,roihu_delta_support_process_control,4,382205952,524288,Fresh measured 5x5 source union for the sealed x175 prospective validation; target-line losses are evaluation-only.,controlled_model_dim_source_prefix_smalln_5x5,4980784.0,4980784.0,0.0,0.162821576719,21,5p_to_3x3_to_4x4_to_5x5_nested,25,1.305337,0,729,382205952,1.0,offline_union_5x5_x175_prospective,0:4,0:0;0:1;0:2;0:3;0:4;1:0;1:1;1:2;1:3;1:4;2:0;2:1;2:2;2:3;2:4;3:0;3:1;3:2;3:3;3:4;4:0;4:1;4:2;4:3;4:4,high_corner_x175_prospective_5x5,"train_seed,train_row_group_start,train_length_multiplier",held_out_evaluation_only,Submit GPU jobs to gpumedium; do not use pilot/gpupilot.
fsl_highcorner_x175_source5x5_s301_312_20260713_2115_n0-d4-dep4-md128-it729-x1p00-s303-rg0,source_delta_support_process_control,canonical,4,72,64,128,303,729,382205952,524288,16,2048,40,1,L,fsl-highcorner-x175-source5x5-s301-312-20260713-2115-n0-d4-dep4-md128-it729-x1p00-s303-rg0,0,4,roihu_delta_support_process_control,4,382205952,524288,Fresh measured 5x5 source union for the sealed x175 prospective validation; target-line losses are evaluation-only.,controlled_model_dim_source_prefix_smalln_5x5,4980784.0,4980784.0,0.0,0.162821576719,21,5p_to_3x3_to_4x4_to_5x5_nested,25,1.305337,0,729,382205952,1.0,offline_union_5x5_x175_prospective,0:4,0:0;0:1;0:2;0:3;0:4;1:0;1:1;1:2;1:3;1:4;2:0;2:1;2:2;2:3;2:4;3:0;3:1;3:2;3:3;3:4;4:0;4:1;4:2;4:3;4:4,high_corner_x175_prospective_5x5,"train_seed,train_row_group_start,train_length_multiplier",held_out_evaluation_only,Submit GPU jobs to gpumedium; do not use pilot/gpupilot.
fsl_highcorner_x175_source5x5_s301_312_20260713_2115_n0-d4-dep4-md128-it729-x1p00-s304-rg0,source_delta_support_process_control,canonical,4,72,64,128,304,729,382205952,524288,16,2048,40,1,L,fsl-highcorner-x175-source5x5-s301-312-20260713-2115-n0-d4-dep4-md128-it729-x1p00-s304-rg0,0,4,roihu_delta_support_process_control,4,382205952,524288,Fresh measured 5x5 source union for the sealed x175 prospective validation; target-line losses are evaluation-only.,controlled_model_dim_source_prefix_smalln_5x5,4980784.0,4980784.0,0.0,0.162821576719,21,5p_to_3x3_to_4x4_to_5x5_nested,25,1.305337,0,729,382205952,1.0,offline_union_5x5_x175_prospective,0:4,0:0;0:1;0:2;0:3;0:4;1:0;1:1;1:2;1:3;1:4;2:0;2:1;2:2;2:3;2:4;3:0;3:1;3:2;3:3;3:4;4:0;4:1;4:2;4:3;4:4,high_corner_x175_prospective_5x5,"train_seed,train_row_group_start,train_length_multiplier",held_out_evaluation_only,Submit GPU jobs to gpumedium; do not use pilot/gpupilot.
fsl_highcorner_x175_source5x5_s301_312_20260713_2115_n0-d4-dep4-md128-it729-x1p00-s305-rg0,source_delta_support_process_control,canonical,4,72,64,128,305,729,382205952,524288,16,2048,40,1,L,fsl-highcorner-x175-source5x5-s301-312-20260713-2115-n0-d4-dep4-md128-it729-x1p00-s305-rg0,0,4,roihu_delta_support_process_control,4,382205952,524288,Fresh measured 5x5 source union for the sealed x175 prospective validation; target-line losses are evaluation-only.,controlled_model_dim_source_prefix_smalln_5x5,4980784.0,4980784.0,0.0,0.162821576719,21,5p_to_3x3_to_4x4_to_5x5_nested,25,1.305337,0,729,382205952,1.0,offline_union_5x5_x175_prospective,0:4,0:0;0:1;0:2;0:3;0:4;1:0;1:1;1:2;1:3;1:4;2:0;2:1;2:2;2:3;2:4;3:0;3:1;3:2;3:3;3:4;4:0;4:1;4:2;4:3;4:4,high_corner_x175_prospective_5x5,"train_seed,train_row_group_start,train_length_multiplier",held_out_evaluation_only,Submit GPU jobs to gpumedium; do not use pilot/gpupilot.
fsl_highcorner_x175_source5x5_s301_312_20260713_2115_n0-d4-dep4-md128-it729-x1p00-s306-rg0,source_delta_support_process_control,canonical,4,72,64,128,306,729,382205952,524288,16,2048,40,1,L,fsl-highcorner-x175-source5x5-s301-312-20260713-2115-n0-d4-dep4-md128-it729-x1p00-s306-rg0,0,4,roihu_delta_support_process_control,4,382205952,524288,Fresh measured 5x5 source union for the sealed x175 prospective validation; target-line losses are evaluation-only.,controlled_model_dim_source_prefix_smalln_5x5,4980784.0,4980784.0,0.0,0.162821576719,21,5p_to_3x3_to_4x4_to_5x5_nested,25,1.305337,0,729,382205952,1.0,offline_union_5x5_x175_prospective,0:4,0:0;0:1;0:2;0:3;0:4;1:0;1:1;1:2;1:3;1:4;2:0;2:1;2:2;2:3;2:4;3:0;3:1;3:2;3:3;3:4;4:0;4:1;4:2;4:3;4:4,high_corner_x175_prospective_5x5,"train_seed,train_row_group_start,train_length_multiplier",held_out_evaluation_only,Submit GPU jobs to gpumedium; do not use pilot/gpupilot.
fsl_highcorner_x175_source5x5_s301_312_20260713_2115_n0-d4-dep4-md128-it729-x1p00-s307-rg0,source_delta_support_process_control,canonical,4,72,64,128,307,729,382205952,524288,16,2048,40,1,L,fsl-highcorner-x175-source5x5-s301-312-20260713-2115-n0-d4-dep4-md128-it729-x1p00-s307-rg0,0,4,roihu_delta_support_process_control,4,382205952,524288,Fresh measured 5x5 source union for the sealed x175 prospective validation; target-line losses are evaluation-only.,controlled_model_dim_source_prefix_smalln_5x5,4980784.0,4980784.0,0.0,0.162821576719,21,5p_to_3x3_to_4x4_to_5x5_nested,25,1.305337,0,729,382205952,1.0,offline_union_5x5_x175_prospective,0:4,0:0;0:1;0:2;0:3;0:4;1:0;1:1;1:2;1:3;1:4;2:0;2:1;2:2;2:3;2:4;3:0;3:1;3:2;3:3;3:4;4:0;4:1;4:2;4:3;4:4,high_corner_x175_prospective_5x5,"train_seed,train_row_group_start,train_length_multiplier",held_out_evaluation_only,Submit GPU jobs to gpumedium; do not use pilot/gpupilot.
fsl_highcorner_x175_source5x5_s301_312_20260713_2115_n0-d4-dep4-md128-it729-x1p00-s308-rg0,source_delta_support_process_control,canonical,4,72,64,128,308,729,382205952,524288,16,2048,40,1,L,fsl-highcorner-x175-source5x5-s301-312-20260713-2115-n0-d4-dep4-md128-it729-x1p00-s308-rg0,0,4,roihu_delta_support_process_control,4,382205952,524288,Fresh measured 5x5 source union for the sealed x175 prospective validation; target-line losses are evaluation-only.,controlled_model_dim_source_prefix_smalln_5x5,4980784.0,4980784.0,0.0,0.162821576719,21,5p_to_3x3_to_4x4_to_5x5_nested,25,1.305337,0,729,382205952,1.0,offline_union_5x5_x175_prospective,0:4,0:0;0:1;0:2;0:3;0:4;1:0;1:1;1:2;1:3;1:4;2:0;2:1;2:2;2:3;2:4;3:0;3:1;3:2;3:3;3:4;4:0;4:1;4:2;4:3;4:4,high_corner_x175_prospective_5x5,"train_seed,train_row_group_start,train_length_multiplier",held_out_evaluation_only,Submit GPU jobs to gpumedium; do not use pilot/gpupilot.
fsl_highcorner_x175_source5x5_s301_312_20260713_2115_n0-d4-dep4-md128-it729-x1p00-s309-rg0,source_delta_support_process_control,canonical,4,72,64,128,309,729,382205952,524288,16,2048,40,1,L,fsl-highcorner-x175-source5x5-s301-312-20260713-2115-n0-d4-dep4-md128-it729-x1p00-s309-rg0,0,4,roihu_delta_support_process_control,4,382205952,524288,Fresh measured 5x5 source union for the sealed x175 prospective validation; target-line losses are evaluation-only.,controlled_model_dim_source_prefix_smalln_5x5,4980784.0,4980784.0,0.0,0.162821576719,21,5p_to_3x3_to_4x4_to_5x5_nested,25,1.305337,0,729,382205952,1.0,offline_union_5x5_x175_prospective,0:4,0:0;0:1;0:2;0:3;0:4;1:0;1:1;1:2;1:3;1:4;2:0;2:1;2:2;2:3;2:4;3:0;3:1;3:2;3:3;3:4;4:0;4:1;4:2;4:3;4:4,high_corner_x175_prospective_5x5,"train_seed,train_row_group_start,train_length_multiplier",held_out_evaluation_only,Submit GPU jobs to gpumedium; do not use pilot/gpupilot.
fsl_highcorner_x175_source5x5_s301_312_20260713_2115_n0-d4-dep4-md128-it729-x1p00-s310-rg0,source_delta_support_process_control,canonical,4,72,64,128,310,729,382205952,524288,16,2048,40,1,L,fsl-highcorner-x175-source5x5-s301-312-20260713-2115-n0-d4-dep4-md128-it729-x1p00-s310-rg0,0,4,roihu_delta_support_process_control,4,382205952,524288,Fresh measured 5x5 source union for the sealed x175 prospective validation; target-line losses are evaluation-only.,controlled_model_dim_source_prefix_smalln_5x5,4980784.0,4980784.0,0.0,0.162821576719,21,5p_to_3x3_to_4x4_to_5x5_nested,25,1.305337,0,729,382205952,1.0,offline_union_5x5_x175_prospective,0:4,0:0;0:1;0:2;0:3;0:4;1:0;1:1;1:2;1:3;1:4;2:0;2:1;2:2;2:3;2:4;3:0;3:1;3:2;3:3;3:4;4:0;4:1;4:2;4:3;4:4,high_corner_x175_prospective_5x5,"train_seed,train_row_group_start,train_length_multiplier",held_out_evaluation_only,Submit GPU jobs to gpumedium; do not use pilot/gpupilot.
fsl_highcorner_x175_source5x5_s301_312_20260713_2115_n0-d4-dep4-md128-it729-x1p00-s311-rg0,source_delta_support_process_control,canonical,4,72,64,128,311,729,382205952,524288,16,2048,40,1,L,fsl-highcorner-x175-source5x5-s301-312-20260713-2115-n0-d4-dep4-md128-it729-x1p00-s311-rg0,0,4,roihu_delta_support_process_control,4,382205952,524288,Fresh measured 5x5 source union for the sealed x175 prospective validation; target-line losses are evaluation-only.,controlled_model_dim_source_prefix_smalln_5x5,4980784.0,4980784.0,0.0,0.162821576719,21,5p_to_3x3_to_4x4_to_5x5_nested,25,1.305337,0,729,382205952,1.0,offline_union_5x5_x175_prospective,0:4,0:0;0:1;0:2;0:3;0:4;1:0;1:1;1:2;1:3;1:4;2:0;2:1;2:2;2:3;2:4;3:0;3:1;3:2;3:3;3:4;4:0;4:1;4:2;4:3;4:4,high_corner_x175_prospective_5x5,"train_seed,train_row_group_start,train_length_multiplier",held_out_evaluation_only,Submit GPU jobs to gpumedium; do not use pilot/gpupilot.
fsl_highcorner_x175_source5x5_s301_312_20260713_2115_n0-d4-dep4-md128-it729-x1p00-s312-rg0,source_delta_support_process_control,canonical,4,72,64,128,312,729,382205952,524288,16,2048,40,1,L,fsl-highcorner-x175-source5x5-s301-312-20260713-2115-n0-d4-dep4-md128-it729-x1p00-s312-rg0,0,4,roihu_delta_support_process_control,4,382205952,524288,Fresh measured 5x5 source union for the sealed x175 prospective validation; target-line losses are evaluation-only.,controlled_model_dim_source_prefix_smalln_5x5,4980784.0,4980784.0,0.0,0.162821576719,21,5p_to_3x3_to_4x4_to_5x5_nested,25,1.305337,0,729,382205952,1.0,offline_union_5x5_x175_prospective,0:4,0:0;0:1;0:2;0:3;0:4;1:0;1:1;1:2;1:3;1:4;2:0;2:1;2:2;2:3;2:4;3:0;3:1;3:2;3:3;3:4;4:0;4:1;4:2;4:3;4:4,high_corner_x175_prospective_5x5,"train_seed,train_row_group_start,train_length_multiplier",held_out_evaluation_only,Submit GPU jobs to gpumedium; do not use pilot/gpupilot.
fsl_highcorner_x175_source5x5_s301_312_20260713_2115_n1-d0-dep4-md192-it144-x1p00-s301-rg0,source_delta_support_process_control,canonical,4,72,64,192,301,144,75497472,524288,16,2048,40,1,L,fsl-highcorner-x175-source5x5-s301-312-20260713-2115-n1-d0-dep4-md192-it144-x1p00-s301-rg0,1,0,roihu_delta_support_process_control,4,75497472,524288,Fresh measured 5x5 source union for the sealed x175 prospective validation; target-line losses are evaluation-only.,controlled_model_dim_source_prefix_smalln_5x5,8061000.0,8061000.0,0.0,0.162821576719,2,5p_to_3x3_to_4x4_to_5x5_nested,5,1.305337,0,144,75497472,1.0,offline_union_5x5_x175_prospective,1:0,0:0;0:1;0:2;0:3;0:4;1:0;1:1;1:2;1:3;1:4;2:0;2:1;2:2;2:3;2:4;3:0;3:1;3:2;3:3;3:4;4:0;4:1;4:2;4:3;4:4,high_corner_x175_prospective_5x5,"train_seed,train_row_group_start,train_length_multiplier",held_out_evaluation_only,Submit GPU jobs to gpumedium; do not use pilot/gpupilot.
fsl_highcorner_x175_source5x5_s301_312_20260713_2115_n1-d0-dep4-md192-it144-x1p00-s302-rg0,source_delta_support_process_control,canonical,4,72,64,192,302,144,75497472,524288,16,2048,40,1,L,fsl-highcorner-x175-source5x5-s301-312-20260713-2115-n1-d0-dep4-md192-it144-x1p00-s302-rg0,1,0,roihu_delta_support_process_control,4,75497472,524288,Fresh measured 5x5 source union for the sealed x175 prospective validation; target-line losses are evaluation-only.,controlled_model_dim_source_prefix_smalln_5x5,8061000.0,8061000.0,0.0,0.162821576719,2,5p_to_3x3_to_4x4_to_5x5_nested,5,1.305337,0,144,75497472,1.0,offline_union_5x5_x175_prospective,1:0,0:0;0:1;0:2;0:3;0:4;1:0;1:1;1:2;1:3;1:4;2:0;2:1;2:2;2:3;2:4;3:0;3:1;3:2;3:3;3:4;4:0;4:1;4:2;4:3;4:4,high_corner_x175_prospective_5x5,"train_seed,train_row_group_start,train_length_multiplier",held_out_evaluation_only,Submit GPU jobs to gpumedium; do not use pilot/gpupilot.
fsl_highcorner_x175_source5x5_s301_312_20260713_2115_n1-d0-dep4-md192-it144-x1p00-s303-rg0,source_delta_support_process_control,canonical,4,72,64,192,303,144,75497472,524288,16,2048,40,1,L,fsl-highcorner-x175-source5x5-s301-312-20260713-2115-n1-d0-dep4-md192-it144-x1p00-s303-rg0,1,0,roihu_delta_support_process_control,4,75497472,524288,Fresh measured 5x5 source union for the sealed x175 prospective validation; target-line losses are evaluation-only.,controlled_model_dim_source_prefix_smalln_5x5,8061000.0,8061000.0,0.0,0.162821576719,2,5p_to_3x3_to_4x4_to_5x5_nested,5,1.305337,0,144,75497472,1.0,offline_union_5x5_x175_prospective,1:0,0:0;0:1;0:2;0:3;0:4;1:0;1:1;1:2;1:3;1:4;2:0;2:1;2:2;2:3;2:4;3:0;3:1;3:2;3:3;3:4;4:0;4:1;4:2;4:3;4:4,high_corner_x175_prospective_5x5,"train_seed,train_row_group_start,train_length_multiplier",held_out_evaluation_only,Submit GPU jobs to gpumedium; do not use pilot/gpupilot.
fsl_highcorner_x175_source5x5_s301_312_20260713_2115_n1-d0-dep4-md192-it144-x1p00-s304-rg0,source_delta_support_process_control,canonical,4,72,64,192,304,144,75497472,524288,16,2048,40,1,L,fsl-highcorner-x175-source5x5-s301-312-20260713-2115-n1-d0-dep4-md192-it144-x1p00-s304-rg0,1,0,roihu_delta_support_process_control,4,75497472,524288,Fresh measured 5x5 source union for the sealed x175 prospective validation; target-line losses are evaluation-only.,controlled_model_dim_source_prefix_smalln_5x5,8061000.0,8061000.0,0.0,0.162821576719,2,5p_to_3x3_to_4x4_to_5x5_nested,5,1.305337,0,144,75497472,1.0,offline_union_5x5_x175_prospective,1:0,0:0;0:1;0:2;0:3;0:4;1:0;1:1;1:2;1:3;1:4;2:0;2:1;2:2;2:3;2:4;3:0;3:1;3:2;3:3;3:4;4:0;4:1;4:2;4:3;4:4,high_corner_x175_prospective_5x5,"train_seed,train_row_group_start,train_length_multiplier",held_out_evaluation_only,Submit GPU jobs to gpumedium; do not use pilot/gpupilot.
fsl_highcorner_x175_source5x5_s301_312_20260713_2115_n1-d0-dep4-md192-it144-x1p00-s305-rg0,source_delta_support_process_control,canonical,4,72,64,192,305,144,75497472,524288,16,2048,40,1,L,fsl-highcorner-x175-source5x5-s301-312-20260713-2115-n1-d0-dep4-md192-it144-x1p00-s305-rg0,1,0,roihu_delta_support_process_control,4,75497472,524288,Fresh measured 5x5 source union for the sealed x175 prospective validation; target-line losses are evaluation-only.,controlled_model_dim_source_prefix_smalln_5x5,8061000.0,8061000.0,0.0,0.162821576719,2,5p_to_3x3_to_4x4_to_5x5_nested,5,1.305337,0,144,75497472,1.0,offline_union_5x5_x175_prospective,1:0,0:0;0:1;0:2;0:3;0:4;1:0;1:1;1:2;1:3;1:4;2:0;2:1;2:2;2:3;2:4;3:0;3:1;3:2;3:3;3:4;4:0;4:1;4:2;4:3;4:4,high_corner_x175_prospective_5x5,"train_seed,train_row_group_start,train_length_multiplier",held_out_evaluation_only,Submit GPU jobs to gpumedium; do not use pilot/gpupilot.
fsl_highcorner_x175_source5x5_s301_312_20260713_2115_n1-d0-dep4-md192-it144-x1p00-s306-rg0,source_delta_support_process_control,canonical,4,72,64,192,306,144,75497472,524288,16,2048,40,1,L,fsl-highcorner-x175-source5x5-s301-312-20260713-2115-n1-d0-dep4-md192-it144-x1p00-s306-rg0,1,0,roihu_delta_support_process_control,4,75497472,524288,Fresh measured 5x5 source union for the sealed x175 prospective validation; target-line losses are evaluation-only.,controlled_model_dim_source_prefix_smalln_5x5,8061000.0,8061000.0,0.0,0.162821576719,2,5p_to_3x3_to_4x4_to_5x5_nested,5,1.305337,0,144,75497472,1.0,offline_union_5x5_x175_prospective,1:0,0:0;0:1;0:2;0:3;0:4;1:0;1:1;1:2;1:3;1:4;2:0;2:1;2:2;2:3;2:4;3:0;3:1;3:2;3:3;3:4;4:0;4:1;4:2;4:3;4:4,high_corner_x175_prospective_5x5,"train_seed,train_row_group_start,train_length_multiplier",held_out_evaluation_only,Submit GPU jobs to gpumedium; do not use pilot/gpupilot.
fsl_highcorner_x175_source5x5_s301_312_20260713_2115_n1-d0-dep4-md192-it144-x1p00-s307-rg0,source_delta_support_process_control,canonical,4,72,64,192,307,144,75497472,524288,16,2048,40,1,L,fsl-highcorner-x175-source5x5-s301-312-20260713-2115-n1-d0-dep4-md192-it144-x1p00-s307-rg0,1,0,roihu_delta_support_process_control,4,75497472,524288,Fresh measured 5x5 source union for the sealed x175 prospective validation; target-line losses are evaluation-only.,controlled_model_dim_source_prefix_smalln_5x5,8061000.0,8061000.0,0.0,0.162821576719,2,5p_to_3x3_to_4x4_to_5x5_nested,5,1.305337,0,144,75497472,1.0,offline_union_5x5_x175_prospective,1:0,0:0;0:1;0:2;0:3;0:4;1:0;1:1;1:2;1:3;1:4;2:0;2:1;2:2;2:3;2:4;3:0;3:1;3:2;3:3;3:4;4:0;4:1;4:2;4:3;4:4,high_corner_x175_prospective_5x5,"train_seed,train_row_group_start,train_length_multiplier",held_out_evaluation_only,Submit GPU jobs to gpumedium; do not use pilot/gpupilot.
fsl_highcorner_x175_source5x5_s301_312_20260713_2115_n1-d0-dep4-md192-it144-x1p00-s308-rg0,source_delta_support_process_control,canonical,4,72,64,192,308,144,75497472,524288,16,2048,40,1,L,fsl-highcorner-x175-source5x5-s301-312-20260713-2115-n1-d0-dep4-md192-it144-x1p00-s308-rg0,1,0,roihu_delta_support_process_control,4,75497472,524288,Fresh measured 5x5 source union for the sealed x175 prospective validation; target-line losses are evaluation-only.,controlled_model_dim_source_prefix_smalln_5x5,8061000.0,8061000.0,0.0,0.162821576719,2,5p_to_3x3_to_4x4_to_5x5_nested,5,1.305337,0,144,75497472,1.0,offline_union_5x5_x175_prospective,1:0,0:0;0:1;0:2;0:3;0:4;1:0;1:1;1:2;1:3;1:4;2:0;2:1;2:2;2:3;2:4;3:0;3:1;3:2;3:3;3:4;4:0;4:1;4:2;4:3;4:4,high_corner_x175_prospective_5x5,"train_seed,train_row_group_start,train_length_multiplier",held_out_evaluation_only,Submit GPU jobs to gpumedium; do not use pilot/gpupilot.
fsl_highcorner_x175_source5x5_s301_312_20260713_2115_n1-d0-dep4-md192-it144-x1p00-s309-rg0,source_delta_support_process_control,canonical,4,72,64,192,309,144,75497472,524288,16,2048,40,1,L,fsl-highcorner-x175-source5x5-s301-312-20260713-2115-n1-d0-dep4-md192-it144-x1p00-s309-rg0,1,0,roihu_delta_support_process_control,4,75497472,524288,Fresh measured 5x5 source union for the sealed x175 prospective validation; target-line losses are evaluation-only.,controlled_model_dim_source_prefix_smalln_5x5,8061000.0,8061000.0,0.0,0.162821576719,2,5p_to_3x3_to_4x4_to_5x5_nested,5,1.305337,0,144,75497472,1.0,offline_union_5x5_x175_prospective,1:0,0:0;0:1;0:2;0:3;0:4;1:0;1:1;1:2;1:3;1:4;2:0;2:1;2:2;2:3;2:4;3:0;3:1;3:2;3:3;3:4;4:0;4:1;4:2;4:3;4:4,high_corner_x175_prospective_5x5,"train_seed,train_row_group_start,train_length_multiplier",held_out_evaluation_only,Submit GPU jobs to gpumedium; do not use pilot/gpupilot.
fsl_highcorner_x175_source5x5_s301_312_20260713_2115_n1-d0-dep4-md192-it144-x1p00-s310-rg0,source_delta_support_process_control,canonical,4,72,64,192,310,144,75497472,524288,16,2048,40,1,L,fsl-highcorner-x175-source5x5-s301-312-20260713-2115-n1-d0-dep4-md192-it144-x1p00-s310-rg0,1,0,roihu_delta_support_process_control,4,75497472,524288,Fresh measured 5x5 source union for the sealed x175 prospective validation; target-line losses are evaluation-only.,controlled_model_dim_source_prefix_smalln_5x5,8061000.0,8061000.0,0.0,0.162821576719,2,5p_to_3x3_to_4x4_to_5x5_nested,5,1.305337,0,144,75497472,1.0,offline_union_5x5_x175_prospective,1:0,0:0;0:1;0:2;0:3;0:4;1:0;1:1;1:2;1:3;1:4;2:0;2:1;2:2;2:3;2:4;3:0;3:1;3:2;3:3;3:4;4:0;4:1;4:2;4:3;4:4,high_corner_x175_prospective_5x5,"train_seed,train_row_group_start,train_length_multiplier",held_out_evaluation_only,Submit GPU jobs to gpumedium; do not use pilot/gpupilot.
fsl_highcorner_x175_source5x5_s301_312_20260713_2115_n1-d0-dep4-md192-it144-x1p00-s311-rg0,source_delta_support_process_control,canonical,4,72,64,192,311,144,75497472,524288,16,2048,40,1,L,fsl-highcorner-x175-source5x5-s301-312-20260713-2115-n1-d0-dep4-md192-it144-x1p00-s311-rg0,1,0,roihu_delta_support_process_control,4,75497472,524288,Fresh measured 5x5 source union for the sealed x175 prospective validation; target-line losses are evaluation-only.,controlled_model_dim_source_prefix_smalln_5x5,8061000.0,8061000.0,0.0,0.162821576719,2,5p_to_3x3_to_4x4_to_5x5_nested,5,1.305337,0,144,75497472,1.0,offline_union_5x5_x175_prospective,1:0,0:0;0:1;0:2;0:3;0:4;1:0;1:1;1:2;1:3;1:4;2:0;2:1;2:2;2:3;2:4;3:0;3:1;3:2;3:3;3:4;4:0;4:1;4:2;4:3;4:4,high_corner_x175_prospective_5x5,"train_seed,train_row_group_start,train_length_multiplier",held_out_evaluation_only,Submit GPU jobs to gpumedium; do not use pilot/gpupilot.
fsl_highcorner_x175_source5x5_s301_312_20260713_2115_n1-d0-dep4-md192-it144-x1p00-s312-rg0,source_delta_support_process_control,canonical,4,72,64,192,312,144,75497472,524288,16,2048,40,1,L,fsl-highcorner-x175-source5x5-s301-312-20260713-2115-n1-d0-dep4-md192-it144-x1p00-s312-rg0,1,0,roihu_delta_support_process_control,4,75497472,524288,Fresh measured 5x5 source union for the sealed x175 prospective validation; target-line losses are evaluation-only.,controlled_model_dim_source_prefix_smalln_5x5,8061000.0,8061000.0,0.0,0.162821576719,2,5p_to_3x3_to_4x4_to_5x5_nested,5,1.305337,0,144,75497472,1.0,offline_union_5x5_x175_prospective,1:0,0:0;0:1;0:2;0:3;0:4;1:0;1:1;1:2;1:3;1:4;2:0;2:1;2:2;2:3;2:4;3:0;3:1;3:2;3:3;3:4;4:0;4:1;4:2;4:3;4:4,high_corner_x175_prospective_5x5,"train_seed,train_row_group_start,train_length_multiplier",held_out_evaluation_only,Submit GPU jobs to gpumedium; do not use pilot/gpupilot.
fsl_highcorner_x175_source5x5_s301_312_20260713_2115_n1-d1-dep4-md192-it216-x1p00-s301-rg0,source_delta_support_process_control,canonical,4,72,64,192,301,216,113246208,524288,16,2048,40,1,L,fsl-highcorner-x175-source5x5-s301-312-20260713-2115-n1-d1-dep4-md192-it216-x1p00-s301-rg0,1,1,roihu_delta_support_process_control,4,113246208,524288,Fresh measured 5x5 source union for the sealed x175 prospective validation; target-line losses are evaluation-only.,controlled_model_dim_source_prefix_smalln_5x5,8061000.0,8061000.0,0.0,0.162821576719,6,5p_to_3x3_to_4x4_to_5x5_nested,9,1.305337,0,216,113246208,1.0,offline_union_5x5_x175_prospective,1:1,0:0;0:1;0:2;0:3;0:4;1:0;1:1;1:2;1:3;1:4;2:0;2:1;2:2;2:3;2:4;3:0;3:1;3:2;3:3;3:4;4:0;4:1;4:2;4:3;4:4,high_corner_x175_prospective_5x5,"train_seed,train_row_group_start,train_length_multiplier",held_out_evaluation_only,Submit GPU jobs to gpumedium; do not use pilot/gpupilot.
fsl_highcorner_x175_source5x5_s301_312_20260713_2115_n1-d1-dep4-md192-it216-x1p00-s302-rg0,source_delta_support_process_control,canonical,4,72,64,192,302,216,113246208,524288,16,2048,40,1,L,fsl-highcorner-x175-source5x5-s301-312-20260713-2115-n1-d1-dep4-md192-it216-x1p00-s302-rg0,1,1,roihu_delta_support_process_control,4,113246208,524288,Fresh measured 5x5 source union for the sealed x175 prospective validation; target-line losses are evaluation-only.,controlled_model_dim_source_prefix_smalln_5x5,8061000.0,8061000.0,0.0,0.162821576719,6,5p_to_3x3_to_4x4_to_5x5_nested,9,1.305337,0,216,113246208,1.0,offline_union_5x5_x175_prospective,1:1,0:0;0:1;0:2;0:3;0:4;1:0;1:1;1:2;1:3;1:4;2:0;2:1;2:2;2:3;2:4;3:0;3:1;3:2;3:3;3:4;4:0;4:1;4:2;4:3;4:4,high_corner_x175_prospective_5x5,"train_seed,train_row_group_start,train_length_multiplier",held_out_evaluation_only,Submit GPU jobs to gpumedium; do not use pilot/gpupilot.
fsl_highcorner_x175_source5x5_s301_312_20260713_2115_n1-d1-dep4-md192-it216-x1p00-s303-rg0,source_delta_support_process_control,canonical,4,72,64,192,303,216,113246208,524288,16,2048,40,1,L,fsl-highcorner-x175-source5x5-s301-312-20260713-2115-n1-d1-dep4-md192-it216-x1p00-s303-rg0,1,1,roihu_delta_support_process_control,4,113246208,524288,Fresh measured 5x5 source union for the sealed x175 prospective validation; target-line losses are evaluation-only.,controlled_model_dim_source_prefix_smalln_5x5,8061000.0,8061000.0,0.0,0.162821576719,6,5p_to_3x3_to_4x4_to_5x5_nested,9,1.305337,0,216,113246208,1.0,offline_union_5x5_x175_prospective,1:1,0:0;0:1;0:2;0:3;0:4;1:0;1:1;1:2;1:3;1:4;2:0;2:1;2:2;2:3;2:4;3:0;3:1;3:2;3:3;3:4;4:0;4:1;4:2;4:3;4:4,high_corner_x175_prospective_5x5,"train_seed,train_row_group_start,train_length_multiplier",held_out_evaluation_only,Submit GPU jobs to gpumedium; do not use pilot/gpupilot.
fsl_highcorner_x175_source5x5_s301_312_20260713_2115_n1-d1-dep4-md192-it216-x1p00-s304-rg0,source_delta_support_process_control,canonical,4,72,64,192,304,216,113246208,524288,16,2048,40,1,L,fsl-highcorner-x175-source5x5-s301-312-20260713-2115-n1-d1-dep4-md192-it216-x1p00-s304-rg0,1,1,roihu_delta_support_process_control,4,113246208,524288,Fresh measured 5x5 source union for the sealed x175 prospective validation; target-line losses are evaluation-only.,controlled_model_dim_source_prefix_smalln_5x5,8061000.0,8061000.0,0.0,0.162821576719,6,5p_to_3x3_to_4x4_to_5x5_nested,9,1.305337,0,216,113246208,1.0,offline_union_5x5_x175_prospective,1:1,0:0;0:1;0:2;0:3;0:4;1:0;1:1;1:2;1:3;1:4;2:0;2:1;2:2;2:3;2:4;3:0;3:1;3:2;3:3;3:4;4:0;4:1;4:2;4:3;4:4,high_corner_x175_prospective_5x5,"train_seed,train_row_group_start,train_length_multiplier",held_out_evaluation_only,Submit GPU jobs to gpumedium; do not use pilot/gpupilot.
fsl_highcorner_x175_source5x5_s301_312_20260713_2115_n1-d1-dep4-md192-it216-x1p00-s305-rg0,source_delta_support_process_control,canonical,4,72,64,192,305,216,113246208,524288,16,2048,40,1,L,fsl-highcorner-x175-source5x5-s301-312-20260713-2115-n1-d1-dep4-md192-it216-x1p00-s305-rg0,1,1,roihu_delta_support_process_control,4,113246208,524288,Fresh measured 5x5 source union for the sealed x175 prospective validation; target-line losses are evaluation-only.,controlled_model_dim_source_prefix_smalln_5x5,8061000.0,8061000.0,0.0,0.162821576719,6,5p_to_3x3_to_4x4_to_5x5_nested,9,1.305337,0,216,113246208,1.0,offline_union_5x5_x175_prospective,1:1,0:0;0:1;0:2;0:3;0:4;1:0;1:1;1:2;1:3;1:4;2:0;2:1;2:2;2:3;2:4;3:0;3:1;3:2;3:3;3:4;4:0;4:1;4:2;4:3;4:4,high_corner_x175_prospective_5x5,"train_seed,train_row_group_start,train_length_multiplier",held_out_evaluation_only,Submit GPU jobs to gpumedium; do not use pilot/gpupilot.
fsl_highcorner_x175_source5x5_s301_312_20260713_2115_n1-d1-dep4-md192-it216-x1p00-s306-rg0,source_delta_support_process_control,canonical,4,72,64,192,306,216,113246208,524288,16,2048,40,1,L,fsl-highcorner-x175-source5x5-s301-312-20260713-2115-n1-d1-dep4-md192-it216-x1p00-s306-rg0,1,1,roihu_delta_support_process_control,4,113246208,524288,Fresh measured 5x5 source union for the sealed x175 prospective validation; target-line losses are evaluation-only.,controlled_model_dim_source_prefix_smalln_5x5,8061000.0,8061000.0,0.0,0.162821576719,6,5p_to_3x3_to_4x4_to_5x5_nested,9,1.305337,0,216,113246208,1.0,offline_union_5x5_x175_prospective,1:1,0:0;0:1;0:2;0:3;0:4;1:0;1:1;1:2;1:3;1:4;2:0;2:1;2:2;2:3;2:4;3:0;3:1;3:2;3:3;3:4;4:0;4:1;4:2;4:3;4:4,high_corner_x175_prospective_5x5,"train_seed,train_row_group_start,train_length_multiplier",held_out_evaluation_only,Submit GPU jobs to gpumedium; do not use pilot/gpupilot.
fsl_highcorner_x175_source5x5_s301_312_20260713_2115_n1-d1-dep4-md192-it216-x1p00-s307-rg0,source_delta_support_process_control,canonical,4,72,64,192,307,216,113246208,524288,16,2048,40,1,L,fsl-highcorner-x175-source5x5-s301-312-20260713-2115-n1-d1-dep4-md192-it216-x1p00-s307-rg0,1,1,roihu_delta_support_process_control,4,113246208,524288,Fresh measured 5x5 source union for the sealed x175 prospective validation; target-line losses are evaluation-only.,controlled_model_dim_source_prefix_smalln_5x5,8061000.0,8061000.0,0.0,0.162821576719,6,5p_to_3x3_to_4x4_to_5x5_nested,9,1.305337,0,216,113246208,1.0,offline_union_5x5_x175_prospective,1:1,0:0;0:1;0:2;0:3;0:4;1:0;1:1;1:2;1:3;1:4;2:0;2:1;2:2;2:3;2:4;3:0;3:1;3:2;3:3;3:4;4:0;4:1;4:2;4:3;4:4,high_corner_x175_prospective_5x5,"train_seed,train_row_group_start,train_length_multiplier",held_out_evaluation_only,Submit GPU jobs to gpumedium; do not use pilot/gpupilot.
fsl_highcorner_x175_source5x5_s301_312_20260713_2115_n1-d1-dep4-md192-it216-x1p00-s308-rg0,source_delta_support_process_control,canonical,4,72,64,192,308,216,113246208,524288,16,2048,40,1,L,fsl-highcorner-x175-source5x5-s301-312-20260713-2115-n1-d1-dep4-md192-it216-x1p00-s308-rg0,1,1,roihu_delta_support_process_control,4,113246208,524288,Fresh measured 5x5 source union for the sealed x175 prospective validation; target-line losses are evaluation-only.,controlled_model_dim_source_prefix_smalln_5x5,8061000.0,8061000.0,0.0,0.162821576719,6,5p_to_3x3_to_4x4_to_5x5_nested,9,1.305337,0,216,113246208,1.0,offline_union_5x5_x175_prospective,1:1,0:0;0:1;0:2;0:3;0:4;1:0;1:1;1:2;1:3;1:4;2:0;2:1;2:2;2:3;2:4;3:0;3:1;3:2;3:3;3:4;4:0;4:1;4:2;4:3;4:4,high_corner_x175_prospective_5x5,"train_seed,train_row_group_start,train_length_multiplier",held_out_evaluation_only,Submit GPU jobs to gpumedium; do not use pilot/gpupilot.
fsl_highcorner_x175_source5x5_s301_312_20260713_2115_n1-d1-dep4-md192-it216-x1p00-s309-rg0,source_delta_support_process_control,canonical,4,72,64,192,309,216,113246208,524288,16,2048,40,1,L,fsl-highcorner-x175-source5x5-s301-312-20260713-2115-n1-d1-dep4-md192-it216-x1p00-s309-rg0,1,1,roihu_delta_support_process_control,4,113246208,524288,Fresh measured 5x5 source union for the sealed x175 prospective validation; target-line losses are evaluation-only.,controlled_model_dim_source_prefix_smalln_5x5,8061000.0,8061000.0,0.0,0.162821576719,6,5p_to_3x3_to_4x4_to_5x5_nested,9,1.305337,0,216,113246208,1.0,offline_union_5x5_x175_prospective,1:1,0:0;0:1;0:2;0:3;0:4;1:0;1:1;1:2;1:3;1:4;2:0;2:1;2:2;2:3;2:4;3:0;3:1;3:2;3:3;3:4;4:0;4:1;4:2;4:3;4:4,high_corner_x175_prospective_5x5,"train_seed,train_row_group_start,train_length_multiplier",held_out_evaluation_only,Submit GPU jobs to gpumedium; do not use pilot/gpupilot.
fsl_highcorner_x175_source5x5_s301_312_20260713_2115_n1-d1-dep4-md192-it216-x1p00-s310-rg0,source_delta_support_process_control,canonical,4,72,64,192,310,216,113246208,524288,16,2048,40,1,L,fsl-highcorner-x175-source5x5-s301-312-20260713-2115-n1-d1-dep4-md192-it216-x1p00-s310-rg0,1,1,roihu_delta_support_process_control,4,113246208,524288,Fresh measured 5x5 source union for the sealed x175 prospective validation; target-line losses are evaluation-only.,controlled_model_dim_source_prefix_smalln_5x5,8061000.0,8061000.0,0.0,0.162821576719,6,5p_to_3x3_to_4x4_to_5x5_nested,9,1.305337,0,216,113246208,1.0,offline_union_5x5_x175_prospective,1:1,0:0;0:1;0:2;0:3;0:4;1:0;1:1;1:2;1:3;1:4;2:0;2:1;2:2;2:3;2:4;3:0;3:1;3:2;3:3;3:4;4:0;4:1;4:2;4:3;4:4,high_corner_x175_prospective_5x5,"train_seed,train_row_group_start,train_length_multiplier",held_out_evaluation_only,Submit GPU jobs to gpumedium; do not use pilot/gpupilot.
fsl_highcorner_x175_source5x5_s301_312_20260713_2115_n1-d1-dep4-md192-it216-x1p00-s311-rg0,source_delta_support_process_control,canonical,4,72,64,192,311,216,113246208,524288,16,2048,40,1,L,fsl-highcorner-x175-source5x5-s301-312-20260713-2115-n1-d1-dep4-md192-it216-x1p00-s311-rg0,1,1,roihu_delta_support_process_control,4,113246208,524288,Fresh measured 5x5 source union for the sealed x175 prospective validation; target-line losses are evaluation-only.,controlled_model_dim_source_prefix_smalln_5x5,8061000.0,8061000.0,0.0,0.162821576719,6,5p_to_3x3_to_4x4_to_5x5_nested,9,1.305337,0,216,113246208,1.0,offline_union_5x5_x175_prospective,1:1,0:0;0:1;0:2;0:3;0:4;1:0;1:1;1:2;1:3;1:4;2:0;2:1;2:2;2:3;2:4;3:0;3:1;3:2;3:3;3:4;4:0;4:1;4:2;4:3;4:4,high_corner_x175_prospective_5x5,"train_seed,train_row_group_start,train_length_multiplier",held_out_evaluation_only,Submit GPU jobs to gpumedium; do not use pilot/gpupilot.
fsl_highcorner_x175_source5x5_s301_312_20260713_2115_n1-d1-dep4-md192-it216-x1p00-s312-rg0,source_delta_support_process_control,canonical,4,72,64,192,312,216,113246208,524288,16,2048,40,1,L,fsl-highcorner-x175-source5x5-s301-312-20260713-2115-n1-d1-dep4-md192-it216-x1p00-s312-rg0,1,1,roihu_delta_support_process_control,4,113246208,524288,Fresh measured 5x5 source union for the sealed x175 prospective validation; target-line losses are evaluation-only.,controlled_model_dim_source_prefix_smalln_5x5,8061000.0,8061000.0,0.0,0.162821576719,6,5p_to_3x3_to_4x4_to_5x5_nested,9,1.305337,0,216,113246208,1.0,offline_union_5x5_x175_prospective,1:1,0:0;0:1;0:2;0:3;0:4;1:0;1:1;1:2;1:3;1:4;2:0;2:1;2:2;2:3;2:4;3:0;3:1;3:2;3:3;3:4;4:0;4:1;4:2;4:3;4:4,high_corner_x175_prospective_5x5,"train_seed,train_row_group_start,train_length_multiplier",held_out_evaluation_only,Submit GPU jobs to gpumedium; do not use pilot/gpupilot.
fsl_highcorner_x175_source5x5_s301_312_20260713_2115_n1-d2-dep4-md192-it324-x1p00-s301-rg0,source_delta_support_process_control,canonical,4,72,64,192,301,324,169869312,524288,16,2048,40,1,L,fsl-highcorner-x175-source5x5-s301-312-20260713-2115-n1-d2-dep4-md192-it324-x1p00-s301-rg0,1,2,roihu_delta_support_process_control,4,169869312,524288,Fresh measured 5x5 source union for the sealed x175 prospective validation; target-line losses are evaluation-only.,controlled_model_dim_source_prefix_smalln_5x5,8061000.0,8061000.0,0.0,0.162821576719,7,5p_to_3x3_to_4x4_to_5x5_nested,9,1.305337,0,324,169869312,1.0,offline_union_5x5_x175_prospective,1:2,0:0;0:1;0:2;0:3;0:4;1:0;1:1;1:2;1:3;1:4;2:0;2:1;2:2;2:3;2:4;3:0;3:1;3:2;3:3;3:4;4:0;4:1;4:2;4:3;4:4,high_corner_x175_prospective_5x5,"train_seed,train_row_group_start,train_length_multiplier",held_out_evaluation_only,Submit GPU jobs to gpumedium; do not use pilot/gpupilot.
fsl_highcorner_x175_source5x5_s301_312_20260713_2115_n1-d2-dep4-md192-it324-x1p00-s302-rg0,source_delta_support_process_control,canonical,4,72,64,192,302,324,169869312,524288,16,2048,40,1,L,fsl-highcorner-x175-source5x5-s301-312-20260713-2115-n1-d2-dep4-md192-it324-x1p00-s302-rg0,1,2,roihu_delta_support_process_control,4,169869312,524288,Fresh measured 5x5 source union for the sealed x175 prospective validation; target-line losses are evaluation-only.,controlled_model_dim_source_prefix_smalln_5x5,8061000.0,8061000.0,0.0,0.162821576719,7,5p_to_3x3_to_4x4_to_5x5_nested,9,1.305337,0,324,169869312,1.0,offline_union_5x5_x175_prospective,1:2,0:0;0:1;0:2;0:3;0:4;1:0;1:1;1:2;1:3;1:4;2:0;2:1;2:2;2:3;2:4;3:0;3:1;3:2;3:3;3:4;4:0;4:1;4:2;4:3;4:4,high_corner_x175_prospective_5x5,"train_seed,train_row_group_start,train_length_multiplier",held_out_evaluation_only,Submit GPU jobs to gpumedium; do not use pilot/gpupilot.
fsl_highcorner_x175_source5x5_s301_312_20260713_2115_n1-d2-dep4-md192-it324-x1p00-s303-rg0,source_delta_support_process_control,canonical,4,72,64,192,303,324,169869312,524288,16,2048,40,1,L,fsl-highcorner-x175-source5x5-s301-312-20260713-2115-n1-d2-dep4-md192-it324-x1p00-s303-rg0,1,2,roihu_delta_support_process_control,4,169869312,524288,Fresh measured 5x5 source union for the sealed x175 prospective validation; target-line losses are evaluation-only.,controlled_model_dim_source_prefix_smalln_5x5,8061000.0,8061000.0,0.0,0.162821576719,7,5p_to_3x3_to_4x4_to_5x5_nested,9,1.305337,0,324,169869312,1.0,offline_union_5x5_x175_prospective,1:2,0:0;0:1;0:2;0:3;0:4;1:0;1:1;1:2;1:3;1:4;2:0;2:1;2:2;2:3;2:4;3:0;3:1;3:2;3:3;3:4;4:0;4:1;4:2;4:3;4:4,high_corner_x175_prospective_5x5,"train_seed,train_row_group_start,train_length_multiplier",held_out_evaluation_only,Submit GPU jobs to gpumedium; do not use pilot/gpupilot.
fsl_highcorner_x175_source5x5_s301_312_20260713_2115_n1-d2-dep4-md192-it324-x1p00-s304-rg0,source_delta_support_process_control,canonical,4,72,64,192,304,324,169869312,524288,16,2048,40,1,L,fsl-highcorner-x175-source5x5-s301-312-20260713-2115-n1-d2-dep4-md192-it324-x1p00-s304-rg0,1,2,roihu_delta_support_process_control,4,169869312,524288,Fresh measured 5x5 source union for the sealed x175 prospective validation; target-line losses are evaluation-only.,controlled_model_dim_source_prefix_smalln_5x5,8061000.0,8061000.0,0.0,0.162821576719,7,5p_to_3x3_to_4x4_to_5x5_nested,9,1.305337,0,324,169869312,1.0,offline_union_5x5_x175_prospective,1:2,0:0;0:1;0:2;0:3;0:4;1:0;1:1;1:2;1:3;1:4;2:0;2:1;2:2;2:3;2:4;3:0;3:1;3:2;3:3;3:4;4:0;4:1;4:2;4:3;4:4,high_corner_x175_prospective_5x5,"train_seed,train_row_group_start,train_length_multiplier",held_out_evaluation_only,Submit GPU jobs to gpumedium; do not use pilot/gpupilot.
fsl_highcorner_x175_source5x5_s301_312_20260713_2115_n1-d2-dep4-md192-it324-x1p00-s305-rg0,source_delta_support_process_control,canonical,4,72,64,192,305,324,169869312,524288,16,2048,40,1,L,fsl-highcorner-x175-source5x5-s301-312-20260713-2115-n1-d2-dep4-md192-it324-x1p00-s305-rg0,1,2,roihu_delta_support_process_control,4,169869312,524288,Fresh measured 5x5 source union for the sealed x175 prospective validation; target-line losses are evaluation-only.,controlled_model_dim_source_prefix_smalln_5x5,8061000.0,8061000.0,0.0,0.162821576719,7,5p_to_3x3_to_4x4_to_5x5_nested,9,1.305337,0,324,169869312,1.0,offline_union_5x5_x175_prospective,1:2,0:0;0:1;0:2;0:3;0:4;1:0;1:1;1:2;1:3;1:4;2:0;2:1;2:2;2:3;2:4;3:0;3:1;3:2;3:3;3:4;4:0;4:1;4:2;4:3;4:4,high_corner_x175_prospective_5x5,"train_seed,train_row_group_start,train_length_multiplier",held_out_evaluation_only,Submit GPU jobs to gpumedium; do not use pilot/gpupilot.
fsl_highcorner_x175_source5x5_s301_312_20260713_2115_n1-d2-dep4-md192-it324-x1p00-s306-rg0,source_delta_support_process_control,canonical,4,72,64,192,306,324,169869312,524288,16,2048,40,1,L,fsl-highcorner-x175-source5x5-s301-312-20260713-2115-n1-d2-dep4-md192-it324-x1p00-s306-rg0,1,2,roihu_delta_support_process_control,4,169869312,524288,Fresh measured 5x5 source union for the sealed x175 prospective validation; target-line losses are evaluation-only.,controlled_model_dim_source_prefix_smalln_5x5,8061000.0,8061000.0,0.0,0.162821576719,7,5p_to_3x3_to_4x4_to_5x5_nested,9,1.305337,0,324,169869312,1.0,offline_union_5x5_x175_prospective,1:2,0:0;0:1;0:2;0:3;0:4;1:0;1:1;1:2;1:3;1:4;2:0;2:1;2:2;2:3;2:4;3:0;3:1;3:2;3:3;3:4;4:0;4:1;4:2;4:3;4:4,high_corner_x175_prospective_5x5,"train_seed,train_row_group_start,train_length_multiplier",held_out_evaluation_only,Submit GPU jobs to gpumedium; do not use pilot/gpupilot.
fsl_highcorner_x175_source5x5_s301_312_20260713_2115_n1-d2-dep4-md192-it324-x1p00-s307-rg0,source_delta_support_process_control,canonical,4,72,64,192,307,324,169869312,524288,16,2048,40,1,L,fsl-highcorner-x175-source5x5-s301-312-20260713-2115-n1-d2-dep4-md192-it324-x1p00-s307-rg0,1,2,roihu_delta_support_process_control,4,169869312,524288,Fresh measured 5x5 source union for the sealed x175 prospective validation; target-line losses are evaluation-only.,controlled_model_dim_source_prefix_smalln_5x5,8061000.0,8061000.0,0.0,0.162821576719,7,5p_to_3x3_to_4x4_to_5x5_nested,9,1.305337,0,324,169869312,1.0,offline_union_5x5_x175_prospective,1:2,0:0;0:1;0:2;0:3;0:4;1:0;1:1;1:2;1:3;1:4;2:0;2:1;2:2;2:3;2:4;3:0;3:1;3:2;3:3;3:4;4:0;4:1;4:2;4:3;4:4,high_corner_x175_prospective_5x5,"train_seed,train_row_group_start,train_length_multiplier",held_out_evaluation_only,Submit GPU jobs to gpumedium; do not use pilot/gpupilot.
fsl_highcorner_x175_source5x5_s301_312_20260713_2115_n1-d2-dep4-md192-it324-x1p00-s308-rg0,source_delta_support_process_control,canonical,4,72,64,192,308,324,169869312,524288,16,2048,40,1,L,fsl-highcorner-x175-source5x5-s301-312-20260713-2115-n1-d2-dep4-md192-it324-x1p00-s308-rg0,1,2,roihu_delta_support_process_control,4,169869312,524288,Fresh measured 5x5 source union for the sealed x175 prospective validation; target-line losses are evaluation-only.,controlled_model_dim_source_prefix_smalln_5x5,8061000.0,8061000.0,0.0,0.162821576719,7,5p_to_3x3_to_4x4_to_5x5_nested,9,1.305337,0,324,169869312,1.0,offline_union_5x5_x175_prospective,1:2,0:0;0:1;0:2;0:3;0:4;1:0;1:1;1:2;1:3;1:4;2:0;2:1;2:2;2:3;2:4;3:0;3:1;3:2;3:3;3:4;4:0;4:1;4:2;4:3;4:4,high_corner_x175_prospective_5x5,"train_seed,train_row_group_start,train_length_multiplier",held_out_evaluation_only,Submit GPU jobs to gpumedium; do not use pilot/gpupilot.
fsl_highcorner_x175_source5x5_s301_312_20260713_2115_n1-d2-dep4-md192-it324-x1p00-s309-rg0,source_delta_support_process_control,canonical,4,72,64,192,309,324,169869312,524288,16,2048,40,1,L,fsl-highcorner-x175-source5x5-s301-312-20260713-2115-n1-d2-dep4-md192-it324-x1p00-s309-rg0,1,2,roihu_delta_support_process_control,4,169869312,524288,Fresh measured 5x5 source union for the sealed x175 prospective validation; target-line losses are evaluation-only.,controlled_model_dim_source_prefix_smalln_5x5,8061000.0,8061000.0,0.0,0.162821576719,7,5p_to_3x3_to_4x4_to_5x5_nested,9,1.305337,0,324,169869312,1.0,offline_union_5x5_x175_prospective,1:2,0:0;0:1;0:2;0:3;0:4;1:0;1:1;1:2;1:3;1:4;2:0;2:1;2:2;2:3;2:4;3:0;3:1;3:2;3:3;3:4;4:0;4:1;4:2;4:3;4:4,high_corner_x175_prospective_5x5,"train_seed,train_row_group_start,train_length_multiplier",held_out_evaluation_only,Submit GPU jobs to gpumedium; do not use pilot/gpupilot.
fsl_highcorner_x175_source5x5_s301_312_20260713_2115_n1-d2-dep4-md192-it324-x1p00-s310-rg0,source_delta_support_process_control,canonical,4,72,64,192,310,324,169869312,524288,16,2048,40,1,L,fsl-highcorner-x175-source5x5-s301-312-20260713-2115-n1-d2-dep4-md192-it324-x1p00-s310-rg0,1,2,roihu_delta_support_process_control,4,169869312,524288,Fresh measured 5x5 source union for the sealed x175 prospective validation; target-line losses are evaluation-only.,controlled_model_dim_source_prefix_smalln_5x5,8061000.0,8061000.0,0.0,0.162821576719,7,5p_to_3x3_to_4x4_to_5x5_nested,9,1.305337,0,324,169869312,1.0,offline_union_5x5_x175_prospective,1:2,0:0;0:1;0:2;0:3;0:4;1:0;1:1;1:2;1:3;1:4;2:0;2:1;2:2;2:3;2:4;3:0;3:1;3:2;3:3;3:4;4:0;4:1;4:2;4:3;4:4,high_corner_x175_prospective_5x5,"train_seed,train_row_group_start,train_length_multiplier",held_out_evaluation_only,Submit GPU jobs to gpumedium; do not use pilot/gpupilot.
fsl_highcorner_x175_source5x5_s301_312_20260713_2115_n1-d2-dep4-md192-it324-x1p00-s311-rg0,source_delta_support_process_control,canonical,4,72,64,192,311,324,169869312,524288,16,2048,40,1,L,fsl-highcorner-x175-source5x5-s301-312-20260713-2115-n1-d2-dep4-md192-it324-x1p00-s311-rg0,1,2,roihu_delta_support_process_control,4,169869312,524288,Fresh measured 5x5 source union for the sealed x175 prospective validation; target-line losses are evaluation-only.,controlled_model_dim_source_prefix_smalln_5x5,8061000.0,8061000.0,0.0,0.162821576719,7,5p_to_3x3_to_4x4_to_5x5_nested,9,1.305337,0,324,169869312,1.0,offline_union_5x5_x175_prospective,1:2,0:0;0:1;0:2;0:3;0:4;1:0;1:1;1:2;1:3;1:4;2:0;2:1;2:2;2:3;2:4;3:0;3:1;3:2;3:3;3:4;4:0;4:1;4:2;4:3;4:4,high_corner_x175_prospective_5x5,"train_seed,train_row_group_start,train_length_multiplier",held_out_evaluation_only,Submit GPU jobs to gpumedium; do not use pilot/gpupilot.
fsl_highcorner_x175_source5x5_s301_312_20260713_2115_n1-d2-dep4-md192-it324-x1p00-s312-rg0,source_delta_support_process_control,canonical,4,72,64,192,312,324,169869312,524288,16,2048,40,1,L,fsl-highcorner-x175-source5x5-s301-312-20260713-2115-n1-d2-dep4-md192-it324-x1p00-s312-rg0,1,2,roihu_delta_support_process_control,4,169869312,524288,Fresh measured 5x5 source union for the sealed x175 prospective validation; target-line losses are evaluation-only.,controlled_model_dim_source_prefix_smalln_5x5,8061000.0,8061000.0,0.0,0.162821576719,7,5p_to_3x3_to_4x4_to_5x5_nested,9,1.305337,0,324,169869312,1.0,offline_union_5x5_x175_prospective,1:2,0:0;0:1;0:2;0:3;0:4;1:0;1:1;1:2;1:3;1:4;2:0;2:1;2:2;2:3;2:4;3:0;3:1;3:2;3:3;3:4;4:0;4:1;4:2;4:3;4:4,high_corner_x175_prospective_5x5,"train_seed,train_row_group_start,train_length_multiplier",held_out_evaluation_only,Submit GPU jobs to gpumedium; do not use pilot/gpupilot.
fsl_highcorner_x175_source5x5_s301_312_20260713_2115_n1-d3-dep4-md192-it486-x1p00-s301-rg0,source_delta_support_process_control,canonical,4,72,64,192,301,486,254803968,524288,16,2048,40,1,L,fsl-highcorner-x175-source5x5-s301-312-20260713-2115-n1-d3-dep4-md192-it486-x1p00-s301-rg0,1,3,roihu_delta_support_process_control,4,254803968,524288,Fresh measured 5x5 source union for the sealed x175 prospective validation; target-line losses are evaluation-only.,controlled_model_dim_source_prefix_smalln_5x5,8061000.0,8061000.0,0.0,0.162821576719,14,5p_to_3x3_to_4x4_to_5x5_nested,16,1.305337,0,486,254803968,1.0,offline_union_5x5_x175_prospective,1:3,0:0;0:1;0:2;0:3;0:4;1:0;1:1;1:2;1:3;1:4;2:0;2:1;2:2;2:3;2:4;3:0;3:1;3:2;3:3;3:4;4:0;4:1;4:2;4:3;4:4,high_corner_x175_prospective_5x5,"train_seed,train_row_group_start,train_length_multiplier",held_out_evaluation_only,Submit GPU jobs to gpumedium; do not use pilot/gpupilot.
fsl_highcorner_x175_source5x5_s301_312_20260713_2115_n1-d3-dep4-md192-it486-x1p00-s302-rg0,source_delta_support_process_control,canonical,4,72,64,192,302,486,254803968,524288,16,2048,40,1,L,fsl-highcorner-x175-source5x5-s301-312-20260713-2115-n1-d3-dep4-md192-it486-x1p00-s302-rg0,1,3,roihu_delta_support_process_control,4,254803968,524288,Fresh measured 5x5 source union for the sealed x175 prospective validation; target-line losses are evaluation-only.,controlled_model_dim_source_prefix_smalln_5x5,8061000.0,8061000.0,0.0,0.162821576719,14,5p_to_3x3_to_4x4_to_5x5_nested,16,1.305337,0,486,254803968,1.0,offline_union_5x5_x175_prospective,1:3,0:0;0:1;0:2;0:3;0:4;1:0;1:1;1:2;1:3;1:4;2:0;2:1;2:2;2:3;2:4;3:0;3:1;3:2;3:3;3:4;4:0;4:1;4:2;4:3;4:4,high_corner_x175_prospective_5x5,"train_seed,train_row_group_start,train_length_multiplier",held_out_evaluation_only,Submit GPU jobs to gpumedium; do not use pilot/gpupilot.
fsl_highcorner_x175_source5x5_s301_312_20260713_2115_n1-d3-dep4-md192-it486-x1p00-s303-rg0,source_delta_support_process_control,canonical,4,72,64,192,303,486,254803968,524288,16,2048,40,1,L,fsl-highcorner-x175-source5x5-s301-312-20260713-2115-n1-d3-dep4-md192-it486-x1p00-s303-rg0,1,3,roihu_delta_support_process_control,4,254803968,524288,Fresh measured 5x5 source union for the sealed x175 prospective validation; target-line losses are evaluation-only.,controlled_model_dim_source_prefix_smalln_5x5,8061000.0,8061000.0,0.0,0.162821576719,14,5p_to_3x3_to_4x4_to_5x5_nested,16,1.305337,0,486,254803968,1.0,offline_union_5x5_x175_prospective,1:3,0:0;0:1;0:2;0:3;0:4;1:0;1:1;1:2;1:3;1:4;2:0;2:1;2:2;2:3;2:4;3:0;3:1;3:2;3:3;3:4;4:0;4:1;4:2;4:3;4:4,high_corner_x175_prospective_5x5,"train_seed,train_row_group_start,train_length_multiplier",held_out_evaluation_only,Submit GPU jobs to gpumedium; do not use pilot/gpupilot.
fsl_highcorner_x175_source5x5_s301_312_20260713_2115_n1-d3-dep4-md192-it486-x1p00-s304-rg0,source_delta_support_process_control,canonical,4,72,64,192,304,486,254803968,524288,16,2048,40,1,L,fsl-highcorner-x175-source5x5-s301-312-20260713-2115-n1-d3-dep4-md192-it486-x1p00-s304-rg0,1,3,roihu_delta_support_process_control,4,254803968,524288,Fresh measured 5x5 source union for the sealed x175 prospective validation; target-line losses are evaluation-only.,controlled_model_dim_source_prefix_smalln_5x5,8061000.0,8061000.0,0.0,0.162821576719,14,5p_to_3x3_to_4x4_to_5x5_nested,16,1.305337,0,486,254803968,1.0,offline_union_5x5_x175_prospective,1:3,0:0;0:1;0:2;0:3;0:4;1:0;1:1;1:2;1:3;1:4;2:0;2:1;2:2;2:3;2:4;3:0;3:1;3:2;3:3;3:4;4:0;4:1;4:2;4:3;4:4,high_corner_x175_prospective_5x5,"train_seed,train_row_group_start,train_length_multiplier",held_out_evaluation_only,Submit GPU jobs to gpumedium; do not use pilot/gpupilot.
fsl_highcorner_x175_source5x5_s301_312_20260713_2115_n1-d3-dep4-md192-it486-x1p00-s305-rg0,source_delta_support_process_control,canonical,4,72,64,192,305,486,254803968,524288,16,2048,40,1,L,fsl-highcorner-x175-source5x5-s301-312-20260713-2115-n1-d3-dep4-md192-it486-x1p00-s305-rg0,1,3,roihu_delta_support_process_control,4,254803968,524288,Fresh measured 5x5 source union for the sealed x175 prospective validation; target-line losses are evaluation-only.,controlled_model_dim_source_prefix_smalln_5x5,8061000.0,8061000.0,0.0,0.162821576719,14,5p_to_3x3_to_4x4_to_5x5_nested,16,1.305337,0,486,254803968,1.0,offline_union_5x5_x175_prospective,1:3,0:0;0:1;0:2;0:3;0:4;1:0;1:1;1:2;1:3;1:4;2:0;2:1;2:2;2:3;2:4;3:0;3:1;3:2;3:3;3:4;4:0;4:1;4:2;4:3;4:4,high_corner_x175_prospective_5x5,"train_seed,train_row_group_start,train_length_multiplier",held_out_evaluation_only,Submit GPU jobs to gpumedium; do not use pilot/gpupilot.
fsl_highcorner_x175_source5x5_s301_312_20260713_2115_n1-d3-dep4-md192-it486-x1p00-s306-rg0,source_delta_support_process_control,canonical,4,72,64,192,306,486,254803968,524288,16,2048,40,1,L,fsl-highcorner-x175-source5x5-s301-312-20260713-2115-n1-d3-dep4-md192-it486-x1p00-s306-rg0,1,3,roihu_delta_support_process_control,4,254803968,524288,Fresh measured 5x5 source union for the sealed x175 prospective validation; target-line losses are evaluation-only.,controlled_model_dim_source_prefix_smalln_5x5,8061000.0,8061000.0,0.0,0.162821576719,14,5p_to_3x3_to_4x4_to_5x5_nested,16,1.305337,0,486,254803968,1.0,offline_union_5x5_x175_prospective,1:3,0:0;0:1;0:2;0:3;0:4;1:0;1:1;1:2;1:3;1:4;2:0;2:1;2:2;2:3;2:4;3:0;3:1;3:2;3:3;3:4;4:0;4:1;4:2;4:3;4:4,high_corner_x175_prospective_5x5,"train_seed,train_row_group_start,train_length_multiplier",held_out_evaluation_only,Submit GPU jobs to gpumedium; do not use pilot/gpupilot.
fsl_highcorner_x175_source5x5_s301_312_20260713_2115_n1-d3-dep4-md192-it486-x1p00-s307-rg0,source_delta_support_process_control,canonical,4,72,64,192,307,486,254803968,524288,16,2048,40,1,L,fsl-highcorner-x175-source5x5-s301-312-20260713-2115-n1-d3-dep4-md192-it486-x1p00-s307-rg0,1,3,roihu_delta_support_process_control,4,254803968,524288,Fresh measured 5x5 source union for the sealed x175 prospective validation; target-line losses are evaluation-only.,controlled_model_dim_source_prefix_smalln_5x5,8061000.0,8061000.0,0.0,0.162821576719,14,5p_to_3x3_to_4x4_to_5x5_nested,16,1.305337,0,486,254803968,1.0,offline_union_5x5_x175_prospective,1:3,0:0;0:1;0:2;0:3;0:4;1:0;1:1;1:2;1:3;1:4;2:0;2:1;2:2;2:3;2:4;3:0;3:1;3:2;3:3;3:4;4:0;4:1;4:2;4:3;4:4,high_corner_x175_prospective_5x5,"train_seed,train_row_group_start,train_length_multiplier",held_out_evaluation_only,Submit GPU jobs to gpumedium; do not use pilot/gpupilot.
fsl_highcorner_x175_source5x5_s301_312_20260713_2115_n1-d3-dep4-md192-it486-x1p00-s308-rg0,source_delta_support_process_control,canonical,4,72,64,192,308,486,254803968,524288,16,2048,40,1,L,fsl-highcorner-x175-source5x5-s301-312-20260713-2115-n1-d3-dep4-md192-it486-x1p00-s308-rg0,1,3,roihu_delta_support_process_control,4,254803968,524288,Fresh measured 5x5 source union for the sealed x175 prospective validation; target-line losses are evaluation-only.,controlled_model_dim_source_prefix_smalln_5x5,8061000.0,8061000.0,0.0,0.162821576719,14,5p_to_3x3_to_4x4_to_5x5_nested,16,1.305337,0,486,254803968,1.0,offline_union_5x5_x175_prospective,1:3,0:0;0:1;0:2;0:3;0:4;1:0;1:1;1:2;1:3;1:4;2:0;2:1;2:2;2:3;2:4;3:0;3:1;3:2;3:3;3:4;4:0;4:1;4:2;4:3;4:4,high_corner_x175_prospective_5x5,"train_seed,train_row_group_start,train_length_multiplier",held_out_evaluation_only,Submit GPU jobs to gpumedium; do not use pilot/gpupilot.
fsl_highcorner_x175_source5x5_s301_312_20260713_2115_n1-d3-dep4-md192-it486-x1p00-s309-rg0,source_delta_support_process_control,canonical,4,72,64,192,309,486,254803968,524288,16,2048,40,1,L,fsl-highcorner-x175-source5x5-s301-312-20260713-2115-n1-d3-dep4-md192-it486-x1p00-s309-rg0,1,3,roihu_delta_support_process_control,4,254803968,524288,Fresh measured 5x5 source union for the sealed x175 prospective validation; target-line losses are evaluation-only.,controlled_model_dim_source_prefix_smalln_5x5,8061000.0,8061000.0,0.0,0.162821576719,14,5p_to_3x3_to_4x4_to_5x5_nested,16,1.305337,0,486,254803968,1.0,offline_union_5x5_x175_prospective,1:3,0:0;0:1;0:2;0:3;0:4;1:0;1:1;1:2;1:3;1:4;2:0;2:1;2:2;2:3;2:4;3:0;3:1;3:2;3:3;3:4;4:0;4:1;4:2;4:3;4:4,high_corner_x175_prospective_5x5,"train_seed,train_row_group_start,train_length_multiplier",held_out_evaluation_only,Submit GPU jobs to gpumedium; do not use pilot/gpupilot.
fsl_highcorner_x175_source5x5_s301_312_20260713_2115_n1-d3-dep4-md192-it486-x1p00-s310-rg0,source_delta_support_process_control,canonical,4,72,64,192,310,486,254803968,524288,16,2048,40,1,L,fsl-highcorner-x175-source5x5-s301-312-20260713-2115-n1-d3-dep4-md192-it486-x1p00-s310-rg0,1,3,roihu_delta_support_process_control,4,254803968,524288,Fresh measured 5x5 source union for the sealed x175 prospective validation; target-line losses are evaluation-only.,controlled_model_dim_source_prefix_smalln_5x5,8061000.0,8061000.0,0.0,0.162821576719,14,5p_to_3x3_to_4x4_to_5x5_nested,16,1.305337,0,486,254803968,1.0,offline_union_5x5_x175_prospective,1:3,0:0;0:1;0:2;0:3;0:4;1:0;1:1;1:2;1:3;1:4;2:0;2:1;2:2;2:3;2:4;3:0;3:1;3:2;3:3;3:4;4:0;4:1;4:2;4:3;4:4,high_corner_x175_prospective_5x5,"train_seed,train_row_group_start,train_length_multiplier",held_out_evaluation_only,Submit GPU jobs to gpumedium; do not use pilot/gpupilot.
fsl_highcorner_x175_source5x5_s301_312_20260713_2115_n1-d3-dep4-md192-it486-x1p00-s311-rg0,source_delta_support_process_control,canonical,4,72,64,192,311,486,254803968,524288,16,2048,40,1,L,fsl-highcorner-x175-source5x5-s301-312-20260713-2115-n1-d3-dep4-md192-it486-x1p00-s311-rg0,1,3,roihu_delta_support_process_control,4,254803968,524288,Fresh measured 5x5 source union for the sealed x175 prospective validation; target-line losses are evaluation-only.,controlled_model_dim_source_prefix_smalln_5x5,8061000.0,8061000.0,0.0,0.162821576719,14,5p_to_3x3_to_4x4_to_5x5_nested,16,1.305337,0,486,254803968,1.0,offline_union_5x5_x175_prospective,1:3,0:0;0:1;0:2;0:3;0:4;1:0;1:1;1:2;1:3;1:4;2:0;2:1;2:2;2:3;2:4;3:0;3:1;3:2;3:3;3:4;4:0;4:1;4:2;4:3;4:4,high_corner_x175_prospective_5x5,"train_seed,train_row_group_start,train_length_multiplier",held_out_evaluation_only,Submit GPU jobs to gpumedium; do not use pilot/gpupilot.
fsl_highcorner_x175_source5x5_s301_312_20260713_2115_n1-d3-dep4-md192-it486-x1p00-s312-rg0,source_delta_support_process_control,canonical,4,72,64,192,312,486,254803968,524288,16,2048,40,1,L,fsl-highcorner-x175-source5x5-s301-312-20260713-2115-n1-d3-dep4-md192-it486-x1p00-s312-rg0,1,3,roihu_delta_support_process_control,4,254803968,524288,Fresh measured 5x5 source union for the sealed x175 prospective validation; target-line losses are evaluation-only.,controlled_model_dim_source_prefix_smalln_5x5,8061000.0,8061000.0,0.0,0.162821576719,14,5p_to_3x3_to_4x4_to_5x5_nested,16,1.305337,0,486,254803968,1.0,offline_union_5x5_x175_prospective,1:3,0:0;0:1;0:2;0:3;0:4;1:0;1:1;1:2;1:3;1:4;2:0;2:1;2:2;2:3;2:4;3:0;3:1;3:2;3:3;3:4;4:0;4:1;4:2;4:3;4:4,high_corner_x175_prospective_5x5,"train_seed,train_row_group_start,train_length_multiplier",held_out_evaluation_only,Submit GPU jobs to gpumedium; do not use pilot/gpupilot.
fsl_highcorner_x175_source5x5_s301_312_20260713_2115_n1-d4-dep4-md192-it729-x1p00-s301-rg0,source_delta_support_process_control,canonical,4,72,64,192,301,729,382205952,524288,16,2048,40,1,L,fsl-highcorner-x175-source5x5-s301-312-20260713-2115-n1-d4-dep4-md192-it729-x1p00-s301-rg0,1,4,roihu_delta_support_process_control,4,382205952,524288,Fresh measured 5x5 source union for the sealed x175 prospective validation; target-line losses are evaluation-only.,controlled_model_dim_source_prefix_smalln_5x5,8061000.0,8061000.0,0.0,0.162821576719,22,5p_to_3x3_to_4x4_to_5x5_nested,25,1.305337,0,729,382205952,1.0,offline_union_5x5_x175_prospective,1:4,0:0;0:1;0:2;0:3;0:4;1:0;1:1;1:2;1:3;1:4;2:0;2:1;2:2;2:3;2:4;3:0;3:1;3:2;3:3;3:4;4:0;4:1;4:2;4:3;4:4,high_corner_x175_prospective_5x5,"train_seed,train_row_group_start,train_length_multiplier",held_out_evaluation_only,Submit GPU jobs to gpumedium; do not use pilot/gpupilot.
fsl_highcorner_x175_source5x5_s301_312_20260713_2115_n1-d4-dep4-md192-it729-x1p00-s302-rg0,source_delta_support_process_control,canonical,4,72,64,192,302,729,382205952,524288,16,2048,40,1,L,fsl-highcorner-x175-source5x5-s301-312-20260713-2115-n1-d4-dep4-md192-it729-x1p00-s302-rg0,1,4,roihu_delta_support_process_control,4,382205952,524288,Fresh measured 5x5 source union for the sealed x175 prospective validation; target-line losses are evaluation-only.,controlled_model_dim_source_prefix_smalln_5x5,8061000.0,8061000.0,0.0,0.162821576719,22,5p_to_3x3_to_4x4_to_5x5_nested,25,1.305337,0,729,382205952,1.0,offline_union_5x5_x175_prospective,1:4,0:0;0:1;0:2;0:3;0:4;1:0;1:1;1:2;1:3;1:4;2:0;2:1;2:2;2:3;2:4;3:0;3:1;3:2;3:3;3:4;4:0;4:1;4:2;4:3;4:4,high_corner_x175_prospective_5x5,"train_seed,train_row_group_start,train_length_multiplier",held_out_evaluation_only,Submit GPU jobs to gpumedium; do not use pilot/gpupilot.
fsl_highcorner_x175_source5x5_s301_312_20260713_2115_n1-d4-dep4-md192-it729-x1p00-s303-rg0,source_delta_support_process_control,canonical,4,72,64,192,303,729,382205952,524288,16,2048,40,1,L,fsl-highcorner-x175-source5x5-s301-312-20260713-2115-n1-d4-dep4-md192-it729-x1p00-s303-rg0,1,4,roihu_delta_support_process_control,4,382205952,524288,Fresh measured 5x5 source union for the sealed x175 prospective validation; target-line losses are evaluation-only.,controlled_model_dim_source_prefix_smalln_5x5,8061000.0,8061000.0,0.0,0.162821576719,22,5p_to_3x3_to_4x4_to_5x5_nested,25,1.305337,0,729,382205952,1.0,offline_union_5x5_x175_prospective,1:4,0:0;0:1;0:2;0:3;0:4;1:0;1:1;1:2;1:3;1:4;2:0;2:1;2:2;2:3;2:4;3:0;3:1;3:2;3:3;3:4;4:0;4:1;4:2;4:3;4:4,high_corner_x175_prospective_5x5,"train_seed,train_row_group_start,train_length_multiplier",held_out_evaluation_only,Submit GPU jobs to gpumedium; do not use pilot/gpupilot.
fsl_highcorner_x175_source5x5_s301_312_20260713_2115_n1-d4-dep4-md192-it729-x1p00-s304-rg0,source_delta_support_process_control,canonical,4,72,64,192,304,729,382205952,524288,16,2048,40,1,L,fsl-highcorner-x175-source5x5-s301-312-20260713-2115-n1-d4-dep4-md192-it729-x1p00-s304-rg0,1,4,roihu_delta_support_process_control,4,382205952,524288,Fresh measured 5x5 source union for the sealed x175 prospective validation; target-line losses are evaluation-only.,controlled_model_dim_source_prefix_smalln_5x5,8061000.0,8061000.0,0.0,0.162821576719,22,5p_to_3x3_to_4x4_to_5x5_nested,25,1.305337,0,729,382205952,1.0,offline_union_5x5_x175_prospective,1:4,0:0;0:1;0:2;0:3;0:4;1:0;1:1;1:2;1:3;1:4;2:0;2:1;2:2;2:3;2:4;3:0;3:1;3:2;3:3;3:4;4:0;4:1;4:2;4:3;4:4,high_corner_x175_prospective_5x5,"train_seed,train_row_group_start,train_length_multiplier",held_out_evaluation_only,Submit GPU jobs to gpumedium; do not use pilot/gpupilot.
fsl_highcorner_x175_source5x5_s301_312_20260713_2115_n1-d4-dep4-md192-it729-x1p00-s305-rg0,source_delta_support_process_control,canonical,4,72,64,192,305,729,382205952,524288,16,2048,40,1,L,fsl-highcorner-x175-source5x5-s301-312-20260713-2115-n1-d4-dep4-md192-it729-x1p00-s305-rg0,1,4,roihu_delta_support_process_control,4,382205952,524288,Fresh measured 5x5 source union for the sealed x175 prospective validation; target-line losses are evaluation-only.,controlled_model_dim_source_prefix_smalln_5x5,8061000.0,8061000.0,0.0,0.162821576719,22,5p_to_3x3_to_4x4_to_5x5_nested,25,1.305337,0,729,382205952,1.0,offline_union_5x5_x175_prospective,1:4,0:0;0:1;0:2;0:3;0:4;1:0;1:1;1:2;1:3;1:4;2:0;2:1;2:2;2:3;2:4;3:0;3:1;3:2;3:3;3:4;4:0;4:1;4:2;4:3;4:4,high_corner_x175_prospective_5x5,"train_seed,train_row_group_start,train_length_multiplier",held_out_evaluation_only,Submit GPU jobs to gpumedium; do not use pilot/gpupilot.
fsl_highcorner_x175_source5x5_s301_312_20260713_2115_n1-d4-dep4-md192-it729-x1p00-s306-rg0,source_delta_support_process_control,canonical,4,72,64,192,306,729,382205952,524288,16,2048,40,1,L,fsl-highcorner-x175-source5x5-s301-312-20260713-2115-n1-d4-dep4-md192-it729-x1p00-s306-rg0,1,4,roihu_delta_support_process_control,4,382205952,524288,Fresh measured 5x5 source union for the sealed x175 prospective validation; target-line losses are evaluation-only.,controlled_model_dim_source_prefix_smalln_5x5,8061000.0,8061000.0,0.0,0.162821576719,22,5p_to_3x3_to_4x4_to_5x5_nested,25,1.305337,0,729,382205952,1.0,offline_union_5x5_x175_prospective,1:4,0:0;0:1;0:2;0:3;0:4;1:0;1:1;1:2;1:3;1:4;2:0;2:1;2:2;2:3;2:4;3:0;3:1;3:2;3:3;3:4;4:0;4:1;4:2;4:3;4:4,high_corner_x175_prospective_5x5,"train_seed,train_row_group_start,train_length_multiplier",held_out_evaluation_only,Submit GPU jobs to gpumedium; do not use pilot/gpupilot.
fsl_highcorner_x175_source5x5_s301_312_20260713_2115_n1-d4-dep4-md192-it729-x1p00-s307-rg0,source_delta_support_process_control,canonical,4,72,64,192,307,729,382205952,524288,16,2048,40,1,L,fsl-highcorner-x175-source5x5-s301-312-20260713-2115-n1-d4-dep4-md192-it729-x1p00-s307-rg0,1,4,roihu_delta_support_process_control,4,382205952,524288,Fresh measured 5x5 source union for the sealed x175 prospective validation; target-line losses are evaluation-only.,controlled_model_dim_source_prefix_smalln_5x5,8061000.0,8061000.0,0.0,0.162821576719,22,5p_to_3x3_to_4x4_to_5x5_nested,25,1.305337,0,729,382205952,1.0,offline_union_5x5_x175_prospective,1:4,0:0;0:1;0:2;0:3;0:4;1:0;1:1;1:2;1:3;1:4;2:0;2:1;2:2;2:3;2:4;3:0;3:1;3:2;3:3;3:4;4:0;4:1;4:2;4:3;4:4,high_corner_x175_prospective_5x5,"train_seed,train_row_group_start,train_length_multiplier",held_out_evaluation_only,Submit GPU jobs to gpumedium; do not use pilot/gpupilot.
fsl_highcorner_x175_source5x5_s301_312_20260713_2115_n1-d4-dep4-md192-it729-x1p00-s308-rg0,source_delta_support_process_control,canonical,4,72,64,192,308,729,382205952,524288,16,2048,40,1,L,fsl-highcorner-x175-source5x5-s301-312-20260713-2115-n1-d4-dep4-md192-it729-x1p00-s308-rg0,1,4,roihu_delta_support_process_control,4,382205952,524288,Fresh measured 5x5 source union for the sealed x175 prospective validation; target-line losses are evaluation-only.,controlled_model_dim_source_prefix_smalln_5x5,8061000.0,8061000.0,0.0,0.162821576719,22,5p_to_3x3_to_4x4_to_5x5_nested,25,1.305337,0,729,382205952,1.0,offline_union_5x5_x175_prospective,1:4,0:0;0:1;0:2;0:3;0:4;1:0;1:1;1:2;1:3;1:4;2:0;2:1;2:2;2:3;2:4;3:0;3:1;3:2;3:3;3:4;4:0;4:1;4:2;4:3;4:4,high_corner_x175_prospective_5x5,"train_seed,train_row_group_start,train_length_multiplier",held_out_evaluation_only,Submit GPU jobs to gpumedium; do not use pilot/gpupilot.
fsl_highcorner_x175_source5x5_s301_312_20260713_2115_n1-d4-dep4-md192-it729-x1p00-s309-rg0,source_delta_support_process_control,canonical,4,72,64,192,309,729,382205952,524288,16,2048,40,1,L,fsl-highcorner-x175-source5x5-s301-312-20260713-2115-n1-d4-dep4-md192-it729-x1p00-s309-rg0,1,4,roihu_delta_support_process_control,4,382205952,524288,Fresh measured 5x5 source union for the sealed x175 prospective validation; target-line losses are evaluation-only.,controlled_model_dim_source_prefix_smalln_5x5,8061000.0,8061000.0,0.0,0.162821576719,22,5p_to_3x3_to_4x4_to_5x5_nested,25,1.305337,0,729,382205952,1.0,offline_union_5x5_x175_prospective,1:4,0:0;0:1;0:2;0:3;0:4;1:0;1:1;1:2;1:3;1:4;2:0;2:1;2:2;2:3;2:4;3:0;3:1;3:2;3:3;3:4;4:0;4:1;4:2;4:3;4:4,high_corner_x175_prospective_5x5,"train_seed,train_row_group_start,train_length_multiplier",held_out_evaluation_only,Submit GPU jobs to gpumedium; do not use pilot/gpupilot.
fsl_highcorner_x175_source5x5_s301_312_20260713_2115_n1-d4-dep4-md192-it729-x1p00-s310-rg0,source_delta_support_process_control,canonical,4,72,64,192,310,729,382205952,524288,16,2048,40,1,L,fsl-highcorner-x175-source5x5-s301-312-20260713-2115-n1-d4-dep4-md192-it729-x1p00-s310-rg0,1,4,roihu_delta_support_process_control,4,382205952,524288,Fresh measured 5x5 source union for the sealed x175 prospective validation; target-line losses are evaluation-only.,controlled_model_dim_source_prefix_smalln_5x5,8061000.0,8061000.0,0.0,0.162821576719,22,5p_to_3x3_to_4x4_to_5x5_nested,25,1.305337,0,729,382205952,1.0,offline_union_5x5_x175_prospective,1:4,0:0;0:1;0:2;0:3;0:4;1:0;1:1;1:2;1:3;1:4;2:0;2:1;2:2;2:3;2:4;3:0;3:1;3:2;3:3;3:4;4:0;4:1;4:2;4:3;4:4,high_corner_x175_prospective_5x5,"train_seed,train_row_group_start,train_length_multiplier",held_out_evaluation_only,Submit GPU jobs to gpumedium; do not use pilot/gpupilot.
fsl_highcorner_x175_source5x5_s301_312_20260713_2115_n1-d4-dep4-md192-it729-x1p00-s311-rg0,source_delta_support_process_control,canonical,4,72,64,192,311,729,382205952,524288,16,2048,40,1,L,fsl-highcorner-x175-source5x5-s301-312-20260713-2115-n1-d4-dep4-md192-it729-x1p00-s311-rg0,1,4,roihu_delta_support_process_control,4,382205952,524288,Fresh measured 5x5 source union for the sealed x175 prospective validation; target-line losses are evaluation-only.,controlled_model_dim_source_prefix_smalln_5x5,8061000.0,8061000.0,0.0,0.162821576719,22,5p_to_3x3_to_4x4_to_5x5_nested,25,1.305337,0,729,382205952,1.0,offline_union_5x5_x175_prospective,1:4,0:0;0:1;0:2;0:3;0:4;1:0;1:1;1:2;1:3;1:4;2:0;2:1;2:2;2:3;2:4;3:0;3:1;3:2;3:3;3:4;4:0;4:1;4:2;4:3;4:4,high_corner_x175_prospective_5x5,"train_seed,train_row_group_start,train_length_multiplier",held_out_evaluation_only,Submit GPU jobs to gpumedium; do not use pilot/gpupilot.
fsl_highcorner_x175_source5x5_s301_312_20260713_2115_n1-d4-dep4-md192-it729-x1p00-s312-rg0,source_delta_support_process_control,canonical,4,72,64,192,312,729,382205952,524288,16,2048,40,1,L,fsl-highcorner-x175-source5x5-s301-312-20260713-2115-n1-d4-dep4-md192-it729-x1p00-s312-rg0,1,4,roihu_delta_support_process_control,4,382205952,524288,Fresh measured 5x5 source union for the sealed x175 prospective validation; target-line losses are evaluation-only.,controlled_model_dim_source_prefix_smalln_5x5,8061000.0,8061000.0,0.0,0.162821576719,22,5p_to_3x3_to_4x4_to_5x5_nested,25,1.305337,0,729,382205952,1.0,offline_union_5x5_x175_prospective,1:4,0:0;0:1;0:2;0:3;0:4;1:0;1:1;1:2;1:3;1:4;2:0;2:1;2:2;2:3;2:4;3:0;3:1;3:2;3:3;3:4;4:0;4:1;4:2;4:3;4:4,high_corner_x175_prospective_5x5,"train_seed,train_row_group_start,train_length_multiplier",held_out_evaluation_only,Submit GPU jobs to gpumedium; do not use pilot/gpupilot.
fsl_highcorner_x175_source5x5_s301_312_20260713_2115_n2-d0-dep4-md320-it144-x1p00-s301-rg0,source_delta_support_process_control,canonical,4,72,64,320,301,144,75497472,524288,16,2048,40,1,L,fsl-highcorner-x175-source5x5-s301-312-20260713-2115-n2-d0-dep4-md320-it144-x1p00-s301-rg0,2,0,roihu_delta_support_process_control,4,75497472,524288,Fresh measured 5x5 source union for the sealed x175 prospective validation; target-line losses are evaluation-only.,controlled_model_dim_source_prefix_smalln_5x5,15401080.0,15401080.0,0.0,0.162821576719,3,5p_to_3x3_to_4x4_to_5x5_nested,5,1.305337,0,144,75497472,1.0,offline_union_5x5_x175_prospective,2:0,0:0;0:1;0:2;0:3;0:4;1:0;1:1;1:2;1:3;1:4;2:0;2:1;2:2;2:3;2:4;3:0;3:1;3:2;3:3;3:4;4:0;4:1;4:2;4:3;4:4,high_corner_x175_prospective_5x5,"train_seed,train_row_group_start,train_length_multiplier",held_out_evaluation_only,Submit GPU jobs to gpumedium; do not use pilot/gpupilot.
fsl_highcorner_x175_source5x5_s301_312_20260713_2115_n2-d0-dep4-md320-it144-x1p00-s302-rg0,source_delta_support_process_control,canonical,4,72,64,320,302,144,75497472,524288,16,2048,40,1,L,fsl-highcorner-x175-source5x5-s301-312-20260713-2115-n2-d0-dep4-md320-it144-x1p00-s302-rg0,2,0,roihu_delta_support_process_control,4,75497472,524288,Fresh measured 5x5 source union for the sealed x175 prospective validation; target-line losses are evaluation-only.,controlled_model_dim_source_prefix_smalln_5x5,15401080.0,15401080.0,0.0,0.162821576719,3,5p_to_3x3_to_4x4_to_5x5_nested,5,1.305337,0,144,75497472,1.0,offline_union_5x5_x175_prospective,2:0,0:0;0:1;0:2;0:3;0:4;1:0;1:1;1:2;1:3;1:4;2:0;2:1;2:2;2:3;2:4;3:0;3:1;3:2;3:3;3:4;4:0;4:1;4:2;4:3;4:4,high_corner_x175_prospective_5x5,"train_seed,train_row_group_start,train_length_multiplier",held_out_evaluation_only,Submit GPU jobs to gpumedium; do not use pilot/gpupilot.
fsl_highcorner_x175_source5x5_s301_312_20260713_2115_n2-d0-dep4-md320-it144-x1p00-s303-rg0,source_delta_support_process_control,canonical,4,72,64,320,303,144,75497472,524288,16,2048,40,1,L,fsl-highcorner-x175-source5x5-s301-312-20260713-2115-n2-d0-dep4-md320-it144-x1p00-s303-rg0,2,0,roihu_delta_support_process_control,4,75497472,524288,Fresh measured 5x5 source union for the sealed x175 prospective validation; target-line losses are evaluation-only.,controlled_model_dim_source_prefix_smalln_5x5,15401080.0,15401080.0,0.0,0.162821576719,3,5p_to_3x3_to_4x4_to_5x5_nested,5,1.305337,0,144,75497472,1.0,offline_union_5x5_x175_prospective,2:0,0:0;0:1;0:2;0:3;0:4;1:0;1:1;1:2;1:3;1:4;2:0;2:1;2:2;2:3;2:4;3:0;3:1;3:2;3:3;3:4;4:0;4:1;4:2;4:3;4:4,high_corner_x175_prospective_5x5,"train_seed,train_row_group_start,train_length_multiplier",held_out_evaluation_only,Submit GPU jobs to gpumedium; do not use pilot/gpupilot.
fsl_highcorner_x175_source5x5_s301_312_20260713_2115_n2-d0-dep4-md320-it144-x1p00-s304-rg0,source_delta_support_process_control,canonical,4,72,64,320,304,144,75497472,524288,16,2048,40,1,L,fsl-highcorner-x175-source5x5-s301-312-20260713-2115-n2-d0-dep4-md320-it144-x1p00-s304-rg0,2,0,roihu_delta_support_process_control,4,75497472,524288,Fresh measured 5x5 source union for the sealed x175 prospective validation; target-line losses are evaluation-only.,controlled_model_dim_source_prefix_smalln_5x5,15401080.0,15401080.0,0.0,0.162821576719,3,5p_to_3x3_to_4x4_to_5x5_nested,5,1.305337,0,144,75497472,1.0,offline_union_5x5_x175_prospective,2:0,0:0;0:1;0:2;0:3;0:4;1:0;1:1;1:2;1:3;1:4;2:0;2:1;2:2;2:3;2:4;3:0;3:1;3:2;3:3;3:4;4:0;4:1;4:2;4:3;4:4,high_corner_x175_prospective_5x5,"train_seed,train_row_group_start,train_length_multiplier",held_out_evaluation_only,Submit GPU jobs to gpumedium; do not use pilot/gpupilot.
fsl_highcorner_x175_source5x5_s301_312_20260713_2115_n2-d0-dep4-md320-it144-x1p00-s305-rg0,source_delta_support_process_control,canonical,4,72,64,320,305,144,75497472,524288,16,2048,40,1,L,fsl-highcorner-x175-source5x5-s301-312-20260713-2115-n2-d0-dep4-md320-it144-x1p00-s305-rg0,2,0,roihu_delta_support_process_control,4,75497472,524288,Fresh measured 5x5 source union for the sealed x175 prospective validation; target-line losses are evaluation-only.,controlled_model_dim_source_prefix_smalln_5x5,15401080.0,15401080.0,0.0,0.162821576719,3,5p_to_3x3_to_4x4_to_5x5_nested,5,1.305337,0,144,75497472,1.0,offline_union_5x5_x175_prospective,2:0,0:0;0:1;0:2;0:3;0:4;1:0;1:1;1:2;1:3;1:4;2:0;2:1;2:2;2:3;2:4;3:0;3:1;3:2;3:3;3:4;4:0;4:1;4:2;4:3;4:4,high_corner_x175_prospective_5x5,"train_seed,train_row_group_start,train_length_multiplier",held_out_evaluation_only,Submit GPU jobs to gpumedium; do not use pilot/gpupilot.
fsl_highcorner_x175_source5x5_s301_312_20260713_2115_n2-d0-dep4-md320-it144-x1p00-s306-rg0,source_delta_support_process_control,canonical,4,72,64,320,306,144,75497472,524288,16,2048,40,1,L,fsl-highcorner-x175-source5x5-s301-312-20260713-2115-n2-d0-dep4-md320-it144-x1p00-s306-rg0,2,0,roihu_delta_support_process_control,4,75497472,524288,Fresh measured 5x5 source union for the sealed x175 prospective validation; target-line losses are evaluation-only.,controlled_model_dim_source_prefix_smalln_5x5,15401080.0,15401080.0,0.0,0.162821576719,3,5p_to_3x3_to_4x4_to_5x5_nested,5,1.305337,0,144,75497472,1.0,offline_union_5x5_x175_prospective,2:0,0:0;0:1;0:2;0:3;0:4;1:0;1:1;1:2;1:3;1:4;2:0;2:1;2:2;2:3;2:4;3:0;3:1;3:2;3:3;3:4;4:0;4:1;4:2;4:3;4:4,high_corner_x175_prospective_5x5,"train_seed,train_row_group_start,train_length_multiplier",held_out_evaluation_only,Submit GPU jobs to gpumedium; do not use pilot/gpupilot.
fsl_highcorner_x175_source5x5_s301_312_20260713_2115_n2-d0-dep4-md320-it144-x1p00-s307-rg0,source_delta_support_process_control,canonical,4,72,64,320,307,144,75497472,524288,16,2048,40,1,L,fsl-highcorner-x175-source5x5-s301-312-20260713-2115-n2-d0-dep4-md320-it144-x1p00-s307-rg0,2,0,roihu_delta_support_process_control,4,75497472,524288,Fresh measured 5x5 source union for the sealed x175 prospective validation; target-line losses are evaluation-only.,controlled_model_dim_source_prefix_smalln_5x5,15401080.0,15401080.0,0.0,0.162821576719,3,5p_to_3x3_to_4x4_to_5x5_nested,5,1.305337,0,144,75497472,1.0,offline_union_5x5_x175_prospective,2:0,0:0;0:1;0:2;0:3;0:4;1:0;1:1;1:2;1:3;1:4;2:0;2:1;2:2;2:3;2:4;3:0;3:1;3:2;3:3;3:4;4:0;4:1;4:2;4:3;4:4,high_corner_x175_prospective_5x5,"train_seed,train_row_group_start,train_length_multiplier",held_out_evaluation_only,Submit GPU jobs to gpumedium; do not use pilot/gpupilot.
fsl_highcorner_x175_source5x5_s301_312_20260713_2115_n2-d0-dep4-md320-it144-x1p00-s308-rg0,source_delta_support_process_control,canonical,4,72,64,320,308,144,75497472,524288,16,2048,40,1,L,fsl-highcorner-x175-source5x5-s301-312-20260713-2115-n2-d0-dep4-md320-it144-x1p00-s308-rg0,2,0,roihu_delta_support_process_control,4,75497472,524288,Fresh measured 5x5 source union for the sealed x175 prospective validation; target-line losses are evaluation-only.,controlled_model_dim_source_prefix_smalln_5x5,15401080.0,15401080.0,0.0,0.162821576719,3,5p_to_3x3_to_4x4_to_5x5_nested,5,1.305337,0,144,75497472,1.0,offline_union_5x5_x175_prospective,2:0,0:0;0:1;0:2;0:3;0:4;1:0;1:1;1:2;1:3;1:4;2:0;2:1;2:2;2:3;2:4;3:0;3:1;3:2;3:3;3:4;4:0;4:1;4:2;4:3;4:4,high_corner_x175_prospective_5x5,"train_seed,train_row_group_start,train_length_multiplier",held_out_evaluation_only,Submit GPU jobs to gpumedium; do not use pilot/gpupilot.
fsl_highcorner_x175_source5x5_s301_312_20260713_2115_n2-d0-dep4-md320-it144-x1p00-s309-rg0,source_delta_support_process_control,canonical,4,72,64,320,309,144,75497472,524288,16,2048,40,1,L,fsl-highcorner-x175-source5x5-s301-312-20260713-2115-n2-d0-dep4-md320-it144-x1p00-s309-rg0,2,0,roihu_delta_support_process_control,4,75497472,524288,Fresh measured 5x5 source union for the sealed x175 prospective validation; target-line losses are evaluation-only.,controlled_model_dim_source_prefix_smalln_5x5,15401080.0,15401080.0,0.0,0.162821576719,3,5p_to_3x3_to_4x4_to_5x5_nested,5,1.305337,0,144,75497472,1.0,offline_union_5x5_x175_prospective,2:0,0:0;0:1;0:2;0:3;0:4;1:0;1:1;1:2;1:3;1:4;2:0;2:1;2:2;2:3;2:4;3:0;3:1;3:2;3:3;3:4;4:0;4:1;4:2;4:3;4:4,high_corner_x175_prospective_5x5,"train_seed,train_row_group_start,train_length_multiplier",held_out_evaluation_only,Submit GPU jobs to gpumedium; do not use pilot/gpupilot.
fsl_highcorner_x175_source5x5_s301_312_20260713_2115_n2-d0-dep4-md320-it144-x1p00-s310-rg0,source_delta_support_process_control,canonical,4,72,64,320,310,144,75497472,524288,16,2048,40,1,L,fsl-highcorner-x175-source5x5-s301-312-20260713-2115-n2-d0-dep4-md320-it144-x1p00-s310-rg0,2,0,roihu_delta_support_process_control,4,75497472,524288,Fresh measured 5x5 source union for the sealed x175 prospective validation; target-line losses are evaluation-only.,controlled_model_dim_source_prefix_smalln_5x5,15401080.0,15401080.0,0.0,0.162821576719,3,5p_to_3x3_to_4x4_to_5x5_nested,5,1.305337,0,144,75497472,1.0,offline_union_5x5_x175_prospective,2:0,0:0;0:1;0:2;0:3;0:4;1:0;1:1;1:2;1:3;1:4;2:0;2:1;2:2;2:3;2:4;3:0;3:1;3:2;3:3;3:4;4:0;4:1;4:2;4:3;4:4,high_corner_x175_prospective_5x5,"train_seed,train_row_group_start,train_length_multiplier",held_out_evaluation_only,Submit GPU jobs to gpumedium; do not use pilot/gpupilot.
fsl_highcorner_x175_source5x5_s301_312_20260713_2115_n2-d0-dep4-md320-it144-x1p00-s311-rg0,source_delta_support_process_control,canonical,4,72,64,320,311,144,75497472,524288,16,2048,40,1,L,fsl-highcorner-x175-source5x5-s301-312-20260713-2115-n2-d0-dep4-md320-it144-x1p00-s311-rg0,2,0,roihu_delta_support_process_control,4,75497472,524288,Fresh measured 5x5 source union for the sealed x175 prospective validation; target-line losses are evaluation-only.,controlled_model_dim_source_prefix_smalln_5x5,15401080.0,15401080.0,0.0,0.162821576719,3,5p_to_3x3_to_4x4_to_5x5_nested,5,1.305337,0,144,75497472,1.0,offline_union_5x5_x175_prospective,2:0,0:0;0:1;0:2;0:3;0:4;1:0;1:1;1:2;1:3;1:4;2:0;2:1;2:2;2:3;2:4;3:0;3:1;3:2;3:3;3:4;4:0;4:1;4:2;4:3;4:4,high_corner_x175_prospective_5x5,"train_seed,train_row_group_start,train_length_multiplier",held_out_evaluation_only,Submit GPU jobs to gpumedium; do not use pilot/gpupilot.
fsl_highcorner_x175_source5x5_s301_312_20260713_2115_n2-d0-dep4-md320-it144-x1p00-s312-rg0,source_delta_support_process_control,canonical,4,72,64,320,312,144,75497472,524288,16,2048,40,1,L,fsl-highcorner-x175-source5x5-s301-312-20260713-2115-n2-d0-dep4-md320-it144-x1p00-s312-rg0,2,0,roihu_delta_support_process_control,4,75497472,524288,Fresh measured 5x5 source union for the sealed x175 prospective validation; target-line losses are evaluation-only.,controlled_model_dim_source_prefix_smalln_5x5,15401080.0,15401080.0,0.0,0.162821576719,3,5p_to_3x3_to_4x4_to_5x5_nested,5,1.305337,0,144,75497472,1.0,offline_union_5x5_x175_prospective,2:0,0:0;0:1;0:2;0:3;0:4;1:0;1:1;1:2;1:3;1:4;2:0;2:1;2:2;2:3;2:4;3:0;3:1;3:2;3:3;3:4;4:0;4:1;4:2;4:3;4:4,high_corner_x175_prospective_5x5,"train_seed,train_row_group_start,train_length_multiplier",held_out_evaluation_only,Submit GPU jobs to gpumedium; do not use pilot/gpupilot.
fsl_highcorner_x175_source5x5_s301_312_20260713_2115_n2-d1-dep4-md320-it216-x1p00-s301-rg0,source_delta_support_process_control,canonical,4,72,64,320,301,216,113246208,524288,16,2048,40,1,L,fsl-highcorner-x175-source5x5-s301-312-20260713-2115-n2-d1-dep4-md320-it216-x1p00-s301-rg0,2,1,roihu_delta_support_process_control,4,113246208,524288,Fresh measured 5x5 source union for the sealed x175 prospective validation; target-line losses are evaluation-only.,controlled_model_dim_source_prefix_smalln_5x5,15401080.0,15401080.0,0.0,0.162821576719,8,5p_to_3x3_to_4x4_to_5x5_nested,9,1.305337,0,216,113246208,1.0,offline_union_5x5_x175_prospective,2:1,0:0;0:1;0:2;0:3;0:4;1:0;1:1;1:2;1:3;1:4;2:0;2:1;2:2;2:3;2:4;3:0;3:1;3:2;3:3;3:4;4:0;4:1;4:2;4:3;4:4,high_corner_x175_prospective_5x5,"train_seed,train_row_group_start,train_length_multiplier",held_out_evaluation_only,Submit GPU jobs to gpumedium; do not use pilot/gpupilot.
fsl_highcorner_x175_source5x5_s301_312_20260713_2115_n2-d1-dep4-md320-it216-x1p00-s302-rg0,source_delta_support_process_control,canonical,4,72,64,320,302,216,113246208,524288,16,2048,40,1,L,fsl-highcorner-x175-source5x5-s301-312-20260713-2115-n2-d1-dep4-md320-it216-x1p00-s302-rg0,2,1,roihu_delta_support_process_control,4,113246208,524288,Fresh measured 5x5 source union for the sealed x175 prospective validation; target-line losses are evaluation-only.,controlled_model_dim_source_prefix_smalln_5x5,15401080.0,15401080.0,0.0,0.162821576719,8,5p_to_3x3_to_4x4_to_5x5_nested,9,1.305337,0,216,113246208,1.0,offline_union_5x5_x175_prospective,2:1,0:0;0:1;0:2;0:3;0:4;1:0;1:1;1:2;1:3;1:4;2:0;2:1;2:2;2:3;2:4;3:0;3:1;3:2;3:3;3:4;4:0;4:1;4:2;4:3;4:4,high_corner_x175_prospective_5x5,"train_seed,train_row_group_start,train_length_multiplier",held_out_evaluation_only,Submit GPU jobs to gpumedium; do not use pilot/gpupilot.
fsl_highcorner_x175_source5x5_s301_312_20260713_2115_n2-d1-dep4-md320-it216-x1p00-s303-rg0,source_delta_support_process_control,canonical,4,72,64,320,303,216,113246208,524288,16,2048,40,1,L,fsl-highcorner-x175-source5x5-s301-312-20260713-2115-n2-d1-dep4-md320-it216-x1p00-s303-rg0,2,1,roihu_delta_support_process_control,4,113246208,524288,Fresh measured 5x5 source union for the sealed x175 prospective validation; target-line losses are evaluation-only.,controlled_model_dim_source_prefix_smalln_5x5,15401080.0,15401080.0,0.0,0.162821576719,8,5p_to_3x3_to_4x4_to_5x5_nested,9,1.305337,0,216,113246208,1.0,offline_union_5x5_x175_prospective,2:1,0:0;0:1;0:2;0:3;0:4;1:0;1:1;1:2;1:3;1:4;2:0;2:1;2:2;2:3;2:4;3:0;3:1;3:2;3:3;3:4;4:0;4:1;4:2;4:3;4:4,high_corner_x175_prospective_5x5,"train_seed,train_row_group_start,train_length_multiplier",held_out_evaluation_only,Submit GPU jobs to gpumedium; do not use pilot/gpupilot.
fsl_highcorner_x175_source5x5_s301_312_20260713_2115_n2-d1-dep4-md320-it216-x1p00-s304-rg0,source_delta_support_process_control,canonical,4,72,64,320,304,216,113246208,524288,16,2048,40,1,L,fsl-highcorner-x175-source5x5-s301-312-20260713-2115-n2-d1-dep4-md320-it216-x1p00-s304-rg0,2,1,roihu_delta_support_process_control,4,113246208,524288,Fresh measured 5x5 source union for the sealed x175 prospective validation; target-line losses are evaluation-only.,controlled_model_dim_source_prefix_smalln_5x5,15401080.0,15401080.0,0.0,0.162821576719,8,5p_to_3x3_to_4x4_to_5x5_nested,9,1.305337,0,216,113246208,1.0,offline_union_5x5_x175_prospective,2:1,0:0;0:1;0:2;0:3;0:4;1:0;1:1;1:2;1:3;1:4;2:0;2:1;2:2;2:3;2:4;3:0;3:1;3:2;3:3;3:4;4:0;4:1;4:2;4:3;4:4,high_corner_x175_prospective_5x5,"train_seed,train_row_group_start,train_length_multiplier",held_out_evaluation_only,Submit GPU jobs to gpumedium; do not use pilot/gpupilot.
fsl_highcorner_x175_source5x5_s301_312_20260713_2115_n2-d1-dep4-md320-it216-x1p00-s305-rg0,source_delta_support_process_control,canonical,4,72,64,320,305,216,113246208,524288,16,2048,40,1,L,fsl-highcorner-x175-source5x5-s301-312-20260713-2115-n2-d1-dep4-md320-it216-x1p00-s305-rg0,2,1,roihu_delta_support_process_control,4,113246208,524288,Fresh measured 5x5 source union for the sealed x175 prospective validation; target-line losses are evaluation-only.,controlled_model_dim_source_prefix_smalln_5x5,15401080.0,15401080.0,0.0,0.162821576719,8,5p_to_3x3_to_4x4_to_5x5_nested,9,1.305337,0,216,113246208,1.0,offline_union_5x5_x175_prospective,2:1,0:0;0:1;0:2;0:3;0:4;1:0;1:1;1:2;1:3;1:4;2:0;2:1;2:2;2:3;2:4;3:0;3:1;3:2;3:3;3:4;4:0;4:1;4:2;4:3;4:4,high_corner_x175_prospective_5x5,"train_seed,train_row_group_start,train_length_multiplier",held_out_evaluation_only,Submit GPU jobs to gpumedium; do not use pilot/gpupilot.
fsl_highcorner_x175_source5x5_s301_312_20260713_2115_n2-d1-dep4-md320-it216-x1p00-s306-rg0,source_delta_support_process_control,canonical,4,72,64,320,306,216,113246208,524288,16,2048,40,1,L,fsl-highcorner-x175-source5x5-s301-312-20260713-2115-n2-d1-dep4-md320-it216-x1p00-s306-rg0,2,1,roihu_delta_support_process_control,4,113246208,524288,Fresh measured 5x5 source union for the sealed x175 prospective validation; target-line losses are evaluation-only.,controlled_model_dim_source_prefix_smalln_5x5,15401080.0,15401080.0,0.0,0.162821576719,8,5p_to_3x3_to_4x4_to_5x5_nested,9,1.305337,0,216,113246208,1.0,offline_union_5x5_x175_prospective,2:1,0:0;0:1;0:2;0:3;0:4;1:0;1:1;1:2;1:3;1:4;2:0;2:1;2:2;2:3;2:4;3:0;3:1;3:2;3:3;3:4;4:0;4:1;4:2;4:3;4:4,high_corner_x175_prospective_5x5,"train_seed,train_row_group_start,train_length_multiplier",held_out_evaluation_only,Submit GPU jobs to gpumedium; do not use pilot/gpupilot.
fsl_highcorner_x175_source5x5_s301_312_20260713_2115_n2-d1-dep4-md320-it216-x1p00-s307-rg0,source_delta_support_process_control,canonical,4,72,64,320,307,216,113246208,524288,16,2048,40,1,L,fsl-highcorner-x175-source5x5-s301-312-20260713-2115-n2-d1-dep4-md320-it216-x1p00-s307-rg0,2,1,roihu_delta_support_process_control,4,113246208,524288,Fresh measured 5x5 source union for the sealed x175 prospective validation; target-line losses are evaluation-only.,controlled_model_dim_source_prefix_smalln_5x5,15401080.0,15401080.0,0.0,0.162821576719,8,5p_to_3x3_to_4x4_to_5x5_nested,9,1.305337,0,216,113246208,1.0,offline_union_5x5_x175_prospective,2:1,0:0;0:1;0:2;0:3;0:4;1:0;1:1;1:2;1:3;1:4;2:0;2:1;2:2;2:3;2:4;3:0;3:1;3:2;3:3;3:4;4:0;4:1;4:2;4:3;4:4,high_corner_x175_prospective_5x5,"train_seed,train_row_group_start,train_length_multiplier",held_out_evaluation_only,Submit GPU jobs to gpumedium; do not use pilot/gpupilot.
fsl_highcorner_x175_source5x5_s301_312_20260713_2115_n2-d1-dep4-md320-it216-x1p00-s308-rg0,source_delta_support_process_control,canonical,4,72,64,320,308,216,113246208,524288,16,2048,40,1,L,fsl-highcorner-x175-source5x5-s301-312-20260713-2115-n2-d1-dep4-md320-it216-x1p00-s308-rg0,2,1,roihu_delta_support_process_control,4,113246208,524288,Fresh measured 5x5 source union for the sealed x175 prospective validation; target-line losses are evaluation-only.,controlled_model_dim_source_prefix_smalln_5x5,15401080.0,15401080.0,0.0,0.162821576719,8,5p_to_3x3_to_4x4_to_5x5_nested,9,1.305337,0,216,113246208,1.0,offline_union_5x5_x175_prospective,2:1,0:0;0:1;0:2;0:3;0:4;1:0;1:1;1:2;1:3;1:4;2:0;2:1;2:2;2:3;2:4;3:0;3:1;3:2;3:3;3:4;4:0;4:1;4:2;4:3;4:4,high_corner_x175_prospective_5x5,"train_seed,train_row_group_start,train_length_multiplier",held_out_evaluation_only,Submit GPU jobs to gpumedium; do not use pilot/gpupilot.
fsl_highcorner_x175_source5x5_s301_312_20260713_2115_n2-d1-dep4-md320-it216-x1p00-s309-rg0,source_delta_support_process_control,canonical,4,72,64,320,309,216,113246208,524288,16,2048,40,1,L,fsl-highcorner-x175-source5x5-s301-312-20260713-2115-n2-d1-dep4-md320-it216-x1p00-s309-rg0,2,1,roihu_delta_support_process_control,4,113246208,524288,Fresh measured 5x5 source union for the sealed x175 prospective validation; target-line losses are evaluation-only.,controlled_model_dim_source_prefix_smalln_5x5,15401080.0,15401080.0,0.0,0.162821576719,8,5p_to_3x3_to_4x4_to_5x5_nested,9,1.305337,0,216,113246208,1.0,offline_union_5x5_x175_prospective,2:1,0:0;0:1;0:2;0:3;0:4;1:0;1:1;1:2;1:3;1:4;2:0;2:1;2:2;2:3;2:4;3:0;3:1;3:2;3:3;3:4;4:0;4:1;4:2;4:3;4:4,high_corner_x175_prospective_5x5,"train_seed,train_row_group_start,train_length_multiplier",held_out_evaluation_only,Submit GPU jobs to gpumedium; do not use pilot/gpupilot.
fsl_highcorner_x175_source5x5_s301_312_20260713_2115_n2-d1-dep4-md320-it216-x1p00-s310-rg0,source_delta_support_process_control,canonical,4,72,64,320,310,216,113246208,524288,16,2048,40,1,L,fsl-highcorner-x175-source5x5-s301-312-20260713-2115-n2-d1-dep4-md320-it216-x1p00-s310-rg0,2,1,roihu_delta_support_process_control,4,113246208,524288,Fresh measured 5x5 source union for the sealed x175 prospective validation; target-line losses are evaluation-only.,controlled_model_dim_source_prefix_smalln_5x5,15401080.0,15401080.0,0.0,0.162821576719,8,5p_to_3x3_to_4x4_to_5x5_nested,9,1.305337,0,216,113246208,1.0,offline_union_5x5_x175_prospective,2:1,0:0;0:1;0:2;0:3;0:4;1:0;1:1;1:2;1:3;1:4;2:0;2:1;2:2;2:3;2:4;3:0;3:1;3:2;3:3;3:4;4:0;4:1;4:2;4:3;4:4,high_corner_x175_prospective_5x5,"train_seed,train_row_group_start,train_length_multiplier",held_out_evaluation_only,Submit GPU jobs to gpumedium; do not use pilot/gpupilot.
fsl_highcorner_x175_source5x5_s301_312_20260713_2115_n2-d1-dep4-md320-it216-x1p00-s311-rg0,source_delta_support_process_control,canonical,4,72,64,320,311,216,113246208,524288,16,2048,40,1,L,fsl-highcorner-x175-source5x5-s301-312-20260713-2115-n2-d1-dep4-md320-it216-x1p00-s311-rg0,2,1,roihu_delta_support_process_control,4,113246208,524288,Fresh measured 5x5 source union for the sealed x175 prospective validation; target-line losses are evaluation-only.,controlled_model_dim_source_prefix_smalln_5x5,15401080.0,15401080.0,0.0,0.162821576719,8,5p_to_3x3_to_4x4_to_5x5_nested,9,1.305337,0,216,113246208,1.0,offline_union_5x5_x175_prospective,2:1,0:0;0:1;0:2;0:3;0:4;1:0;1:1;1:2;1:3;1:4;2:0;2:1;2:2;2:3;2:4;3:0;3:1;3:2;3:3;3:4;4:0;4:1;4:2;4:3;4:4,high_corner_x175_prospective_5x5,"train_seed,train_row_group_start,train_length_multiplier",held_out_evaluation_only,Submit GPU jobs to gpumedium; do not use pilot/gpupilot.
fsl_highcorner_x175_source5x5_s301_312_20260713_2115_n2-d1-dep4-md320-it216-x1p00-s312-rg0,source_delta_support_process_control,canonical,4,72,64,320,312,216,113246208,524288,16,2048,40,1,L,fsl-highcorner-x175-source5x5-s301-312-20260713-2115-n2-d1-dep4-md320-it216-x1p00-s312-rg0,2,1,roihu_delta_support_process_control,4,113246208,524288,Fresh measured 5x5 source union for the sealed x175 prospective validation; target-line losses are evaluation-only.,controlled_model_dim_source_prefix_smalln_5x5,15401080.0,15401080.0,0.0,0.162821576719,8,5p_to_3x3_to_4x4_to_5x5_nested,9,1.305337,0,216,113246208,1.0,offline_union_5x5_x175_prospective,2:1,0:0;0:1;0:2;0:3;0:4;1:0;1:1;1:2;1:3;1:4;2:0;2:1;2:2;2:3;2:4;3:0;3:1;3:2;3:3;3:4;4:0;4:1;4:2;4:3;4:4,high_corner_x175_prospective_5x5,"train_seed,train_row_group_start,train_length_multiplier",held_out_evaluation_only,Submit GPU jobs to gpumedium; do not use pilot/gpupilot.
fsl_highcorner_x175_source5x5_s301_312_20260713_2115_n2-d2-dep4-md320-it324-x1p00-s301-rg0,source_delta_support_process_control,canonical,4,72,64,320,301,324,169869312,524288,16,2048,40,1,L,fsl-highcorner-x175-source5x5-s301-312-20260713-2115-n2-d2-dep4-md320-it324-x1p00-s301-rg0,2,2,roihu_delta_support_process_control,4,169869312,524288,Fresh measured 5x5 source union for the sealed x175 prospective validation; target-line losses are evaluation-only.,controlled_model_dim_source_prefix_smalln_5x5,15401080.0,15401080.0,0.0,0.162821576719,9,5p_to_3x3_to_4x4_to_5x5_nested,9,1.305337,0,324,169869312,1.0,offline_union_5x5_x175_prospective,2:2,0:0;0:1;0:2;0:3;0:4;1:0;1:1;1:2;1:3;1:4;2:0;2:1;2:2;2:3;2:4;3:0;3:1;3:2;3:3;3:4;4:0;4:1;4:2;4:3;4:4,high_corner_x175_prospective_5x5,"train_seed,train_row_group_start,train_length_multiplier",held_out_evaluation_only,Submit GPU jobs to gpumedium; do not use pilot/gpupilot.
fsl_highcorner_x175_source5x5_s301_312_20260713_2115_n2-d2-dep4-md320-it324-x1p00-s302-rg0,source_delta_support_process_control,canonical,4,72,64,320,302,324,169869312,524288,16,2048,40,1,L,fsl-highcorner-x175-source5x5-s301-312-20260713-2115-n2-d2-dep4-md320-it324-x1p00-s302-rg0,2,2,roihu_delta_support_process_control,4,169869312,524288,Fresh measured 5x5 source union for the sealed x175 prospective validation; target-line losses are evaluation-only.,controlled_model_dim_source_prefix_smalln_5x5,15401080.0,15401080.0,0.0,0.162821576719,9,5p_to_3x3_to_4x4_to_5x5_nested,9,1.305337,0,324,169869312,1.0,offline_union_5x5_x175_prospective,2:2,0:0;0:1;0:2;0:3;0:4;1:0;1:1;1:2;1:3;1:4;2:0;2:1;2:2;2:3;2:4;3:0;3:1;3:2;3:3;3:4;4:0;4:1;4:2;4:3;4:4,high_corner_x175_prospective_5x5,"train_seed,train_row_group_start,train_length_multiplier",held_out_evaluation_only,Submit GPU jobs to gpumedium; do not use pilot/gpupilot.
fsl_highcorner_x175_source5x5_s301_312_20260713_2115_n2-d2-dep4-md320-it324-x1p00-s303-rg0,source_delta_support_process_control,canonical,4,72,64,320,303,324,169869312,524288,16,2048,40,1,L,fsl-highcorner-x175-source5x5-s301-312-20260713-2115-n2-d2-dep4-md320-it324-x1p00-s303-rg0,2,2,roihu_delta_support_process_control,4,169869312,524288,Fresh measured 5x5 source union for the sealed x175 prospective validation; target-line losses are evaluation-only.,controlled_model_dim_source_prefix_smalln_5x5,15401080.0,15401080.0,0.0,0.162821576719,9,5p_to_3x3_to_4x4_to_5x5_nested,9,1.305337,0,324,169869312,1.0,offline_union_5x5_x175_prospective,2:2,0:0;0:1;0:2;0:3;0:4;1:0;1:1;1:2;1:3;1:4;2:0;2:1;2:2;2:3;2:4;3:0;3:1;3:2;3:3;3:4;4:0;4:1;4:2;4:3;4:4,high_corner_x175_prospective_5x5,"train_seed,train_row_group_start,train_length_multiplier",held_out_evaluation_only,Submit GPU jobs to gpumedium; do not use pilot/gpupilot.
fsl_highcorner_x175_source5x5_s301_312_20260713_2115_n2-d2-dep4-md320-it324-x1p00-s304-rg0,source_delta_support_process_control,canonical,4,72,64,320,304,324,169869312,524288,16,2048,40,1,L,fsl-highcorner-x175-source5x5-s301-312-20260713-2115-n2-d2-dep4-md320-it324-x1p00-s304-rg0,2,2,roihu_delta_support_process_control,4,169869312,524288,Fresh measured 5x5 source union for the sealed x175 prospective validation; target-line losses are evaluation-only.,controlled_model_dim_source_prefix_smalln_5x5,15401080.0,15401080.0,0.0,0.162821576719,9,5p_to_3x3_to_4x4_to_5x5_nested,9,1.305337,0,324,169869312,1.0,offline_union_5x5_x175_prospective,2:2,0:0;0:1;0:2;0:3;0:4;1:0;1:1;1:2;1:3;1:4;2:0;2:1;2:2;2:3;2:4;3:0;3:1;3:2;3:3;3:4;4:0;4:1;4:2;4:3;4:4,high_corner_x175_prospective_5x5,"train_seed,train_row_group_start,train_length_multiplier",held_out_evaluation_only,Submit GPU jobs to gpumedium; do not use pilot/gpupilot.
fsl_highcorner_x175_source5x5_s301_312_20260713_2115_n2-d2-dep4-md320-it324-x1p00-s305-rg0,source_delta_support_process_control,canonical,4,72,64,320,305,324,169869312,524288,16,2048,40,1,L,fsl-highcorner-x175-source5x5-s301-312-20260713-2115-n2-d2-dep4-md320-it324-x1p00-s305-rg0,2,2,roihu_delta_support_process_control,4,169869312,524288,Fresh measured 5x5 source union for the sealed x175 prospective validation; target-line losses are evaluation-only.,controlled_model_dim_source_prefix_smalln_5x5,15401080.0,15401080.0,0.0,0.162821576719,9,5p_to_3x3_to_4x4_to_5x5_nested,9,1.305337,0,324,169869312,1.0,offline_union_5x5_x175_prospective,2:2,0:0;0:1;0:2;0:3;0:4;1:0;1:1;1:2;1:3;1:4;2:0;2:1;2:2;2:3;2:4;3:0;3:1;3:2;3:3;3:4;4:0;4:1;4:2;4:3;4:4,high_corner_x175_prospective_5x5,"train_seed,train_row_group_start,train_length_multiplier",held_out_evaluation_only,Submit GPU jobs to gpumedium; do not use pilot/gpupilot.
fsl_highcorner_x175_source5x5_s301_312_20260713_2115_n2-d2-dep4-md320-it324-x1p00-s306-rg0,source_delta_support_process_control,canonical,4,72,64,320,306,324,169869312,524288,16,2048,40,1,L,fsl-highcorner-x175-source5x5-s301-312-20260713-2115-n2-d2-dep4-md320-it324-x1p00-s306-rg0,2,2,roihu_delta_support_process_control,4,169869312,524288,Fresh measured 5x5 source union for the sealed x175 prospective validation; target-line losses are evaluation-only.,controlled_model_dim_source_prefix_smalln_5x5,15401080.0,15401080.0,0.0,0.162821576719,9,5p_to_3x3_to_4x4_to_5x5_nested,9,1.305337,0,324,169869312,1.0,offline_union_5x5_x175_prospective,2:2,0:0;0:1;0:2;0:3;0:4;1:0;1:1;1:2;1:3;1:4;2:0;2:1;2:2;2:3;2:4;3:0;3:1;3:2;3:3;3:4;4:0;4:1;4:2;4:3;4:4,high_corner_x175_prospective_5x5,"train_seed,train_row_group_start,train_length_multiplier",held_out_evaluation_only,Submit GPU jobs to gpumedium; do not use pilot/gpupilot.
fsl_highcorner_x175_source5x5_s301_312_20260713_2115_n2-d2-dep4-md320-it324-x1p00-s307-rg0,source_delta_support_process_control,canonical,4,72,64,320,307,324,169869312,524288,16,2048,40,1,L,fsl-highcorner-x175-source5x5-s301-312-20260713-2115-n2-d2-dep4-md320-it324-x1p00-s307-rg0,2,2,roihu_delta_support_process_control,4,169869312,524288,Fresh measured 5x5 source union for the sealed x175 prospective validation; target-line losses are evaluation-only.,controlled_model_dim_source_prefix_smalln_5x5,15401080.0,15401080.0,0.0,0.162821576719,9,5p_to_3x3_to_4x4_to_5x5_nested,9,1.305337,0,324,169869312,1.0,offline_union_5x5_x175_prospective,2:2,0:0;0:1;0:2;0:3;0:4;1:0;1:1;1:2;1:3;1:4;2:0;2:1;2:2;2:3;2:4;3:0;3:1;3:2;3:3;3:4;4:0;4:1;4:2;4:3;4:4,high_corner_x175_prospective_5x5,"train_seed,train_row_group_start,train_length_multiplier",held_out_evaluation_only,Submit GPU jobs to gpumedium; do not use pilot/gpupilot.
fsl_highcorner_x175_source5x5_s301_312_20260713_2115_n2-d2-dep4-md320-it324-x1p00-s308-rg0,source_delta_support_process_control,canonical,4,72,64,320,308,324,169869312,524288,16,2048,40,1,L,fsl-highcorner-x175-source5x5-s301-312-20260713-2115-n2-d2-dep4-md320-it324-x1p00-s308-rg0,2,2,roihu_delta_support_process_control,4,169869312,524288,Fresh measured 5x5 source union for the sealed x175 prospective validation; target-line losses are evaluation-only.,controlled_model_dim_source_prefix_smalln_5x5,15401080.0,15401080.0,0.0,0.162821576719,9,5p_to_3x3_to_4x4_to_5x5_nested,9,1.305337,0,324,169869312,1.0,offline_union_5x5_x175_prospective,2:2,0:0;0:1;0:2;0:3;0:4;1:0;1:1;1:2;1:3;1:4;2:0;2:1;2:2;2:3;2:4;3:0;3:1;3:2;3:3;3:4;4:0;4:1;4:2;4:3;4:4,high_corner_x175_prospective_5x5,"train_seed,train_row_group_start,train_length_multiplier",held_out_evaluation_only,Submit GPU jobs to gpumedium; do not use pilot/gpupilot.
fsl_highcorner_x175_source5x5_s301_312_20260713_2115_n2-d2-dep4-md320-it324-x1p00-s309-rg0,source_delta_support_process_control,canonical,4,72,64,320,309,324,169869312,524288,16,2048,40,1,L,fsl-highcorner-x175-source5x5-s301-312-20260713-2115-n2-d2-dep4-md320-it324-x1p00-s309-rg0,2,2,roihu_delta_support_process_control,4,169869312,524288,Fresh measured 5x5 source union for the sealed x175 prospective validation; target-line losses are evaluation-only.,controlled_model_dim_source_prefix_smalln_5x5,15401080.0,15401080.0,0.0,0.162821576719,9,5p_to_3x3_to_4x4_to_5x5_nested,9,1.305337,0,324,169869312,1.0,offline_union_5x5_x175_prospective,2:2,0:0;0:1;0:2;0:3;0:4;1:0;1:1;1:2;1:3;1:4;2:0;2:1;2:2;2:3;2:4;3:0;3:1;3:2;3:3;3:4;4:0;4:1;4:2;4:3;4:4,high_corner_x175_prospective_5x5,"train_seed,train_row_group_start,train_length_multiplier",held_out_evaluation_only,Submit GPU jobs to gpumedium; do not use pilot/gpupilot.
fsl_highcorner_x175_source5x5_s301_312_20260713_2115_n2-d2-dep4-md320-it324-x1p00-s310-rg0,source_delta_support_process_control,canonical,4,72,64,320,310,324,169869312,524288,16,2048,40,1,L,fsl-highcorner-x175-source5x5-s301-312-20260713-2115-n2-d2-dep4-md320-it324-x1p00-s310-rg0,2,2,roihu_delta_support_process_control,4,169869312,524288,Fresh measured 5x5 source union for the sealed x175 prospective validation; target-line losses are evaluation-only.,controlled_model_dim_source_prefix_smalln_5x5,15401080.0,15401080.0,0.0,0.162821576719,9,5p_to_3x3_to_4x4_to_5x5_nested,9,1.305337,0,324,169869312,1.0,offline_union_5x5_x175_prospective,2:2,0:0;0:1;0:2;0:3;0:4;1:0;1:1;1:2;1:3;1:4;2:0;2:1;2:2;2:3;2:4;3:0;3:1;3:2;3:3;3:4;4:0;4:1;4:2;4:3;4:4,high_corner_x175_prospective_5x5,"train_seed,train_row_group_start,train_length_multiplier",held_out_evaluation_only,Submit GPU jobs to gpumedium; do not use pilot/gpupilot.
fsl_highcorner_x175_source5x5_s301_312_20260713_2115_n2-d2-dep4-md320-it324-x1p00-s311-rg0,source_delta_support_process_control,canonical,4,72,64,320,311,324,169869312,524288,16,2048,40,1,L,fsl-highcorner-x175-source5x5-s301-312-20260713-2115-n2-d2-dep4-md320-it324-x1p00-s311-rg0,2,2,roihu_delta_support_process_control,4,169869312,524288,Fresh measured 5x5 source union for the sealed x175 prospective validation; target-line losses are evaluation-only.,controlled_model_dim_source_prefix_smalln_5x5,15401080.0,15401080.0,0.0,0.162821576719,9,5p_to_3x3_to_4x4_to_5x5_nested,9,1.305337,0,324,169869312,1.0,offline_union_5x5_x175_prospective,2:2,0:0;0:1;0:2;0:3;0:4;1:0;1:1;1:2;1:3;1:4;2:0;2:1;2:2;2:3;2:4;3:0;3:1;3:2;3:3;3:4;4:0;4:1;4:2;4:3;4:4,high_corner_x175_prospective_5x5,"train_seed,train_row_group_start,train_length_multiplier",held_out_evaluation_only,Submit GPU jobs to gpumedium; do not use pilot/gpupilot.
fsl_highcorner_x175_source5x5_s301_312_20260713_2115_n2-d2-dep4-md320-it324-x1p00-s312-rg0,source_delta_support_process_control,canonical,4,72,64,320,312,324,169869312,524288,16,2048,40,1,L,fsl-highcorner-x175-source5x5-s301-312-20260713-2115-n2-d2-dep4-md320-it324-x1p00-s312-rg0,2,2,roihu_delta_support_process_control,4,169869312,524288,Fresh measured 5x5 source union for the sealed x175 prospective validation; target-line losses are evaluation-only.,controlled_model_dim_source_prefix_smalln_5x5,15401080.0,15401080.0,0.0,0.162821576719,9,5p_to_3x3_to_4x4_to_5x5_nested,9,1.305337,0,324,169869312,1.0,offline_union_5x5_x175_prospective,2:2,0:0;0:1;0:2;0:3;0:4;1:0;1:1;1:2;1:3;1:4;2:0;2:1;2:2;2:3;2:4;3:0;3:1;3:2;3:3;3:4;4:0;4:1;4:2;4:3;4:4,high_corner_x175_prospective_5x5,"train_seed,train_row_group_start,train_length_multiplier",held_out_evaluation_only,Submit GPU jobs to gpumedium; do not use pilot/gpupilot.
fsl_highcorner_x175_source5x5_s301_312_20260713_2115_n2-d3-dep4-md320-it486-x1p00-s301-rg0,source_delta_support_process_control,canonical,4,72,64,320,301,486,254803968,524288,16,2048,40,1,L,fsl-highcorner-x175-source5x5-s301-312-20260713-2115-n2-d3-dep4-md320-it486-x1p00-s301-rg0,2,3,roihu_delta_support_process_control,4,254803968,524288,Fresh measured 5x5 source union for the sealed x175 prospective validation; target-line losses are evaluation-only.,controlled_model_dim_source_prefix_smalln_5x5,15401080.0,15401080.0,0.0,0.162821576719,15,5p_to_3x3_to_4x4_to_5x5_nested,16,1.305337,0,486,254803968,1.0,offline_union_5x5_x175_prospective,2:3,0:0;0:1;0:2;0:3;0:4;1:0;1:1;1:2;1:3;1:4;2:0;2:1;2:2;2:3;2:4;3:0;3:1;3:2;3:3;3:4;4:0;4:1;4:2;4:3;4:4,high_corner_x175_prospective_5x5,"train_seed,train_row_group_start,train_length_multiplier",held_out_evaluation_only,Submit GPU jobs to gpumedium; do not use pilot/gpupilot.
fsl_highcorner_x175_source5x5_s301_312_20260713_2115_n2-d3-dep4-md320-it486-x1p00-s302-rg0,source_delta_support_process_control,canonical,4,72,64,320,302,486,254803968,524288,16,2048,40,1,L,fsl-highcorner-x175-source5x5-s301-312-20260713-2115-n2-d3-dep4-md320-it486-x1p00-s302-rg0,2,3,roihu_delta_support_process_control,4,254803968,524288,Fresh measured 5x5 source union for the sealed x175 prospective validation; target-line losses are evaluation-only.,controlled_model_dim_source_prefix_smalln_5x5,15401080.0,15401080.0,0.0,0.162821576719,15,5p_to_3x3_to_4x4_to_5x5_nested,16,1.305337,0,486,254803968,1.0,offline_union_5x5_x175_prospective,2:3,0:0;0:1;0:2;0:3;0:4;1:0;1:1;1:2;1:3;1:4;2:0;2:1;2:2;2:3;2:4;3:0;3:1;3:2;3:3;3:4;4:0;4:1;4:2;4:3;4:4,high_corner_x175_prospective_5x5,"train_seed,train_row_group_start,train_length_multiplier",held_out_evaluation_only,Submit GPU jobs to gpumedium; do not use pilot/gpupilot.
fsl_highcorner_x175_source5x5_s301_312_20260713_2115_n2-d3-dep4-md320-it486-x1p00-s303-rg0,source_delta_support_process_control,canonical,4,72,64,320,303,486,254803968,524288,16,2048,40,1,L,fsl-highcorner-x175-source5x5-s301-312-20260713-2115-n2-d3-dep4-md320-it486-x1p00-s303-rg0,2,3,roihu_delta_support_process_control,4,254803968,524288,Fresh measured 5x5 source union for the sealed x175 prospective validation; target-line losses are evaluation-only.,controlled_model_dim_source_prefix_smalln_5x5,15401080.0,15401080.0,0.0,0.162821576719,15,5p_to_3x3_to_4x4_to_5x5_nested,16,1.305337,0,486,254803968,1.0,offline_union_5x5_x175_prospective,2:3,0:0;0:1;0:2;0:3;0:4;1:0;1:1;1:2;1:3;1:4;2:0;2:1;2:2;2:3;2:4;3:0;3:1;3:2;3:3;3:4;4:0;4:1;4:2;4:3;4:4,high_corner_x175_prospective_5x5,"train_seed,train_row_group_start,train_length_multiplier",held_out_evaluation_only,Submit GPU jobs to gpumedium; do not use pilot/gpupilot.
fsl_highcorner_x175_source5x5_s301_312_20260713_2115_n2-d3-dep4-md320-it486-x1p00-s304-rg0,source_delta_support_process_control,canonical,4,72,64,320,304,486,254803968,524288,16,2048,40,1,L,fsl-highcorner-x175-source5x5-s301-312-20260713-2115-n2-d3-dep4-md320-it486-x1p00-s304-rg0,2,3,roihu_delta_support_process_control,4,254803968,524288,Fresh measured 5x5 source union for the sealed x175 prospective validation; target-line losses are evaluation-only.,controlled_model_dim_source_prefix_smalln_5x5,15401080.0,15401080.0,0.0,0.162821576719,15,5p_to_3x3_to_4x4_to_5x5_nested,16,1.305337,0,486,254803968,1.0,offline_union_5x5_x175_prospective,2:3,0:0;0:1;0:2;0:3;0:4;1:0;1:1;1:2;1:3;1:4;2:0;2:1;2:2;2:3;2:4;3:0;3:1;3:2;3:3;3:4;4:0;4:1;4:2;4:3;4:4,high_corner_x175_prospective_5x5,"train_seed,train_row_group_start,train_length_multiplier",held_out_evaluation_only,Submit GPU jobs to gpumedium; do not use pilot/gpupilot.
fsl_highcorner_x175_source5x5_s301_312_20260713_2115_n2-d3-dep4-md320-it486-x1p00-s305-rg0,source_delta_support_process_control,canonical,4,72,64,320,305,486,254803968,524288,16,2048,40,1,L,fsl-highcorner-x175-source5x5-s301-312-20260713-2115-n2-d3-dep4-md320-it486-x1p00-s305-rg0,2,3,roihu_delta_support_process_control,4,254803968,524288,Fresh measured 5x5 source union for the sealed x175 prospective validation; target-line losses are evaluation-only.,controlled_model_dim_source_prefix_smalln_5x5,15401080.0,15401080.0,0.0,0.162821576719,15,5p_to_3x3_to_4x4_to_5x5_nested,16,1.305337,0,486,254803968,1.0,offline_union_5x5_x175_prospective,2:3,0:0;0:1;0:2;0:3;0:4;1:0;1:1;1:2;1:3;1:4;2:0;2:1;2:2;2:3;2:4;3:0;3:1;3:2;3:3;3:4;4:0;4:1;4:2;4:3;4:4,high_corner_x175_prospective_5x5,"train_seed,train_row_group_start,train_length_multiplier",held_out_evaluation_only,Submit GPU jobs to gpumedium; do not use pilot/gpupilot.
fsl_highcorner_x175_source5x5_s301_312_20260713_2115_n2-d3-dep4-md320-it486-x1p00-s306-rg0,source_delta_support_process_control,canonical,4,72,64,320,306,486,254803968,524288,16,2048,40,1,L,fsl-highcorner-x175-source5x5-s301-312-20260713-2115-n2-d3-dep4-md320-it486-x1p00-s306-rg0,2,3,roihu_delta_support_process_control,4,254803968,524288,Fresh measured 5x5 source union for the sealed x175 prospective validation; target-line losses are evaluation-only.,controlled_model_dim_source_prefix_smalln_5x5,15401080.0,15401080.0,0.0,0.162821576719,15,5p_to_3x3_to_4x4_to_5x5_nested,16,1.305337,0,486,254803968,1.0,offline_union_5x5_x175_prospective,2:3,0:0;0:1;0:2;0:3;0:4;1:0;1:1;1:2;1:3;1:4;2:0;2:1;2:2;2:3;2:4;3:0;3:1;3:2;3:3;3:4;4:0;4:1;4:2;4:3;4:4,high_corner_x175_prospective_5x5,"train_seed,train_row_group_start,train_length_multiplier",held_out_evaluation_only,Submit GPU jobs to gpumedium; do not use pilot/gpupilot.
fsl_highcorner_x175_source5x5_s301_312_20260713_2115_n2-d3-dep4-md320-it486-x1p00-s307-rg0,source_delta_support_process_control,canonical,4,72,64,320,307,486,254803968,524288,16,2048,40,1,L,fsl-highcorner-x175-source5x5-s301-312-20260713-2115-n2-d3-dep4-md320-it486-x1p00-s307-rg0,2,3,roihu_delta_support_process_control,4,254803968,524288,Fresh measured 5x5 source union for the sealed x175 prospective validation; target-line losses are evaluation-only.,controlled_model_dim_source_prefix_smalln_5x5,15401080.0,15401080.0,0.0,0.162821576719,15,5p_to_3x3_to_4x4_to_5x5_nested,16,1.305337,0,486,254803968,1.0,offline_union_5x5_x175_prospective,2:3,0:0;0:1;0:2;0:3;0:4;1:0;1:1;1:2;1:3;1:4;2:0;2:1;2:2;2:3;2:4;3:0;3:1;3:2;3:3;3:4;4:0;4:1;4:2;4:3;4:4,high_corner_x175_prospective_5x5,"train_seed,train_row_group_start,train_length_multiplier",held_out_evaluation_only,Submit GPU jobs to gpumedium; do not use pilot/gpupilot.
fsl_highcorner_x175_source5x5_s301_312_20260713_2115_n2-d3-dep4-md320-it486-x1p00-s308-rg0,source_delta_support_process_control,canonical,4,72,64,320,308,486,254803968,524288,16,2048,40,1,L,fsl-highcorner-x175-source5x5-s301-312-20260713-2115-n2-d3-dep4-md320-it486-x1p00-s308-rg0,2,3,roihu_delta_support_process_control,4,254803968,524288,Fresh measured 5x5 source union for the sealed x175 prospective validation; target-line losses are evaluation-only.,controlled_model_dim_source_prefix_smalln_5x5,15401080.0,15401080.0,0.0,0.162821576719,15,5p_to_3x3_to_4x4_to_5x5_nested,16,1.305337,0,486,254803968,1.0,offline_union_5x5_x175_prospective,2:3,0:0;0:1;0:2;0:3;0:4;1:0;1:1;1:2;1:3;1:4;2:0;2:1;2:2;2:3;2:4;3:0;3:1;3:2;3:3;3:4;4:0;4:1;4:2;4:3;4:4,high_corner_x175_prospective_5x5,"train_seed,train_row_group_start,train_length_multiplier",held_out_evaluation_only,Submit GPU jobs to gpumedium; do not use pilot/gpupilot.
fsl_highcorner_x175_source5x5_s301_312_20260713_2115_n2-d3-dep4-md320-it486-x1p00-s309-rg0,source_delta_support_process_control,canonical,4,72,64,320,309,486,254803968,524288,16,2048,40,1,L,fsl-highcorner-x175-source5x5-s301-312-20260713-2115-n2-d3-dep4-md320-it486-x1p00-s309-rg0,2,3,roihu_delta_support_process_control,4,254803968,524288,Fresh measured 5x5 source union for the sealed x175 prospective validation; target-line losses are evaluation-only.,controlled_model_dim_source_prefix_smalln_5x5,15401080.0,15401080.0,0.0,0.162821576719,15,5p_to_3x3_to_4x4_to_5x5_nested,16,1.305337,0,486,254803968,1.0,offline_union_5x5_x175_prospective,2:3,0:0;0:1;0:2;0:3;0:4;1:0;1:1;1:2;1:3;1:4;2:0;2:1;2:2;2:3;2:4;3:0;3:1;3:2;3:3;3:4;4:0;4:1;4:2;4:3;4:4,high_corner_x175_prospective_5x5,"train_seed,train_row_group_start,train_length_multiplier",held_out_evaluation_only,Submit GPU jobs to gpumedium; do not use pilot/gpupilot.
fsl_highcorner_x175_source5x5_s301_312_20260713_2115_n2-d3-dep4-md320-it486-x1p00-s310-rg0,source_delta_support_process_control,canonical,4,72,64,320,310,486,254803968,524288,16,2048,40,1,L,fsl-highcorner-x175-source5x5-s301-312-20260713-2115-n2-d3-dep4-md320-it486-x1p00-s310-rg0,2,3,roihu_delta_support_process_control,4,254803968,524288,Fresh measured 5x5 source union for the sealed x175 prospective validation; target-line losses are evaluation-only.,controlled_model_dim_source_prefix_smalln_5x5,15401080.0,15401080.0,0.0,0.162821576719,15,5p_to_3x3_to_4x4_to_5x5_nested,16,1.305337,0,486,254803968,1.0,offline_union_5x5_x175_prospective,2:3,0:0;0:1;0:2;0:3;0:4;1:0;1:1;1:2;1:3;1:4;2:0;2:1;2:2;2:3;2:4;3:0;3:1;3:2;3:3;3:4;4:0;4:1;4:2;4:3;4:4,high_corner_x175_prospective_5x5,"train_seed,train_row_group_start,train_length_multiplier",held_out_evaluation_only,Submit GPU jobs to gpumedium; do not use pilot/gpupilot.
fsl_highcorner_x175_source5x5_s301_312_20260713_2115_n2-d3-dep4-md320-it486-x1p00-s311-rg0,source_delta_support_process_control,canonical,4,72,64,320,311,486,254803968,524288,16,2048,40,1,L,fsl-highcorner-x175-source5x5-s301-312-20260713-2115-n2-d3-dep4-md320-it486-x1p00-s311-rg0,2,3,roihu_delta_support_process_control,4,254803968,524288,Fresh measured 5x5 source union for the sealed x175 prospective validation; target-line losses are evaluation-only.,controlled_model_dim_source_prefix_smalln_5x5,15401080.0,15401080.0,0.0,0.162821576719,15,5p_to_3x3_to_4x4_to_5x5_nested,16,1.305337,0,486,254803968,1.0,offline_union_5x5_x175_prospective,2:3,0:0;0:1;0:2;0:3;0:4;1:0;1:1;1:2;1:3;1:4;2:0;2:1;2:2;2:3;2:4;3:0;3:1;3:2;3:3;3:4;4:0;4:1;4:2;4:3;4:4,high_corner_x175_prospective_5x5,"train_seed,train_row_group_start,train_length_multiplier",held_out_evaluation_only,Submit GPU jobs to gpumedium; do not use pilot/gpupilot.
fsl_highcorner_x175_source5x5_s301_312_20260713_2115_n2-d3-dep4-md320-it486-x1p00-s312-rg0,source_delta_support_process_control,canonical,4,72,64,320,312,486,254803968,524288,16,2048,40,1,L,fsl-highcorner-x175-source5x5-s301-312-20260713-2115-n2-d3-dep4-md320-it486-x1p00-s312-rg0,2,3,roihu_delta_support_process_control,4,254803968,524288,Fresh measured 5x5 source union for the sealed x175 prospective validation; target-line losses are evaluation-only.,controlled_model_dim_source_prefix_smalln_5x5,15401080.0,15401080.0,0.0,0.162821576719,15,5p_to_3x3_to_4x4_to_5x5_nested,16,1.305337,0,486,254803968,1.0,offline_union_5x5_x175_prospective,2:3,0:0;0:1;0:2;0:3;0:4;1:0;1:1;1:2;1:3;1:4;2:0;2:1;2:2;2:3;2:4;3:0;3:1;3:2;3:3;3:4;4:0;4:1;4:2;4:3;4:4,high_corner_x175_prospective_5x5,"train_seed,train_row_group_start,train_length_multiplier",held_out_evaluation_only,Submit GPU jobs to gpumedium; do not use pilot/gpupilot.
fsl_highcorner_x175_source5x5_s301_312_20260713_2115_n2-d4-dep4-md320-it729-x1p00-s301-rg0,source_delta_support_process_control,canonical,4,72,64,320,301,729,382205952,524288,16,2048,40,1,L,fsl-highcorner-x175-source5x5-s301-312-20260713-2115-n2-d4-dep4-md320-it729-x1p00-s301-rg0,2,4,roihu_delta_support_process_control,4,382205952,524288,Fresh measured 5x5 source union for the sealed x175 prospective validation; target-line losses are evaluation-only.,controlled_model_dim_source_prefix_smalln_5x5,15401080.0,15401080.0,0.0,0.162821576719,23,5p_to_3x3_to_4x4_to_5x5_nested,25,1.305337,0,729,382205952,1.0,offline_union_5x5_x175_prospective,2:4,0:0;0:1;0:2;0:3;0:4;1:0;1:1;1:2;1:3;1:4;2:0;2:1;2:2;2:3;2:4;3:0;3:1;3:2;3:3;3:4;4:0;4:1;4:2;4:3;4:4,high_corner_x175_prospective_5x5,"train_seed,train_row_group_start,train_length_multiplier",held_out_evaluation_only,Submit GPU jobs to gpumedium; do not use pilot/gpupilot.
fsl_highcorner_x175_source5x5_s301_312_20260713_2115_n2-d4-dep4-md320-it729-x1p00-s302-rg0,source_delta_support_process_control,canonical,4,72,64,320,302,729,382205952,524288,16,2048,40,1,L,fsl-highcorner-x175-source5x5-s301-312-20260713-2115-n2-d4-dep4-md320-it729-x1p00-s302-rg0,2,4,roihu_delta_support_process_control,4,382205952,524288,Fresh measured 5x5 source union for the sealed x175 prospective validation; target-line losses are evaluation-only.,controlled_model_dim_source_prefix_smalln_5x5,15401080.0,15401080.0,0.0,0.162821576719,23,5p_to_3x3_to_4x4_to_5x5_nested,25,1.305337,0,729,382205952,1.0,offline_union_5x5_x175_prospective,2:4,0:0;0:1;0:2;0:3;0:4;1:0;1:1;1:2;1:3;1:4;2:0;2:1;2:2;2:3;2:4;3:0;3:1;3:2;3:3;3:4;4:0;4:1;4:2;4:3;4:4,high_corner_x175_prospective_5x5,"train_seed,train_row_group_start,train_length_multiplier",held_out_evaluation_only,Submit GPU jobs to gpumedium; do not use pilot/gpupilot.
fsl_highcorner_x175_source5x5_s301_312_20260713_2115_n2-d4-dep4-md320-it729-x1p00-s303-rg0,source_delta_support_process_control,canonical,4,72,64,320,303,729,382205952,524288,16,2048,40,1,L,fsl-highcorner-x175-source5x5-s301-312-20260713-2115-n2-d4-dep4-md320-it729-x1p00-s303-rg0,2,4,roihu_delta_support_process_control,4,382205952,524288,Fresh measured 5x5 source union for the sealed x175 prospective validation; target-line losses are evaluation-only.,controlled_model_dim_source_prefix_smalln_5x5,15401080.0,15401080.0,0.0,0.162821576719,23,5p_to_3x3_to_4x4_to_5x5_nested,25,1.305337,0,729,382205952,1.0,offline_union_5x5_x175_prospective,2:4,0:0;0:1;0:2;0:3;0:4;1:0;1:1;1:2;1:3;1:4;2:0;2:1;2:2;2:3;2:4;3:0;3:1;3:2;3:3;3:4;4:0;4:1;4:2;4:3;4:4,high_corner_x175_prospective_5x5,"train_seed,train_row_group_start,train_length_multiplier",held_out_evaluation_only,Submit GPU jobs to gpumedium; do not use pilot/gpupilot.
fsl_highcorner_x175_source5x5_s301_312_20260713_2115_n2-d4-dep4-md320-it729-x1p00-s304-rg0,source_delta_support_process_control,canonical,4,72,64,320,304,729,382205952,524288,16,2048,40,1,L,fsl-highcorner-x175-source5x5-s301-312-20260713-2115-n2-d4-dep4-md320-it729-x1p00-s304-rg0,2,4,roihu_delta_support_process_control,4,382205952,524288,Fresh measured 5x5 source union for the sealed x175 prospective validation; target-line losses are evaluation-only.,controlled_model_dim_source_prefix_smalln_5x5,15401080.0,15401080.0,0.0,0.162821576719,23,5p_to_3x3_to_4x4_to_5x5_nested,25,1.305337,0,729,382205952,1.0,offline_union_5x5_x175_prospective,2:4,0:0;0:1;0:2;0:3;0:4;1:0;1:1;1:2;1:3;1:4;2:0;2:1;2:2;2:3;2:4;3:0;3:1;3:2;3:3;3:4;4:0;4:1;4:2;4:3;4:4,high_corner_x175_prospective_5x5,"train_seed,train_row_group_start,train_length_multiplier",held_out_evaluation_only,Submit GPU jobs to gpumedium; do not use pilot/gpupilot.
fsl_highcorner_x175_source5x5_s301_312_20260713_2115_n2-d4-dep4-md320-it729-x1p00-s305-rg0,source_delta_support_process_control,canonical,4,72,64,320,305,729,382205952,524288,16,2048,40,1,L,fsl-highcorner-x175-source5x5-s301-312-20260713-2115-n2-d4-dep4-md320-it729-x1p00-s305-rg0,2,4,roihu_delta_support_process_control,4,382205952,524288,Fresh measured 5x5 source union for the sealed x175 prospective validation; target-line losses are evaluation-only.,controlled_model_dim_source_prefix_smalln_5x5,15401080.0,15401080.0,0.0,0.162821576719,23,5p_to_3x3_to_4x4_to_5x5_nested,25,1.305337,0,729,382205952,1.0,offline_union_5x5_x175_prospective,2:4,0:0;0:1;0:2;0:3;0:4;1:0;1:1;1:2;1:3;1:4;2:0;2:1;2:2;2:3;2:4;3:0;3:1;3:2;3:3;3:4;4:0;4:1;4:2;4:3;4:4,high_corner_x175_prospective_5x5,"train_seed,train_row_group_start,train_length_multiplier",held_out_evaluation_only,Submit GPU jobs to gpumedium; do not use pilot/gpupilot.
fsl_highcorner_x175_source5x5_s301_312_20260713_2115_n2-d4-dep4-md320-it729-x1p00-s306-rg0,source_delta_support_process_control,canonical,4,72,64,320,306,729,382205952,524288,16,2048,40,1,L,fsl-highcorner-x175-source5x5-s301-312-20260713-2115-n2-d4-dep4-md320-it729-x1p00-s306-rg0,2,4,roihu_delta_support_process_control,4,382205952,524288,Fresh measured 5x5 source union for the sealed x175 prospective validation; target-line losses are evaluation-only.,controlled_model_dim_source_prefix_smalln_5x5,15401080.0,15401080.0,0.0,0.162821576719,23,5p_to_3x3_to_4x4_to_5x5_nested,25,1.305337,0,729,382205952,1.0,offline_union_5x5_x175_prospective,2:4,0:0;0:1;0:2;0:3;0:4;1:0;1:1;1:2;1:3;1:4;2:0;2:1;2:2;2:3;2:4;3:0;3:1;3:2;3:3;3:4;4:0;4:1;4:2;4:3;4:4,high_corner_x175_prospective_5x5,"train_seed,train_row_group_start,train_length_multiplier",held_out_evaluation_only,Submit GPU jobs to gpumedium; do not use pilot/gpupilot.
fsl_highcorner_x175_source5x5_s301_312_20260713_2115_n2-d4-dep4-md320-it729-x1p00-s307-rg0,source_delta_support_process_control,canonical,4,72,64,320,307,729,382205952,524288,16,2048,40,1,L,fsl-highcorner-x175-source5x5-s301-312-20260713-2115-n2-d4-dep4-md320-it729-x1p00-s307-rg0,2,4,roihu_delta_support_process_control,4,382205952,524288,Fresh measured 5x5 source union for the sealed x175 prospective validation; target-line losses are evaluation-only.,controlled_model_dim_source_prefix_smalln_5x5,15401080.0,15401080.0,0.0,0.162821576719,23,5p_to_3x3_to_4x4_to_5x5_nested,25,1.305337,0,729,382205952,1.0,offline_union_5x5_x175_prospective,2:4,0:0;0:1;0:2;0:3;0:4;1:0;1:1;1:2;1:3;1:4;2:0;2:1;2:2;2:3;2:4;3:0;3:1;3:2;3:3;3:4;4:0;4:1;4:2;4:3;4:4,high_corner_x175_prospective_5x5,"train_seed,train_row_group_start,train_length_multiplier",held_out_evaluation_only,Submit GPU jobs to gpumedium; do not use pilot/gpupilot.
fsl_highcorner_x175_source5x5_s301_312_20260713_2115_n2-d4-dep4-md320-it729-x1p00-s308-rg0,source_delta_support_process_control,canonical,4,72,64,320,308,729,382205952,524288,16,2048,40,1,L,fsl-highcorner-x175-source5x5-s301-312-20260713-2115-n2-d4-dep4-md320-it729-x1p00-s308-rg0,2,4,roihu_delta_support_process_control,4,382205952,524288,Fresh measured 5x5 source union for the sealed x175 prospective validation; target-line losses are evaluation-only.,controlled_model_dim_source_prefix_smalln_5x5,15401080.0,15401080.0,0.0,0.162821576719,23,5p_to_3x3_to_4x4_to_5x5_nested,25,1.305337,0,729,382205952,1.0,offline_union_5x5_x175_prospective,2:4,0:0;0:1;0:2;0:3;0:4;1:0;1:1;1:2;1:3;1:4;2:0;2:1;2:2;2:3;2:4;3:0;3:1;3:2;3:3;3:4;4:0;4:1;4:2;4:3;4:4,high_corner_x175_prospective_5x5,"train_seed,train_row_group_start,train_length_multiplier",held_out_evaluation_only,Submit GPU jobs to gpumedium; do not use pilot/gpupilot.
fsl_highcorner_x175_source5x5_s301_312_20260713_2115_n2-d4-dep4-md320-it729-x1p00-s309-rg0,source_delta_support_process_control,canonical,4,72,64,320,309,729,382205952,524288,16,2048,40,1,L,fsl-highcorner-x175-source5x5-s301-312-20260713-2115-n2-d4-dep4-md320-it729-x1p00-s309-rg0,2,4,roihu_delta_support_process_control,4,382205952,524288,Fresh measured 5x5 source union for the sealed x175 prospective validation; target-line losses are evaluation-only.,controlled_model_dim_source_prefix_smalln_5x5,15401080.0,15401080.0,0.0,0.162821576719,23,5p_to_3x3_to_4x4_to_5x5_nested,25,1.305337,0,729,382205952,1.0,offline_union_5x5_x175_prospective,2:4,0:0;0:1;0:2;0:3;0:4;1:0;1:1;1:2;1:3;1:4;2:0;2:1;2:2;2:3;2:4;3:0;3:1;3:2;3:3;3:4;4:0;4:1;4:2;4:3;4:4,high_corner_x175_prospective_5x5,"train_seed,train_row_group_start,train_length_multiplier",held_out_evaluation_only,Submit GPU jobs to gpumedium; do not use pilot/gpupilot.
fsl_highcorner_x175_source5x5_s301_312_20260713_2115_n2-d4-dep4-md320-it729-x1p00-s310-rg0,source_delta_support_process_control,canonical,4,72,64,320,310,729,382205952,524288,16,2048,40,1,L,fsl-highcorner-x175-source5x5-s301-312-20260713-2115-n2-d4-dep4-md320-it729-x1p00-s310-rg0,2,4,roihu_delta_support_process_control,4,382205952,524288,Fresh measured 5x5 source union for the sealed x175 prospective validation; target-line losses are evaluation-only.,controlled_model_dim_source_prefix_smalln_5x5,15401080.0,15401080.0,0.0,0.162821576719,23,5p_to_3x3_to_4x4_to_5x5_nested,25,1.305337,0,729,382205952,1.0,offline_union_5x5_x175_prospective,2:4,0:0;0:1;0:2;0:3;0:4;1:0;1:1;1:2;1:3;1:4;2:0;2:1;2:2;2:3;2:4;3:0;3:1;3:2;3:3;3:4;4:0;4:1;4:2;4:3;4:4,high_corner_x175_prospective_5x5,"train_seed,train_row_group_start,train_length_multiplier",held_out_evaluation_only,Submit GPU jobs to gpumedium; do not use pilot/gpupilot.
fsl_highcorner_x175_source5x5_s301_312_20260713_2115_n2-d4-dep4-md320-it729-x1p00-s311-rg0,source_delta_support_process_control,canonical,4,72,64,320,311,729,382205952,524288,16,2048,40,1,L,fsl-highcorner-x175-source5x5-s301-312-20260713-2115-n2-d4-dep4-md320-it729-x1p00-s311-rg0,2,4,roihu_delta_support_process_control,4,382205952,524288,Fresh measured 5x5 source union for the sealed x175 prospective validation; target-line losses are evaluation-only.,controlled_model_dim_source_prefix_smalln_5x5,15401080.0,15401080.0,0.0,0.162821576719,23,5p_to_3x3_to_4x4_to_5x5_nested,25,1.305337,0,729,382205952,1.0,offline_union_5x5_x175_prospective,2:4,0:0;0:1;0:2;0:3;0:4;1:0;1:1;1:2;1:3;1:4;2:0;2:1;2:2;2:3;2:4;3:0;3:1;3:2;3:3;3:4;4:0;4:1;4:2;4:3;4:4,high_corner_x175_prospective_5x5,"train_seed,train_row_group_start,train_length_multiplier",held_out_evaluation_only,Submit GPU jobs to gpumedium; do not use pilot/gpupilot.
fsl_highcorner_x175_source5x5_s301_312_20260713_2115_n2-d4-dep4-md320-it729-x1p00-s312-rg0,source_delta_support_process_control,canonical,4,72,64,320,312,729,382205952,524288,16,2048,40,1,L,fsl-highcorner-x175-source5x5-s301-312-20260713-2115-n2-d4-dep4-md320-it729-x1p00-s312-rg0,2,4,roihu_delta_support_process_control,4,382205952,524288,Fresh measured 5x5 source union for the sealed x175 prospective validation; target-line losses are evaluation-only.,controlled_model_dim_source_prefix_smalln_5x5,15401080.0,15401080.0,0.0,0.162821576719,23,5p_to_3x3_to_4x4_to_5x5_nested,25,1.305337,0,729,382205952,1.0,offline_union_5x5_x175_prospective,2:4,0:0;0:1;0:2;0:3;0:4;1:0;1:1;1:2;1:3;1:4;2:0;2:1;2:2;2:3;2:4;3:0;3:1;3:2;3:3;3:4;4:0;4:1;4:2;4:3;4:4,high_corner_x175_prospective_5x5,"train_seed,train_row_group_start,train_length_multiplier",held_out_evaluation_only,Submit GPU jobs to gpumedium; do not use pilot/gpupilot.
fsl_highcorner_x175_source5x5_s301_312_20260713_2115_n3-d0-dep4-md512-it144-x1p00-s301-rg0,source_delta_support_process_control,canonical,4,72,64,512,301,144,75497472,524288,16,2048,40,1,L,fsl-highcorner-x175-source5x5-s301-312-20260713-2115-n3-d0-dep4-md512-it144-x1p00-s301-rg0,3,0,roihu_delta_support_process_control,4,75497472,524288,Fresh measured 5x5 source union for the sealed x175 prospective validation; target-line losses are evaluation-only.,controlled_model_dim_source_prefix_smalln_5x5,29360320.0,29360320.0,0.0,0.162821576719,10,5p_to_3x3_to_4x4_to_5x5_nested,16,1.305337,0,144,75497472,1.0,offline_union_5x5_x175_prospective,3:0,0:0;0:1;0:2;0:3;0:4;1:0;1:1;1:2;1:3;1:4;2:0;2:1;2:2;2:3;2:4;3:0;3:1;3:2;3:3;3:4;4:0;4:1;4:2;4:3;4:4,high_corner_x175_prospective_5x5,"train_seed,train_row_group_start,train_length_multiplier",held_out_evaluation_only,Submit GPU jobs to gpumedium; do not use pilot/gpupilot.
fsl_highcorner_x175_source5x5_s301_312_20260713_2115_n3-d0-dep4-md512-it144-x1p00-s302-rg0,source_delta_support_process_control,canonical,4,72,64,512,302,144,75497472,524288,16,2048,40,1,L,fsl-highcorner-x175-source5x5-s301-312-20260713-2115-n3-d0-dep4-md512-it144-x1p00-s302-rg0,3,0,roihu_delta_support_process_control,4,75497472,524288,Fresh measured 5x5 source union for the sealed x175 prospective validation; target-line losses are evaluation-only.,controlled_model_dim_source_prefix_smalln_5x5,29360320.0,29360320.0,0.0,0.162821576719,10,5p_to_3x3_to_4x4_to_5x5_nested,16,1.305337,0,144,75497472,1.0,offline_union_5x5_x175_prospective,3:0,0:0;0:1;0:2;0:3;0:4;1:0;1:1;1:2;1:3;1:4;2:0;2:1;2:2;2:3;2:4;3:0;3:1;3:2;3:3;3:4;4:0;4:1;4:2;4:3;4:4,high_corner_x175_prospective_5x5,"train_seed,train_row_group_start,train_length_multiplier",held_out_evaluation_only,Submit GPU jobs to gpumedium; do not use pilot/gpupilot.
fsl_highcorner_x175_source5x5_s301_312_20260713_2115_n3-d0-dep4-md512-it144-x1p00-s303-rg0,source_delta_support_process_control,canonical,4,72,64,512,303,144,75497472,524288,16,2048,40,1,L,fsl-highcorner-x175-source5x5-s301-312-20260713-2115-n3-d0-dep4-md512-it144-x1p00-s303-rg0,3,0,roihu_delta_support_process_control,4,75497472,524288,Fresh measured 5x5 source union for the sealed x175 prospective validation; target-line losses are evaluation-only.,controlled_model_dim_source_prefix_smalln_5x5,29360320.0,29360320.0,0.0,0.162821576719,10,5p_to_3x3_to_4x4_to_5x5_nested,16,1.305337,0,144,75497472,1.0,offline_union_5x5_x175_prospective,3:0,0:0;0:1;0:2;0:3;0:4;1:0;1:1;1:2;1:3;1:4;2:0;2:1;2:2;2:3;2:4;3:0;3:1;3:2;3:3;3:4;4:0;4:1;4:2;4:3;4:4,high_corner_x175_prospective_5x5,"train_seed,train_row_group_start,train_length_multiplier",held_out_evaluation_only,Submit GPU jobs to gpumedium; do not use pilot/gpupilot.
fsl_highcorner_x175_source5x5_s301_312_20260713_2115_n3-d0-dep4-md512-it144-x1p00-s304-rg0,source_delta_support_process_control,canonical,4,72,64,512,304,144,75497472,524288,16,2048,40,1,L,fsl-highcorner-x175-source5x5-s301-312-20260713-2115-n3-d0-dep4-md512-it144-x1p00-s304-rg0,3,0,roihu_delta_support_process_control,4,75497472,524288,Fresh measured 5x5 source union for the sealed x175 prospective validation; target-line losses are evaluation-only.,controlled_model_dim_source_prefix_smalln_5x5,29360320.0,29360320.0,0.0,0.162821576719,10,5p_to_3x3_to_4x4_to_5x5_nested,16,1.305337,0,144,75497472,1.0,offline_union_5x5_x175_prospective,3:0,0:0;0:1;0:2;0:3;0:4;1:0;1:1;1:2;1:3;1:4;2:0;2:1;2:2;2:3;2:4;3:0;3:1;3:2;3:3;3:4;4:0;4:1;4:2;4:3;4:4,high_corner_x175_prospective_5x5,"train_seed,train_row_group_start,train_length_multiplier",held_out_evaluation_only,Submit GPU jobs to gpumedium; do not use pilot/gpupilot.
fsl_highcorner_x175_source5x5_s301_312_20260713_2115_n3-d0-dep4-md512-it144-x1p00-s305-rg0,source_delta_support_process_control,canonical,4,72,64,512,305,144,75497472,524288,16,2048,40,1,L,fsl-highcorner-x175-source5x5-s301-312-20260713-2115-n3-d0-dep4-md512-it144-x1p00-s305-rg0,3,0,roihu_delta_support_process_control,4,75497472,524288,Fresh measured 5x5 source union for the sealed x175 prospective validation; target-line losses are evaluation-only.,controlled_model_dim_source_prefix_smalln_5x5,29360320.0,29360320.0,0.0,0.162821576719,10,5p_to_3x3_to_4x4_to_5x5_nested,16,1.305337,0,144,75497472,1.0,offline_union_5x5_x175_prospective,3:0,0:0;0:1;0:2;0:3;0:4;1:0;1:1;1:2;1:3;1:4;2:0;2:1;2:2;2:3;2:4;3:0;3:1;3:2;3:3;3:4;4:0;4:1;4:2;4:3;4:4,high_corner_x175_prospective_5x5,"train_seed,train_row_group_start,train_length_multiplier",held_out_evaluation_only,Submit GPU jobs to gpumedium; do not use pilot/gpupilot.
fsl_highcorner_x175_source5x5_s301_312_20260713_2115_n3-d0-dep4-md512-it144-x1p00-s306-rg0,source_delta_support_process_control,canonical,4,72,64,512,306,144,75497472,524288,16,2048,40,1,L,fsl-highcorner-x175-source5x5-s301-312-20260713-2115-n3-d0-dep4-md512-it144-x1p00-s306-rg0,3,0,roihu_delta_support_process_control,4,75497472,524288,Fresh measured 5x5 source union for the sealed x175 prospective validation; target-line losses are evaluation-only.,controlled_model_dim_source_prefix_smalln_5x5,29360320.0,29360320.0,0.0,0.162821576719,10,5p_to_3x3_to_4x4_to_5x5_nested,16,1.305337,0,144,75497472,1.0,offline_union_5x5_x175_prospective,3:0,0:0;0:1;0:2;0:3;0:4;1:0;1:1;1:2;1:3;1:4;2:0;2:1;2:2;2:3;2:4;3:0;3:1;3:2;3:3;3:4;4:0;4:1;4:2;4:3;4:4,high_corner_x175_prospective_5x5,"train_seed,train_row_group_start,train_length_multiplier",held_out_evaluation_only,Submit GPU jobs to gpumedium; do not use pilot/gpupilot.
fsl_highcorner_x175_source5x5_s301_312_20260713_2115_n3-d0-dep4-md512-it144-x1p00-s307-rg0,source_delta_support_process_control,canonical,4,72,64,512,307,144,75497472,524288,16,2048,40,1,L,fsl-highcorner-x175-source5x5-s301-312-20260713-2115-n3-d0-dep4-md512-it144-x1p00-s307-rg0,3,0,roihu_delta_support_process_control,4,75497472,524288,Fresh measured 5x5 source union for the sealed x175 prospective validation; target-line losses are evaluation-only.,controlled_model_dim_source_prefix_smalln_5x5,29360320.0,29360320.0,0.0,0.162821576719,10,5p_to_3x3_to_4x4_to_5x5_nested,16,1.305337,0,144,75497472,1.0,offline_union_5x5_x175_prospective,3:0,0:0;0:1;0:2;0:3;0:4;1:0;1:1;1:2;1:3;1:4;2:0;2:1;2:2;2:3;2:4;3:0;3:1;3:2;3:3;3:4;4:0;4:1;4:2;4:3;4:4,high_corner_x175_prospective_5x5,"train_seed,train_row_group_start,train_length_multiplier",held_out_evaluation_only,Submit GPU jobs to gpumedium; do not use pilot/gpupilot.
fsl_highcorner_x175_source5x5_s301_312_20260713_2115_n3-d0-dep4-md512-it144-x1p00-s308-rg0,source_delta_support_process_control,canonical,4,72,64,512,308,144,75497472,524288,16,2048,40,1,L,fsl-highcorner-x175-source5x5-s301-312-20260713-2115-n3-d0-dep4-md512-it144-x1p00-s308-rg0,3,0,roihu_delta_support_process_control,4,75497472,524288,Fresh measured 5x5 source union for the sealed x175 prospective validation; target-line losses are evaluation-only.,controlled_model_dim_source_prefix_smalln_5x5,29360320.0,29360320.0,0.0,0.162821576719,10,5p_to_3x3_to_4x4_to_5x5_nested,16,1.305337,0,144,75497472,1.0,offline_union_5x5_x175_prospective,3:0,0:0;0:1;0:2;0:3;0:4;1:0;1:1;1:2;1:3;1:4;2:0;2:1;2:2;2:3;2:4;3:0;3:1;3:2;3:3;3:4;4:0;4:1;4:2;4:3;4:4,high_corner_x175_prospective_5x5,"train_seed,train_row_group_start,train_length_multiplier",held_out_evaluation_only,Submit GPU jobs to gpumedium; do not use pilot/gpupilot.
fsl_highcorner_x175_source5x5_s301_312_20260713_2115_n3-d0-dep4-md512-it144-x1p00-s309-rg0,source_delta_support_process_control,canonical,4,72,64,512,309,144,75497472,524288,16,2048,40,1,L,fsl-highcorner-x175-source5x5-s301-312-20260713-2115-n3-d0-dep4-md512-it144-x1p00-s309-rg0,3,0,roihu_delta_support_process_control,4,75497472,524288,Fresh measured 5x5 source union for the sealed x175 prospective validation; target-line losses are evaluation-only.,controlled_model_dim_source_prefix_smalln_5x5,29360320.0,29360320.0,0.0,0.162821576719,10,5p_to_3x3_to_4x4_to_5x5_nested,16,1.305337,0,144,75497472,1.0,offline_union_5x5_x175_prospective,3:0,0:0;0:1;0:2;0:3;0:4;1:0;1:1;1:2;1:3;1:4;2:0;2:1;2:2;2:3;2:4;3:0;3:1;3:2;3:3;3:4;4:0;4:1;4:2;4:3;4:4,high_corner_x175_prospective_5x5,"train_seed,train_row_group_start,train_length_multiplier",held_out_evaluation_only,Submit GPU jobs to gpumedium; do not use pilot/gpupilot.
fsl_highcorner_x175_source5x5_s301_312_20260713_2115_n3-d0-dep4-md512-it144-x1p00-s310-rg0,source_delta_support_process_control,canonical,4,72,64,512,310,144,75497472,524288,16,2048,40,1,L,fsl-highcorner-x175-source5x5-s301-312-20260713-2115-n3-d0-dep4-md512-it144-x1p00-s310-rg0,3,0,roihu_delta_support_process_control,4,75497472,524288,Fresh measured 5x5 source union for the sealed x175 prospective validation; target-line losses are evaluation-only.,controlled_model_dim_source_prefix_smalln_5x5,29360320.0,29360320.0,0.0,0.162821576719,10,5p_to_3x3_to_4x4_to_5x5_nested,16,1.305337,0,144,75497472,1.0,offline_union_5x5_x175_prospective,3:0,0:0;0:1;0:2;0:3;0:4;1:0;1:1;1:2;1:3;1:4;2:0;2:1;2:2;2:3;2:4;3:0;3:1;3:2;3:3;3:4;4:0;4:1;4:2;4:3;4:4,high_corner_x175_prospective_5x5,"train_seed,train_row_group_start,train_length_multiplier",held_out_evaluation_only,Submit GPU jobs to gpumedium; do not use pilot/gpupilot.
fsl_highcorner_x175_source5x5_s301_312_20260713_2115_n3-d0-dep4-md512-it144-x1p00-s311-rg0,source_delta_support_process_control,canonical,4,72,64,512,311,144,75497472,524288,16,2048,40,1,L,fsl-highcorner-x175-source5x5-s301-312-20260713-2115-n3-d0-dep4-md512-it144-x1p00-s311-rg0,3,0,roihu_delta_support_process_control,4,75497472,524288,Fresh measured 5x5 source union for the sealed x175 prospective validation; target-line losses are evaluation-only.,controlled_model_dim_source_prefix_smalln_5x5,29360320.0,29360320.0,0.0,0.162821576719,10,5p_to_3x3_to_4x4_to_5x5_nested,16,1.305337,0,144,75497472,1.0,offline_union_5x5_x175_prospective,3:0,0:0;0:1;0:2;0:3;0:4;1:0;1:1;1:2;1:3;1:4;2:0;2:1;2:2;2:3;2:4;3:0;3:1;3:2;3:3;3:4;4:0;4:1;4:2;4:3;4:4,high_corner_x175_prospective_5x5,"train_seed,train_row_group_start,train_length_multiplier",held_out_evaluation_only,Submit GPU jobs to gpumedium; do not use pilot/gpupilot.
fsl_highcorner_x175_source5x5_s301_312_20260713_2115_n3-d0-dep4-md512-it144-x1p00-s312-rg0,source_delta_support_process_control,canonical,4,72,64,512,312,144,75497472,524288,16,2048,40,1,L,fsl-highcorner-x175-source5x5-s301-312-20260713-2115-n3-d0-dep4-md512-it144-x1p00-s312-rg0,3,0,roihu_delta_support_process_control,4,75497472,524288,Fresh measured 5x5 source union for the sealed x175 prospective validation; target-line losses are evaluation-only.,controlled_model_dim_source_prefix_smalln_5x5,29360320.0,29360320.0,0.0,0.162821576719,10,5p_to_3x3_to_4x4_to_5x5_nested,16,1.305337,0,144,75497472,1.0,offline_union_5x5_x175_prospective,3:0,0:0;0:1;0:2;0:3;0:4;1:0;1:1;1:2;1:3;1:4;2:0;2:1;2:2;2:3;2:4;3:0;3:1;3:2;3:3;3:4;4:0;4:1;4:2;4:3;4:4,high_corner_x175_prospective_5x5,"train_seed,train_row_group_start,train_length_multiplier",held_out_evaluation_only,Submit GPU jobs to gpumedium; do not use pilot/gpupilot.
fsl_highcorner_x175_source5x5_s301_312_20260713_2115_n3-d1-dep4-md512-it216-x1p00-s301-rg0,source_delta_support_process_control,canonical,4,72,64,512,301,216,113246208,524288,16,2048,40,1,L,fsl-highcorner-x175-source5x5-s301-312-20260713-2115-n3-d1-dep4-md512-it216-x1p00-s301-rg0,3,1,roihu_delta_support_process_control,4,113246208,524288,Fresh measured 5x5 source union for the sealed x175 prospective validation; target-line losses are evaluation-only.,controlled_model_dim_source_prefix_smalln_5x5,29360320.0,29360320.0,0.0,0.162821576719,11,5p_to_3x3_to_4x4_to_5x5_nested,16,1.305337,0,216,113246208,1.0,offline_union_5x5_x175_prospective,3:1,0:0;0:1;0:2;0:3;0:4;1:0;1:1;1:2;1:3;1:4;2:0;2:1;2:2;2:3;2:4;3:0;3:1;3:2;3:3;3:4;4:0;4:1;4:2;4:3;4:4,high_corner_x175_prospective_5x5,"train_seed,train_row_group_start,train_length_multiplier",held_out_evaluation_only,Submit GPU jobs to gpumedium; do not use pilot/gpupilot.
fsl_highcorner_x175_source5x5_s301_312_20260713_2115_n3-d1-dep4-md512-it216-x1p00-s302-rg0,source_delta_support_process_control,canonical,4,72,64,512,302,216,113246208,524288,16,2048,40,1,L,fsl-highcorner-x175-source5x5-s301-312-20260713-2115-n3-d1-dep4-md512-it216-x1p00-s302-rg0,3,1,roihu_delta_support_process_control,4,113246208,524288,Fresh measured 5x5 source union for the sealed x175 prospective validation; target-line losses are evaluation-only.,controlled_model_dim_source_prefix_smalln_5x5,29360320.0,29360320.0,0.0,0.162821576719,11,5p_to_3x3_to_4x4_to_5x5_nested,16,1.305337,0,216,113246208,1.0,offline_union_5x5_x175_prospective,3:1,0:0;0:1;0:2;0:3;0:4;1:0;1:1;1:2;1:3;1:4;2:0;2:1;2:2;2:3;2:4;3:0;3:1;3:2;3:3;3:4;4:0;4:1;4:2;4:3;4:4,high_corner_x175_prospective_5x5,"train_seed,train_row_group_start,train_length_multiplier",held_out_evaluation_only,Submit GPU jobs to gpumedium; do not use pilot/gpupilot.
fsl_highcorner_x175_source5x5_s301_312_20260713_2115_n3-d1-dep4-md512-it216-x1p00-s303-rg0,source_delta_support_process_control,canonical,4,72,64,512,303,216,113246208,524288,16,2048,40,1,L,fsl-highcorner-x175-source5x5-s301-312-20260713-2115-n3-d1-dep4-md512-it216-x1p00-s303-rg0,3,1,roihu_delta_support_process_control,4,113246208,524288,Fresh measured 5x5 source union for the sealed x175 prospective validation; target-line losses are evaluation-only.,controlled_model_dim_source_prefix_smalln_5x5,29360320.0,29360320.0,0.0,0.162821576719,11,5p_to_3x3_to_4x4_to_5x5_nested,16,1.305337,0,216,113246208,1.0,offline_union_5x5_x175_prospective,3:1,0:0;0:1;0:2;0:3;0:4;1:0;1:1;1:2;1:3;1:4;2:0;2:1;2:2;2:3;2:4;3:0;3:1;3:2;3:3;3:4;4:0;4:1;4:2;4:3;4:4,high_corner_x175_prospective_5x5,"train_seed,train_row_group_start,train_length_multiplier",held_out_evaluation_only,Submit GPU jobs to gpumedium; do not use pilot/gpupilot.
fsl_highcorner_x175_source5x5_s301_312_20260713_2115_n3-d1-dep4-md512-it216-x1p00-s304-rg0,source_delta_support_process_control,canonical,4,72,64,512,304,216,113246208,524288,16,2048,40,1,L,fsl-highcorner-x175-source5x5-s301-312-20260713-2115-n3-d1-dep4-md512-it216-x1p00-s304-rg0,3,1,roihu_delta_support_process_control,4,113246208,524288,Fresh measured 5x5 source union for the sealed x175 prospective validation; target-line losses are evaluation-only.,controlled_model_dim_source_prefix_smalln_5x5,29360320.0,29360320.0,0.0,0.162821576719,11,5p_to_3x3_to_4x4_to_5x5_nested,16,1.305337,0,216,113246208,1.0,offline_union_5x5_x175_prospective,3:1,0:0;0:1;0:2;0:3;0:4;1:0;1:1;1:2;1:3;1:4;2:0;2:1;2:2;2:3;2:4;3:0;3:1;3:2;3:3;3:4;4:0;4:1;4:2;4:3;4:4,high_corner_x175_prospective_5x5,"train_seed,train_row_group_start,train_length_multiplier",held_out_evaluation_only,Submit GPU jobs to gpumedium; do not use pilot/gpupilot.
fsl_highcorner_x175_source5x5_s301_312_20260713_2115_n3-d1-dep4-md512-it216-x1p00-s305-rg0,source_delta_support_process_control,canonical,4,72,64,512,305,216,113246208,524288,16,2048,40,1,L,fsl-highcorner-x175-source5x5-s301-312-20260713-2115-n3-d1-dep4-md512-it216-x1p00-s305-rg0,3,1,roihu_delta_support_process_control,4,113246208,524288,Fresh measured 5x5 source union for the sealed x175 prospective validation; target-line losses are evaluation-only.,controlled_model_dim_source_prefix_smalln_5x5,29360320.0,29360320.0,0.0,0.162821576719,11,5p_to_3x3_to_4x4_to_5x5_nested,16,1.305337,0,216,113246208,1.0,offline_union_5x5_x175_prospective,3:1,0:0;0:1;0:2;0:3;0:4;1:0;1:1;1:2;1:3;1:4;2:0;2:1;2:2;2:3;2:4;3:0;3:1;3:2;3:3;3:4;4:0;4:1;4:2;4:3;4:4,high_corner_x175_prospective_5x5,"train_seed,train_row_group_start,train_length_multiplier",held_out_evaluation_only,Submit GPU jobs to gpumedium; do not use pilot/gpupilot.
fsl_highcorner_x175_source5x5_s301_312_20260713_2115_n3-d1-dep4-md512-it216-x1p00-s306-rg0,source_delta_support_process_control,canonical,4,72,64,512,306,216,113246208,524288,16,2048,40,1,L,fsl-highcorner-x175-source5x5-s301-312-20260713-2115-n3-d1-dep4-md512-it216-x1p00-s306-rg0,3,1,roihu_delta_support_process_control,4,113246208,524288,Fresh measured 5x5 source union for the sealed x175 prospective validation; target-line losses are evaluation-only.,controlled_model_dim_source_prefix_smalln_5x5,29360320.0,29360320.0,0.0,0.162821576719,11,5p_to_3x3_to_4x4_to_5x5_nested,16,1.305337,0,216,113246208,1.0,offline_union_5x5_x175_prospective,3:1,0:0;0:1;0:2;0:3;0:4;1:0;1:1;1:2;1:3;1:4;2:0;2:1;2:2;2:3;2:4;3:0;3:1;3:2;3:3;3:4;4:0;4:1;4:2;4:3;4:4,high_corner_x175_prospective_5x5,"train_seed,train_row_group_start,train_length_multiplier",held_out_evaluation_only,Submit GPU jobs to gpumedium; do not use pilot/gpupilot.
fsl_highcorner_x175_source5x5_s301_312_20260713_2115_n3-d1-dep4-md512-it216-x1p00-s307-rg0,source_delta_support_process_control,canonical,4,72,64,512,307,216,113246208,524288,16,2048,40,1,L,fsl-highcorner-x175-source5x5-s301-312-20260713-2115-n3-d1-dep4-md512-it216-x1p00-s307-rg0,3,1,roihu_delta_support_process_control,4,113246208,524288,Fresh measured 5x5 source union for the sealed x175 prospective validation; target-line losses are evaluation-only.,controlled_model_dim_source_prefix_smalln_5x5,29360320.0,29360320.0,0.0,0.162821576719,11,5p_to_3x3_to_4x4_to_5x5_nested,16,1.305337,0,216,113246208,1.0,offline_union_5x5_x175_prospective,3:1,0:0;0:1;0:2;0:3;0:4;1:0;1:1;1:2;1:3;1:4;2:0;2:1;2:2;2:3;2:4;3:0;3:1;3:2;3:3;3:4;4:0;4:1;4:2;4:3;4:4,high_corner_x175_prospective_5x5,"train_seed,train_row_group_start,train_length_multiplier",held_out_evaluation_only,Submit GPU jobs to gpumedium; do not use pilot/gpupilot.
fsl_highcorner_x175_source5x5_s301_312_20260713_2115_n3-d1-dep4-md512-it216-x1p00-s308-rg0,source_delta_support_process_control,canonical,4,72,64,512,308,216,113246208,524288,16,2048,40,1,L,fsl-highcorner-x175-source5x5-s301-312-20260713-2115-n3-d1-dep4-md512-it216-x1p00-s308-rg0,3,1,roihu_delta_support_process_control,4,113246208,524288,Fresh measured 5x5 source union for the sealed x175 prospective validation; target-line losses are evaluation-only.,controlled_model_dim_source_prefix_smalln_5x5,29360320.0,29360320.0,0.0,0.162821576719,11,5p_to_3x3_to_4x4_to_5x5_nested,16,1.305337,0,216,113246208,1.0,offline_union_5x5_x175_prospective,3:1,0:0;0:1;0:2;0:3;0:4;1:0;1:1;1:2;1:3;1:4;2:0;2:1;2:2;2:3;2:4;3:0;3:1;3:2;3:3;3:4;4:0;4:1;4:2;4:3;4:4,high_corner_x175_prospective_5x5,"train_seed,train_row_group_start,train_length_multiplier",held_out_evaluation_only,Submit GPU jobs to gpumedium; do not use pilot/gpupilot.
fsl_highcorner_x175_source5x5_s301_312_20260713_2115_n3-d1-dep4-md512-it216-x1p00-s309-rg0,source_delta_support_process_control,canonical,4,72,64,512,309,216,113246208,524288,16,2048,40,1,L,fsl-highcorner-x175-source5x5-s301-312-20260713-2115-n3-d1-dep4-md512-it216-x1p00-s309-rg0,3,1,roihu_delta_support_process_control,4,113246208,524288,Fresh measured 5x5 source union for the sealed x175 prospective validation; target-line losses are evaluation-only.,controlled_model_dim_source_prefix_smalln_5x5,29360320.0,29360320.0,0.0,0.162821576719,11,5p_to_3x3_to_4x4_to_5x5_nested,16,1.305337,0,216,113246208,1.0,offline_union_5x5_x175_prospective,3:1,0:0;0:1;0:2;0:3;0:4;1:0;1:1;1:2;1:3;1:4;2:0;2:1;2:2;2:3;2:4;3:0;3:1;3:2;3:3;3:4;4:0;4:1;4:2;4:3;4:4,high_corner_x175_prospective_5x5,"train_seed,train_row_group_start,train_length_multiplier",held_out_evaluation_only,Submit GPU jobs to gpumedium; do not use pilot/gpupilot.
fsl_highcorner_x175_source5x5_s301_312_20260713_2115_n3-d1-dep4-md512-it216-x1p00-s310-rg0,source_delta_support_process_control,canonical,4,72,64,512,310,216,113246208,524288,16,2048,40,1,L,fsl-highcorner-x175-source5x5-s301-312-20260713-2115-n3-d1-dep4-md512-it216-x1p00-s310-rg0,3,1,roihu_delta_support_process_control,4,113246208,524288,Fresh measured 5x5 source union for the sealed x175 prospective validation; target-line losses are evaluation-only.,controlled_model_dim_source_prefix_smalln_5x5,29360320.0,29360320.0,0.0,0.162821576719,11,5p_to_3x3_to_4x4_to_5x5_nested,16,1.305337,0,216,113246208,1.0,offline_union_5x5_x175_prospective,3:1,0:0;0:1;0:2;0:3;0:4;1:0;1:1;1:2;1:3;1:4;2:0;2:1;2:2;2:3;2:4;3:0;3:1;3:2;3:3;3:4;4:0;4:1;4:2;4:3;4:4,high_corner_x175_prospective_5x5,"train_seed,train_row_group_start,train_length_multiplier",held_out_evaluation_only,Submit GPU jobs to gpumedium; do not use pilot/gpupilot.
fsl_highcorner_x175_source5x5_s301_312_20260713_2115_n3-d1-dep4-md512-it216-x1p00-s311-rg0,source_delta_support_process_control,canonical,4,72,64,512,311,216,113246208,524288,16,2048,40,1,L,fsl-highcorner-x175-source5x5-s301-312-20260713-2115-n3-d1-dep4-md512-it216-x1p00-s311-rg0,3,1,roihu_delta_support_process_control,4,113246208,524288,Fresh measured 5x5 source union for the sealed x175 prospective validation; target-line losses are evaluation-only.,controlled_model_dim_source_prefix_smalln_5x5,29360320.0,29360320.0,0.0,0.162821576719,11,5p_to_3x3_to_4x4_to_5x5_nested,16,1.305337,0,216,113246208,1.0,offline_union_5x5_x175_prospective,3:1,0:0;0:1;0:2;0:3;0:4;1:0;1:1;1:2;1:3;1:4;2:0;2:1;2:2;2:3;2:4;3:0;3:1;3:2;3:3;3:4;4:0;4:1;4:2;4:3;4:4,high_corner_x175_prospective_5x5,"train_seed,train_row_group_start,train_length_multiplier",held_out_evaluation_only,Submit GPU jobs to gpumedium; do not use pilot/gpupilot.
fsl_highcorner_x175_source5x5_s301_312_20260713_2115_n3-d1-dep4-md512-it216-x1p00-s312-rg0,source_delta_support_process_control,canonical,4,72,64,512,312,216,113246208,524288,16,2048,40,1,L,fsl-highcorner-x175-source5x5-s301-312-20260713-2115-n3-d1-dep4-md512-it216-x1p00-s312-rg0,3,1,roihu_delta_support_process_control,4,113246208,524288,Fresh measured 5x5 source union for the sealed x175 prospective validation; target-line losses are evaluation-only.,controlled_model_dim_source_prefix_smalln_5x5,29360320.0,29360320.0,0.0,0.162821576719,11,5p_to_3x3_to_4x4_to_5x5_nested,16,1.305337,0,216,113246208,1.0,offline_union_5x5_x175_prospective,3:1,0:0;0:1;0:2;0:3;0:4;1:0;1:1;1:2;1:3;1:4;2:0;2:1;2:2;2:3;2:4;3:0;3:1;3:2;3:3;3:4;4:0;4:1;4:2;4:3;4:4,high_corner_x175_prospective_5x5,"train_seed,train_row_group_start,train_length_multiplier",held_out_evaluation_only,Submit GPU jobs to gpumedium; do not use pilot/gpupilot.
fsl_highcorner_x175_source5x5_s301_312_20260713_2115_n3-d2-dep4-md512-it324-x1p00-s301-rg0,source_delta_support_process_control,canonical,4,72,64,512,301,324,169869312,524288,16,2048,40,1,L,fsl-highcorner-x175-source5x5-s301-312-20260713-2115-n3-d2-dep4-md512-it324-x1p00-s301-rg0,3,2,roihu_delta_support_process_control,4,169869312,524288,Fresh measured 5x5 source union for the sealed x175 prospective validation; target-line losses are evaluation-only.,controlled_model_dim_source_prefix_smalln_5x5,29360320.0,29360320.0,0.0,0.162821576719,12,5p_to_3x3_to_4x4_to_5x5_nested,16,1.305337,0,324,169869312,1.0,offline_union_5x5_x175_prospective,3:2,0:0;0:1;0:2;0:3;0:4;1:0;1:1;1:2;1:3;1:4;2:0;2:1;2:2;2:3;2:4;3:0;3:1;3:2;3:3;3:4;4:0;4:1;4:2;4:3;4:4,high_corner_x175_prospective_5x5,"train_seed,train_row_group_start,train_length_multiplier",held_out_evaluation_only,Submit GPU jobs to gpumedium; do not use pilot/gpupilot.
fsl_highcorner_x175_source5x5_s301_312_20260713_2115_n3-d2-dep4-md512-it324-x1p00-s302-rg0,source_delta_support_process_control,canonical,4,72,64,512,302,324,169869312,524288,16,2048,40,1,L,fsl-highcorner-x175-source5x5-s301-312-20260713-2115-n3-d2-dep4-md512-it324-x1p00-s302-rg0,3,2,roihu_delta_support_process_control,4,169869312,524288,Fresh measured 5x5 source union for the sealed x175 prospective validation; target-line losses are evaluation-only.,controlled_model_dim_source_prefix_smalln_5x5,29360320.0,29360320.0,0.0,0.162821576719,12,5p_to_3x3_to_4x4_to_5x5_nested,16,1.305337,0,324,169869312,1.0,offline_union_5x5_x175_prospective,3:2,0:0;0:1;0:2;0:3;0:4;1:0;1:1;1:2;1:3;1:4;2:0;2:1;2:2;2:3;2:4;3:0;3:1;3:2;3:3;3:4;4:0;4:1;4:2;4:3;4:4,high_corner_x175_prospective_5x5,"train_seed,train_row_group_start,train_length_multiplier",held_out_evaluation_only,Submit GPU jobs to gpumedium; do not use pilot/gpupilot.
fsl_highcorner_x175_source5x5_s301_312_20260713_2115_n3-d2-dep4-md512-it324-x1p00-s303-rg0,source_delta_support_process_control,canonical,4,72,64,512,303,324,169869312,524288,16,2048,40,1,L,fsl-highcorner-x175-source5x5-s301-312-20260713-2115-n3-d2-dep4-md512-it324-x1p00-s303-rg0,3,2,roihu_delta_support_process_control,4,169869312,524288,Fresh measured 5x5 source union for the sealed x175 prospective validation; target-line losses are evaluation-only.,controlled_model_dim_source_prefix_smalln_5x5,29360320.0,29360320.0,0.0,0.162821576719,12,5p_to_3x3_to_4x4_to_5x5_nested,16,1.305337,0,324,169869312,1.0,offline_union_5x5_x175_prospective,3:2,0:0;0:1;0:2;0:3;0:4;1:0;1:1;1:2;1:3;1:4;2:0;2:1;2:2;2:3;2:4;3:0;3:1;3:2;3:3;3:4;4:0;4:1;4:2;4:3;4:4,high_corner_x175_prospective_5x5,"train_seed,train_row_group_start,train_length_multiplier",held_out_evaluation_only,Submit GPU jobs to gpumedium; do not use pilot/gpupilot.
fsl_highcorner_x175_source5x5_s301_312_20260713_2115_n3-d2-dep4-md512-it324-x1p00-s304-rg0,source_delta_support_process_control,canonical,4,72,64,512,304,324,169869312,524288,16,2048,40,1,L,fsl-highcorner-x175-source5x5-s301-312-20260713-2115-n3-d2-dep4-md512-it324-x1p00-s304-rg0,3,2,roihu_delta_support_process_control,4,169869312,524288,Fresh measured 5x5 source union for the sealed x175 prospective validation; target-line losses are evaluation-only.,controlled_model_dim_source_prefix_smalln_5x5,29360320.0,29360320.0,0.0,0.162821576719,12,5p_to_3x3_to_4x4_to_5x5_nested,16,1.305337,0,324,169869312,1.0,offline_union_5x5_x175_prospective,3:2,0:0;0:1;0:2;0:3;0:4;1:0;1:1;1:2;1:3;1:4;2:0;2:1;2:2;2:3;2:4;3:0;3:1;3:2;3:3;3:4;4:0;4:1;4:2;4:3;4:4,high_corner_x175_prospective_5x5,"train_seed,train_row_group_start,train_length_multiplier",held_out_evaluation_only,Submit GPU jobs to gpumedium; do not use pilot/gpupilot.
fsl_highcorner_x175_source5x5_s301_312_20260713_2115_n3-d2-dep4-md512-it324-x1p00-s305-rg0,source_delta_support_process_control,canonical,4,72,64,512,305,324,169869312,524288,16,2048,40,1,L,fsl-highcorner-x175-source5x5-s301-312-20260713-2115-n3-d2-dep4-md512-it324-x1p00-s305-rg0,3,2,roihu_delta_support_process_control,4,169869312,524288,Fresh measured 5x5 source union for the sealed x175 prospective validation; target-line losses are evaluation-only.,controlled_model_dim_source_prefix_smalln_5x5,29360320.0,29360320.0,0.0,0.162821576719,12,5p_to_3x3_to_4x4_to_5x5_nested,16,1.305337,0,324,169869312,1.0,offline_union_5x5_x175_prospective,3:2,0:0;0:1;0:2;0:3;0:4;1:0;1:1;1:2;1:3;1:4;2:0;2:1;2:2;2:3;2:4;3:0;3:1;3:2;3:3;3:4;4:0;4:1;4:2;4:3;4:4,high_corner_x175_prospective_5x5,"train_seed,train_row_group_start,train_length_multiplier",held_out_evaluation_only,Submit GPU jobs to gpumedium; do not use pilot/gpupilot.
fsl_highcorner_x175_source5x5_s301_312_20260713_2115_n3-d2-dep4-md512-it324-x1p00-s306-rg0,source_delta_support_process_control,canonical,4,72,64,512,306,324,169869312,524288,16,2048,40,1,L,fsl-highcorner-x175-source5x5-s301-312-20260713-2115-n3-d2-dep4-md512-it324-x1p00-s306-rg0,3,2,roihu_delta_support_process_control,4,169869312,524288,Fresh measured 5x5 source union for the sealed x175 prospective validation; target-line losses are evaluation-only.,controlled_model_dim_source_prefix_smalln_5x5,29360320.0,29360320.0,0.0,0.162821576719,12,5p_to_3x3_to_4x4_to_5x5_nested,16,1.305337,0,324,169869312,1.0,offline_union_5x5_x175_prospective,3:2,0:0;0:1;0:2;0:3;0:4;1:0;1:1;1:2;1:3;1:4;2:0;2:1;2:2;2:3;2:4;3:0;3:1;3:2;3:3;3:4;4:0;4:1;4:2;4:3;4:4,high_corner_x175_prospective_5x5,"train_seed,train_row_group_start,train_length_multiplier",held_out_evaluation_only,Submit GPU jobs to gpumedium; do not use pilot/gpupilot.
fsl_highcorner_x175_source5x5_s301_312_20260713_2115_n3-d2-dep4-md512-it324-x1p00-s307-rg0,source_delta_support_process_control,canonical,4,72,64,512,307,324,169869312,524288,16,2048,40,1,L,fsl-highcorner-x175-source5x5-s301-312-20260713-2115-n3-d2-dep4-md512-it324-x1p00-s307-rg0,3,2,roihu_delta_support_process_control,4,169869312,524288,Fresh measured 5x5 source union for the sealed x175 prospective validation; target-line losses are evaluation-only.,controlled_model_dim_source_prefix_smalln_5x5,29360320.0,29360320.0,0.0,0.162821576719,12,5p_to_3x3_to_4x4_to_5x5_nested,16,1.305337,0,324,169869312,1.0,offline_union_5x5_x175_prospective,3:2,0:0;0:1;0:2;0:3;0:4;1:0;1:1;1:2;1:3;1:4;2:0;2:1;2:2;2:3;2:4;3:0;3:1;3:2;3:3;3:4;4:0;4:1;4:2;4:3;4:4,high_corner_x175_prospective_5x5,"train_seed,train_row_group_start,train_length_multiplier",held_out_evaluation_only,Submit GPU jobs to gpumedium; do not use pilot/gpupilot.
fsl_highcorner_x175_source5x5_s301_312_20260713_2115_n3-d2-dep4-md512-it324-x1p00-s308-rg0,source_delta_support_process_control,canonical,4,72,64,512,308,324,169869312,524288,16,2048,40,1,L,fsl-highcorner-x175-source5x5-s301-312-20260713-2115-n3-d2-dep4-md512-it324-x1p00-s308-rg0,3,2,roihu_delta_support_process_control,4,169869312,524288,Fresh measured 5x5 source union for the sealed x175 prospective validation; target-line losses are evaluation-only.,controlled_model_dim_source_prefix_smalln_5x5,29360320.0,29360320.0,0.0,0.162821576719,12,5p_to_3x3_to_4x4_to_5x5_nested,16,1.305337,0,324,169869312,1.0,offline_union_5x5_x175_prospective,3:2,0:0;0:1;0:2;0:3;0:4;1:0;1:1;1:2;1:3;1:4;2:0;2:1;2:2;2:3;2:4;3:0;3:1;3:2;3:3;3:4;4:0;4:1;4:2;4:3;4:4,high_corner_x175_prospective_5x5,"train_seed,train_row_group_start,train_length_multiplier",held_out_evaluation_only,Submit GPU jobs to gpumedium; do not use pilot/gpupilot.
fsl_highcorner_x175_source5x5_s301_312_20260713_2115_n3-d2-dep4-md512-it324-x1p00-s309-rg0,source_delta_support_process_control,canonical,4,72,64,512,309,324,169869312,524288,16,2048,40,1,L,fsl-highcorner-x175-source5x5-s301-312-20260713-2115-n3-d2-dep4-md512-it324-x1p00-s309-rg0,3,2,roihu_delta_support_process_control,4,169869312,524288,Fresh measured 5x5 source union for the sealed x175 prospective validation; target-line losses are evaluation-only.,controlled_model_dim_source_prefix_smalln_5x5,29360320.0,29360320.0,0.0,0.162821576719,12,5p_to_3x3_to_4x4_to_5x5_nested,16,1.305337,0,324,169869312,1.0,offline_union_5x5_x175_prospective,3:2,0:0;0:1;0:2;0:3;0:4;1:0;1:1;1:2;1:3;1:4;2:0;2:1;2:2;2:3;2:4;3:0;3:1;3:2;3:3;3:4;4:0;4:1;4:2;4:3;4:4,high_corner_x175_prospective_5x5,"train_seed,train_row_group_start,train_length_multiplier",held_out_evaluation_only,Submit GPU jobs to gpumedium; do not use pilot/gpupilot.
fsl_highcorner_x175_source5x5_s301_312_20260713_2115_n3-d2-dep4-md512-it324-x1p00-s310-rg0,source_delta_support_process_control,canonical,4,72,64,512,310,324,169869312,524288,16,2048,40,1,L,fsl-highcorner-x175-source5x5-s301-312-20260713-2115-n3-d2-dep4-md512-it324-x1p00-s310-rg0,3,2,roihu_delta_support_process_control,4,169869312,524288,Fresh measured 5x5 source union for the sealed x175 prospective validation; target-line losses are evaluation-only.,controlled_model_dim_source_prefix_smalln_5x5,29360320.0,29360320.0,0.0,0.162821576719,12,5p_to_3x3_to_4x4_to_5x5_nested,16,1.305337,0,324,169869312,1.0,offline_union_5x5_x175_prospective,3:2,0:0;0:1;0:2;0:3;0:4;1:0;1:1;1:2;1:3;1:4;2:0;2:1;2:2;2:3;2:4;3:0;3:1;3:2;3:3;3:4;4:0;4:1;4:2;4:3;4:4,high_corner_x175_prospective_5x5,"train_seed,train_row_group_start,train_length_multiplier",held_out_evaluation_only,Submit GPU jobs to gpumedium; do not use pilot/gpupilot.
fsl_highcorner_x175_source5x5_s301_312_20260713_2115_n3-d2-dep4-md512-it324-x1p00-s311-rg0,source_delta_support_process_control,canonical,4,72,64,512,311,324,169869312,524288,16,2048,40,1,L,fsl-highcorner-x175-source5x5-s301-312-20260713-2115-n3-d2-dep4-md512-it324-x1p00-s311-rg0,3,2,roihu_delta_support_process_control,4,169869312,524288,Fresh measured 5x5 source union for the sealed x175 prospective validation; target-line losses are evaluation-only.,controlled_model_dim_source_prefix_smalln_5x5,29360320.0,29360320.0,0.0,0.162821576719,12,5p_to_3x3_to_4x4_to_5x5_nested,16,1.305337,0,324,169869312,1.0,offline_union_5x5_x175_prospective,3:2,0:0;0:1;0:2;0:3;0:4;1:0;1:1;1:2;1:3;1:4;2:0;2:1;2:2;2:3;2:4;3:0;3:1;3:2;3:3;3:4;4:0;4:1;4:2;4:3;4:4,high_corner_x175_prospective_5x5,"train_seed,train_row_group_start,train_length_multiplier",held_out_evaluation_only,Submit GPU jobs to gpumedium; do not use pilot/gpupilot.
fsl_highcorner_x175_source5x5_s301_312_20260713_2115_n3-d2-dep4-md512-it324-x1p00-s312-rg0,source_delta_support_process_control,canonical,4,72,64,512,312,324,169869312,524288,16,2048,40,1,L,fsl-highcorner-x175-source5x5-s301-312-20260713-2115-n3-d2-dep4-md512-it324-x1p00-s312-rg0,3,2,roihu_delta_support_process_control,4,169869312,524288,Fresh measured 5x5 source union for the sealed x175 prospective validation; target-line losses are evaluation-only.,controlled_model_dim_source_prefix_smalln_5x5,29360320.0,29360320.0,0.0,0.162821576719,12,5p_to_3x3_to_4x4_to_5x5_nested,16,1.305337,0,324,169869312,1.0,offline_union_5x5_x175_prospective,3:2,0:0;0:1;0:2;0:3;0:4;1:0;1:1;1:2;1:3;1:4;2:0;2:1;2:2;2:3;2:4;3:0;3:1;3:2;3:3;3:4;4:0;4:1;4:2;4:3;4:4,high_corner_x175_prospective_5x5,"train_seed,train_row_group_start,train_length_multiplier",held_out_evaluation_only,Submit GPU jobs to gpumedium; do not use pilot/gpupilot.
fsl_highcorner_x175_source5x5_s301_312_20260713_2115_n3-d3-dep4-md512-it486-x1p00-s301-rg0,source_delta_support_process_control,canonical,4,72,64,512,301,486,254803968,524288,16,2048,40,1,L,fsl-highcorner-x175-source5x5-s301-312-20260713-2115-n3-d3-dep4-md512-it486-x1p00-s301-rg0,3,3,roihu_delta_support_process_control,4,254803968,524288,Fresh measured 5x5 source union for the sealed x175 prospective validation; target-line losses are evaluation-only.,controlled_model_dim_source_prefix_smalln_5x5,29360320.0,29360320.0,0.0,0.162821576719,16,5p_to_3x3_to_4x4_to_5x5_nested,16,1.305337,0,486,254803968,1.0,offline_union_5x5_x175_prospective,3:3,0:0;0:1;0:2;0:3;0:4;1:0;1:1;1:2;1:3;1:4;2:0;2:1;2:2;2:3;2:4;3:0;3:1;3:2;3:3;3:4;4:0;4:1;4:2;4:3;4:4,high_corner_x175_prospective_5x5,"train_seed,train_row_group_start,train_length_multiplier",held_out_evaluation_only,Submit GPU jobs to gpumedium; do not use pilot/gpupilot.
fsl_highcorner_x175_source5x5_s301_312_20260713_2115_n3-d3-dep4-md512-it486-x1p00-s302-rg0,source_delta_support_process_control,canonical,4,72,64,512,302,486,254803968,524288,16,2048,40,1,L,fsl-highcorner-x175-source5x5-s301-312-20260713-2115-n3-d3-dep4-md512-it486-x1p00-s302-rg0,3,3,roihu_delta_support_process_control,4,254803968,524288,Fresh measured 5x5 source union for the sealed x175 prospective validation; target-line losses are evaluation-only.,controlled_model_dim_source_prefix_smalln_5x5,29360320.0,29360320.0,0.0,0.162821576719,16,5p_to_3x3_to_4x4_to_5x5_nested,16,1.305337,0,486,254803968,1.0,offline_union_5x5_x175_prospective,3:3,0:0;0:1;0:2;0:3;0:4;1:0;1:1;1:2;1:3;1:4;2:0;2:1;2:2;2:3;2:4;3:0;3:1;3:2;3:3;3:4;4:0;4:1;4:2;4:3;4:4,high_corner_x175_prospective_5x5,"train_seed,train_row_group_start,train_length_multiplier",held_out_evaluation_only,Submit GPU jobs to gpumedium; do not use pilot/gpupilot.
fsl_highcorner_x175_source5x5_s301_312_20260713_2115_n3-d3-dep4-md512-it486-x1p00-s303-rg0,source_delta_support_process_control,canonical,4,72,64,512,303,486,254803968,524288,16,2048,40,1,L,fsl-highcorner-x175-source5x5-s301-312-20260713-2115-n3-d3-dep4-md512-it486-x1p00-s303-rg0,3,3,roihu_delta_support_process_control,4,254803968,524288,Fresh measured 5x5 source union for the sealed x175 prospective validation; target-line losses are evaluation-only.,controlled_model_dim_source_prefix_smalln_5x5,29360320.0,29360320.0,0.0,0.162821576719,16,5p_to_3x3_to_4x4_to_5x5_nested,16,1.305337,0,486,254803968,1.0,offline_union_5x5_x175_prospective,3:3,0:0;0:1;0:2;0:3;0:4;1:0;1:1;1:2;1:3;1:4;2:0;2:1;2:2;2:3;2:4;3:0;3:1;3:2;3:3;3:4;4:0;4:1;4:2;4:3;4:4,high_corner_x175_prospective_5x5,"train_seed,train_row_group_start,train_length_multiplier",held_out_evaluation_only,Submit GPU jobs to gpumedium; do not use pilot/gpupilot.
fsl_highcorner_x175_source5x5_s301_312_20260713_2115_n3-d3-dep4-md512-it486-x1p00-s304-rg0,source_delta_support_process_control,canonical,4,72,64,512,304,486,254803968,524288,16,2048,40,1,L,fsl-highcorner-x175-source5x5-s301-312-20260713-2115-n3-d3-dep4-md512-it486-x1p00-s304-rg0,3,3,roihu_delta_support_process_control,4,254803968,524288,Fresh measured 5x5 source union for the sealed x175 prospective validation; target-line losses are evaluation-only.,controlled_model_dim_source_prefix_smalln_5x5,29360320.0,29360320.0,0.0,0.162821576719,16,5p_to_3x3_to_4x4_to_5x5_nested,16,1.305337,0,486,254803968,1.0,offline_union_5x5_x175_prospective,3:3,0:0;0:1;0:2;0:3;0:4;1:0;1:1;1:2;1:3;1:4;2:0;2:1;2:2;2:3;2:4;3:0;3:1;3:2;3:3;3:4;4:0;4:1;4:2;4:3;4:4,high_corner_x175_prospective_5x5,"train_seed,train_row_group_start,train_length_multiplier",held_out_evaluation_only,Submit GPU jobs to gpumedium; do not use pilot/gpupilot.
fsl_highcorner_x175_source5x5_s301_312_20260713_2115_n3-d3-dep4-md512-it486-x1p00-s305-rg0,source_delta_support_process_control,canonical,4,72,64,512,305,486,254803968,524288,16,2048,40,1,L,fsl-highcorner-x175-source5x5-s301-312-20260713-2115-n3-d3-dep4-md512-it486-x1p00-s305-rg0,3,3,roihu_delta_support_process_control,4,254803968,524288,Fresh measured 5x5 source union for the sealed x175 prospective validation; target-line losses are evaluation-only.,controlled_model_dim_source_prefix_smalln_5x5,29360320.0,29360320.0,0.0,0.162821576719,16,5p_to_3x3_to_4x4_to_5x5_nested,16,1.305337,0,486,254803968,1.0,offline_union_5x5_x175_prospective,3:3,0:0;0:1;0:2;0:3;0:4;1:0;1:1;1:2;1:3;1:4;2:0;2:1;2:2;2:3;2:4;3:0;3:1;3:2;3:3;3:4;4:0;4:1;4:2;4:3;4:4,high_corner_x175_prospective_5x5,"train_seed,train_row_group_start,train_length_multiplier",held_out_evaluation_only,Submit GPU jobs to gpumedium; do not use pilot/gpupilot.
fsl_highcorner_x175_source5x5_s301_312_20260713_2115_n3-d3-dep4-md512-it486-x1p00-s306-rg0,source_delta_support_process_control,canonical,4,72,64,512,306,486,254803968,524288,16,2048,40,1,L,fsl-highcorner-x175-source5x5-s301-312-20260713-2115-n3-d3-dep4-md512-it486-x1p00-s306-rg0,3,3,roihu_delta_support_process_control,4,254803968,524288,Fresh measured 5x5 source union for the sealed x175 prospective validation; target-line losses are evaluation-only.,controlled_model_dim_source_prefix_smalln_5x5,29360320.0,29360320.0,0.0,0.162821576719,16,5p_to_3x3_to_4x4_to_5x5_nested,16,1.305337,0,486,254803968,1.0,offline_union_5x5_x175_prospective,3:3,0:0;0:1;0:2;0:3;0:4;1:0;1:1;1:2;1:3;1:4;2:0;2:1;2:2;2:3;2:4;3:0;3:1;3:2;3:3;3:4;4:0;4:1;4:2;4:3;4:4,high_corner_x175_prospective_5x5,"train_seed,train_row_group_start,train_length_multiplier",held_out_evaluation_only,Submit GPU jobs to gpumedium; do not use pilot/gpupilot.
fsl_highcorner_x175_source5x5_s301_312_20260713_2115_n3-d3-dep4-md512-it486-x1p00-s307-rg0,source_delta_support_process_control,canonical,4,72,64,512,307,486,254803968,524288,16,2048,40,1,L,fsl-highcorner-x175-source5x5-s301-312-20260713-2115-n3-d3-dep4-md512-it486-x1p00-s307-rg0,3,3,roihu_delta_support_process_control,4,254803968,524288,Fresh measured 5x5 source union for the sealed x175 prospective validation; target-line losses are evaluation-only.,controlled_model_dim_source_prefix_smalln_5x5,29360320.0,29360320.0,0.0,0.162821576719,16,5p_to_3x3_to_4x4_to_5x5_nested,16,1.305337,0,486,254803968,1.0,offline_union_5x5_x175_prospective,3:3,0:0;0:1;0:2;0:3;0:4;1:0;1:1;1:2;1:3;1:4;2:0;2:1;2:2;2:3;2:4;3:0;3:1;3:2;3:3;3:4;4:0;4:1;4:2;4:3;4:4,high_corner_x175_prospective_5x5,"train_seed,train_row_group_start,train_length_multiplier",held_out_evaluation_only,Submit GPU jobs to gpumedium; do not use pilot/gpupilot.
fsl_highcorner_x175_source5x5_s301_312_20260713_2115_n3-d3-dep4-md512-it486-x1p00-s308-rg0,source_delta_support_process_control,canonical,4,72,64,512,308,486,254803968,524288,16,2048,40,1,L,fsl-highcorner-x175-source5x5-s301-312-20260713-2115-n3-d3-dep4-md512-it486-x1p00-s308-rg0,3,3,roihu_delta_support_process_control,4,254803968,524288,Fresh measured 5x5 source union for the sealed x175 prospective validation; target-line losses are evaluation-only.,controlled_model_dim_source_prefix_smalln_5x5,29360320.0,29360320.0,0.0,0.162821576719,16,5p_to_3x3_to_4x4_to_5x5_nested,16,1.305337,0,486,254803968,1.0,offline_union_5x5_x175_prospective,3:3,0:0;0:1;0:2;0:3;0:4;1:0;1:1;1:2;1:3;1:4;2:0;2:1;2:2;2:3;2:4;3:0;3:1;3:2;3:3;3:4;4:0;4:1;4:2;4:3;4:4,high_corner_x175_prospective_5x5,"train_seed,train_row_group_start,train_length_multiplier",held_out_evaluation_only,Submit GPU jobs to gpumedium; do not use pilot/gpupilot.
fsl_highcorner_x175_source5x5_s301_312_20260713_2115_n3-d3-dep4-md512-it486-x1p00-s309-rg0,source_delta_support_process_control,canonical,4,72,64,512,309,486,254803968,524288,16,2048,40,1,L,fsl-highcorner-x175-source5x5-s301-312-20260713-2115-n3-d3-dep4-md512-it486-x1p00-s309-rg0,3,3,roihu_delta_support_process_control,4,254803968,524288,Fresh measured 5x5 source union for the sealed x175 prospective validation; target-line losses are evaluation-only.,controlled_model_dim_source_prefix_smalln_5x5,29360320.0,29360320.0,0.0,0.162821576719,16,5p_to_3x3_to_4x4_to_5x5_nested,16,1.305337,0,486,254803968,1.0,offline_union_5x5_x175_prospective,3:3,0:0;0:1;0:2;0:3;0:4;1:0;1:1;1:2;1:3;1:4;2:0;2:1;2:2;2:3;2:4;3:0;3:1;3:2;3:3;3:4;4:0;4:1;4:2;4:3;4:4,high_corner_x175_prospective_5x5,"train_seed,train_row_group_start,train_length_multiplier",held_out_evaluation_only,Submit GPU jobs to gpumedium; do not use pilot/gpupilot.
fsl_highcorner_x175_source5x5_s301_312_20260713_2115_n3-d3-dep4-md512-it486-x1p00-s310-rg0,source_delta_support_process_control,canonical,4,72,64,512,310,486,254803968,524288,16,2048,40,1,L,fsl-highcorner-x175-source5x5-s301-312-20260713-2115-n3-d3-dep4-md512-it486-x1p00-s310-rg0,3,3,roihu_delta_support_process_control,4,254803968,524288,Fresh measured 5x5 source union for the sealed x175 prospective validation; target-line losses are evaluation-only.,controlled_model_dim_source_prefix_smalln_5x5,29360320.0,29360320.0,0.0,0.162821576719,16,5p_to_3x3_to_4x4_to_5x5_nested,16,1.305337,0,486,254803968,1.0,offline_union_5x5_x175_prospective,3:3,0:0;0:1;0:2;0:3;0:4;1:0;1:1;1:2;1:3;1:4;2:0;2:1;2:2;2:3;2:4;3:0;3:1;3:2;3:3;3:4;4:0;4:1;4:2;4:3;4:4,high_corner_x175_prospective_5x5,"train_seed,train_row_group_start,train_length_multiplier",held_out_evaluation_only,Submit GPU jobs to gpumedium; do not use pilot/gpupilot.
fsl_highcorner_x175_source5x5_s301_312_20260713_2115_n3-d3-dep4-md512-it486-x1p00-s311-rg0,source_delta_support_process_control,canonical,4,72,64,512,311,486,254803968,524288,16,2048,40,1,L,fsl-highcorner-x175-source5x5-s301-312-20260713-2115-n3-d3-dep4-md512-it486-x1p00-s311-rg0,3,3,roihu_delta_support_process_control,4,254803968,524288,Fresh measured 5x5 source union for the sealed x175 prospective validation; target-line losses are evaluation-only.,controlled_model_dim_source_prefix_smalln_5x5,29360320.0,29360320.0,0.0,0.162821576719,16,5p_to_3x3_to_4x4_to_5x5_nested,16,1.305337,0,486,254803968,1.0,offline_union_5x5_x175_prospective,3:3,0:0;0:1;0:2;0:3;0:4;1:0;1:1;1:2;1:3;1:4;2:0;2:1;2:2;2:3;2:4;3:0;3:1;3:2;3:3;3:4;4:0;4:1;4:2;4:3;4:4,high_corner_x175_prospective_5x5,"train_seed,train_row_group_start,train_length_multiplier",held_out_evaluation_only,Submit GPU jobs to gpumedium; do not use pilot/gpupilot.
fsl_highcorner_x175_source5x5_s301_312_20260713_2115_n3-d3-dep4-md512-it486-x1p00-s312-rg0,source_delta_support_process_control,canonical,4,72,64,512,312,486,254803968,524288,16,2048,40,1,L,fsl-highcorner-x175-source5x5-s301-312-20260713-2115-n3-d3-dep4-md512-it486-x1p00-s312-rg0,3,3,roihu_delta_support_process_control,4,254803968,524288,Fresh measured 5x5 source union for the sealed x175 prospective validation; target-line losses are evaluation-only.,controlled_model_dim_source_prefix_smalln_5x5,29360320.0,29360320.0,0.0,0.162821576719,16,5p_to_3x3_to_4x4_to_5x5_nested,16,1.305337,0,486,254803968,1.0,offline_union_5x5_x175_prospective,3:3,0:0;0:1;0:2;0:3;0:4;1:0;1:1;1:2;1:3;1:4;2:0;2:1;2:2;2:3;2:4;3:0;3:1;3:2;3:3;3:4;4:0;4:1;4:2;4:3;4:4,high_corner_x175_prospective_5x5,"train_seed,train_row_group_start,train_length_multiplier",held_out_evaluation_only,Submit GPU jobs to gpumedium; do not use pilot/gpupilot.
fsl_highcorner_x175_source5x5_s301_312_20260713_2115_n3-d4-dep4-md512-it729-x1p00-s301-rg0,source_delta_support_process_control,canonical,4,72,64,512,301,729,382205952,524288,16,2048,40,1,L,fsl-highcorner-x175-source5x5-s301-312-20260713-2115-n3-d4-dep4-md512-it729-x1p00-s301-rg0,3,4,roihu_delta_support_process_control,4,382205952,524288,Fresh measured 5x5 source union for the sealed x175 prospective validation; target-line losses are evaluation-only.,controlled_model_dim_source_prefix_smalln_5x5,29360320.0,29360320.0,0.0,0.162821576719,24,5p_to_3x3_to_4x4_to_5x5_nested,25,1.305337,0,729,382205952,1.0,offline_union_5x5_x175_prospective,3:4,0:0;0:1;0:2;0:3;0:4;1:0;1:1;1:2;1:3;1:4;2:0;2:1;2:2;2:3;2:4;3:0;3:1;3:2;3:3;3:4;4:0;4:1;4:2;4:3;4:4,high_corner_x175_prospective_5x5,"train_seed,train_row_group_start,train_length_multiplier",held_out_evaluation_only,Submit GPU jobs to gpumedium; do not use pilot/gpupilot.
fsl_highcorner_x175_source5x5_s301_312_20260713_2115_n3-d4-dep4-md512-it729-x1p00-s302-rg0,source_delta_support_process_control,canonical,4,72,64,512,302,729,382205952,524288,16,2048,40,1,L,fsl-highcorner-x175-source5x5-s301-312-20260713-2115-n3-d4-dep4-md512-it729-x1p00-s302-rg0,3,4,roihu_delta_support_process_control,4,382205952,524288,Fresh measured 5x5 source union for the sealed x175 prospective validation; target-line losses are evaluation-only.,controlled_model_dim_source_prefix_smalln_5x5,29360320.0,29360320.0,0.0,0.162821576719,24,5p_to_3x3_to_4x4_to_5x5_nested,25,1.305337,0,729,382205952,1.0,offline_union_5x5_x175_prospective,3:4,0:0;0:1;0:2;0:3;0:4;1:0;1:1;1:2;1:3;1:4;2:0;2:1;2:2;2:3;2:4;3:0;3:1;3:2;3:3;3:4;4:0;4:1;4:2;4:3;4:4,high_corner_x175_prospective_5x5,"train_seed,train_row_group_start,train_length_multiplier",held_out_evaluation_only,Submit GPU jobs to gpumedium; do not use pilot/gpupilot.
fsl_highcorner_x175_source5x5_s301_312_20260713_2115_n3-d4-dep4-md512-it729-x1p00-s303-rg0,source_delta_support_process_control,canonical,4,72,64,512,303,729,382205952,524288,16,2048,40,1,L,fsl-highcorner-x175-source5x5-s301-312-20260713-2115-n3-d4-dep4-md512-it729-x1p00-s303-rg0,3,4,roihu_delta_support_process_control,4,382205952,524288,Fresh measured 5x5 source union for the sealed x175 prospective validation; target-line losses are evaluation-only.,controlled_model_dim_source_prefix_smalln_5x5,29360320.0,29360320.0,0.0,0.162821576719,24,5p_to_3x3_to_4x4_to_5x5_nested,25,1.305337,0,729,382205952,1.0,offline_union_5x5_x175_prospective,3:4,0:0;0:1;0:2;0:3;0:4;1:0;1:1;1:2;1:3;1:4;2:0;2:1;2:2;2:3;2:4;3:0;3:1;3:2;3:3;3:4;4:0;4:1;4:2;4:3;4:4,high_corner_x175_prospective_5x5,"train_seed,train_row_group_start,train_length_multiplier",held_out_evaluation_only,Submit GPU jobs to gpumedium; do not use pilot/gpupilot.
fsl_highcorner_x175_source5x5_s301_312_20260713_2115_n3-d4-dep4-md512-it729-x1p00-s304-rg0,source_delta_support_process_control,canonical,4,72,64,512,304,729,382205952,524288,16,2048,40,1,L,fsl-highcorner-x175-source5x5-s301-312-20260713-2115-n3-d4-dep4-md512-it729-x1p00-s304-rg0,3,4,roihu_delta_support_process_control,4,382205952,524288,Fresh measured 5x5 source union for the sealed x175 prospective validation; target-line losses are evaluation-only.,controlled_model_dim_source_prefix_smalln_5x5,29360320.0,29360320.0,0.0,0.162821576719,24,5p_to_3x3_to_4x4_to_5x5_nested,25,1.305337,0,729,382205952,1.0,offline_union_5x5_x175_prospective,3:4,0:0;0:1;0:2;0:3;0:4;1:0;1:1;1:2;1:3;1:4;2:0;2:1;2:2;2:3;2:4;3:0;3:1;3:2;3:3;3:4;4:0;4:1;4:2;4:3;4:4,high_corner_x175_prospective_5x5,"train_seed,train_row_group_start,train_length_multiplier",held_out_evaluation_only,Submit GPU jobs to gpumedium; do not use pilot/gpupilot.
fsl_highcorner_x175_source5x5_s301_312_20260713_2115_n3-d4-dep4-md512-it729-x1p00-s305-rg0,source_delta_support_process_control,canonical,4,72,64,512,305,729,382205952,524288,16,2048,40,1,L,fsl-highcorner-x175-source5x5-s301-312-20260713-2115-n3-d4-dep4-md512-it729-x1p00-s305-rg0,3,4,roihu_delta_support_process_control,4,382205952,524288,Fresh measured 5x5 source union for the sealed x175 prospective validation; target-line losses are evaluation-only.,controlled_model_dim_source_prefix_smalln_5x5,29360320.0,29360320.0,0.0,0.162821576719,24,5p_to_3x3_to_4x4_to_5x5_nested,25,1.305337,0,729,382205952,1.0,offline_union_5x5_x175_prospective,3:4,0:0;0:1;0:2;0:3;0:4;1:0;1:1;1:2;1:3;1:4;2:0;2:1;2:2;2:3;2:4;3:0;3:1;3:2;3:3;3:4;4:0;4:1;4:2;4:3;4:4,high_corner_x175_prospective_5x5,"train_seed,train_row_group_start,train_length_multiplier",held_out_evaluation_only,Submit GPU jobs to gpumedium; do not use pilot/gpupilot.
fsl_highcorner_x175_source5x5_s301_312_20260713_2115_n3-d4-dep4-md512-it729-x1p00-s306-rg0,source_delta_support_process_control,canonical,4,72,64,512,306,729,382205952,524288,16,2048,40,1,L,fsl-highcorner-x175-source5x5-s301-312-20260713-2115-n3-d4-dep4-md512-it729-x1p00-s306-rg0,3,4,roihu_delta_support_process_control,4,382205952,524288,Fresh measured 5x5 source union for the sealed x175 prospective validation; target-line losses are evaluation-only.,controlled_model_dim_source_prefix_smalln_5x5,29360320.0,29360320.0,0.0,0.162821576719,24,5p_to_3x3_to_4x4_to_5x5_nested,25,1.305337,0,729,382205952,1.0,offline_union_5x5_x175_prospective,3:4,0:0;0:1;0:2;0:3;0:4;1:0;1:1;1:2;1:3;1:4;2:0;2:1;2:2;2:3;2:4;3:0;3:1;3:2;3:3;3:4;4:0;4:1;4:2;4:3;4:4,high_corner_x175_prospective_5x5,"train_seed,train_row_group_start,train_length_multiplier",held_out_evaluation_only,Submit GPU jobs to gpumedium; do not use pilot/gpupilot.
fsl_highcorner_x175_source5x5_s301_312_20260713_2115_n3-d4-dep4-md512-it729-x1p00-s307-rg0,source_delta_support_process_control,canonical,4,72,64,512,307,729,382205952,524288,16,2048,40,1,L,fsl-highcorner-x175-source5x5-s301-312-20260713-2115-n3-d4-dep4-md512-it729-x1p00-s307-rg0,3,4,roihu_delta_support_process_control,4,382205952,524288,Fresh measured 5x5 source union for the sealed x175 prospective validation; target-line losses are evaluation-only.,controlled_model_dim_source_prefix_smalln_5x5,29360320.0,29360320.0,0.0,0.162821576719,24,5p_to_3x3_to_4x4_to_5x5_nested,25,1.305337,0,729,382205952,1.0,offline_union_5x5_x175_prospective,3:4,0:0;0:1;0:2;0:3;0:4;1:0;1:1;1:2;1:3;1:4;2:0;2:1;2:2;2:3;2:4;3:0;3:1;3:2;3:3;3:4;4:0;4:1;4:2;4:3;4:4,high_corner_x175_prospective_5x5,"train_seed,train_row_group_start,train_length_multiplier",held_out_evaluation_only,Submit GPU jobs to gpumedium; do not use pilot/gpupilot.
fsl_highcorner_x175_source5x5_s301_312_20260713_2115_n3-d4-dep4-md512-it729-x1p00-s308-rg0,source_delta_support_process_control,canonical,4,72,64,512,308,729,382205952,524288,16,2048,40,1,L,fsl-highcorner-x175-source5x5-s301-312-20260713-2115-n3-d4-dep4-md512-it729-x1p00-s308-rg0,3,4,roihu_delta_support_process_control,4,382205952,524288,Fresh measured 5x5 source union for the sealed x175 prospective validation; target-line losses are evaluation-only.,controlled_model_dim_source_prefix_smalln_5x5,29360320.0,29360320.0,0.0,0.162821576719,24,5p_to_3x3_to_4x4_to_5x5_nested,25,1.305337,0,729,382205952,1.0,offline_union_5x5_x175_prospective,3:4,0:0;0:1;0:2;0:3;0:4;1:0;1:1;1:2;1:3;1:4;2:0;2:1;2:2;2:3;2:4;3:0;3:1;3:2;3:3;3:4;4:0;4:1;4:2;4:3;4:4,high_corner_x175_prospective_5x5,"train_seed,train_row_group_start,train_length_multiplier",held_out_evaluation_only,Submit GPU jobs to gpumedium; do not use pilot/gpupilot.
fsl_highcorner_x175_source5x5_s301_312_20260713_2115_n3-d4-dep4-md512-it729-x1p00-s309-rg0,source_delta_support_process_control,canonical,4,72,64,512,309,729,382205952,524288,16,2048,40,1,L,fsl-highcorner-x175-source5x5-s301-312-20260713-2115-n3-d4-dep4-md512-it729-x1p00-s309-rg0,3,4,roihu_delta_support_process_control,4,382205952,524288,Fresh measured 5x5 source union for the sealed x175 prospective validation; target-line losses are evaluation-only.,controlled_model_dim_source_prefix_smalln_5x5,29360320.0,29360320.0,0.0,0.162821576719,24,5p_to_3x3_to_4x4_to_5x5_nested,25,1.305337,0,729,382205952,1.0,offline_union_5x5_x175_prospective,3:4,0:0;0:1;0:2;0:3;0:4;1:0;1:1;1:2;1:3;1:4;2:0;2:1;2:2;2:3;2:4;3:0;3:1;3:2;3:3;3:4;4:0;4:1;4:2;4:3;4:4,high_corner_x175_prospective_5x5,"train_seed,train_row_group_start,train_length_multiplier",held_out_evaluation_only,Submit GPU jobs to gpumedium; do not use pilot/gpupilot.
fsl_highcorner_x175_source5x5_s301_312_20260713_2115_n3-d4-dep4-md512-it729-x1p00-s310-rg0,source_delta_support_process_control,canonical,4,72,64,512,310,729,382205952,524288,16,2048,40,1,L,fsl-highcorner-x175-source5x5-s301-312-20260713-2115-n3-d4-dep4-md512-it729-x1p00-s310-rg0,3,4,roihu_delta_support_process_control,4,382205952,524288,Fresh measured 5x5 source union for the sealed x175 prospective validation; target-line losses are evaluation-only.,controlled_model_dim_source_prefix_smalln_5x5,29360320.0,29360320.0,0.0,0.162821576719,24,5p_to_3x3_to_4x4_to_5x5_nested,25,1.305337,0,729,382205952,1.0,offline_union_5x5_x175_prospective,3:4,0:0;0:1;0:2;0:3;0:4;1:0;1:1;1:2;1:3;1:4;2:0;2:1;2:2;2:3;2:4;3:0;3:1;3:2;3:3;3:4;4:0;4:1;4:2;4:3;4:4,high_corner_x175_prospective_5x5,"train_seed,train_row_group_start,train_length_multiplier",held_out_evaluation_only,Submit GPU jobs to gpumedium; do not use pilot/gpupilot.
fsl_highcorner_x175_source5x5_s301_312_20260713_2115_n3-d4-dep4-md512-it729-x1p00-s311-rg0,source_delta_support_process_control,canonical,4,72,64,512,311,729,382205952,524288,16,2048,40,1,L,fsl-highcorner-x175-source5x5-s301-312-20260713-2115-n3-d4-dep4-md512-it729-x1p00-s311-rg0,3,4,roihu_delta_support_process_control,4,382205952,524288,Fresh measured 5x5 source union for the sealed x175 prospective validation; target-line losses are evaluation-only.,controlled_model_dim_source_prefix_smalln_5x5,29360320.0,29360320.0,0.0,0.162821576719,24,5p_to_3x3_to_4x4_to_5x5_nested,25,1.305337,0,729,382205952,1.0,offline_union_5x5_x175_prospective,3:4,0:0;0:1;0:2;0:3;0:4;1:0;1:1;1:2;1:3;1:4;2:0;2:1;2:2;2:3;2:4;3:0;3:1;3:2;3:3;3:4;4:0;4:1;4:2;4:3;4:4,high_corner_x175_prospective_5x5,"train_seed,train_row_group_start,train_length_multiplier",held_out_evaluation_only,Submit GPU jobs to gpumedium; do not use pilot/gpupilot.
fsl_highcorner_x175_source5x5_s301_312_20260713_2115_n3-d4-dep4-md512-it729-x1p00-s312-rg0,source_delta_support_process_control,canonical,4,72,64,512,312,729,382205952,524288,16,2048,40,1,L,fsl-highcorner-x175-source5x5-s301-312-20260713-2115-n3-d4-dep4-md512-it729-x1p00-s312-rg0,3,4,roihu_delta_support_process_control,4,382205952,524288,Fresh measured 5x5 source union for the sealed x175 prospective validation; target-line losses are evaluation-only.,controlled_model_dim_source_prefix_smalln_5x5,29360320.0,29360320.0,0.0,0.162821576719,24,5p_to_3x3_to_4x4_to_5x5_nested,25,1.305337,0,729,382205952,1.0,offline_union_5x5_x175_prospective,3:4,0:0;0:1;0:2;0:3;0:4;1:0;1:1;1:2;1:3;1:4;2:0;2:1;2:2;2:3;2:4;3:0;3:1;3:2;3:3;3:4;4:0;4:1;4:2;4:3;4:4,high_corner_x175_prospective_5x5,"train_seed,train_row_group_start,train_length_multiplier",held_out_evaluation_only,Submit GPU jobs to gpumedium; do not use pilot/gpupilot.
fsl_highcorner_x175_source5x5_s301_312_20260713_2115_n4-d0-dep4-md704-it144-x1p00-s301-rg0,source_delta_support_process_control,canonical,4,72,64,704,301,144,75497472,524288,16,2048,40,1,L,fsl-highcorner-x175-source5x5-s301-312-20260713-2115-n4-d0-dep4-md704-it144-x1p00-s301-rg0,4,0,roihu_delta_support_process_control,4,75497472,524288,Fresh measured 5x5 source union for the sealed x175 prospective validation; target-line losses are evaluation-only.,controlled_model_dim_source_prefix_smalln_5x5,46858504.0,46858504.0,0.0,0.162821576719,17,5p_to_3x3_to_4x4_to_5x5_nested,25,1.305337,0,144,75497472,1.0,offline_union_5x5_x175_prospective,4:0,0:0;0:1;0:2;0:3;0:4;1:0;1:1;1:2;1:3;1:4;2:0;2:1;2:2;2:3;2:4;3:0;3:1;3:2;3:3;3:4;4:0;4:1;4:2;4:3;4:4,high_corner_x175_prospective_5x5,"train_seed,train_row_group_start,train_length_multiplier",held_out_evaluation_only,Submit GPU jobs to gpumedium; do not use pilot/gpupilot.
fsl_highcorner_x175_source5x5_s301_312_20260713_2115_n4-d0-dep4-md704-it144-x1p00-s302-rg0,source_delta_support_process_control,canonical,4,72,64,704,302,144,75497472,524288,16,2048,40,1,L,fsl-highcorner-x175-source5x5-s301-312-20260713-2115-n4-d0-dep4-md704-it144-x1p00-s302-rg0,4,0,roihu_delta_support_process_control,4,75497472,524288,Fresh measured 5x5 source union for the sealed x175 prospective validation; target-line losses are evaluation-only.,controlled_model_dim_source_prefix_smalln_5x5,46858504.0,46858504.0,0.0,0.162821576719,17,5p_to_3x3_to_4x4_to_5x5_nested,25,1.305337,0,144,75497472,1.0,offline_union_5x5_x175_prospective,4:0,0:0;0:1;0:2;0:3;0:4;1:0;1:1;1:2;1:3;1:4;2:0;2:1;2:2;2:3;2:4;3:0;3:1;3:2;3:3;3:4;4:0;4:1;4:2;4:3;4:4,high_corner_x175_prospective_5x5,"train_seed,train_row_group_start,train_length_multiplier",held_out_evaluation_only,Submit GPU jobs to gpumedium; do not use pilot/gpupilot.
fsl_highcorner_x175_source5x5_s301_312_20260713_2115_n4-d0-dep4-md704-it144-x1p00-s303-rg0,source_delta_support_process_control,canonical,4,72,64,704,303,144,75497472,524288,16,2048,40,1,L,fsl-highcorner-x175-source5x5-s301-312-20260713-2115-n4-d0-dep4-md704-it144-x1p00-s303-rg0,4,0,roihu_delta_support_process_control,4,75497472,524288,Fresh measured 5x5 source union for the sealed x175 prospective validation; target-line losses are evaluation-only.,controlled_model_dim_source_prefix_smalln_5x5,46858504.0,46858504.0,0.0,0.162821576719,17,5p_to_3x3_to_4x4_to_5x5_nested,25,1.305337,0,144,75497472,1.0,offline_union_5x5_x175_prospective,4:0,0:0;0:1;0:2;0:3;0:4;1:0;1:1;1:2;1:3;1:4;2:0;2:1;2:2;2:3;2:4;3:0;3:1;3:2;3:3;3:4;4:0;4:1;4:2;4:3;4:4,high_corner_x175_prospective_5x5,"train_seed,train_row_group_start,train_length_multiplier",held_out_evaluation_only,Submit GPU jobs to gpumedium; do not use pilot/gpupilot.
fsl_highcorner_x175_source5x5_s301_312_20260713_2115_n4-d0-dep4-md704-it144-x1p00-s304-rg0,source_delta_support_process_control,canonical,4,72,64,704,304,144,75497472,524288,16,2048,40,1,L,fsl-highcorner-x175-source5x5-s301-312-20260713-2115-n4-d0-dep4-md704-it144-x1p00-s304-rg0,4,0,roihu_delta_support_process_control,4,75497472,524288,Fresh measured 5x5 source union for the sealed x175 prospective validation; target-line losses are evaluation-only.,controlled_model_dim_source_prefix_smalln_5x5,46858504.0,46858504.0,0.0,0.162821576719,17,5p_to_3x3_to_4x4_to_5x5_nested,25,1.305337,0,144,75497472,1.0,offline_union_5x5_x175_prospective,4:0,0:0;0:1;0:2;0:3;0:4;1:0;1:1;1:2;1:3;1:4;2:0;2:1;2:2;2:3;2:4;3:0;3:1;3:2;3:3;3:4;4:0;4:1;4:2;4:3;4:4,high_corner_x175_prospective_5x5,"train_seed,train_row_group_start,train_length_multiplier",held_out_evaluation_only,Submit GPU jobs to gpumedium; do not use pilot/gpupilot.
fsl_highcorner_x175_source5x5_s301_312_20260713_2115_n4-d0-dep4-md704-it144-x1p00-s305-rg0,source_delta_support_process_control,canonical,4,72,64,704,305,144,75497472,524288,16,2048,40,1,L,fsl-highcorner-x175-source5x5-s301-312-20260713-2115-n4-d0-dep4-md704-it144-x1p00-s305-rg0,4,0,roihu_delta_support_process_control,4,75497472,524288,Fresh measured 5x5 source union for the sealed x175 prospective validation; target-line losses are evaluation-only.,controlled_model_dim_source_prefix_smalln_5x5,46858504.0,46858504.0,0.0,0.162821576719,17,5p_to_3x3_to_4x4_to_5x5_nested,25,1.305337,0,144,75497472,1.0,offline_union_5x5_x175_prospective,4:0,0:0;0:1;0:2;0:3;0:4;1:0;1:1;1:2;1:3;1:4;2:0;2:1;2:2;2:3;2:4;3:0;3:1;3:2;3:3;3:4;4:0;4:1;4:2;4:3;4:4,high_corner_x175_prospective_5x5,"train_seed,train_row_group_start,train_length_multiplier",held_out_evaluation_only,Submit GPU jobs to gpumedium; do not use pilot/gpupilot.
fsl_highcorner_x175_source5x5_s301_312_20260713_2115_n4-d0-dep4-md704-it144-x1p00-s306-rg0,source_delta_support_process_control,canonical,4,72,64,704,306,144,75497472,524288,16,2048,40,1,L,fsl-highcorner-x175-source5x5-s301-312-20260713-2115-n4-d0-dep4-md704-it144-x1p00-s306-rg0,4,0,roihu_delta_support_process_control,4,75497472,524288,Fresh measured 5x5 source union for the sealed x175 prospective validation; target-line losses are evaluation-only.,controlled_model_dim_source_prefix_smalln_5x5,46858504.0,46858504.0,0.0,0.162821576719,17,5p_to_3x3_to_4x4_to_5x5_nested,25,1.305337,0,144,75497472,1.0,offline_union_5x5_x175_prospective,4:0,0:0;0:1;0:2;0:3;0:4;1:0;1:1;1:2;1:3;1:4;2:0;2:1;2:2;2:3;2:4;3:0;3:1;3:2;3:3;3:4;4:0;4:1;4:2;4:3;4:4,high_corner_x175_prospective_5x5,"train_seed,train_row_group_start,train_length_multiplier",held_out_evaluation_only,Submit GPU jobs to gpumedium; do not use pilot/gpupilot.
fsl_highcorner_x175_source5x5_s301_312_20260713_2115_n4-d0-dep4-md704-it144-x1p00-s307-rg0,source_delta_support_process_control,canonical,4,72,64,704,307,144,75497472,524288,16,2048,40,1,L,fsl-highcorner-x175-source5x5-s301-312-20260713-2115-n4-d0-dep4-md704-it144-x1p00-s307-rg0,4,0,roihu_delta_support_process_control,4,75497472,524288,Fresh measured 5x5 source union for the sealed x175 prospective validation; target-line losses are evaluation-only.,controlled_model_dim_source_prefix_smalln_5x5,46858504.0,46858504.0,0.0,0.162821576719,17,5p_to_3x3_to_4x4_to_5x5_nested,25,1.305337,0,144,75497472,1.0,offline_union_5x5_x175_prospective,4:0,0:0;0:1;0:2;0:3;0:4;1:0;1:1;1:2;1:3;1:4;2:0;2:1;2:2;2:3;2:4;3:0;3:1;3:2;3:3;3:4;4:0;4:1;4:2;4:3;4:4,high_corner_x175_prospective_5x5,"train_seed,train_row_group_start,train_length_multiplier",held_out_evaluation_only,Submit GPU jobs to gpumedium; do not use pilot/gpupilot.
fsl_highcorner_x175_source5x5_s301_312_20260713_2115_n4-d0-dep4-md704-it144-x1p00-s308-rg0,source_delta_support_process_control,canonical,4,72,64,704,308,144,75497472,524288,16,2048,40,1,L,fsl-highcorner-x175-source5x5-s301-312-20260713-2115-n4-d0-dep4-md704-it144-x1p00-s308-rg0,4,0,roihu_delta_support_process_control,4,75497472,524288,Fresh measured 5x5 source union for the sealed x175 prospective validation; target-line losses are evaluation-only.,controlled_model_dim_source_prefix_smalln_5x5,46858504.0,46858504.0,0.0,0.162821576719,17,5p_to_3x3_to_4x4_to_5x5_nested,25,1.305337,0,144,75497472,1.0,offline_union_5x5_x175_prospective,4:0,0:0;0:1;0:2;0:3;0:4;1:0;1:1;1:2;1:3;1:4;2:0;2:1;2:2;2:3;2:4;3:0;3:1;3:2;3:3;3:4;4:0;4:1;4:2;4:3;4:4,high_corner_x175_prospective_5x5,"train_seed,train_row_group_start,train_length_multiplier",held_out_evaluation_only,Submit GPU jobs to gpumedium; do not use pilot/gpupilot.
fsl_highcorner_x175_source5x5_s301_312_20260713_2115_n4-d0-dep4-md704-it144-x1p00-s309-rg0,source_delta_support_process_control,canonical,4,72,64,704,309,144,75497472,524288,16,2048,40,1,L,fsl-highcorner-x175-source5x5-s301-312-20260713-2115-n4-d0-dep4-md704-it144-x1p00-s309-rg0,4,0,roihu_delta_support_process_control,4,75497472,524288,Fresh measured 5x5 source union for the sealed x175 prospective validation; target-line losses are evaluation-only.,controlled_model_dim_source_prefix_smalln_5x5,46858504.0,46858504.0,0.0,0.162821576719,17,5p_to_3x3_to_4x4_to_5x5_nested,25,1.305337,0,144,75497472,1.0,offline_union_5x5_x175_prospective,4:0,0:0;0:1;0:2;0:3;0:4;1:0;1:1;1:2;1:3;1:4;2:0;2:1;2:2;2:3;2:4;3:0;3:1;3:2;3:3;3:4;4:0;4:1;4:2;4:3;4:4,high_corner_x175_prospective_5x5,"train_seed,train_row_group_start,train_length_multiplier",held_out_evaluation_only,Submit GPU jobs to gpumedium; do not use pilot/gpupilot.
fsl_highcorner_x175_source5x5_s301_312_20260713_2115_n4-d0-dep4-md704-it144-x1p00-s310-rg0,source_delta_support_process_control,canonical,4,72,64,704,310,144,75497472,524288,16,2048,40,1,L,fsl-highcorner-x175-source5x5-s301-312-20260713-2115-n4-d0-dep4-md704-it144-x1p00-s310-rg0,4,0,roihu_delta_support_process_control,4,75497472,524288,Fresh measured 5x5 source union for the sealed x175 prospective validation; target-line losses are evaluation-only.,controlled_model_dim_source_prefix_smalln_5x5,46858504.0,46858504.0,0.0,0.162821576719,17,5p_to_3x3_to_4x4_to_5x5_nested,25,1.305337,0,144,75497472,1.0,offline_union_5x5_x175_prospective,4:0,0:0;0:1;0:2;0:3;0:4;1:0;1:1;1:2;1:3;1:4;2:0;2:1;2:2;2:3;2:4;3:0;3:1;3:2;3:3;3:4;4:0;4:1;4:2;4:3;4:4,high_corner_x175_prospective_5x5,"train_seed,train_row_group_start,train_length_multiplier",held_out_evaluation_only,Submit GPU jobs to gpumedium; do not use pilot/gpupilot.
fsl_highcorner_x175_source5x5_s301_312_20260713_2115_n4-d0-dep4-md704-it144-x1p00-s311-rg0,source_delta_support_process_control,canonical,4,72,64,704,311,144,75497472,524288,16,2048,40,1,L,fsl-highcorner-x175-source5x5-s301-312-20260713-2115-n4-d0-dep4-md704-it144-x1p00-s311-rg0,4,0,roihu_delta_support_process_control,4,75497472,524288,Fresh measured 5x5 source union for the sealed x175 prospective validation; target-line losses are evaluation-only.,controlled_model_dim_source_prefix_smalln_5x5,46858504.0,46858504.0,0.0,0.162821576719,17,5p_to_3x3_to_4x4_to_5x5_nested,25,1.305337,0,144,75497472,1.0,offline_union_5x5_x175_prospective,4:0,0:0;0:1;0:2;0:3;0:4;1:0;1:1;1:2;1:3;1:4;2:0;2:1;2:2;2:3;2:4;3:0;3:1;3:2;3:3;3:4;4:0;4:1;4:2;4:3;4:4,high_corner_x175_prospective_5x5,"train_seed,train_row_group_start,train_length_multiplier",held_out_evaluation_only,Submit GPU jobs to gpumedium; do not use pilot/gpupilot.
fsl_highcorner_x175_source5x5_s301_312_20260713_2115_n4-d0-dep4-md704-it144-x1p00-s312-rg0,source_delta_support_process_control,canonical,4,72,64,704,312,144,75497472,524288,16,2048,40,1,L,fsl-highcorner-x175-source5x5-s301-312-20260713-2115-n4-d0-dep4-md704-it144-x1p00-s312-rg0,4,0,roihu_delta_support_process_control,4,75497472,524288,Fresh measured 5x5 source union for the sealed x175 prospective validation; target-line losses are evaluation-only.,controlled_model_dim_source_prefix_smalln_5x5,46858504.0,46858504.0,0.0,0.162821576719,17,5p_to_3x3_to_4x4_to_5x5_nested,25,1.305337,0,144,75497472,1.0,offline_union_5x5_x175_prospective,4:0,0:0;0:1;0:2;0:3;0:4;1:0;1:1;1:2;1:3;1:4;2:0;2:1;2:2;2:3;2:4;3:0;3:1;3:2;3:3;3:4;4:0;4:1;4:2;4:3;4:4,high_corner_x175_prospective_5x5,"train_seed,train_row_group_start,train_length_multiplier",held_out_evaluation_only,Submit GPU jobs to gpumedium; do not use pilot/gpupilot.
fsl_highcorner_x175_source5x5_s301_312_20260713_2115_n4-d1-dep4-md704-it216-x1p00-s301-rg0,source_delta_support_process_control,canonical,4,72,64,704,301,216,113246208,524288,16,2048,40,1,L,fsl-highcorner-x175-source5x5-s301-312-20260713-2115-n4-d1-dep4-md704-it216-x1p00-s301-rg0,4,1,roihu_delta_support_process_control,4,113246208,524288,Fresh measured 5x5 source union for the sealed x175 prospective validation; target-line losses are evaluation-only.,controlled_model_dim_source_prefix_smalln_5x5,46858504.0,46858504.0,0.0,0.162821576719,18,5p_to_3x3_to_4x4_to_5x5_nested,25,1.305337,0,216,113246208,1.0,offline_union_5x5_x175_prospective,4:1,0:0;0:1;0:2;0:3;0:4;1:0;1:1;1:2;1:3;1:4;2:0;2:1;2:2;2:3;2:4;3:0;3:1;3:2;3:3;3:4;4:0;4:1;4:2;4:3;4:4,high_corner_x175_prospective_5x5,"train_seed,train_row_group_start,train_length_multiplier",held_out_evaluation_only,Submit GPU jobs to gpumedium; do not use pilot/gpupilot.
fsl_highcorner_x175_source5x5_s301_312_20260713_2115_n4-d1-dep4-md704-it216-x1p00-s302-rg0,source_delta_support_process_control,canonical,4,72,64,704,302,216,113246208,524288,16,2048,40,1,L,fsl-highcorner-x175-source5x5-s301-312-20260713-2115-n4-d1-dep4-md704-it216-x1p00-s302-rg0,4,1,roihu_delta_support_process_control,4,113246208,524288,Fresh measured 5x5 source union for the sealed x175 prospective validation; target-line losses are evaluation-only.,controlled_model_dim_source_prefix_smalln_5x5,46858504.0,46858504.0,0.0,0.162821576719,18,5p_to_3x3_to_4x4_to_5x5_nested,25,1.305337,0,216,113246208,1.0,offline_union_5x5_x175_prospective,4:1,0:0;0:1;0:2;0:3;0:4;1:0;1:1;1:2;1:3;1:4;2:0;2:1;2:2;2:3;2:4;3:0;3:1;3:2;3:3;3:4;4:0;4:1;4:2;4:3;4:4,high_corner_x175_prospective_5x5,"train_seed,train_row_group_start,train_length_multiplier",held_out_evaluation_only,Submit GPU jobs to gpumedium; do not use pilot/gpupilot.
fsl_highcorner_x175_source5x5_s301_312_20260713_2115_n4-d1-dep4-md704-it216-x1p00-s303-rg0,source_delta_support_process_control,canonical,4,72,64,704,303,216,113246208,524288,16,2048,40,1,L,fsl-highcorner-x175-source5x5-s301-312-20260713-2115-n4-d1-dep4-md704-it216-x1p00-s303-rg0,4,1,roihu_delta_support_process_control,4,113246208,524288,Fresh measured 5x5 source union for the sealed x175 prospective validation; target-line losses are evaluation-only.,controlled_model_dim_source_prefix_smalln_5x5,46858504.0,46858504.0,0.0,0.162821576719,18,5p_to_3x3_to_4x4_to_5x5_nested,25,1.305337,0,216,113246208,1.0,offline_union_5x5_x175_prospective,4:1,0:0;0:1;0:2;0:3;0:4;1:0;1:1;1:2;1:3;1:4;2:0;2:1;2:2;2:3;2:4;3:0;3:1;3:2;3:3;3:4;4:0;4:1;4:2;4:3;4:4,high_corner_x175_prospective_5x5,"train_seed,train_row_group_start,train_length_multiplier",held_out_evaluation_only,Submit GPU jobs to gpumedium; do not use pilot/gpupilot.
fsl_highcorner_x175_source5x5_s301_312_20260713_2115_n4-d1-dep4-md704-it216-x1p00-s304-rg0,source_delta_support_process_control,canonical,4,72,64,704,304,216,113246208,524288,16,2048,40,1,L,fsl-highcorner-x175-source5x5-s301-312-20260713-2115-n4-d1-dep4-md704-it216-x1p00-s304-rg0,4,1,roihu_delta_support_process_control,4,113246208,524288,Fresh measured 5x5 source union for the sealed x175 prospective validation; target-line losses are evaluation-only.,controlled_model_dim_source_prefix_smalln_5x5,46858504.0,46858504.0,0.0,0.162821576719,18,5p_to_3x3_to_4x4_to_5x5_nested,25,1.305337,0,216,113246208,1.0,offline_union_5x5_x175_prospective,4:1,0:0;0:1;0:2;0:3;0:4;1:0;1:1;1:2;1:3;1:4;2:0;2:1;2:2;2:3;2:4;3:0;3:1;3:2;3:3;3:4;4:0;4:1;4:2;4:3;4:4,high_corner_x175_prospective_5x5,"train_seed,train_row_group_start,train_length_multiplier",held_out_evaluation_only,Submit GPU jobs to gpumedium; do not use pilot/gpupilot.
fsl_highcorner_x175_source5x5_s301_312_20260713_2115_n4-d1-dep4-md704-it216-x1p00-s305-rg0,source_delta_support_process_control,canonical,4,72,64,704,305,216,113246208,524288,16,2048,40,1,L,fsl-highcorner-x175-source5x5-s301-312-20260713-2115-n4-d1-dep4-md704-it216-x1p00-s305-rg0,4,1,roihu_delta_support_process_control,4,113246208,524288,Fresh measured 5x5 source union for the sealed x175 prospective validation; target-line losses are evaluation-only.,controlled_model_dim_source_prefix_smalln_5x5,46858504.0,46858504.0,0.0,0.162821576719,18,5p_to_3x3_to_4x4_to_5x5_nested,25,1.305337,0,216,113246208,1.0,offline_union_5x5_x175_prospective,4:1,0:0;0:1;0:2;0:3;0:4;1:0;1:1;1:2;1:3;1:4;2:0;2:1;2:2;2:3;2:4;3:0;3:1;3:2;3:3;3:4;4:0;4:1;4:2;4:3;4:4,high_corner_x175_prospective_5x5,"train_seed,train_row_group_start,train_length_multiplier",held_out_evaluation_only,Submit GPU jobs to gpumedium; do not use pilot/gpupilot.
fsl_highcorner_x175_source5x5_s301_312_20260713_2115_n4-d1-dep4-md704-it216-x1p00-s306-rg0,source_delta_support_process_control,canonical,4,72,64,704,306,216,113246208,524288,16,2048,40,1,L,fsl-highcorner-x175-source5x5-s301-312-20260713-2115-n4-d1-dep4-md704-it216-x1p00-s306-rg0,4,1,roihu_delta_support_process_control,4,113246208,524288,Fresh measured 5x5 source union for the sealed x175 prospective validation; target-line losses are evaluation-only.,controlled_model_dim_source_prefix_smalln_5x5,46858504.0,46858504.0,0.0,0.162821576719,18,5p_to_3x3_to_4x4_to_5x5_nested,25,1.305337,0,216,113246208,1.0,offline_union_5x5_x175_prospective,4:1,0:0;0:1;0:2;0:3;0:4;1:0;1:1;1:2;1:3;1:4;2:0;2:1;2:2;2:3;2:4;3:0;3:1;3:2;3:3;3:4;4:0;4:1;4:2;4:3;4:4,high_corner_x175_prospective_5x5,"train_seed,train_row_group_start,train_length_multiplier",held_out_evaluation_only,Submit GPU jobs to gpumedium; do not use pilot/gpupilot.
fsl_highcorner_x175_source5x5_s301_312_20260713_2115_n4-d1-dep4-md704-it216-x1p00-s307-rg0,source_delta_support_process_control,canonical,4,72,64,704,307,216,113246208,524288,16,2048,40,1,L,fsl-highcorner-x175-source5x5-s301-312-20260713-2115-n4-d1-dep4-md704-it216-x1p00-s307-rg0,4,1,roihu_delta_support_process_control,4,113246208,524288,Fresh measured 5x5 source union for the sealed x175 prospective validation; target-line losses are evaluation-only.,controlled_model_dim_source_prefix_smalln_5x5,46858504.0,46858504.0,0.0,0.162821576719,18,5p_to_3x3_to_4x4_to_5x5_nested,25,1.305337,0,216,113246208,1.0,offline_union_5x5_x175_prospective,4:1,0:0;0:1;0:2;0:3;0:4;1:0;1:1;1:2;1:3;1:4;2:0;2:1;2:2;2:3;2:4;3:0;3:1;3:2;3:3;3:4;4:0;4:1;4:2;4:3;4:4,high_corner_x175_prospective_5x5,"train_seed,train_row_group_start,train_length_multiplier",held_out_evaluation_only,Submit GPU jobs to gpumedium; do not use pilot/gpupilot.
fsl_highcorner_x175_source5x5_s301_312_20260713_2115_n4-d1-dep4-md704-it216-x1p00-s308-rg0,source_delta_support_process_control,canonical,4,72,64,704,308,216,113246208,524288,16,2048,40,1,L,fsl-highcorner-x175-source5x5-s301-312-20260713-2115-n4-d1-dep4-md704-it216-x1p00-s308-rg0,4,1,roihu_delta_support_process_control,4,113246208,524288,Fresh measured 5x5 source union for the sealed x175 prospective validation; target-line losses are evaluation-only.,controlled_model_dim_source_prefix_smalln_5x5,46858504.0,46858504.0,0.0,0.162821576719,18,5p_to_3x3_to_4x4_to_5x5_nested,25,1.305337,0,216,113246208,1.0,offline_union_5x5_x175_prospective,4:1,0:0;0:1;0:2;0:3;0:4;1:0;1:1;1:2;1:3;1:4;2:0;2:1;2:2;2:3;2:4;3:0;3:1;3:2;3:3;3:4;4:0;4:1;4:2;4:3;4:4,high_corner_x175_prospective_5x5,"train_seed,train_row_group_start,train_length_multiplier",held_out_evaluation_only,Submit GPU jobs to gpumedium; do not use pilot/gpupilot.
fsl_highcorner_x175_source5x5_s301_312_20260713_2115_n4-d1-dep4-md704-it216-x1p00-s309-rg0,source_delta_support_process_control,canonical,4,72,64,704,309,216,113246208,524288,16,2048,40,1,L,fsl-highcorner-x175-source5x5-s301-312-20260713-2115-n4-d1-dep4-md704-it216-x1p00-s309-rg0,4,1,roihu_delta_support_process_control,4,113246208,524288,Fresh measured 5x5 source union for the sealed x175 prospective validation; target-line losses are evaluation-only.,controlled_model_dim_source_prefix_smalln_5x5,46858504.0,46858504.0,0.0,0.162821576719,18,5p_to_3x3_to_4x4_to_5x5_nested,25,1.305337,0,216,113246208,1.0,offline_union_5x5_x175_prospective,4:1,0:0;0:1;0:2;0:3;0:4;1:0;1:1;1:2;1:3;1:4;2:0;2:1;2:2;2:3;2:4;3:0;3:1;3:2;3:3;3:4;4:0;4:1;4:2;4:3;4:4,high_corner_x175_prospective_5x5,"train_seed,train_row_group_start,train_length_multiplier",held_out_evaluation_only,Submit GPU jobs to gpumedium; do not use pilot/gpupilot.
fsl_highcorner_x175_source5x5_s301_312_20260713_2115_n4-d1-dep4-md704-it216-x1p00-s310-rg0,source_delta_support_process_control,canonical,4,72,64,704,310,216,113246208,524288,16,2048,40,1,L,fsl-highcorner-x175-source5x5-s301-312-20260713-2115-n4-d1-dep4-md704-it216-x1p00-s310-rg0,4,1,roihu_delta_support_process_control,4,113246208,524288,Fresh measured 5x5 source union for the sealed x175 prospective validation; target-line losses are evaluation-only.,controlled_model_dim_source_prefix_smalln_5x5,46858504.0,46858504.0,0.0,0.162821576719,18,5p_to_3x3_to_4x4_to_5x5_nested,25,1.305337,0,216,113246208,1.0,offline_union_5x5_x175_prospective,4:1,0:0;0:1;0:2;0:3;0:4;1:0;1:1;1:2;1:3;1:4;2:0;2:1;2:2;2:3;2:4;3:0;3:1;3:2;3:3;3:4;4:0;4:1;4:2;4:3;4:4,high_corner_x175_prospective_5x5,"train_seed,train_row_group_start,train_length_multiplier",held_out_evaluation_only,Submit GPU jobs to gpumedium; do not use pilot/gpupilot.
fsl_highcorner_x175_source5x5_s301_312_20260713_2115_n4-d1-dep4-md704-it216-x1p00-s311-rg0,source_delta_support_process_control,canonical,4,72,64,704,311,216,113246208,524288,16,2048,40,1,L,fsl-highcorner-x175-source5x5-s301-312-20260713-2115-n4-d1-dep4-md704-it216-x1p00-s311-rg0,4,1,roihu_delta_support_process_control,4,113246208,524288,Fresh measured 5x5 source union for the sealed x175 prospective validation; target-line losses are evaluation-only.,controlled_model_dim_source_prefix_smalln_5x5,46858504.0,46858504.0,0.0,0.162821576719,18,5p_to_3x3_to_4x4_to_5x5_nested,25,1.305337,0,216,113246208,1.0,offline_union_5x5_x175_prospective,4:1,0:0;0:1;0:2;0:3;0:4;1:0;1:1;1:2;1:3;1:4;2:0;2:1;2:2;2:3;2:4;3:0;3:1;3:2;3:3;3:4;4:0;4:1;4:2;4:3;4:4,high_corner_x175_prospective_5x5,"train_seed,train_row_group_start,train_length_multiplier",held_out_evaluation_only,Submit GPU jobs to gpumedium; do not use pilot/gpupilot.
fsl_highcorner_x175_source5x5_s301_312_20260713_2115_n4-d1-dep4-md704-it216-x1p00-s312-rg0,source_delta_support_process_control,canonical,4,72,64,704,312,216,113246208,524288,16,2048,40,1,L,fsl-highcorner-x175-source5x5-s301-312-20260713-2115-n4-d1-dep4-md704-it216-x1p00-s312-rg0,4,1,roihu_delta_support_process_control,4,113246208,524288,Fresh measured 5x5 source union for the sealed x175 prospective validation; target-line losses are evaluation-only.,controlled_model_dim_source_prefix_smalln_5x5,46858504.0,46858504.0,0.0,0.162821576719,18,5p_to_3x3_to_4x4_to_5x5_nested,25,1.305337,0,216,113246208,1.0,offline_union_5x5_x175_prospective,4:1,0:0;0:1;0:2;0:3;0:4;1:0;1:1;1:2;1:3;1:4;2:0;2:1;2:2;2:3;2:4;3:0;3:1;3:2;3:3;3:4;4:0;4:1;4:2;4:3;4:4,high_corner_x175_prospective_5x5,"train_seed,train_row_group_start,train_length_multiplier",held_out_evaluation_only,Submit GPU jobs to gpumedium; do not use pilot/gpupilot.
fsl_highcorner_x175_source5x5_s301_312_20260713_2115_n4-d2-dep4-md704-it324-x1p00-s301-rg0,source_delta_support_process_control,canonical,4,72,64,704,301,324,169869312,524288,16,2048,40,1,L,fsl-highcorner-x175-source5x5-s301-312-20260713-2115-n4-d2-dep4-md704-it324-x1p00-s301-rg0,4,2,roihu_delta_support_process_control,4,169869312,524288,Fresh measured 5x5 source union for the sealed x175 prospective validation; target-line losses are evaluation-only.,controlled_model_dim_source_prefix_smalln_5x5,46858504.0,46858504.0,0.0,0.162821576719,19,5p_to_3x3_to_4x4_to_5x5_nested,25,1.305337,0,324,169869312,1.0,offline_union_5x5_x175_prospective,4:2,0:0;0:1;0:2;0:3;0:4;1:0;1:1;1:2;1:3;1:4;2:0;2:1;2:2;2:3;2:4;3:0;3:1;3:2;3:3;3:4;4:0;4:1;4:2;4:3;4:4,high_corner_x175_prospective_5x5,"train_seed,train_row_group_start,train_length_multiplier",held_out_evaluation_only,Submit GPU jobs to gpumedium; do not use pilot/gpupilot.
fsl_highcorner_x175_source5x5_s301_312_20260713_2115_n4-d2-dep4-md704-it324-x1p00-s302-rg0,source_delta_support_process_control,canonical,4,72,64,704,302,324,169869312,524288,16,2048,40,1,L,fsl-highcorner-x175-source5x5-s301-312-20260713-2115-n4-d2-dep4-md704-it324-x1p00-s302-rg0,4,2,roihu_delta_support_process_control,4,169869312,524288,Fresh measured 5x5 source union for the sealed x175 prospective validation; target-line losses are evaluation-only.,controlled_model_dim_source_prefix_smalln_5x5,46858504.0,46858504.0,0.0,0.162821576719,19,5p_to_3x3_to_4x4_to_5x5_nested,25,1.305337,0,324,169869312,1.0,offline_union_5x5_x175_prospective,4:2,0:0;0:1;0:2;0:3;0:4;1:0;1:1;1:2;1:3;1:4;2:0;2:1;2:2;2:3;2:4;3:0;3:1;3:2;3:3;3:4;4:0;4:1;4:2;4:3;4:4,high_corner_x175_prospective_5x5,"train_seed,train_row_group_start,train_length_multiplier",held_out_evaluation_only,Submit GPU jobs to gpumedium; do not use pilot/gpupilot.
fsl_highcorner_x175_source5x5_s301_312_20260713_2115_n4-d2-dep4-md704-it324-x1p00-s303-rg0,source_delta_support_process_control,canonical,4,72,64,704,303,324,169869312,524288,16,2048,40,1,L,fsl-highcorner-x175-source5x5-s301-312-20260713-2115-n4-d2-dep4-md704-it324-x1p00-s303-rg0,4,2,roihu_delta_support_process_control,4,169869312,524288,Fresh measured 5x5 source union for the sealed x175 prospective validation; target-line losses are evaluation-only.,controlled_model_dim_source_prefix_smalln_5x5,46858504.0,46858504.0,0.0,0.162821576719,19,5p_to_3x3_to_4x4_to_5x5_nested,25,1.305337,0,324,169869312,1.0,offline_union_5x5_x175_prospective,4:2,0:0;0:1;0:2;0:3;0:4;1:0;1:1;1:2;1:3;1:4;2:0;2:1;2:2;2:3;2:4;3:0;3:1;3:2;3:3;3:4;4:0;4:1;4:2;4:3;4:4,high_corner_x175_prospective_5x5,"train_seed,train_row_group_start,train_length_multiplier",held_out_evaluation_only,Submit GPU jobs to gpumedium; do not use pilot/gpupilot.
fsl_highcorner_x175_source5x5_s301_312_20260713_2115_n4-d2-dep4-md704-it324-x1p00-s304-rg0,source_delta_support_process_control,canonical,4,72,64,704,304,324,169869312,524288,16,2048,40,1,L,fsl-highcorner-x175-source5x5-s301-312-20260713-2115-n4-d2-dep4-md704-it324-x1p00-s304-rg0,4,2,roihu_delta_support_process_control,4,169869312,524288,Fresh measured 5x5 source union for the sealed x175 prospective validation; target-line losses are evaluation-only.,controlled_model_dim_source_prefix_smalln_5x5,46858504.0,46858504.0,0.0,0.162821576719,19,5p_to_3x3_to_4x4_to_5x5_nested,25,1.305337,0,324,169869312,1.0,offline_union_5x5_x175_prospective,4:2,0:0;0:1;0:2;0:3;0:4;1:0;1:1;1:2;1:3;1:4;2:0;2:1;2:2;2:3;2:4;3:0;3:1;3:2;3:3;3:4;4:0;4:1;4:2;4:3;4:4,high_corner_x175_prospective_5x5,"train_seed,train_row_group_start,train_length_multiplier",held_out_evaluation_only,Submit GPU jobs to gpumedium; do not use pilot/gpupilot.
fsl_highcorner_x175_source5x5_s301_312_20260713_2115_n4-d2-dep4-md704-it324-x1p00-s305-rg0,source_delta_support_process_control,canonical,4,72,64,704,305,324,169869312,524288,16,2048,40,1,L,fsl-highcorner-x175-source5x5-s301-312-20260713-2115-n4-d2-dep4-md704-it324-x1p00-s305-rg0,4,2,roihu_delta_support_process_control,4,169869312,524288,Fresh measured 5x5 source union for the sealed x175 prospective validation; target-line losses are evaluation-only.,controlled_model_dim_source_prefix_smalln_5x5,46858504.0,46858504.0,0.0,0.162821576719,19,5p_to_3x3_to_4x4_to_5x5_nested,25,1.305337,0,324,169869312,1.0,offline_union_5x5_x175_prospective,4:2,0:0;0:1;0:2;0:3;0:4;1:0;1:1;1:2;1:3;1:4;2:0;2:1;2:2;2:3;2:4;3:0;3:1;3:2;3:3;3:4;4:0;4:1;4:2;4:3;4:4,high_corner_x175_prospective_5x5,"train_seed,train_row_group_start,train_length_multiplier",held_out_evaluation_only,Submit GPU jobs to gpumedium; do not use pilot/gpupilot.
fsl_highcorner_x175_source5x5_s301_312_20260713_2115_n4-d2-dep4-md704-it324-x1p00-s306-rg0,source_delta_support_process_control,canonical,4,72,64,704,306,324,169869312,524288,16,2048,40,1,L,fsl-highcorner-x175-source5x5-s301-312-20260713-2115-n4-d2-dep4-md704-it324-x1p00-s306-rg0,4,2,roihu_delta_support_process_control,4,169869312,524288,Fresh measured 5x5 source union for the sealed x175 prospective validation; target-line losses are evaluation-only.,controlled_model_dim_source_prefix_smalln_5x5,46858504.0,46858504.0,0.0,0.162821576719,19,5p_to_3x3_to_4x4_to_5x5_nested,25,1.305337,0,324,169869312,1.0,offline_union_5x5_x175_prospective,4:2,0:0;0:1;0:2;0:3;0:4;1:0;1:1;1:2;1:3;1:4;2:0;2:1;2:2;2:3;2:4;3:0;3:1;3:2;3:3;3:4;4:0;4:1;4:2;4:3;4:4,high_corner_x175_prospective_5x5,"train_seed,train_row_group_start,train_length_multiplier",held_out_evaluation_only,Submit GPU jobs to gpumedium; do not use pilot/gpupilot.
fsl_highcorner_x175_source5x5_s301_312_20260713_2115_n4-d2-dep4-md704-it324-x1p00-s307-rg0,source_delta_support_process_control,canonical,4,72,64,704,307,324,169869312,524288,16,2048,40,1,L,fsl-highcorner-x175-source5x5-s301-312-20260713-2115-n4-d2-dep4-md704-it324-x1p00-s307-rg0,4,2,roihu_delta_support_process_control,4,169869312,524288,Fresh measured 5x5 source union for the sealed x175 prospective validation; target-line losses are evaluation-only.,controlled_model_dim_source_prefix_smalln_5x5,46858504.0,46858504.0,0.0,0.162821576719,19,5p_to_3x3_to_4x4_to_5x5_nested,25,1.305337,0,324,169869312,1.0,offline_union_5x5_x175_prospective,4:2,0:0;0:1;0:2;0:3;0:4;1:0;1:1;1:2;1:3;1:4;2:0;2:1;2:2;2:3;2:4;3:0;3:1;3:2;3:3;3:4;4:0;4:1;4:2;4:3;4:4,high_corner_x175_prospective_5x5,"train_seed,train_row_group_start,train_length_multiplier",held_out_evaluation_only,Submit GPU jobs to gpumedium; do not use pilot/gpupilot.
fsl_highcorner_x175_source5x5_s301_312_20260713_2115_n4-d2-dep4-md704-it324-x1p00-s308-rg0,source_delta_support_process_control,canonical,4,72,64,704,308,324,169869312,524288,16,2048,40,1,L,fsl-highcorner-x175-source5x5-s301-312-20260713-2115-n4-d2-dep4-md704-it324-x1p00-s308-rg0,4,2,roihu_delta_support_process_control,4,169869312,524288,Fresh measured 5x5 source union for the sealed x175 prospective validation; target-line losses are evaluation-only.,controlled_model_dim_source_prefix_smalln_5x5,46858504.0,46858504.0,0.0,0.162821576719,19,5p_to_3x3_to_4x4_to_5x5_nested,25,1.305337,0,324,169869312,1.0,offline_union_5x5_x175_prospective,4:2,0:0;0:1;0:2;0:3;0:4;1:0;1:1;1:2;1:3;1:4;2:0;2:1;2:2;2:3;2:4;3:0;3:1;3:2;3:3;3:4;4:0;4:1;4:2;4:3;4:4,high_corner_x175_prospective_5x5,"train_seed,train_row_group_start,train_length_multiplier",held_out_evaluation_only,Submit GPU jobs to gpumedium; do not use pilot/gpupilot.
fsl_highcorner_x175_source5x5_s301_312_20260713_2115_n4-d2-dep4-md704-it324-x1p00-s309-rg0,source_delta_support_process_control,canonical,4,72,64,704,309,324,169869312,524288,16,2048,40,1,L,fsl-highcorner-x175-source5x5-s301-312-20260713-2115-n4-d2-dep4-md704-it324-x1p00-s309-rg0,4,2,roihu_delta_support_process_control,4,169869312,524288,Fresh measured 5x5 source union for the sealed x175 prospective validation; target-line losses are evaluation-only.,controlled_model_dim_source_prefix_smalln_5x5,46858504.0,46858504.0,0.0,0.162821576719,19,5p_to_3x3_to_4x4_to_5x5_nested,25,1.305337,0,324,169869312,1.0,offline_union_5x5_x175_prospective,4:2,0:0;0:1;0:2;0:3;0:4;1:0;1:1;1:2;1:3;1:4;2:0;2:1;2:2;2:3;2:4;3:0;3:1;3:2;3:3;3:4;4:0;4:1;4:2;4:3;4:4,high_corner_x175_prospective_5x5,"train_seed,train_row_group_start,train_length_multiplier",held_out_evaluation_only,Submit GPU jobs to gpumedium; do not use pilot/gpupilot.
fsl_highcorner_x175_source5x5_s301_312_20260713_2115_n4-d2-dep4-md704-it324-x1p00-s310-rg0,source_delta_support_process_control,canonical,4,72,64,704,310,324,169869312,524288,16,2048,40,1,L,fsl-highcorner-x175-source5x5-s301-312-20260713-2115-n4-d2-dep4-md704-it324-x1p00-s310-rg0,4,2,roihu_delta_support_process_control,4,169869312,524288,Fresh measured 5x5 source union for the sealed x175 prospective validation; target-line losses are evaluation-only.,controlled_model_dim_source_prefix_smalln_5x5,46858504.0,46858504.0,0.0,0.162821576719,19,5p_to_3x3_to_4x4_to_5x5_nested,25,1.305337,0,324,169869312,1.0,offline_union_5x5_x175_prospective,4:2,0:0;0:1;0:2;0:3;0:4;1:0;1:1;1:2;1:3;1:4;2:0;2:1;2:2;2:3;2:4;3:0;3:1;3:2;3:3;3:4;4:0;4:1;4:2;4:3;4:4,high_corner_x175_prospective_5x5,"train_seed,train_row_group_start,train_length_multiplier",held_out_evaluation_only,Submit GPU jobs to gpumedium; do not use pilot/gpupilot.
fsl_highcorner_x175_source5x5_s301_312_20260713_2115_n4-d2-dep4-md704-it324-x1p00-s311-rg0,source_delta_support_process_control,canonical,4,72,64,704,311,324,169869312,524288,16,2048,40,1,L,fsl-highcorner-x175-source5x5-s301-312-20260713-2115-n4-d2-dep4-md704-it324-x1p00-s311-rg0,4,2,roihu_delta_support_process_control,4,169869312,524288,Fresh measured 5x5 source union for the sealed x175 prospective validation; target-line losses are evaluation-only.,controlled_model_dim_source_prefix_smalln_5x5,46858504.0,46858504.0,0.0,0.162821576719,19,5p_to_3x3_to_4x4_to_5x5_nested,25,1.305337,0,324,169869312,1.0,offline_union_5x5_x175_prospective,4:2,0:0;0:1;0:2;0:3;0:4;1:0;1:1;1:2;1:3;1:4;2:0;2:1;2:2;2:3;2:4;3:0;3:1;3:2;3:3;3:4;4:0;4:1;4:2;4:3;4:4,high_corner_x175_prospective_5x5,"train_seed,train_row_group_start,train_length_multiplier",held_out_evaluation_only,Submit GPU jobs to gpumedium; do not use pilot/gpupilot.
fsl_highcorner_x175_source5x5_s301_312_20260713_2115_n4-d2-dep4-md704-it324-x1p00-s312-rg0,source_delta_support_process_control,canonical,4,72,64,704,312,324,169869312,524288,16,2048,40,1,L,fsl-highcorner-x175-source5x5-s301-312-20260713-2115-n4-d2-dep4-md704-it324-x1p00-s312-rg0,4,2,roihu_delta_support_process_control,4,169869312,524288,Fresh measured 5x5 source union for the sealed x175 prospective validation; target-line losses are evaluation-only.,controlled_model_dim_source_prefix_smalln_5x5,46858504.0,46858504.0,0.0,0.162821576719,19,5p_to_3x3_to_4x4_to_5x5_nested,25,1.305337,0,324,169869312,1.0,offline_union_5x5_x175_prospective,4:2,0:0;0:1;0:2;0:3;0:4;1:0;1:1;1:2;1:3;1:4;2:0;2:1;2:2;2:3;2:4;3:0;3:1;3:2;3:3;3:4;4:0;4:1;4:2;4:3;4:4,high_corner_x175_prospective_5x5,"train_seed,train_row_group_start,train_length_multiplier",held_out_evaluation_only,Submit GPU jobs to gpumedium; do not use pilot/gpupilot.
fsl_highcorner_x175_source5x5_s301_312_20260713_2115_n4-d3-dep4-md704-it486-x1p00-s301-rg0,source_delta_support_process_control,canonical,4,72,64,704,301,486,254803968,524288,16,2048,40,1,L,fsl-highcorner-x175-source5x5-s301-312-20260713-2115-n4-d3-dep4-md704-it486-x1p00-s301-rg0,4,3,roihu_delta_support_process_control,4,254803968,524288,Fresh measured 5x5 source union for the sealed x175 prospective validation; target-line losses are evaluation-only.,controlled_model_dim_source_prefix_smalln_5x5,46858504.0,46858504.0,0.0,0.162821576719,20,5p_to_3x3_to_4x4_to_5x5_nested,25,1.305337,0,486,254803968,1.0,offline_union_5x5_x175_prospective,4:3,0:0;0:1;0:2;0:3;0:4;1:0;1:1;1:2;1:3;1:4;2:0;2:1;2:2;2:3;2:4;3:0;3:1;3:2;3:3;3:4;4:0;4:1;4:2;4:3;4:4,high_corner_x175_prospective_5x5,"train_seed,train_row_group_start,train_length_multiplier",held_out_evaluation_only,Submit GPU jobs to gpumedium; do not use pilot/gpupilot.
fsl_highcorner_x175_source5x5_s301_312_20260713_2115_n4-d3-dep4-md704-it486-x1p00-s302-rg0,source_delta_support_process_control,canonical,4,72,64,704,302,486,254803968,524288,16,2048,40,1,L,fsl-highcorner-x175-source5x5-s301-312-20260713-2115-n4-d3-dep4-md704-it486-x1p00-s302-rg0,4,3,roihu_delta_support_process_control,4,254803968,524288,Fresh measured 5x5 source union for the sealed x175 prospective validation; target-line losses are evaluation-only.,controlled_model_dim_source_prefix_smalln_5x5,46858504.0,46858504.0,0.0,0.162821576719,20,5p_to_3x3_to_4x4_to_5x5_nested,25,1.305337,0,486,254803968,1.0,offline_union_5x5_x175_prospective,4:3,0:0;0:1;0:2;0:3;0:4;1:0;1:1;1:2;1:3;1:4;2:0;2:1;2:2;2:3;2:4;3:0;3:1;3:2;3:3;3:4;4:0;4:1;4:2;4:3;4:4,high_corner_x175_prospective_5x5,"train_seed,train_row_group_start,train_length_multiplier",held_out_evaluation_only,Submit GPU jobs to gpumedium; do not use pilot/gpupilot.
fsl_highcorner_x175_source5x5_s301_312_20260713_2115_n4-d3-dep4-md704-it486-x1p00-s303-rg0,source_delta_support_process_control,canonical,4,72,64,704,303,486,254803968,524288,16,2048,40,1,L,fsl-highcorner-x175-source5x5-s301-312-20260713-2115-n4-d3-dep4-md704-it486-x1p00-s303-rg0,4,3,roihu_delta_support_process_control,4,254803968,524288,Fresh measured 5x5 source union for the sealed x175 prospective validation; target-line losses are evaluation-only.,controlled_model_dim_source_prefix_smalln_5x5,46858504.0,46858504.0,0.0,0.162821576719,20,5p_to_3x3_to_4x4_to_5x5_nested,25,1.305337,0,486,254803968,1.0,offline_union_5x5_x175_prospective,4:3,0:0;0:1;0:2;0:3;0:4;1:0;1:1;1:2;1:3;1:4;2:0;2:1;2:2;2:3;2:4;3:0;3:1;3:2;3:3;3:4;4:0;4:1;4:2;4:3;4:4,high_corner_x175_prospective_5x5,"train_seed,train_row_group_start,train_length_multiplier",held_out_evaluation_only,Submit GPU jobs to gpumedium; do not use pilot/gpupilot.
fsl_highcorner_x175_source5x5_s301_312_20260713_2115_n4-d3-dep4-md704-it486-x1p00-s304-rg0,source_delta_support_process_control,canonical,4,72,64,704,304,486,254803968,524288,16,2048,40,1,L,fsl-highcorner-x175-source5x5-s301-312-20260713-2115-n4-d3-dep4-md704-it486-x1p00-s304-rg0,4,3,roihu_delta_support_process_control,4,254803968,524288,Fresh measured 5x5 source union for the sealed x175 prospective validation; target-line losses are evaluation-only.,controlled_model_dim_source_prefix_smalln_5x5,46858504.0,46858504.0,0.0,0.162821576719,20,5p_to_3x3_to_4x4_to_5x5_nested,25,1.305337,0,486,254803968,1.0,offline_union_5x5_x175_prospective,4:3,0:0;0:1;0:2;0:3;0:4;1:0;1:1;1:2;1:3;1:4;2:0;2:1;2:2;2:3;2:4;3:0;3:1;3:2;3:3;3:4;4:0;4:1;4:2;4:3;4:4,high_corner_x175_prospective_5x5,"train_seed,train_row_group_start,train_length_multiplier",held_out_evaluation_only,Submit GPU jobs to gpumedium; do not use pilot/gpupilot.
fsl_highcorner_x175_source5x5_s301_312_20260713_2115_n4-d3-dep4-md704-it486-x1p00-s305-rg0,source_delta_support_process_control,canonical,4,72,64,704,305,486,254803968,524288,16,2048,40,1,L,fsl-highcorner-x175-source5x5-s301-312-20260713-2115-n4-d3-dep4-md704-it486-x1p00-s305-rg0,4,3,roihu_delta_support_process_control,4,254803968,524288,Fresh measured 5x5 source union for the sealed x175 prospective validation; target-line losses are evaluation-only.,controlled_model_dim_source_prefix_smalln_5x5,46858504.0,46858504.0,0.0,0.162821576719,20,5p_to_3x3_to_4x4_to_5x5_nested,25,1.305337,0,486,254803968,1.0,offline_union_5x5_x175_prospective,4:3,0:0;0:1;0:2;0:3;0:4;1:0;1:1;1:2;1:3;1:4;2:0;2:1;2:2;2:3;2:4;3:0;3:1;3:2;3:3;3:4;4:0;4:1;4:2;4:3;4:4,high_corner_x175_prospective_5x5,"train_seed,train_row_group_start,train_length_multiplier",held_out_evaluation_only,Submit GPU jobs to gpumedium; do not use pilot/gpupilot.
fsl_highcorner_x175_source5x5_s301_312_20260713_2115_n4-d3-dep4-md704-it486-x1p00-s306-rg0,source_delta_support_process_control,canonical,4,72,64,704,306,486,254803968,524288,16,2048,40,1,L,fsl-highcorner-x175-source5x5-s301-312-20260713-2115-n4-d3-dep4-md704-it486-x1p00-s306-rg0,4,3,roihu_delta_support_process_control,4,254803968,524288,Fresh measured 5x5 source union for the sealed x175 prospective validation; target-line losses are evaluation-only.,controlled_model_dim_source_prefix_smalln_5x5,46858504.0,46858504.0,0.0,0.162821576719,20,5p_to_3x3_to_4x4_to_5x5_nested,25,1.305337,0,486,254803968,1.0,offline_union_5x5_x175_prospective,4:3,0:0;0:1;0:2;0:3;0:4;1:0;1:1;1:2;1:3;1:4;2:0;2:1;2:2;2:3;2:4;3:0;3:1;3:2;3:3;3:4;4:0;4:1;4:2;4:3;4:4,high_corner_x175_prospective_5x5,"train_seed,train_row_group_start,train_length_multiplier",held_out_evaluation_only,Submit GPU jobs to gpumedium; do not use pilot/gpupilot.
fsl_highcorner_x175_source5x5_s301_312_20260713_2115_n4-d3-dep4-md704-it486-x1p00-s307-rg0,source_delta_support_process_control,canonical,4,72,64,704,307,486,254803968,524288,16,2048,40,1,L,fsl-highcorner-x175-source5x5-s301-312-20260713-2115-n4-d3-dep4-md704-it486-x1p00-s307-rg0,4,3,roihu_delta_support_process_control,4,254803968,524288,Fresh measured 5x5 source union for the sealed x175 prospective validation; target-line losses are evaluation-only.,controlled_model_dim_source_prefix_smalln_5x5,46858504.0,46858504.0,0.0,0.162821576719,20,5p_to_3x3_to_4x4_to_5x5_nested,25,1.305337,0,486,254803968,1.0,offline_union_5x5_x175_prospective,4:3,0:0;0:1;0:2;0:3;0:4;1:0;1:1;1:2;1:3;1:4;2:0;2:1;2:2;2:3;2:4;3:0;3:1;3:2;3:3;3:4;4:0;4:1;4:2;4:3;4:4,high_corner_x175_prospective_5x5,"train_seed,train_row_group_start,train_length_multiplier",held_out_evaluation_only,Submit GPU jobs to gpumedium; do not use pilot/gpupilot.
fsl_highcorner_x175_source5x5_s301_312_20260713_2115_n4-d3-dep4-md704-it486-x1p00-s308-rg0,source_delta_support_process_control,canonical,4,72,64,704,308,486,254803968,524288,16,2048,40,1,L,fsl-highcorner-x175-source5x5-s301-312-20260713-2115-n4-d3-dep4-md704-it486-x1p00-s308-rg0,4,3,roihu_delta_support_process_control,4,254803968,524288,Fresh measured 5x5 source union for the sealed x175 prospective validation; target-line losses are evaluation-only.,controlled_model_dim_source_prefix_smalln_5x5,46858504.0,46858504.0,0.0,0.162821576719,20,5p_to_3x3_to_4x4_to_5x5_nested,25,1.305337,0,486,254803968,1.0,offline_union_5x5_x175_prospective,4:3,0:0;0:1;0:2;0:3;0:4;1:0;1:1;1:2;1:3;1:4;2:0;2:1;2:2;2:3;2:4;3:0;3:1;3:2;3:3;3:4;4:0;4:1;4:2;4:3;4:4,high_corner_x175_prospective_5x5,"train_seed,train_row_group_start,train_length_multiplier",held_out_evaluation_only,Submit GPU jobs to gpumedium; do not use pilot/gpupilot.
fsl_highcorner_x175_source5x5_s301_312_20260713_2115_n4-d3-dep4-md704-it486-x1p00-s309-rg0,source_delta_support_process_control,canonical,4,72,64,704,309,486,254803968,524288,16,2048,40,1,L,fsl-highcorner-x175-source5x5-s301-312-20260713-2115-n4-d3-dep4-md704-it486-x1p00-s309-rg0,4,3,roihu_delta_support_process_control,4,254803968,524288,Fresh measured 5x5 source union for the sealed x175 prospective validation; target-line losses are evaluation-only.,controlled_model_dim_source_prefix_smalln_5x5,46858504.0,46858504.0,0.0,0.162821576719,20,5p_to_3x3_to_4x4_to_5x5_nested,25,1.305337,0,486,254803968,1.0,offline_union_5x5_x175_prospective,4:3,0:0;0:1;0:2;0:3;0:4;1:0;1:1;1:2;1:3;1:4;2:0;2:1;2:2;2:3;2:4;3:0;3:1;3:2;3:3;3:4;4:0;4:1;4:2;4:3;4:4,high_corner_x175_prospective_5x5,"train_seed,train_row_group_start,train_length_multiplier",held_out_evaluation_only,Submit GPU jobs to gpumedium; do not use pilot/gpupilot.
fsl_highcorner_x175_source5x5_s301_312_20260713_2115_n4-d3-dep4-md704-it486-x1p00-s310-rg0,source_delta_support_process_control,canonical,4,72,64,704,310,486,254803968,524288,16,2048,40,1,L,fsl-highcorner-x175-source5x5-s301-312-20260713-2115-n4-d3-dep4-md704-it486-x1p00-s310-rg0,4,3,roihu_delta_support_process_control,4,254803968,524288,Fresh measured 5x5 source union for the sealed x175 prospective validation; target-line losses are evaluation-only.,controlled_model_dim_source_prefix_smalln_5x5,46858504.0,46858504.0,0.0,0.162821576719,20,5p_to_3x3_to_4x4_to_5x5_nested,25,1.305337,0,486,254803968,1.0,offline_union_5x5_x175_prospective,4:3,0:0;0:1;0:2;0:3;0:4;1:0;1:1;1:2;1:3;1:4;2:0;2:1;2:2;2:3;2:4;3:0;3:1;3:2;3:3;3:4;4:0;4:1;4:2;4:3;4:4,high_corner_x175_prospective_5x5,"train_seed,train_row_group_start,train_length_multiplier",held_out_evaluation_only,Submit GPU jobs to gpumedium; do not use pilot/gpupilot.
fsl_highcorner_x175_source5x5_s301_312_20260713_2115_n4-d3-dep4-md704-it486-x1p00-s311-rg0,source_delta_support_process_control,canonical,4,72,64,704,311,486,254803968,524288,16,2048,40,1,L,fsl-highcorner-x175-source5x5-s301-312-20260713-2115-n4-d3-dep4-md704-it486-x1p00-s311-rg0,4,3,roihu_delta_support_process_control,4,254803968,524288,Fresh measured 5x5 source union for the sealed x175 prospective validation; target-line losses are evaluation-only.,controlled_model_dim_source_prefix_smalln_5x5,46858504.0,46858504.0,0.0,0.162821576719,20,5p_to_3x3_to_4x4_to_5x5_nested,25,1.305337,0,486,254803968,1.0,offline_union_5x5_x175_prospective,4:3,0:0;0:1;0:2;0:3;0:4;1:0;1:1;1:2;1:3;1:4;2:0;2:1;2:2;2:3;2:4;3:0;3:1;3:2;3:3;3:4;4:0;4:1;4:2;4:3;4:4,high_corner_x175_prospective_5x5,"train_seed,train_row_group_start,train_length_multiplier",held_out_evaluation_only,Submit GPU jobs to gpumedium; do not use pilot/gpupilot.
fsl_highcorner_x175_source5x5_s301_312_20260713_2115_n4-d3-dep4-md704-it486-x1p00-s312-rg0,source_delta_support_process_control,canonical,4,72,64,704,312,486,254803968,524288,16,2048,40,1,L,fsl-highcorner-x175-source5x5-s301-312-20260713-2115-n4-d3-dep4-md704-it486-x1p00-s312-rg0,4,3,roihu_delta_support_process_control,4,254803968,524288,Fresh measured 5x5 source union for the sealed x175 prospective validation; target-line losses are evaluation-only.,controlled_model_dim_source_prefix_smalln_5x5,46858504.0,46858504.0,0.0,0.162821576719,20,5p_to_3x3_to_4x4_to_5x5_nested,25,1.305337,0,486,254803968,1.0,offline_union_5x5_x175_prospective,4:3,0:0;0:1;0:2;0:3;0:4;1:0;1:1;1:2;1:3;1:4;2:0;2:1;2:2;2:3;2:4;3:0;3:1;3:2;3:3;3:4;4:0;4:1;4:2;4:3;4:4,high_corner_x175_prospective_5x5,"train_seed,train_row_group_start,train_length_multiplier",held_out_evaluation_only,Submit GPU jobs to gpumedium; do not use pilot/gpupilot.
fsl_highcorner_x175_source5x5_s301_312_20260713_2115_n4-d4-dep4-md704-it729-x1p00-s301-rg0,source_delta_support_process_control,canonical,4,72,64,704,301,729,382205952,524288,16,2048,40,1,L,fsl-highcorner-x175-source5x5-s301-312-20260713-2115-n4-d4-dep4-md704-it729-x1p00-s301-rg0,4,4,roihu_delta_support_process_control,4,382205952,524288,Fresh measured 5x5 source union for the sealed x175 prospective validation; target-line losses are evaluation-only.,controlled_model_dim_source_prefix_smalln_5x5,46858504.0,46858504.0,0.0,0.162821576719,25,5p_to_3x3_to_4x4_to_5x5_nested,25,1.305337,0,729,382205952,1.0,offline_union_5x5_x175_prospective,4:4,0:0;0:1;0:2;0:3;0:4;1:0;1:1;1:2;1:3;1:4;2:0;2:1;2:2;2:3;2:4;3:0;3:1;3:2;3:3;3:4;4:0;4:1;4:2;4:3;4:4,high_corner_x175_prospective_5x5,"train_seed,train_row_group_start,train_length_multiplier",held_out_evaluation_only,Submit GPU jobs to gpumedium; do not use pilot/gpupilot.
fsl_highcorner_x175_source5x5_s301_312_20260713_2115_n4-d4-dep4-md704-it729-x1p00-s302-rg0,source_delta_support_process_control,canonical,4,72,64,704,302,729,382205952,524288,16,2048,40,1,L,fsl-highcorner-x175-source5x5-s301-312-20260713-2115-n4-d4-dep4-md704-it729-x1p00-s302-rg0,4,4,roihu_delta_support_process_control,4,382205952,524288,Fresh measured 5x5 source union for the sealed x175 prospective validation; target-line losses are evaluation-only.,controlled_model_dim_source_prefix_smalln_5x5,46858504.0,46858504.0,0.0,0.162821576719,25,5p_to_3x3_to_4x4_to_5x5_nested,25,1.305337,0,729,382205952,1.0,offline_union_5x5_x175_prospective,4:4,0:0;0:1;0:2;0:3;0:4;1:0;1:1;1:2;1:3;1:4;2:0;2:1;2:2;2:3;2:4;3:0;3:1;3:2;3:3;3:4;4:0;4:1;4:2;4:3;4:4,high_corner_x175_prospective_5x5,"train_seed,train_row_group_start,train_length_multiplier",held_out_evaluation_only,Submit GPU jobs to gpumedium; do not use pilot/gpupilot.
fsl_highcorner_x175_source5x5_s301_312_20260713_2115_n4-d4-dep4-md704-it729-x1p00-s303-rg0,source_delta_support_process_control,canonical,4,72,64,704,303,729,382205952,524288,16,2048,40,1,L,fsl-highcorner-x175-source5x5-s301-312-20260713-2115-n4-d4-dep4-md704-it729-x1p00-s303-rg0,4,4,roihu_delta_support_process_control,4,382205952,524288,Fresh measured 5x5 source union for the sealed x175 prospective validation; target-line losses are evaluation-only.,controlled_model_dim_source_prefix_smalln_5x5,46858504.0,46858504.0,0.0,0.162821576719,25,5p_to_3x3_to_4x4_to_5x5_nested,25,1.305337,0,729,382205952,1.0,offline_union_5x5_x175_prospective,4:4,0:0;0:1;0:2;0:3;0:4;1:0;1:1;1:2;1:3;1:4;2:0;2:1;2:2;2:3;2:4;3:0;3:1;3:2;3:3;3:4;4:0;4:1;4:2;4:3;4:4,high_corner_x175_prospective_5x5,"train_seed,train_row_group_start,train_length_multiplier",held_out_evaluation_only,Submit GPU jobs to gpumedium; do not use pilot/gpupilot.
fsl_highcorner_x175_source5x5_s301_312_20260713_2115_n4-d4-dep4-md704-it729-x1p00-s304-rg0,source_delta_support_process_control,canonical,4,72,64,704,304,729,382205952,524288,16,2048,40,1,L,fsl-highcorner-x175-source5x5-s301-312-20260713-2115-n4-d4-dep4-md704-it729-x1p00-s304-rg0,4,4,roihu_delta_support_process_control,4,382205952,524288,Fresh measured 5x5 source union for the sealed x175 prospective validation; target-line losses are evaluation-only.,controlled_model_dim_source_prefix_smalln_5x5,46858504.0,46858504.0,0.0,0.162821576719,25,5p_to_3x3_to_4x4_to_5x5_nested,25,1.305337,0,729,382205952,1.0,offline_union_5x5_x175_prospective,4:4,0:0;0:1;0:2;0:3;0:4;1:0;1:1;1:2;1:3;1:4;2:0;2:1;2:2;2:3;2:4;3:0;3:1;3:2;3:3;3:4;4:0;4:1;4:2;4:3;4:4,high_corner_x175_prospective_5x5,"train_seed,train_row_group_start,train_length_multiplier",held_out_evaluation_only,Submit GPU jobs to gpumedium; do not use pilot/gpupilot.
fsl_highcorner_x175_source5x5_s301_312_20260713_2115_n4-d4-dep4-md704-it729-x1p00-s305-rg0,source_delta_support_process_control,canonical,4,72,64,704,305,729,382205952,524288,16,2048,40,1,L,fsl-highcorner-x175-source5x5-s301-312-20260713-2115-n4-d4-dep4-md704-it729-x1p00-s305-rg0,4,4,roihu_delta_support_process_control,4,382205952,524288,Fresh measured 5x5 source union for the sealed x175 prospective validation; target-line losses are evaluation-only.,controlled_model_dim_source_prefix_smalln_5x5,46858504.0,46858504.0,0.0,0.162821576719,25,5p_to_3x3_to_4x4_to_5x5_nested,25,1.305337,0,729,382205952,1.0,offline_union_5x5_x175_prospective,4:4,0:0;0:1;0:2;0:3;0:4;1:0;1:1;1:2;1:3;1:4;2:0;2:1;2:2;2:3;2:4;3:0;3:1;3:2;3:3;3:4;4:0;4:1;4:2;4:3;4:4,high_corner_x175_prospective_5x5,"train_seed,train_row_group_start,train_length_multiplier",held_out_evaluation_only,Submit GPU jobs to gpumedium; do not use pilot/gpupilot.
fsl_highcorner_x175_source5x5_s301_312_20260713_2115_n4-d4-dep4-md704-it729-x1p00-s306-rg0,source_delta_support_process_control,canonical,4,72,64,704,306,729,382205952,524288,16,2048,40,1,L,fsl-highcorner-x175-source5x5-s301-312-20260713-2115-n4-d4-dep4-md704-it729-x1p00-s306-rg0,4,4,roihu_delta_support_process_control,4,382205952,524288,Fresh measured 5x5 source union for the sealed x175 prospective validation; target-line losses are evaluation-only.,controlled_model_dim_source_prefix_smalln_5x5,46858504.0,46858504.0,0.0,0.162821576719,25,5p_to_3x3_to_4x4_to_5x5_nested,25,1.305337,0,729,382205952,1.0,offline_union_5x5_x175_prospective,4:4,0:0;0:1;0:2;0:3;0:4;1:0;1:1;1:2;1:3;1:4;2:0;2:1;2:2;2:3;2:4;3:0;3:1;3:2;3:3;3:4;4:0;4:1;4:2;4:3;4:4,high_corner_x175_prospective_5x5,"train_seed,train_row_group_start,train_length_multiplier",held_out_evaluation_only,Submit GPU jobs to gpumedium; do not use pilot/gpupilot.
fsl_highcorner_x175_source5x5_s301_312_20260713_2115_n4-d4-dep4-md704-it729-x1p00-s307-rg0,source_delta_support_process_control,canonical,4,72,64,704,307,729,382205952,524288,16,2048,40,1,L,fsl-highcorner-x175-source5x5-s301-312-20260713-2115-n4-d4-dep4-md704-it729-x1p00-s307-rg0,4,4,roihu_delta_support_process_control,4,382205952,524288,Fresh measured 5x5 source union for the sealed x175 prospective validation; target-line losses are evaluation-only.,controlled_model_dim_source_prefix_smalln_5x5,46858504.0,46858504.0,0.0,0.162821576719,25,5p_to_3x3_to_4x4_to_5x5_nested,25,1.305337,0,729,382205952,1.0,offline_union_5x5_x175_prospective,4:4,0:0;0:1;0:2;0:3;0:4;1:0;1:1;1:2;1:3;1:4;2:0;2:1;2:2;2:3;2:4;3:0;3:1;3:2;3:3;3:4;4:0;4:1;4:2;4:3;4:4,high_corner_x175_prospective_5x5,"train_seed,train_row_group_start,train_length_multiplier",held_out_evaluation_only,Submit GPU jobs to gpumedium; do not use pilot/gpupilot.
fsl_highcorner_x175_source5x5_s301_312_20260713_2115_n4-d4-dep4-md704-it729-x1p00-s308-rg0,source_delta_support_process_control,canonical,4,72,64,704,308,729,382205952,524288,16,2048,40,1,L,fsl-highcorner-x175-source5x5-s301-312-20260713-2115-n4-d4-dep4-md704-it729-x1p00-s308-rg0,4,4,roihu_delta_support_process_control,4,382205952,524288,Fresh measured 5x5 source union for the sealed x175 prospective validation; target-line losses are evaluation-only.,controlled_model_dim_source_prefix_smalln_5x5,46858504.0,46858504.0,0.0,0.162821576719,25,5p_to_3x3_to_4x4_to_5x5_nested,25,1.305337,0,729,382205952,1.0,offline_union_5x5_x175_prospective,4:4,0:0;0:1;0:2;0:3;0:4;1:0;1:1;1:2;1:3;1:4;2:0;2:1;2:2;2:3;2:4;3:0;3:1;3:2;3:3;3:4;4:0;4:1;4:2;4:3;4:4,high_corner_x175_prospective_5x5,"train_seed,train_row_group_start,train_length_multiplier",held_out_evaluation_only,Submit GPU jobs to gpumedium; do not use pilot/gpupilot.
fsl_highcorner_x175_source5x5_s301_312_20260713_2115_n4-d4-dep4-md704-it729-x1p00-s309-rg0,source_delta_support_process_control,canonical,4,72,64,704,309,729,382205952,524288,16,2048,40,1,L,fsl-highcorner-x175-source5x5-s301-312-20260713-2115-n4-d4-dep4-md704-it729-x1p00-s309-rg0,4,4,roihu_delta_support_process_control,4,382205952,524288,Fresh measured 5x5 source union for the sealed x175 prospective validation; target-line losses are evaluation-only.,controlled_model_dim_source_prefix_smalln_5x5,46858504.0,46858504.0,0.0,0.162821576719,25,5p_to_3x3_to_4x4_to_5x5_nested,25,1.305337,0,729,382205952,1.0,offline_union_5x5_x175_prospective,4:4,0:0;0:1;0:2;0:3;0:4;1:0;1:1;1:2;1:3;1:4;2:0;2:1;2:2;2:3;2:4;3:0;3:1;3:2;3:3;3:4;4:0;4:1;4:2;4:3;4:4,high_corner_x175_prospective_5x5,"train_seed,train_row_group_start,train_length_multiplier",held_out_evaluation_only,Submit GPU jobs to gpumedium; do not use pilot/gpupilot.
fsl_highcorner_x175_source5x5_s301_312_20260713_2115_n4-d4-dep4-md704-it729-x1p00-s310-rg0,source_delta_support_process_control,canonical,4,72,64,704,310,729,382205952,524288,16,2048,40,1,L,fsl-highcorner-x175-source5x5-s301-312-20260713-2115-n4-d4-dep4-md704-it729-x1p00-s310-rg0,4,4,roihu_delta_support_process_control,4,382205952,524288,Fresh measured 5x5 source union for the sealed x175 prospective validation; target-line losses are evaluation-only.,controlled_model_dim_source_prefix_smalln_5x5,46858504.0,46858504.0,0.0,0.162821576719,25,5p_to_3x3_to_4x4_to_5x5_nested,25,1.305337,0,729,382205952,1.0,offline_union_5x5_x175_prospective,4:4,0:0;0:1;0:2;0:3;0:4;1:0;1:1;1:2;1:3;1:4;2:0;2:1;2:2;2:3;2:4;3:0;3:1;3:2;3:3;3:4;4:0;4:1;4:2;4:3;4:4,high_corner_x175_prospective_5x5,"train_seed,train_row_group_start,train_length_multiplier",held_out_evaluation_only,Submit GPU jobs to gpumedium; do not use pilot/gpupilot.
fsl_highcorner_x175_source5x5_s301_312_20260713_2115_n4-d4-dep4-md704-it729-x1p00-s311-rg0,source_delta_support_process_control,canonical,4,72,64,704,311,729,382205952,524288,16,2048,40,1,L,fsl-highcorner-x175-source5x5-s301-312-20260713-2115-n4-d4-dep4-md704-it729-x1p00-s311-rg0,4,4,roihu_delta_support_process_control,4,382205952,524288,Fresh measured 5x5 source union for the sealed x175 prospective validation; target-line losses are evaluation-only.,controlled_model_dim_source_prefix_smalln_5x5,46858504.0,46858504.0,0.0,0.162821576719,25,5p_to_3x3_to_4x4_to_5x5_nested,25,1.305337,0,729,382205952,1.0,offline_union_5x5_x175_prospective,4:4,0:0;0:1;0:2;0:3;0:4;1:0;1:1;1:2;1:3;1:4;2:0;2:1;2:2;2:3;2:4;3:0;3:1;3:2;3:3;3:4;4:0;4:1;4:2;4:3;4:4,high_corner_x175_prospective_5x5,"train_seed,train_row_group_start,train_length_multiplier",held_out_evaluation_only,Submit GPU jobs to gpumedium; do not use pilot/gpupilot.
fsl_highcorner_x175_source5x5_s301_312_20260713_2115_n4-d4-dep4-md704-it729-x1p00-s312-rg0,source_delta_support_process_control,canonical,4,72,64,704,312,729,382205952,524288,16,2048,40,1,L,fsl-highcorner-x175-source5x5-s301-312-20260713-2115-n4-d4-dep4-md704-it729-x1p00-s312-rg0,4,4,roihu_delta_support_process_control,4,382205952,524288,Fresh measured 5x5 source union for the sealed x175 prospective validation; target-line losses are evaluation-only.,controlled_model_dim_source_prefix_smalln_5x5,46858504.0,46858504.0,0.0,0.162821576719,25,5p_to_3x3_to_4x4_to_5x5_nested,25,1.305337,0,729,382205952,1.0,offline_union_5x5_x175_prospective,4:4,0:0;0:1;0:2;0:3;0:4;1:0;1:1;1:2;1:3;1:4;2:0;2:1;2:2;2:3;2:4;3:0;3:1;3:2;3:3;3:4;4:0;4:1;4:2;4:3;4:4,high_corner_x175_prospective_5x5,"train_seed,train_row_group_start,train_length_multiplier",held_out_evaluation_only,Submit GPU jobs to gpumedium; do not use pilot/gpupilot.
