stage,split,recipe_band,depth,aspect_ratio,head_dim,model_dim,seed,num_iterations,target_tokens,total_batch_size,device_batch_size,max_seq_len,warmup_steps,fp8,window_pattern,model_tag,n_index,d_index,planned_family,planned_model_depth,planned_data_tokens,planned_total_batch_size,planned_note,sizing_family,target_n_scaling,preflight_n_scaling,target_n_scaling_rel_error,n_geometric_rel_error,source_prefix_order,source_prefix_family,source_prefix_q_hint,target_budget_b,train_row_group_start,base_num_iterations,D_actual,train_length_multiplier,support_policy,support_point_id,support_keys,delta_support_process_family,delta_support_process_repeats,target_line_referee_usage,roihu_partition_note
roihu_fsl_support_readout_factorial_5x5_x100_s125_130_20260713_n0_d0_dep4_md128_it144_x1p00_s125_rg0,source_delta_support_process_control,canonical,4,72,64,128,125,144,75497472,524288,16,2048,40,1,L,roihu-fsl-support-readout-factorial-5x5-x100-s125-130-20260713-n0-d0-dep4-md128-it144-x1p00-s125-rg0,0,0,roihu_delta_support_process_control,4,75497472,524288,Fresh paired-seed 5x5 source union for a frozen support-policy by readout factorial. Each policy may read only its prespecified source subset and is charged only for the union of that subset. The x100 measured target line remains sealed.,controlled_model_dim_source_prefix_smalln_5x5,4980784.0,4980784.0,0.0,0.162821576719,1,5p_to_3x3_to_4x4_to_5x5_nested,5,1.305337,0,144,75497472,1.0,offline_union_5x5,0:0,0:0;0:1;0:2;0:3;0:4;1:0;1:1;1:2;1:3;1:4;2:0;2:1;2:2;2:3;2:4;3:0;3:1;3:2;3:3;3:4;4:0;4:1;4:2;4:3;4:4,prospective_support_readout_factorial_5x5_x100,"train_seed,train_row_group_start,train_length_multiplier",held_out_evaluation_only,Submit GPU jobs to gpumedium; do not use pilot/gpupilot.
roihu_fsl_support_readout_factorial_5x5_x100_s125_130_20260713_n0_d0_dep4_md128_it144_x1p00_s126_rg0,source_delta_support_process_control,canonical,4,72,64,128,126,144,75497472,524288,16,2048,40,1,L,roihu-fsl-support-readout-factorial-5x5-x100-s125-130-20260713-n0-d0-dep4-md128-it144-x1p00-s126-rg0,0,0,roihu_delta_support_process_control,4,75497472,524288,Fresh paired-seed 5x5 source union for a frozen support-policy by readout factorial. Each policy may read only its prespecified source subset and is charged only for the union of that subset. The x100 measured target line remains sealed.,controlled_model_dim_source_prefix_smalln_5x5,4980784.0,4980784.0,0.0,0.162821576719,1,5p_to_3x3_to_4x4_to_5x5_nested,5,1.305337,0,144,75497472,1.0,offline_union_5x5,0:0,0:0;0:1;0:2;0:3;0:4;1:0;1:1;1:2;1:3;1:4;2:0;2:1;2:2;2:3;2:4;3:0;3:1;3:2;3:3;3:4;4:0;4:1;4:2;4:3;4:4,prospective_support_readout_factorial_5x5_x100,"train_seed,train_row_group_start,train_length_multiplier",held_out_evaluation_only,Submit GPU jobs to gpumedium; do not use pilot/gpupilot.
roihu_fsl_support_readout_factorial_5x5_x100_s125_130_20260713_n0_d0_dep4_md128_it144_x1p00_s127_rg0,source_delta_support_process_control,canonical,4,72,64,128,127,144,75497472,524288,16,2048,40,1,L,roihu-fsl-support-readout-factorial-5x5-x100-s125-130-20260713-n0-d0-dep4-md128-it144-x1p00-s127-rg0,0,0,roihu_delta_support_process_control,4,75497472,524288,Fresh paired-seed 5x5 source union for a frozen support-policy by readout factorial. Each policy may read only its prespecified source subset and is charged only for the union of that subset. The x100 measured target line remains sealed.,controlled_model_dim_source_prefix_smalln_5x5,4980784.0,4980784.0,0.0,0.162821576719,1,5p_to_3x3_to_4x4_to_5x5_nested,5,1.305337,0,144,75497472,1.0,offline_union_5x5,0:0,0:0;0:1;0:2;0:3;0:4;1:0;1:1;1:2;1:3;1:4;2:0;2:1;2:2;2:3;2:4;3:0;3:1;3:2;3:3;3:4;4:0;4:1;4:2;4:3;4:4,prospective_support_readout_factorial_5x5_x100,"train_seed,train_row_group_start,train_length_multiplier",held_out_evaluation_only,Submit GPU jobs to gpumedium; do not use pilot/gpupilot.
roihu_fsl_support_readout_factorial_5x5_x100_s125_130_20260713_n0_d0_dep4_md128_it144_x1p00_s128_rg0,source_delta_support_process_control,canonical,4,72,64,128,128,144,75497472,524288,16,2048,40,1,L,roihu-fsl-support-readout-factorial-5x5-x100-s125-130-20260713-n0-d0-dep4-md128-it144-x1p00-s128-rg0,0,0,roihu_delta_support_process_control,4,75497472,524288,Fresh paired-seed 5x5 source union for a frozen support-policy by readout factorial. Each policy may read only its prespecified source subset and is charged only for the union of that subset. The x100 measured target line remains sealed.,controlled_model_dim_source_prefix_smalln_5x5,4980784.0,4980784.0,0.0,0.162821576719,1,5p_to_3x3_to_4x4_to_5x5_nested,5,1.305337,0,144,75497472,1.0,offline_union_5x5,0:0,0:0;0:1;0:2;0:3;0:4;1:0;1:1;1:2;1:3;1:4;2:0;2:1;2:2;2:3;2:4;3:0;3:1;3:2;3:3;3:4;4:0;4:1;4:2;4:3;4:4,prospective_support_readout_factorial_5x5_x100,"train_seed,train_row_group_start,train_length_multiplier",held_out_evaluation_only,Submit GPU jobs to gpumedium; do not use pilot/gpupilot.
roihu_fsl_support_readout_factorial_5x5_x100_s125_130_20260713_n0_d0_dep4_md128_it144_x1p00_s129_rg0,source_delta_support_process_control,canonical,4,72,64,128,129,144,75497472,524288,16,2048,40,1,L,roihu-fsl-support-readout-factorial-5x5-x100-s125-130-20260713-n0-d0-dep4-md128-it144-x1p00-s129-rg0,0,0,roihu_delta_support_process_control,4,75497472,524288,Fresh paired-seed 5x5 source union for a frozen support-policy by readout factorial. Each policy may read only its prespecified source subset and is charged only for the union of that subset. The x100 measured target line remains sealed.,controlled_model_dim_source_prefix_smalln_5x5,4980784.0,4980784.0,0.0,0.162821576719,1,5p_to_3x3_to_4x4_to_5x5_nested,5,1.305337,0,144,75497472,1.0,offline_union_5x5,0:0,0:0;0:1;0:2;0:3;0:4;1:0;1:1;1:2;1:3;1:4;2:0;2:1;2:2;2:3;2:4;3:0;3:1;3:2;3:3;3:4;4:0;4:1;4:2;4:3;4:4,prospective_support_readout_factorial_5x5_x100,"train_seed,train_row_group_start,train_length_multiplier",held_out_evaluation_only,Submit GPU jobs to gpumedium; do not use pilot/gpupilot.
roihu_fsl_support_readout_factorial_5x5_x100_s125_130_20260713_n0_d0_dep4_md128_it144_x1p00_s130_rg0,source_delta_support_process_control,canonical,4,72,64,128,130,144,75497472,524288,16,2048,40,1,L,roihu-fsl-support-readout-factorial-5x5-x100-s125-130-20260713-n0-d0-dep4-md128-it144-x1p00-s130-rg0,0,0,roihu_delta_support_process_control,4,75497472,524288,Fresh paired-seed 5x5 source union for a frozen support-policy by readout factorial. Each policy may read only its prespecified source subset and is charged only for the union of that subset. The x100 measured target line remains sealed.,controlled_model_dim_source_prefix_smalln_5x5,4980784.0,4980784.0,0.0,0.162821576719,1,5p_to_3x3_to_4x4_to_5x5_nested,5,1.305337,0,144,75497472,1.0,offline_union_5x5,0:0,0:0;0:1;0:2;0:3;0:4;1:0;1:1;1:2;1:3;1:4;2:0;2:1;2:2;2:3;2:4;3:0;3:1;3:2;3:3;3:4;4:0;4:1;4:2;4:3;4:4,prospective_support_readout_factorial_5x5_x100,"train_seed,train_row_group_start,train_length_multiplier",held_out_evaluation_only,Submit GPU jobs to gpumedium; do not use pilot/gpupilot.
roihu_fsl_support_readout_factorial_5x5_x100_s125_130_20260713_n0_d1_dep4_md128_it216_x1p00_s125_rg0,source_delta_support_process_control,canonical,4,72,64,128,125,216,113246208,524288,16,2048,40,1,L,roihu-fsl-support-readout-factorial-5x5-x100-s125-130-20260713-n0-d1-dep4-md128-it216-x1p00-s125-rg0,0,1,roihu_delta_support_process_control,4,113246208,524288,Fresh paired-seed 5x5 source union for a frozen support-policy by readout factorial. Each policy may read only its prespecified source subset and is charged only for the union of that subset. The x100 measured target line remains sealed.,controlled_model_dim_source_prefix_smalln_5x5,4980784.0,4980784.0,0.0,0.162821576719,4,5p_to_3x3_to_4x4_to_5x5_nested,5,1.305337,0,216,113246208,1.0,offline_union_5x5,0:1,0:0;0:1;0:2;0:3;0:4;1:0;1:1;1:2;1:3;1:4;2:0;2:1;2:2;2:3;2:4;3:0;3:1;3:2;3:3;3:4;4:0;4:1;4:2;4:3;4:4,prospective_support_readout_factorial_5x5_x100,"train_seed,train_row_group_start,train_length_multiplier",held_out_evaluation_only,Submit GPU jobs to gpumedium; do not use pilot/gpupilot.
roihu_fsl_support_readout_factorial_5x5_x100_s125_130_20260713_n0_d1_dep4_md128_it216_x1p00_s126_rg0,source_delta_support_process_control,canonical,4,72,64,128,126,216,113246208,524288,16,2048,40,1,L,roihu-fsl-support-readout-factorial-5x5-x100-s125-130-20260713-n0-d1-dep4-md128-it216-x1p00-s126-rg0,0,1,roihu_delta_support_process_control,4,113246208,524288,Fresh paired-seed 5x5 source union for a frozen support-policy by readout factorial. Each policy may read only its prespecified source subset and is charged only for the union of that subset. The x100 measured target line remains sealed.,controlled_model_dim_source_prefix_smalln_5x5,4980784.0,4980784.0,0.0,0.162821576719,4,5p_to_3x3_to_4x4_to_5x5_nested,5,1.305337,0,216,113246208,1.0,offline_union_5x5,0:1,0:0;0:1;0:2;0:3;0:4;1:0;1:1;1:2;1:3;1:4;2:0;2:1;2:2;2:3;2:4;3:0;3:1;3:2;3:3;3:4;4:0;4:1;4:2;4:3;4:4,prospective_support_readout_factorial_5x5_x100,"train_seed,train_row_group_start,train_length_multiplier",held_out_evaluation_only,Submit GPU jobs to gpumedium; do not use pilot/gpupilot.
roihu_fsl_support_readout_factorial_5x5_x100_s125_130_20260713_n0_d1_dep4_md128_it216_x1p00_s127_rg0,source_delta_support_process_control,canonical,4,72,64,128,127,216,113246208,524288,16,2048,40,1,L,roihu-fsl-support-readout-factorial-5x5-x100-s125-130-20260713-n0-d1-dep4-md128-it216-x1p00-s127-rg0,0,1,roihu_delta_support_process_control,4,113246208,524288,Fresh paired-seed 5x5 source union for a frozen support-policy by readout factorial. Each policy may read only its prespecified source subset and is charged only for the union of that subset. The x100 measured target line remains sealed.,controlled_model_dim_source_prefix_smalln_5x5,4980784.0,4980784.0,0.0,0.162821576719,4,5p_to_3x3_to_4x4_to_5x5_nested,5,1.305337,0,216,113246208,1.0,offline_union_5x5,0:1,0:0;0:1;0:2;0:3;0:4;1:0;1:1;1:2;1:3;1:4;2:0;2:1;2:2;2:3;2:4;3:0;3:1;3:2;3:3;3:4;4:0;4:1;4:2;4:3;4:4,prospective_support_readout_factorial_5x5_x100,"train_seed,train_row_group_start,train_length_multiplier",held_out_evaluation_only,Submit GPU jobs to gpumedium; do not use pilot/gpupilot.
roihu_fsl_support_readout_factorial_5x5_x100_s125_130_20260713_n0_d1_dep4_md128_it216_x1p00_s128_rg0,source_delta_support_process_control,canonical,4,72,64,128,128,216,113246208,524288,16,2048,40,1,L,roihu-fsl-support-readout-factorial-5x5-x100-s125-130-20260713-n0-d1-dep4-md128-it216-x1p00-s128-rg0,0,1,roihu_delta_support_process_control,4,113246208,524288,Fresh paired-seed 5x5 source union for a frozen support-policy by readout factorial. Each policy may read only its prespecified source subset and is charged only for the union of that subset. The x100 measured target line remains sealed.,controlled_model_dim_source_prefix_smalln_5x5,4980784.0,4980784.0,0.0,0.162821576719,4,5p_to_3x3_to_4x4_to_5x5_nested,5,1.305337,0,216,113246208,1.0,offline_union_5x5,0:1,0:0;0:1;0:2;0:3;0:4;1:0;1:1;1:2;1:3;1:4;2:0;2:1;2:2;2:3;2:4;3:0;3:1;3:2;3:3;3:4;4:0;4:1;4:2;4:3;4:4,prospective_support_readout_factorial_5x5_x100,"train_seed,train_row_group_start,train_length_multiplier",held_out_evaluation_only,Submit GPU jobs to gpumedium; do not use pilot/gpupilot.
roihu_fsl_support_readout_factorial_5x5_x100_s125_130_20260713_n0_d1_dep4_md128_it216_x1p00_s129_rg0,source_delta_support_process_control,canonical,4,72,64,128,129,216,113246208,524288,16,2048,40,1,L,roihu-fsl-support-readout-factorial-5x5-x100-s125-130-20260713-n0-d1-dep4-md128-it216-x1p00-s129-rg0,0,1,roihu_delta_support_process_control,4,113246208,524288,Fresh paired-seed 5x5 source union for a frozen support-policy by readout factorial. Each policy may read only its prespecified source subset and is charged only for the union of that subset. The x100 measured target line remains sealed.,controlled_model_dim_source_prefix_smalln_5x5,4980784.0,4980784.0,0.0,0.162821576719,4,5p_to_3x3_to_4x4_to_5x5_nested,5,1.305337,0,216,113246208,1.0,offline_union_5x5,0:1,0:0;0:1;0:2;0:3;0:4;1:0;1:1;1:2;1:3;1:4;2:0;2:1;2:2;2:3;2:4;3:0;3:1;3:2;3:3;3:4;4:0;4:1;4:2;4:3;4:4,prospective_support_readout_factorial_5x5_x100,"train_seed,train_row_group_start,train_length_multiplier",held_out_evaluation_only,Submit GPU jobs to gpumedium; do not use pilot/gpupilot.
roihu_fsl_support_readout_factorial_5x5_x100_s125_130_20260713_n0_d1_dep4_md128_it216_x1p00_s130_rg0,source_delta_support_process_control,canonical,4,72,64,128,130,216,113246208,524288,16,2048,40,1,L,roihu-fsl-support-readout-factorial-5x5-x100-s125-130-20260713-n0-d1-dep4-md128-it216-x1p00-s130-rg0,0,1,roihu_delta_support_process_control,4,113246208,524288,Fresh paired-seed 5x5 source union for a frozen support-policy by readout factorial. Each policy may read only its prespecified source subset and is charged only for the union of that subset. The x100 measured target line remains sealed.,controlled_model_dim_source_prefix_smalln_5x5,4980784.0,4980784.0,0.0,0.162821576719,4,5p_to_3x3_to_4x4_to_5x5_nested,5,1.305337,0,216,113246208,1.0,offline_union_5x5,0:1,0:0;0:1;0:2;0:3;0:4;1:0;1:1;1:2;1:3;1:4;2:0;2:1;2:2;2:3;2:4;3:0;3:1;3:2;3:3;3:4;4:0;4:1;4:2;4:3;4:4,prospective_support_readout_factorial_5x5_x100,"train_seed,train_row_group_start,train_length_multiplier",held_out_evaluation_only,Submit GPU jobs to gpumedium; do not use pilot/gpupilot.
roihu_fsl_support_readout_factorial_5x5_x100_s125_130_20260713_n0_d2_dep4_md128_it324_x1p00_s125_rg0,source_delta_support_process_control,canonical,4,72,64,128,125,324,169869312,524288,16,2048,40,1,L,roihu-fsl-support-readout-factorial-5x5-x100-s125-130-20260713-n0-d2-dep4-md128-it324-x1p00-s125-rg0,0,2,roihu_delta_support_process_control,4,169869312,524288,Fresh paired-seed 5x5 source union for a frozen support-policy by readout factorial. Each policy may read only its prespecified source subset and is charged only for the union of that subset. The x100 measured target line remains sealed.,controlled_model_dim_source_prefix_smalln_5x5,4980784.0,4980784.0,0.0,0.162821576719,5,5p_to_3x3_to_4x4_to_5x5_nested,5,1.305337,0,324,169869312,1.0,offline_union_5x5,0:2,0:0;0:1;0:2;0:3;0:4;1:0;1:1;1:2;1:3;1:4;2:0;2:1;2:2;2:3;2:4;3:0;3:1;3:2;3:3;3:4;4:0;4:1;4:2;4:3;4:4,prospective_support_readout_factorial_5x5_x100,"train_seed,train_row_group_start,train_length_multiplier",held_out_evaluation_only,Submit GPU jobs to gpumedium; do not use pilot/gpupilot.
roihu_fsl_support_readout_factorial_5x5_x100_s125_130_20260713_n0_d2_dep4_md128_it324_x1p00_s126_rg0,source_delta_support_process_control,canonical,4,72,64,128,126,324,169869312,524288,16,2048,40,1,L,roihu-fsl-support-readout-factorial-5x5-x100-s125-130-20260713-n0-d2-dep4-md128-it324-x1p00-s126-rg0,0,2,roihu_delta_support_process_control,4,169869312,524288,Fresh paired-seed 5x5 source union for a frozen support-policy by readout factorial. Each policy may read only its prespecified source subset and is charged only for the union of that subset. The x100 measured target line remains sealed.,controlled_model_dim_source_prefix_smalln_5x5,4980784.0,4980784.0,0.0,0.162821576719,5,5p_to_3x3_to_4x4_to_5x5_nested,5,1.305337,0,324,169869312,1.0,offline_union_5x5,0:2,0:0;0:1;0:2;0:3;0:4;1:0;1:1;1:2;1:3;1:4;2:0;2:1;2:2;2:3;2:4;3:0;3:1;3:2;3:3;3:4;4:0;4:1;4:2;4:3;4:4,prospective_support_readout_factorial_5x5_x100,"train_seed,train_row_group_start,train_length_multiplier",held_out_evaluation_only,Submit GPU jobs to gpumedium; do not use pilot/gpupilot.
roihu_fsl_support_readout_factorial_5x5_x100_s125_130_20260713_n0_d2_dep4_md128_it324_x1p00_s127_rg0,source_delta_support_process_control,canonical,4,72,64,128,127,324,169869312,524288,16,2048,40,1,L,roihu-fsl-support-readout-factorial-5x5-x100-s125-130-20260713-n0-d2-dep4-md128-it324-x1p00-s127-rg0,0,2,roihu_delta_support_process_control,4,169869312,524288,Fresh paired-seed 5x5 source union for a frozen support-policy by readout factorial. Each policy may read only its prespecified source subset and is charged only for the union of that subset. The x100 measured target line remains sealed.,controlled_model_dim_source_prefix_smalln_5x5,4980784.0,4980784.0,0.0,0.162821576719,5,5p_to_3x3_to_4x4_to_5x5_nested,5,1.305337,0,324,169869312,1.0,offline_union_5x5,0:2,0:0;0:1;0:2;0:3;0:4;1:0;1:1;1:2;1:3;1:4;2:0;2:1;2:2;2:3;2:4;3:0;3:1;3:2;3:3;3:4;4:0;4:1;4:2;4:3;4:4,prospective_support_readout_factorial_5x5_x100,"train_seed,train_row_group_start,train_length_multiplier",held_out_evaluation_only,Submit GPU jobs to gpumedium; do not use pilot/gpupilot.
roihu_fsl_support_readout_factorial_5x5_x100_s125_130_20260713_n0_d2_dep4_md128_it324_x1p00_s128_rg0,source_delta_support_process_control,canonical,4,72,64,128,128,324,169869312,524288,16,2048,40,1,L,roihu-fsl-support-readout-factorial-5x5-x100-s125-130-20260713-n0-d2-dep4-md128-it324-x1p00-s128-rg0,0,2,roihu_delta_support_process_control,4,169869312,524288,Fresh paired-seed 5x5 source union for a frozen support-policy by readout factorial. Each policy may read only its prespecified source subset and is charged only for the union of that subset. The x100 measured target line remains sealed.,controlled_model_dim_source_prefix_smalln_5x5,4980784.0,4980784.0,0.0,0.162821576719,5,5p_to_3x3_to_4x4_to_5x5_nested,5,1.305337,0,324,169869312,1.0,offline_union_5x5,0:2,0:0;0:1;0:2;0:3;0:4;1:0;1:1;1:2;1:3;1:4;2:0;2:1;2:2;2:3;2:4;3:0;3:1;3:2;3:3;3:4;4:0;4:1;4:2;4:3;4:4,prospective_support_readout_factorial_5x5_x100,"train_seed,train_row_group_start,train_length_multiplier",held_out_evaluation_only,Submit GPU jobs to gpumedium; do not use pilot/gpupilot.
roihu_fsl_support_readout_factorial_5x5_x100_s125_130_20260713_n0_d2_dep4_md128_it324_x1p00_s129_rg0,source_delta_support_process_control,canonical,4,72,64,128,129,324,169869312,524288,16,2048,40,1,L,roihu-fsl-support-readout-factorial-5x5-x100-s125-130-20260713-n0-d2-dep4-md128-it324-x1p00-s129-rg0,0,2,roihu_delta_support_process_control,4,169869312,524288,Fresh paired-seed 5x5 source union for a frozen support-policy by readout factorial. Each policy may read only its prespecified source subset and is charged only for the union of that subset. The x100 measured target line remains sealed.,controlled_model_dim_source_prefix_smalln_5x5,4980784.0,4980784.0,0.0,0.162821576719,5,5p_to_3x3_to_4x4_to_5x5_nested,5,1.305337,0,324,169869312,1.0,offline_union_5x5,0:2,0:0;0:1;0:2;0:3;0:4;1:0;1:1;1:2;1:3;1:4;2:0;2:1;2:2;2:3;2:4;3:0;3:1;3:2;3:3;3:4;4:0;4:1;4:2;4:3;4:4,prospective_support_readout_factorial_5x5_x100,"train_seed,train_row_group_start,train_length_multiplier",held_out_evaluation_only,Submit GPU jobs to gpumedium; do not use pilot/gpupilot.
roihu_fsl_support_readout_factorial_5x5_x100_s125_130_20260713_n0_d2_dep4_md128_it324_x1p00_s130_rg0,source_delta_support_process_control,canonical,4,72,64,128,130,324,169869312,524288,16,2048,40,1,L,roihu-fsl-support-readout-factorial-5x5-x100-s125-130-20260713-n0-d2-dep4-md128-it324-x1p00-s130-rg0,0,2,roihu_delta_support_process_control,4,169869312,524288,Fresh paired-seed 5x5 source union for a frozen support-policy by readout factorial. Each policy may read only its prespecified source subset and is charged only for the union of that subset. The x100 measured target line remains sealed.,controlled_model_dim_source_prefix_smalln_5x5,4980784.0,4980784.0,0.0,0.162821576719,5,5p_to_3x3_to_4x4_to_5x5_nested,5,1.305337,0,324,169869312,1.0,offline_union_5x5,0:2,0:0;0:1;0:2;0:3;0:4;1:0;1:1;1:2;1:3;1:4;2:0;2:1;2:2;2:3;2:4;3:0;3:1;3:2;3:3;3:4;4:0;4:1;4:2;4:3;4:4,prospective_support_readout_factorial_5x5_x100,"train_seed,train_row_group_start,train_length_multiplier",held_out_evaluation_only,Submit GPU jobs to gpumedium; do not use pilot/gpupilot.
roihu_fsl_support_readout_factorial_5x5_x100_s125_130_20260713_n0_d3_dep4_md128_it486_x1p00_s125_rg0,source_delta_support_process_control,canonical,4,72,64,128,125,486,254803968,524288,16,2048,40,1,L,roihu-fsl-support-readout-factorial-5x5-x100-s125-130-20260713-n0-d3-dep4-md128-it486-x1p00-s125-rg0,0,3,roihu_delta_support_process_control,4,254803968,524288,Fresh paired-seed 5x5 source union for a frozen support-policy by readout factorial. Each policy may read only its prespecified source subset and is charged only for the union of that subset. The x100 measured target line remains sealed.,controlled_model_dim_source_prefix_smalln_5x5,4980784.0,4980784.0,0.0,0.162821576719,13,5p_to_3x3_to_4x4_to_5x5_nested,16,1.305337,0,486,254803968,1.0,offline_union_5x5,0:3,0:0;0:1;0:2;0:3;0:4;1:0;1:1;1:2;1:3;1:4;2:0;2:1;2:2;2:3;2:4;3:0;3:1;3:2;3:3;3:4;4:0;4:1;4:2;4:3;4:4,prospective_support_readout_factorial_5x5_x100,"train_seed,train_row_group_start,train_length_multiplier",held_out_evaluation_only,Submit GPU jobs to gpumedium; do not use pilot/gpupilot.
roihu_fsl_support_readout_factorial_5x5_x100_s125_130_20260713_n0_d3_dep4_md128_it486_x1p00_s126_rg0,source_delta_support_process_control,canonical,4,72,64,128,126,486,254803968,524288,16,2048,40,1,L,roihu-fsl-support-readout-factorial-5x5-x100-s125-130-20260713-n0-d3-dep4-md128-it486-x1p00-s126-rg0,0,3,roihu_delta_support_process_control,4,254803968,524288,Fresh paired-seed 5x5 source union for a frozen support-policy by readout factorial. Each policy may read only its prespecified source subset and is charged only for the union of that subset. The x100 measured target line remains sealed.,controlled_model_dim_source_prefix_smalln_5x5,4980784.0,4980784.0,0.0,0.162821576719,13,5p_to_3x3_to_4x4_to_5x5_nested,16,1.305337,0,486,254803968,1.0,offline_union_5x5,0:3,0:0;0:1;0:2;0:3;0:4;1:0;1:1;1:2;1:3;1:4;2:0;2:1;2:2;2:3;2:4;3:0;3:1;3:2;3:3;3:4;4:0;4:1;4:2;4:3;4:4,prospective_support_readout_factorial_5x5_x100,"train_seed,train_row_group_start,train_length_multiplier",held_out_evaluation_only,Submit GPU jobs to gpumedium; do not use pilot/gpupilot.
roihu_fsl_support_readout_factorial_5x5_x100_s125_130_20260713_n0_d3_dep4_md128_it486_x1p00_s127_rg0,source_delta_support_process_control,canonical,4,72,64,128,127,486,254803968,524288,16,2048,40,1,L,roihu-fsl-support-readout-factorial-5x5-x100-s125-130-20260713-n0-d3-dep4-md128-it486-x1p00-s127-rg0,0,3,roihu_delta_support_process_control,4,254803968,524288,Fresh paired-seed 5x5 source union for a frozen support-policy by readout factorial. Each policy may read only its prespecified source subset and is charged only for the union of that subset. The x100 measured target line remains sealed.,controlled_model_dim_source_prefix_smalln_5x5,4980784.0,4980784.0,0.0,0.162821576719,13,5p_to_3x3_to_4x4_to_5x5_nested,16,1.305337,0,486,254803968,1.0,offline_union_5x5,0:3,0:0;0:1;0:2;0:3;0:4;1:0;1:1;1:2;1:3;1:4;2:0;2:1;2:2;2:3;2:4;3:0;3:1;3:2;3:3;3:4;4:0;4:1;4:2;4:3;4:4,prospective_support_readout_factorial_5x5_x100,"train_seed,train_row_group_start,train_length_multiplier",held_out_evaluation_only,Submit GPU jobs to gpumedium; do not use pilot/gpupilot.
roihu_fsl_support_readout_factorial_5x5_x100_s125_130_20260713_n0_d3_dep4_md128_it486_x1p00_s128_rg0,source_delta_support_process_control,canonical,4,72,64,128,128,486,254803968,524288,16,2048,40,1,L,roihu-fsl-support-readout-factorial-5x5-x100-s125-130-20260713-n0-d3-dep4-md128-it486-x1p00-s128-rg0,0,3,roihu_delta_support_process_control,4,254803968,524288,Fresh paired-seed 5x5 source union for a frozen support-policy by readout factorial. Each policy may read only its prespecified source subset and is charged only for the union of that subset. The x100 measured target line remains sealed.,controlled_model_dim_source_prefix_smalln_5x5,4980784.0,4980784.0,0.0,0.162821576719,13,5p_to_3x3_to_4x4_to_5x5_nested,16,1.305337,0,486,254803968,1.0,offline_union_5x5,0:3,0:0;0:1;0:2;0:3;0:4;1:0;1:1;1:2;1:3;1:4;2:0;2:1;2:2;2:3;2:4;3:0;3:1;3:2;3:3;3:4;4:0;4:1;4:2;4:3;4:4,prospective_support_readout_factorial_5x5_x100,"train_seed,train_row_group_start,train_length_multiplier",held_out_evaluation_only,Submit GPU jobs to gpumedium; do not use pilot/gpupilot.
roihu_fsl_support_readout_factorial_5x5_x100_s125_130_20260713_n0_d3_dep4_md128_it486_x1p00_s129_rg0,source_delta_support_process_control,canonical,4,72,64,128,129,486,254803968,524288,16,2048,40,1,L,roihu-fsl-support-readout-factorial-5x5-x100-s125-130-20260713-n0-d3-dep4-md128-it486-x1p00-s129-rg0,0,3,roihu_delta_support_process_control,4,254803968,524288,Fresh paired-seed 5x5 source union for a frozen support-policy by readout factorial. Each policy may read only its prespecified source subset and is charged only for the union of that subset. The x100 measured target line remains sealed.,controlled_model_dim_source_prefix_smalln_5x5,4980784.0,4980784.0,0.0,0.162821576719,13,5p_to_3x3_to_4x4_to_5x5_nested,16,1.305337,0,486,254803968,1.0,offline_union_5x5,0:3,0:0;0:1;0:2;0:3;0:4;1:0;1:1;1:2;1:3;1:4;2:0;2:1;2:2;2:3;2:4;3:0;3:1;3:2;3:3;3:4;4:0;4:1;4:2;4:3;4:4,prospective_support_readout_factorial_5x5_x100,"train_seed,train_row_group_start,train_length_multiplier",held_out_evaluation_only,Submit GPU jobs to gpumedium; do not use pilot/gpupilot.
roihu_fsl_support_readout_factorial_5x5_x100_s125_130_20260713_n0_d3_dep4_md128_it486_x1p00_s130_rg0,source_delta_support_process_control,canonical,4,72,64,128,130,486,254803968,524288,16,2048,40,1,L,roihu-fsl-support-readout-factorial-5x5-x100-s125-130-20260713-n0-d3-dep4-md128-it486-x1p00-s130-rg0,0,3,roihu_delta_support_process_control,4,254803968,524288,Fresh paired-seed 5x5 source union for a frozen support-policy by readout factorial. Each policy may read only its prespecified source subset and is charged only for the union of that subset. The x100 measured target line remains sealed.,controlled_model_dim_source_prefix_smalln_5x5,4980784.0,4980784.0,0.0,0.162821576719,13,5p_to_3x3_to_4x4_to_5x5_nested,16,1.305337,0,486,254803968,1.0,offline_union_5x5,0:3,0:0;0:1;0:2;0:3;0:4;1:0;1:1;1:2;1:3;1:4;2:0;2:1;2:2;2:3;2:4;3:0;3:1;3:2;3:3;3:4;4:0;4:1;4:2;4:3;4:4,prospective_support_readout_factorial_5x5_x100,"train_seed,train_row_group_start,train_length_multiplier",held_out_evaluation_only,Submit GPU jobs to gpumedium; do not use pilot/gpupilot.
roihu_fsl_support_readout_factorial_5x5_x100_s125_130_20260713_n0_d4_dep4_md128_it729_x1p00_s125_rg0,source_delta_support_process_control,canonical,4,72,64,128,125,729,382205952,524288,16,2048,40,1,L,roihu-fsl-support-readout-factorial-5x5-x100-s125-130-20260713-n0-d4-dep4-md128-it729-x1p00-s125-rg0,0,4,roihu_delta_support_process_control,4,382205952,524288,Fresh paired-seed 5x5 source union for a frozen support-policy by readout factorial. Each policy may read only its prespecified source subset and is charged only for the union of that subset. The x100 measured target line remains sealed.,controlled_model_dim_source_prefix_smalln_5x5,4980784.0,4980784.0,0.0,0.162821576719,21,5p_to_3x3_to_4x4_to_5x5_nested,25,1.305337,0,729,382205952,1.0,offline_union_5x5,0:4,0:0;0:1;0:2;0:3;0:4;1:0;1:1;1:2;1:3;1:4;2:0;2:1;2:2;2:3;2:4;3:0;3:1;3:2;3:3;3:4;4:0;4:1;4:2;4:3;4:4,prospective_support_readout_factorial_5x5_x100,"train_seed,train_row_group_start,train_length_multiplier",held_out_evaluation_only,Submit GPU jobs to gpumedium; do not use pilot/gpupilot.
roihu_fsl_support_readout_factorial_5x5_x100_s125_130_20260713_n0_d4_dep4_md128_it729_x1p00_s126_rg0,source_delta_support_process_control,canonical,4,72,64,128,126,729,382205952,524288,16,2048,40,1,L,roihu-fsl-support-readout-factorial-5x5-x100-s125-130-20260713-n0-d4-dep4-md128-it729-x1p00-s126-rg0,0,4,roihu_delta_support_process_control,4,382205952,524288,Fresh paired-seed 5x5 source union for a frozen support-policy by readout factorial. Each policy may read only its prespecified source subset and is charged only for the union of that subset. The x100 measured target line remains sealed.,controlled_model_dim_source_prefix_smalln_5x5,4980784.0,4980784.0,0.0,0.162821576719,21,5p_to_3x3_to_4x4_to_5x5_nested,25,1.305337,0,729,382205952,1.0,offline_union_5x5,0:4,0:0;0:1;0:2;0:3;0:4;1:0;1:1;1:2;1:3;1:4;2:0;2:1;2:2;2:3;2:4;3:0;3:1;3:2;3:3;3:4;4:0;4:1;4:2;4:3;4:4,prospective_support_readout_factorial_5x5_x100,"train_seed,train_row_group_start,train_length_multiplier",held_out_evaluation_only,Submit GPU jobs to gpumedium; do not use pilot/gpupilot.
roihu_fsl_support_readout_factorial_5x5_x100_s125_130_20260713_n0_d4_dep4_md128_it729_x1p00_s127_rg0,source_delta_support_process_control,canonical,4,72,64,128,127,729,382205952,524288,16,2048,40,1,L,roihu-fsl-support-readout-factorial-5x5-x100-s125-130-20260713-n0-d4-dep4-md128-it729-x1p00-s127-rg0,0,4,roihu_delta_support_process_control,4,382205952,524288,Fresh paired-seed 5x5 source union for a frozen support-policy by readout factorial. Each policy may read only its prespecified source subset and is charged only for the union of that subset. The x100 measured target line remains sealed.,controlled_model_dim_source_prefix_smalln_5x5,4980784.0,4980784.0,0.0,0.162821576719,21,5p_to_3x3_to_4x4_to_5x5_nested,25,1.305337,0,729,382205952,1.0,offline_union_5x5,0:4,0:0;0:1;0:2;0:3;0:4;1:0;1:1;1:2;1:3;1:4;2:0;2:1;2:2;2:3;2:4;3:0;3:1;3:2;3:3;3:4;4:0;4:1;4:2;4:3;4:4,prospective_support_readout_factorial_5x5_x100,"train_seed,train_row_group_start,train_length_multiplier",held_out_evaluation_only,Submit GPU jobs to gpumedium; do not use pilot/gpupilot.
roihu_fsl_support_readout_factorial_5x5_x100_s125_130_20260713_n0_d4_dep4_md128_it729_x1p00_s128_rg0,source_delta_support_process_control,canonical,4,72,64,128,128,729,382205952,524288,16,2048,40,1,L,roihu-fsl-support-readout-factorial-5x5-x100-s125-130-20260713-n0-d4-dep4-md128-it729-x1p00-s128-rg0,0,4,roihu_delta_support_process_control,4,382205952,524288,Fresh paired-seed 5x5 source union for a frozen support-policy by readout factorial. Each policy may read only its prespecified source subset and is charged only for the union of that subset. The x100 measured target line remains sealed.,controlled_model_dim_source_prefix_smalln_5x5,4980784.0,4980784.0,0.0,0.162821576719,21,5p_to_3x3_to_4x4_to_5x5_nested,25,1.305337,0,729,382205952,1.0,offline_union_5x5,0:4,0:0;0:1;0:2;0:3;0:4;1:0;1:1;1:2;1:3;1:4;2:0;2:1;2:2;2:3;2:4;3:0;3:1;3:2;3:3;3:4;4:0;4:1;4:2;4:3;4:4,prospective_support_readout_factorial_5x5_x100,"train_seed,train_row_group_start,train_length_multiplier",held_out_evaluation_only,Submit GPU jobs to gpumedium; do not use pilot/gpupilot.
roihu_fsl_support_readout_factorial_5x5_x100_s125_130_20260713_n0_d4_dep4_md128_it729_x1p00_s129_rg0,source_delta_support_process_control,canonical,4,72,64,128,129,729,382205952,524288,16,2048,40,1,L,roihu-fsl-support-readout-factorial-5x5-x100-s125-130-20260713-n0-d4-dep4-md128-it729-x1p00-s129-rg0,0,4,roihu_delta_support_process_control,4,382205952,524288,Fresh paired-seed 5x5 source union for a frozen support-policy by readout factorial. Each policy may read only its prespecified source subset and is charged only for the union of that subset. The x100 measured target line remains sealed.,controlled_model_dim_source_prefix_smalln_5x5,4980784.0,4980784.0,0.0,0.162821576719,21,5p_to_3x3_to_4x4_to_5x5_nested,25,1.305337,0,729,382205952,1.0,offline_union_5x5,0:4,0:0;0:1;0:2;0:3;0:4;1:0;1:1;1:2;1:3;1:4;2:0;2:1;2:2;2:3;2:4;3:0;3:1;3:2;3:3;3:4;4:0;4:1;4:2;4:3;4:4,prospective_support_readout_factorial_5x5_x100,"train_seed,train_row_group_start,train_length_multiplier",held_out_evaluation_only,Submit GPU jobs to gpumedium; do not use pilot/gpupilot.
roihu_fsl_support_readout_factorial_5x5_x100_s125_130_20260713_n0_d4_dep4_md128_it729_x1p00_s130_rg0,source_delta_support_process_control,canonical,4,72,64,128,130,729,382205952,524288,16,2048,40,1,L,roihu-fsl-support-readout-factorial-5x5-x100-s125-130-20260713-n0-d4-dep4-md128-it729-x1p00-s130-rg0,0,4,roihu_delta_support_process_control,4,382205952,524288,Fresh paired-seed 5x5 source union for a frozen support-policy by readout factorial. Each policy may read only its prespecified source subset and is charged only for the union of that subset. The x100 measured target line remains sealed.,controlled_model_dim_source_prefix_smalln_5x5,4980784.0,4980784.0,0.0,0.162821576719,21,5p_to_3x3_to_4x4_to_5x5_nested,25,1.305337,0,729,382205952,1.0,offline_union_5x5,0:4,0:0;0:1;0:2;0:3;0:4;1:0;1:1;1:2;1:3;1:4;2:0;2:1;2:2;2:3;2:4;3:0;3:1;3:2;3:3;3:4;4:0;4:1;4:2;4:3;4:4,prospective_support_readout_factorial_5x5_x100,"train_seed,train_row_group_start,train_length_multiplier",held_out_evaluation_only,Submit GPU jobs to gpumedium; do not use pilot/gpupilot.
roihu_fsl_support_readout_factorial_5x5_x100_s125_130_20260713_n1_d0_dep4_md192_it144_x1p00_s125_rg0,source_delta_support_process_control,canonical,4,72,64,192,125,144,75497472,524288,16,2048,40,1,L,roihu-fsl-support-readout-factorial-5x5-x100-s125-130-20260713-n1-d0-dep4-md192-it144-x1p00-s125-rg0,1,0,roihu_delta_support_process_control,4,75497472,524288,Fresh paired-seed 5x5 source union for a frozen support-policy by readout factorial. Each policy may read only its prespecified source subset and is charged only for the union of that subset. The x100 measured target line remains sealed.,controlled_model_dim_source_prefix_smalln_5x5,8061000.0,8061000.0,0.0,0.162821576719,2,5p_to_3x3_to_4x4_to_5x5_nested,5,1.305337,0,144,75497472,1.0,offline_union_5x5,1:0,0:0;0:1;0:2;0:3;0:4;1:0;1:1;1:2;1:3;1:4;2:0;2:1;2:2;2:3;2:4;3:0;3:1;3:2;3:3;3:4;4:0;4:1;4:2;4:3;4:4,prospective_support_readout_factorial_5x5_x100,"train_seed,train_row_group_start,train_length_multiplier",held_out_evaluation_only,Submit GPU jobs to gpumedium; do not use pilot/gpupilot.
roihu_fsl_support_readout_factorial_5x5_x100_s125_130_20260713_n1_d0_dep4_md192_it144_x1p00_s126_rg0,source_delta_support_process_control,canonical,4,72,64,192,126,144,75497472,524288,16,2048,40,1,L,roihu-fsl-support-readout-factorial-5x5-x100-s125-130-20260713-n1-d0-dep4-md192-it144-x1p00-s126-rg0,1,0,roihu_delta_support_process_control,4,75497472,524288,Fresh paired-seed 5x5 source union for a frozen support-policy by readout factorial. Each policy may read only its prespecified source subset and is charged only for the union of that subset. The x100 measured target line remains sealed.,controlled_model_dim_source_prefix_smalln_5x5,8061000.0,8061000.0,0.0,0.162821576719,2,5p_to_3x3_to_4x4_to_5x5_nested,5,1.305337,0,144,75497472,1.0,offline_union_5x5,1:0,0:0;0:1;0:2;0:3;0:4;1:0;1:1;1:2;1:3;1:4;2:0;2:1;2:2;2:3;2:4;3:0;3:1;3:2;3:3;3:4;4:0;4:1;4:2;4:3;4:4,prospective_support_readout_factorial_5x5_x100,"train_seed,train_row_group_start,train_length_multiplier",held_out_evaluation_only,Submit GPU jobs to gpumedium; do not use pilot/gpupilot.
roihu_fsl_support_readout_factorial_5x5_x100_s125_130_20260713_n1_d0_dep4_md192_it144_x1p00_s127_rg0,source_delta_support_process_control,canonical,4,72,64,192,127,144,75497472,524288,16,2048,40,1,L,roihu-fsl-support-readout-factorial-5x5-x100-s125-130-20260713-n1-d0-dep4-md192-it144-x1p00-s127-rg0,1,0,roihu_delta_support_process_control,4,75497472,524288,Fresh paired-seed 5x5 source union for a frozen support-policy by readout factorial. Each policy may read only its prespecified source subset and is charged only for the union of that subset. The x100 measured target line remains sealed.,controlled_model_dim_source_prefix_smalln_5x5,8061000.0,8061000.0,0.0,0.162821576719,2,5p_to_3x3_to_4x4_to_5x5_nested,5,1.305337,0,144,75497472,1.0,offline_union_5x5,1:0,0:0;0:1;0:2;0:3;0:4;1:0;1:1;1:2;1:3;1:4;2:0;2:1;2:2;2:3;2:4;3:0;3:1;3:2;3:3;3:4;4:0;4:1;4:2;4:3;4:4,prospective_support_readout_factorial_5x5_x100,"train_seed,train_row_group_start,train_length_multiplier",held_out_evaluation_only,Submit GPU jobs to gpumedium; do not use pilot/gpupilot.
roihu_fsl_support_readout_factorial_5x5_x100_s125_130_20260713_n1_d0_dep4_md192_it144_x1p00_s128_rg0,source_delta_support_process_control,canonical,4,72,64,192,128,144,75497472,524288,16,2048,40,1,L,roihu-fsl-support-readout-factorial-5x5-x100-s125-130-20260713-n1-d0-dep4-md192-it144-x1p00-s128-rg0,1,0,roihu_delta_support_process_control,4,75497472,524288,Fresh paired-seed 5x5 source union for a frozen support-policy by readout factorial. Each policy may read only its prespecified source subset and is charged only for the union of that subset. The x100 measured target line remains sealed.,controlled_model_dim_source_prefix_smalln_5x5,8061000.0,8061000.0,0.0,0.162821576719,2,5p_to_3x3_to_4x4_to_5x5_nested,5,1.305337,0,144,75497472,1.0,offline_union_5x5,1:0,0:0;0:1;0:2;0:3;0:4;1:0;1:1;1:2;1:3;1:4;2:0;2:1;2:2;2:3;2:4;3:0;3:1;3:2;3:3;3:4;4:0;4:1;4:2;4:3;4:4,prospective_support_readout_factorial_5x5_x100,"train_seed,train_row_group_start,train_length_multiplier",held_out_evaluation_only,Submit GPU jobs to gpumedium; do not use pilot/gpupilot.
roihu_fsl_support_readout_factorial_5x5_x100_s125_130_20260713_n1_d0_dep4_md192_it144_x1p00_s129_rg0,source_delta_support_process_control,canonical,4,72,64,192,129,144,75497472,524288,16,2048,40,1,L,roihu-fsl-support-readout-factorial-5x5-x100-s125-130-20260713-n1-d0-dep4-md192-it144-x1p00-s129-rg0,1,0,roihu_delta_support_process_control,4,75497472,524288,Fresh paired-seed 5x5 source union for a frozen support-policy by readout factorial. Each policy may read only its prespecified source subset and is charged only for the union of that subset. The x100 measured target line remains sealed.,controlled_model_dim_source_prefix_smalln_5x5,8061000.0,8061000.0,0.0,0.162821576719,2,5p_to_3x3_to_4x4_to_5x5_nested,5,1.305337,0,144,75497472,1.0,offline_union_5x5,1:0,0:0;0:1;0:2;0:3;0:4;1:0;1:1;1:2;1:3;1:4;2:0;2:1;2:2;2:3;2:4;3:0;3:1;3:2;3:3;3:4;4:0;4:1;4:2;4:3;4:4,prospective_support_readout_factorial_5x5_x100,"train_seed,train_row_group_start,train_length_multiplier",held_out_evaluation_only,Submit GPU jobs to gpumedium; do not use pilot/gpupilot.
roihu_fsl_support_readout_factorial_5x5_x100_s125_130_20260713_n1_d0_dep4_md192_it144_x1p00_s130_rg0,source_delta_support_process_control,canonical,4,72,64,192,130,144,75497472,524288,16,2048,40,1,L,roihu-fsl-support-readout-factorial-5x5-x100-s125-130-20260713-n1-d0-dep4-md192-it144-x1p00-s130-rg0,1,0,roihu_delta_support_process_control,4,75497472,524288,Fresh paired-seed 5x5 source union for a frozen support-policy by readout factorial. Each policy may read only its prespecified source subset and is charged only for the union of that subset. The x100 measured target line remains sealed.,controlled_model_dim_source_prefix_smalln_5x5,8061000.0,8061000.0,0.0,0.162821576719,2,5p_to_3x3_to_4x4_to_5x5_nested,5,1.305337,0,144,75497472,1.0,offline_union_5x5,1:0,0:0;0:1;0:2;0:3;0:4;1:0;1:1;1:2;1:3;1:4;2:0;2:1;2:2;2:3;2:4;3:0;3:1;3:2;3:3;3:4;4:0;4:1;4:2;4:3;4:4,prospective_support_readout_factorial_5x5_x100,"train_seed,train_row_group_start,train_length_multiplier",held_out_evaluation_only,Submit GPU jobs to gpumedium; do not use pilot/gpupilot.
roihu_fsl_support_readout_factorial_5x5_x100_s125_130_20260713_n1_d1_dep4_md192_it216_x1p00_s125_rg0,source_delta_support_process_control,canonical,4,72,64,192,125,216,113246208,524288,16,2048,40,1,L,roihu-fsl-support-readout-factorial-5x5-x100-s125-130-20260713-n1-d1-dep4-md192-it216-x1p00-s125-rg0,1,1,roihu_delta_support_process_control,4,113246208,524288,Fresh paired-seed 5x5 source union for a frozen support-policy by readout factorial. Each policy may read only its prespecified source subset and is charged only for the union of that subset. The x100 measured target line remains sealed.,controlled_model_dim_source_prefix_smalln_5x5,8061000.0,8061000.0,0.0,0.162821576719,6,5p_to_3x3_to_4x4_to_5x5_nested,9,1.305337,0,216,113246208,1.0,offline_union_5x5,1:1,0:0;0:1;0:2;0:3;0:4;1:0;1:1;1:2;1:3;1:4;2:0;2:1;2:2;2:3;2:4;3:0;3:1;3:2;3:3;3:4;4:0;4:1;4:2;4:3;4:4,prospective_support_readout_factorial_5x5_x100,"train_seed,train_row_group_start,train_length_multiplier",held_out_evaluation_only,Submit GPU jobs to gpumedium; do not use pilot/gpupilot.
roihu_fsl_support_readout_factorial_5x5_x100_s125_130_20260713_n1_d1_dep4_md192_it216_x1p00_s126_rg0,source_delta_support_process_control,canonical,4,72,64,192,126,216,113246208,524288,16,2048,40,1,L,roihu-fsl-support-readout-factorial-5x5-x100-s125-130-20260713-n1-d1-dep4-md192-it216-x1p00-s126-rg0,1,1,roihu_delta_support_process_control,4,113246208,524288,Fresh paired-seed 5x5 source union for a frozen support-policy by readout factorial. Each policy may read only its prespecified source subset and is charged only for the union of that subset. The x100 measured target line remains sealed.,controlled_model_dim_source_prefix_smalln_5x5,8061000.0,8061000.0,0.0,0.162821576719,6,5p_to_3x3_to_4x4_to_5x5_nested,9,1.305337,0,216,113246208,1.0,offline_union_5x5,1:1,0:0;0:1;0:2;0:3;0:4;1:0;1:1;1:2;1:3;1:4;2:0;2:1;2:2;2:3;2:4;3:0;3:1;3:2;3:3;3:4;4:0;4:1;4:2;4:3;4:4,prospective_support_readout_factorial_5x5_x100,"train_seed,train_row_group_start,train_length_multiplier",held_out_evaluation_only,Submit GPU jobs to gpumedium; do not use pilot/gpupilot.
roihu_fsl_support_readout_factorial_5x5_x100_s125_130_20260713_n1_d1_dep4_md192_it216_x1p00_s127_rg0,source_delta_support_process_control,canonical,4,72,64,192,127,216,113246208,524288,16,2048,40,1,L,roihu-fsl-support-readout-factorial-5x5-x100-s125-130-20260713-n1-d1-dep4-md192-it216-x1p00-s127-rg0,1,1,roihu_delta_support_process_control,4,113246208,524288,Fresh paired-seed 5x5 source union for a frozen support-policy by readout factorial. Each policy may read only its prespecified source subset and is charged only for the union of that subset. The x100 measured target line remains sealed.,controlled_model_dim_source_prefix_smalln_5x5,8061000.0,8061000.0,0.0,0.162821576719,6,5p_to_3x3_to_4x4_to_5x5_nested,9,1.305337,0,216,113246208,1.0,offline_union_5x5,1:1,0:0;0:1;0:2;0:3;0:4;1:0;1:1;1:2;1:3;1:4;2:0;2:1;2:2;2:3;2:4;3:0;3:1;3:2;3:3;3:4;4:0;4:1;4:2;4:3;4:4,prospective_support_readout_factorial_5x5_x100,"train_seed,train_row_group_start,train_length_multiplier",held_out_evaluation_only,Submit GPU jobs to gpumedium; do not use pilot/gpupilot.
roihu_fsl_support_readout_factorial_5x5_x100_s125_130_20260713_n1_d1_dep4_md192_it216_x1p00_s128_rg0,source_delta_support_process_control,canonical,4,72,64,192,128,216,113246208,524288,16,2048,40,1,L,roihu-fsl-support-readout-factorial-5x5-x100-s125-130-20260713-n1-d1-dep4-md192-it216-x1p00-s128-rg0,1,1,roihu_delta_support_process_control,4,113246208,524288,Fresh paired-seed 5x5 source union for a frozen support-policy by readout factorial. Each policy may read only its prespecified source subset and is charged only for the union of that subset. The x100 measured target line remains sealed.,controlled_model_dim_source_prefix_smalln_5x5,8061000.0,8061000.0,0.0,0.162821576719,6,5p_to_3x3_to_4x4_to_5x5_nested,9,1.305337,0,216,113246208,1.0,offline_union_5x5,1:1,0:0;0:1;0:2;0:3;0:4;1:0;1:1;1:2;1:3;1:4;2:0;2:1;2:2;2:3;2:4;3:0;3:1;3:2;3:3;3:4;4:0;4:1;4:2;4:3;4:4,prospective_support_readout_factorial_5x5_x100,"train_seed,train_row_group_start,train_length_multiplier",held_out_evaluation_only,Submit GPU jobs to gpumedium; do not use pilot/gpupilot.
roihu_fsl_support_readout_factorial_5x5_x100_s125_130_20260713_n1_d1_dep4_md192_it216_x1p00_s129_rg0,source_delta_support_process_control,canonical,4,72,64,192,129,216,113246208,524288,16,2048,40,1,L,roihu-fsl-support-readout-factorial-5x5-x100-s125-130-20260713-n1-d1-dep4-md192-it216-x1p00-s129-rg0,1,1,roihu_delta_support_process_control,4,113246208,524288,Fresh paired-seed 5x5 source union for a frozen support-policy by readout factorial. Each policy may read only its prespecified source subset and is charged only for the union of that subset. The x100 measured target line remains sealed.,controlled_model_dim_source_prefix_smalln_5x5,8061000.0,8061000.0,0.0,0.162821576719,6,5p_to_3x3_to_4x4_to_5x5_nested,9,1.305337,0,216,113246208,1.0,offline_union_5x5,1:1,0:0;0:1;0:2;0:3;0:4;1:0;1:1;1:2;1:3;1:4;2:0;2:1;2:2;2:3;2:4;3:0;3:1;3:2;3:3;3:4;4:0;4:1;4:2;4:3;4:4,prospective_support_readout_factorial_5x5_x100,"train_seed,train_row_group_start,train_length_multiplier",held_out_evaluation_only,Submit GPU jobs to gpumedium; do not use pilot/gpupilot.
roihu_fsl_support_readout_factorial_5x5_x100_s125_130_20260713_n1_d1_dep4_md192_it216_x1p00_s130_rg0,source_delta_support_process_control,canonical,4,72,64,192,130,216,113246208,524288,16,2048,40,1,L,roihu-fsl-support-readout-factorial-5x5-x100-s125-130-20260713-n1-d1-dep4-md192-it216-x1p00-s130-rg0,1,1,roihu_delta_support_process_control,4,113246208,524288,Fresh paired-seed 5x5 source union for a frozen support-policy by readout factorial. Each policy may read only its prespecified source subset and is charged only for the union of that subset. The x100 measured target line remains sealed.,controlled_model_dim_source_prefix_smalln_5x5,8061000.0,8061000.0,0.0,0.162821576719,6,5p_to_3x3_to_4x4_to_5x5_nested,9,1.305337,0,216,113246208,1.0,offline_union_5x5,1:1,0:0;0:1;0:2;0:3;0:4;1:0;1:1;1:2;1:3;1:4;2:0;2:1;2:2;2:3;2:4;3:0;3:1;3:2;3:3;3:4;4:0;4:1;4:2;4:3;4:4,prospective_support_readout_factorial_5x5_x100,"train_seed,train_row_group_start,train_length_multiplier",held_out_evaluation_only,Submit GPU jobs to gpumedium; do not use pilot/gpupilot.
roihu_fsl_support_readout_factorial_5x5_x100_s125_130_20260713_n1_d2_dep4_md192_it324_x1p00_s125_rg0,source_delta_support_process_control,canonical,4,72,64,192,125,324,169869312,524288,16,2048,40,1,L,roihu-fsl-support-readout-factorial-5x5-x100-s125-130-20260713-n1-d2-dep4-md192-it324-x1p00-s125-rg0,1,2,roihu_delta_support_process_control,4,169869312,524288,Fresh paired-seed 5x5 source union for a frozen support-policy by readout factorial. Each policy may read only its prespecified source subset and is charged only for the union of that subset. The x100 measured target line remains sealed.,controlled_model_dim_source_prefix_smalln_5x5,8061000.0,8061000.0,0.0,0.162821576719,7,5p_to_3x3_to_4x4_to_5x5_nested,9,1.305337,0,324,169869312,1.0,offline_union_5x5,1:2,0:0;0:1;0:2;0:3;0:4;1:0;1:1;1:2;1:3;1:4;2:0;2:1;2:2;2:3;2:4;3:0;3:1;3:2;3:3;3:4;4:0;4:1;4:2;4:3;4:4,prospective_support_readout_factorial_5x5_x100,"train_seed,train_row_group_start,train_length_multiplier",held_out_evaluation_only,Submit GPU jobs to gpumedium; do not use pilot/gpupilot.
roihu_fsl_support_readout_factorial_5x5_x100_s125_130_20260713_n1_d2_dep4_md192_it324_x1p00_s126_rg0,source_delta_support_process_control,canonical,4,72,64,192,126,324,169869312,524288,16,2048,40,1,L,roihu-fsl-support-readout-factorial-5x5-x100-s125-130-20260713-n1-d2-dep4-md192-it324-x1p00-s126-rg0,1,2,roihu_delta_support_process_control,4,169869312,524288,Fresh paired-seed 5x5 source union for a frozen support-policy by readout factorial. Each policy may read only its prespecified source subset and is charged only for the union of that subset. The x100 measured target line remains sealed.,controlled_model_dim_source_prefix_smalln_5x5,8061000.0,8061000.0,0.0,0.162821576719,7,5p_to_3x3_to_4x4_to_5x5_nested,9,1.305337,0,324,169869312,1.0,offline_union_5x5,1:2,0:0;0:1;0:2;0:3;0:4;1:0;1:1;1:2;1:3;1:4;2:0;2:1;2:2;2:3;2:4;3:0;3:1;3:2;3:3;3:4;4:0;4:1;4:2;4:3;4:4,prospective_support_readout_factorial_5x5_x100,"train_seed,train_row_group_start,train_length_multiplier",held_out_evaluation_only,Submit GPU jobs to gpumedium; do not use pilot/gpupilot.
roihu_fsl_support_readout_factorial_5x5_x100_s125_130_20260713_n1_d2_dep4_md192_it324_x1p00_s127_rg0,source_delta_support_process_control,canonical,4,72,64,192,127,324,169869312,524288,16,2048,40,1,L,roihu-fsl-support-readout-factorial-5x5-x100-s125-130-20260713-n1-d2-dep4-md192-it324-x1p00-s127-rg0,1,2,roihu_delta_support_process_control,4,169869312,524288,Fresh paired-seed 5x5 source union for a frozen support-policy by readout factorial. Each policy may read only its prespecified source subset and is charged only for the union of that subset. The x100 measured target line remains sealed.,controlled_model_dim_source_prefix_smalln_5x5,8061000.0,8061000.0,0.0,0.162821576719,7,5p_to_3x3_to_4x4_to_5x5_nested,9,1.305337,0,324,169869312,1.0,offline_union_5x5,1:2,0:0;0:1;0:2;0:3;0:4;1:0;1:1;1:2;1:3;1:4;2:0;2:1;2:2;2:3;2:4;3:0;3:1;3:2;3:3;3:4;4:0;4:1;4:2;4:3;4:4,prospective_support_readout_factorial_5x5_x100,"train_seed,train_row_group_start,train_length_multiplier",held_out_evaluation_only,Submit GPU jobs to gpumedium; do not use pilot/gpupilot.
roihu_fsl_support_readout_factorial_5x5_x100_s125_130_20260713_n1_d2_dep4_md192_it324_x1p00_s128_rg0,source_delta_support_process_control,canonical,4,72,64,192,128,324,169869312,524288,16,2048,40,1,L,roihu-fsl-support-readout-factorial-5x5-x100-s125-130-20260713-n1-d2-dep4-md192-it324-x1p00-s128-rg0,1,2,roihu_delta_support_process_control,4,169869312,524288,Fresh paired-seed 5x5 source union for a frozen support-policy by readout factorial. Each policy may read only its prespecified source subset and is charged only for the union of that subset. The x100 measured target line remains sealed.,controlled_model_dim_source_prefix_smalln_5x5,8061000.0,8061000.0,0.0,0.162821576719,7,5p_to_3x3_to_4x4_to_5x5_nested,9,1.305337,0,324,169869312,1.0,offline_union_5x5,1:2,0:0;0:1;0:2;0:3;0:4;1:0;1:1;1:2;1:3;1:4;2:0;2:1;2:2;2:3;2:4;3:0;3:1;3:2;3:3;3:4;4:0;4:1;4:2;4:3;4:4,prospective_support_readout_factorial_5x5_x100,"train_seed,train_row_group_start,train_length_multiplier",held_out_evaluation_only,Submit GPU jobs to gpumedium; do not use pilot/gpupilot.
roihu_fsl_support_readout_factorial_5x5_x100_s125_130_20260713_n1_d2_dep4_md192_it324_x1p00_s129_rg0,source_delta_support_process_control,canonical,4,72,64,192,129,324,169869312,524288,16,2048,40,1,L,roihu-fsl-support-readout-factorial-5x5-x100-s125-130-20260713-n1-d2-dep4-md192-it324-x1p00-s129-rg0,1,2,roihu_delta_support_process_control,4,169869312,524288,Fresh paired-seed 5x5 source union for a frozen support-policy by readout factorial. Each policy may read only its prespecified source subset and is charged only for the union of that subset. The x100 measured target line remains sealed.,controlled_model_dim_source_prefix_smalln_5x5,8061000.0,8061000.0,0.0,0.162821576719,7,5p_to_3x3_to_4x4_to_5x5_nested,9,1.305337,0,324,169869312,1.0,offline_union_5x5,1:2,0:0;0:1;0:2;0:3;0:4;1:0;1:1;1:2;1:3;1:4;2:0;2:1;2:2;2:3;2:4;3:0;3:1;3:2;3:3;3:4;4:0;4:1;4:2;4:3;4:4,prospective_support_readout_factorial_5x5_x100,"train_seed,train_row_group_start,train_length_multiplier",held_out_evaluation_only,Submit GPU jobs to gpumedium; do not use pilot/gpupilot.
roihu_fsl_support_readout_factorial_5x5_x100_s125_130_20260713_n1_d2_dep4_md192_it324_x1p00_s130_rg0,source_delta_support_process_control,canonical,4,72,64,192,130,324,169869312,524288,16,2048,40,1,L,roihu-fsl-support-readout-factorial-5x5-x100-s125-130-20260713-n1-d2-dep4-md192-it324-x1p00-s130-rg0,1,2,roihu_delta_support_process_control,4,169869312,524288,Fresh paired-seed 5x5 source union for a frozen support-policy by readout factorial. Each policy may read only its prespecified source subset and is charged only for the union of that subset. The x100 measured target line remains sealed.,controlled_model_dim_source_prefix_smalln_5x5,8061000.0,8061000.0,0.0,0.162821576719,7,5p_to_3x3_to_4x4_to_5x5_nested,9,1.305337,0,324,169869312,1.0,offline_union_5x5,1:2,0:0;0:1;0:2;0:3;0:4;1:0;1:1;1:2;1:3;1:4;2:0;2:1;2:2;2:3;2:4;3:0;3:1;3:2;3:3;3:4;4:0;4:1;4:2;4:3;4:4,prospective_support_readout_factorial_5x5_x100,"train_seed,train_row_group_start,train_length_multiplier",held_out_evaluation_only,Submit GPU jobs to gpumedium; do not use pilot/gpupilot.
roihu_fsl_support_readout_factorial_5x5_x100_s125_130_20260713_n1_d3_dep4_md192_it486_x1p00_s125_rg0,source_delta_support_process_control,canonical,4,72,64,192,125,486,254803968,524288,16,2048,40,1,L,roihu-fsl-support-readout-factorial-5x5-x100-s125-130-20260713-n1-d3-dep4-md192-it486-x1p00-s125-rg0,1,3,roihu_delta_support_process_control,4,254803968,524288,Fresh paired-seed 5x5 source union for a frozen support-policy by readout factorial. Each policy may read only its prespecified source subset and is charged only for the union of that subset. The x100 measured target line remains sealed.,controlled_model_dim_source_prefix_smalln_5x5,8061000.0,8061000.0,0.0,0.162821576719,14,5p_to_3x3_to_4x4_to_5x5_nested,16,1.305337,0,486,254803968,1.0,offline_union_5x5,1:3,0:0;0:1;0:2;0:3;0:4;1:0;1:1;1:2;1:3;1:4;2:0;2:1;2:2;2:3;2:4;3:0;3:1;3:2;3:3;3:4;4:0;4:1;4:2;4:3;4:4,prospective_support_readout_factorial_5x5_x100,"train_seed,train_row_group_start,train_length_multiplier",held_out_evaluation_only,Submit GPU jobs to gpumedium; do not use pilot/gpupilot.
roihu_fsl_support_readout_factorial_5x5_x100_s125_130_20260713_n1_d3_dep4_md192_it486_x1p00_s126_rg0,source_delta_support_process_control,canonical,4,72,64,192,126,486,254803968,524288,16,2048,40,1,L,roihu-fsl-support-readout-factorial-5x5-x100-s125-130-20260713-n1-d3-dep4-md192-it486-x1p00-s126-rg0,1,3,roihu_delta_support_process_control,4,254803968,524288,Fresh paired-seed 5x5 source union for a frozen support-policy by readout factorial. Each policy may read only its prespecified source subset and is charged only for the union of that subset. The x100 measured target line remains sealed.,controlled_model_dim_source_prefix_smalln_5x5,8061000.0,8061000.0,0.0,0.162821576719,14,5p_to_3x3_to_4x4_to_5x5_nested,16,1.305337,0,486,254803968,1.0,offline_union_5x5,1:3,0:0;0:1;0:2;0:3;0:4;1:0;1:1;1:2;1:3;1:4;2:0;2:1;2:2;2:3;2:4;3:0;3:1;3:2;3:3;3:4;4:0;4:1;4:2;4:3;4:4,prospective_support_readout_factorial_5x5_x100,"train_seed,train_row_group_start,train_length_multiplier",held_out_evaluation_only,Submit GPU jobs to gpumedium; do not use pilot/gpupilot.
roihu_fsl_support_readout_factorial_5x5_x100_s125_130_20260713_n1_d3_dep4_md192_it486_x1p00_s127_rg0,source_delta_support_process_control,canonical,4,72,64,192,127,486,254803968,524288,16,2048,40,1,L,roihu-fsl-support-readout-factorial-5x5-x100-s125-130-20260713-n1-d3-dep4-md192-it486-x1p00-s127-rg0,1,3,roihu_delta_support_process_control,4,254803968,524288,Fresh paired-seed 5x5 source union for a frozen support-policy by readout factorial. Each policy may read only its prespecified source subset and is charged only for the union of that subset. The x100 measured target line remains sealed.,controlled_model_dim_source_prefix_smalln_5x5,8061000.0,8061000.0,0.0,0.162821576719,14,5p_to_3x3_to_4x4_to_5x5_nested,16,1.305337,0,486,254803968,1.0,offline_union_5x5,1:3,0:0;0:1;0:2;0:3;0:4;1:0;1:1;1:2;1:3;1:4;2:0;2:1;2:2;2:3;2:4;3:0;3:1;3:2;3:3;3:4;4:0;4:1;4:2;4:3;4:4,prospective_support_readout_factorial_5x5_x100,"train_seed,train_row_group_start,train_length_multiplier",held_out_evaluation_only,Submit GPU jobs to gpumedium; do not use pilot/gpupilot.
roihu_fsl_support_readout_factorial_5x5_x100_s125_130_20260713_n1_d3_dep4_md192_it486_x1p00_s128_rg0,source_delta_support_process_control,canonical,4,72,64,192,128,486,254803968,524288,16,2048,40,1,L,roihu-fsl-support-readout-factorial-5x5-x100-s125-130-20260713-n1-d3-dep4-md192-it486-x1p00-s128-rg0,1,3,roihu_delta_support_process_control,4,254803968,524288,Fresh paired-seed 5x5 source union for a frozen support-policy by readout factorial. Each policy may read only its prespecified source subset and is charged only for the union of that subset. The x100 measured target line remains sealed.,controlled_model_dim_source_prefix_smalln_5x5,8061000.0,8061000.0,0.0,0.162821576719,14,5p_to_3x3_to_4x4_to_5x5_nested,16,1.305337,0,486,254803968,1.0,offline_union_5x5,1:3,0:0;0:1;0:2;0:3;0:4;1:0;1:1;1:2;1:3;1:4;2:0;2:1;2:2;2:3;2:4;3:0;3:1;3:2;3:3;3:4;4:0;4:1;4:2;4:3;4:4,prospective_support_readout_factorial_5x5_x100,"train_seed,train_row_group_start,train_length_multiplier",held_out_evaluation_only,Submit GPU jobs to gpumedium; do not use pilot/gpupilot.
roihu_fsl_support_readout_factorial_5x5_x100_s125_130_20260713_n1_d3_dep4_md192_it486_x1p00_s129_rg0,source_delta_support_process_control,canonical,4,72,64,192,129,486,254803968,524288,16,2048,40,1,L,roihu-fsl-support-readout-factorial-5x5-x100-s125-130-20260713-n1-d3-dep4-md192-it486-x1p00-s129-rg0,1,3,roihu_delta_support_process_control,4,254803968,524288,Fresh paired-seed 5x5 source union for a frozen support-policy by readout factorial. Each policy may read only its prespecified source subset and is charged only for the union of that subset. The x100 measured target line remains sealed.,controlled_model_dim_source_prefix_smalln_5x5,8061000.0,8061000.0,0.0,0.162821576719,14,5p_to_3x3_to_4x4_to_5x5_nested,16,1.305337,0,486,254803968,1.0,offline_union_5x5,1:3,0:0;0:1;0:2;0:3;0:4;1:0;1:1;1:2;1:3;1:4;2:0;2:1;2:2;2:3;2:4;3:0;3:1;3:2;3:3;3:4;4:0;4:1;4:2;4:3;4:4,prospective_support_readout_factorial_5x5_x100,"train_seed,train_row_group_start,train_length_multiplier",held_out_evaluation_only,Submit GPU jobs to gpumedium; do not use pilot/gpupilot.
roihu_fsl_support_readout_factorial_5x5_x100_s125_130_20260713_n1_d3_dep4_md192_it486_x1p00_s130_rg0,source_delta_support_process_control,canonical,4,72,64,192,130,486,254803968,524288,16,2048,40,1,L,roihu-fsl-support-readout-factorial-5x5-x100-s125-130-20260713-n1-d3-dep4-md192-it486-x1p00-s130-rg0,1,3,roihu_delta_support_process_control,4,254803968,524288,Fresh paired-seed 5x5 source union for a frozen support-policy by readout factorial. Each policy may read only its prespecified source subset and is charged only for the union of that subset. The x100 measured target line remains sealed.,controlled_model_dim_source_prefix_smalln_5x5,8061000.0,8061000.0,0.0,0.162821576719,14,5p_to_3x3_to_4x4_to_5x5_nested,16,1.305337,0,486,254803968,1.0,offline_union_5x5,1:3,0:0;0:1;0:2;0:3;0:4;1:0;1:1;1:2;1:3;1:4;2:0;2:1;2:2;2:3;2:4;3:0;3:1;3:2;3:3;3:4;4:0;4:1;4:2;4:3;4:4,prospective_support_readout_factorial_5x5_x100,"train_seed,train_row_group_start,train_length_multiplier",held_out_evaluation_only,Submit GPU jobs to gpumedium; do not use pilot/gpupilot.
roihu_fsl_support_readout_factorial_5x5_x100_s125_130_20260713_n1_d4_dep4_md192_it729_x1p00_s125_rg0,source_delta_support_process_control,canonical,4,72,64,192,125,729,382205952,524288,16,2048,40,1,L,roihu-fsl-support-readout-factorial-5x5-x100-s125-130-20260713-n1-d4-dep4-md192-it729-x1p00-s125-rg0,1,4,roihu_delta_support_process_control,4,382205952,524288,Fresh paired-seed 5x5 source union for a frozen support-policy by readout factorial. Each policy may read only its prespecified source subset and is charged only for the union of that subset. The x100 measured target line remains sealed.,controlled_model_dim_source_prefix_smalln_5x5,8061000.0,8061000.0,0.0,0.162821576719,22,5p_to_3x3_to_4x4_to_5x5_nested,25,1.305337,0,729,382205952,1.0,offline_union_5x5,1:4,0:0;0:1;0:2;0:3;0:4;1:0;1:1;1:2;1:3;1:4;2:0;2:1;2:2;2:3;2:4;3:0;3:1;3:2;3:3;3:4;4:0;4:1;4:2;4:3;4:4,prospective_support_readout_factorial_5x5_x100,"train_seed,train_row_group_start,train_length_multiplier",held_out_evaluation_only,Submit GPU jobs to gpumedium; do not use pilot/gpupilot.
roihu_fsl_support_readout_factorial_5x5_x100_s125_130_20260713_n1_d4_dep4_md192_it729_x1p00_s126_rg0,source_delta_support_process_control,canonical,4,72,64,192,126,729,382205952,524288,16,2048,40,1,L,roihu-fsl-support-readout-factorial-5x5-x100-s125-130-20260713-n1-d4-dep4-md192-it729-x1p00-s126-rg0,1,4,roihu_delta_support_process_control,4,382205952,524288,Fresh paired-seed 5x5 source union for a frozen support-policy by readout factorial. Each policy may read only its prespecified source subset and is charged only for the union of that subset. The x100 measured target line remains sealed.,controlled_model_dim_source_prefix_smalln_5x5,8061000.0,8061000.0,0.0,0.162821576719,22,5p_to_3x3_to_4x4_to_5x5_nested,25,1.305337,0,729,382205952,1.0,offline_union_5x5,1:4,0:0;0:1;0:2;0:3;0:4;1:0;1:1;1:2;1:3;1:4;2:0;2:1;2:2;2:3;2:4;3:0;3:1;3:2;3:3;3:4;4:0;4:1;4:2;4:3;4:4,prospective_support_readout_factorial_5x5_x100,"train_seed,train_row_group_start,train_length_multiplier",held_out_evaluation_only,Submit GPU jobs to gpumedium; do not use pilot/gpupilot.
roihu_fsl_support_readout_factorial_5x5_x100_s125_130_20260713_n1_d4_dep4_md192_it729_x1p00_s127_rg0,source_delta_support_process_control,canonical,4,72,64,192,127,729,382205952,524288,16,2048,40,1,L,roihu-fsl-support-readout-factorial-5x5-x100-s125-130-20260713-n1-d4-dep4-md192-it729-x1p00-s127-rg0,1,4,roihu_delta_support_process_control,4,382205952,524288,Fresh paired-seed 5x5 source union for a frozen support-policy by readout factorial. Each policy may read only its prespecified source subset and is charged only for the union of that subset. The x100 measured target line remains sealed.,controlled_model_dim_source_prefix_smalln_5x5,8061000.0,8061000.0,0.0,0.162821576719,22,5p_to_3x3_to_4x4_to_5x5_nested,25,1.305337,0,729,382205952,1.0,offline_union_5x5,1:4,0:0;0:1;0:2;0:3;0:4;1:0;1:1;1:2;1:3;1:4;2:0;2:1;2:2;2:3;2:4;3:0;3:1;3:2;3:3;3:4;4:0;4:1;4:2;4:3;4:4,prospective_support_readout_factorial_5x5_x100,"train_seed,train_row_group_start,train_length_multiplier",held_out_evaluation_only,Submit GPU jobs to gpumedium; do not use pilot/gpupilot.
roihu_fsl_support_readout_factorial_5x5_x100_s125_130_20260713_n1_d4_dep4_md192_it729_x1p00_s128_rg0,source_delta_support_process_control,canonical,4,72,64,192,128,729,382205952,524288,16,2048,40,1,L,roihu-fsl-support-readout-factorial-5x5-x100-s125-130-20260713-n1-d4-dep4-md192-it729-x1p00-s128-rg0,1,4,roihu_delta_support_process_control,4,382205952,524288,Fresh paired-seed 5x5 source union for a frozen support-policy by readout factorial. Each policy may read only its prespecified source subset and is charged only for the union of that subset. The x100 measured target line remains sealed.,controlled_model_dim_source_prefix_smalln_5x5,8061000.0,8061000.0,0.0,0.162821576719,22,5p_to_3x3_to_4x4_to_5x5_nested,25,1.305337,0,729,382205952,1.0,offline_union_5x5,1:4,0:0;0:1;0:2;0:3;0:4;1:0;1:1;1:2;1:3;1:4;2:0;2:1;2:2;2:3;2:4;3:0;3:1;3:2;3:3;3:4;4:0;4:1;4:2;4:3;4:4,prospective_support_readout_factorial_5x5_x100,"train_seed,train_row_group_start,train_length_multiplier",held_out_evaluation_only,Submit GPU jobs to gpumedium; do not use pilot/gpupilot.
roihu_fsl_support_readout_factorial_5x5_x100_s125_130_20260713_n1_d4_dep4_md192_it729_x1p00_s129_rg0,source_delta_support_process_control,canonical,4,72,64,192,129,729,382205952,524288,16,2048,40,1,L,roihu-fsl-support-readout-factorial-5x5-x100-s125-130-20260713-n1-d4-dep4-md192-it729-x1p00-s129-rg0,1,4,roihu_delta_support_process_control,4,382205952,524288,Fresh paired-seed 5x5 source union for a frozen support-policy by readout factorial. Each policy may read only its prespecified source subset and is charged only for the union of that subset. The x100 measured target line remains sealed.,controlled_model_dim_source_prefix_smalln_5x5,8061000.0,8061000.0,0.0,0.162821576719,22,5p_to_3x3_to_4x4_to_5x5_nested,25,1.305337,0,729,382205952,1.0,offline_union_5x5,1:4,0:0;0:1;0:2;0:3;0:4;1:0;1:1;1:2;1:3;1:4;2:0;2:1;2:2;2:3;2:4;3:0;3:1;3:2;3:3;3:4;4:0;4:1;4:2;4:3;4:4,prospective_support_readout_factorial_5x5_x100,"train_seed,train_row_group_start,train_length_multiplier",held_out_evaluation_only,Submit GPU jobs to gpumedium; do not use pilot/gpupilot.
roihu_fsl_support_readout_factorial_5x5_x100_s125_130_20260713_n1_d4_dep4_md192_it729_x1p00_s130_rg0,source_delta_support_process_control,canonical,4,72,64,192,130,729,382205952,524288,16,2048,40,1,L,roihu-fsl-support-readout-factorial-5x5-x100-s125-130-20260713-n1-d4-dep4-md192-it729-x1p00-s130-rg0,1,4,roihu_delta_support_process_control,4,382205952,524288,Fresh paired-seed 5x5 source union for a frozen support-policy by readout factorial. Each policy may read only its prespecified source subset and is charged only for the union of that subset. The x100 measured target line remains sealed.,controlled_model_dim_source_prefix_smalln_5x5,8061000.0,8061000.0,0.0,0.162821576719,22,5p_to_3x3_to_4x4_to_5x5_nested,25,1.305337,0,729,382205952,1.0,offline_union_5x5,1:4,0:0;0:1;0:2;0:3;0:4;1:0;1:1;1:2;1:3;1:4;2:0;2:1;2:2;2:3;2:4;3:0;3:1;3:2;3:3;3:4;4:0;4:1;4:2;4:3;4:4,prospective_support_readout_factorial_5x5_x100,"train_seed,train_row_group_start,train_length_multiplier",held_out_evaluation_only,Submit GPU jobs to gpumedium; do not use pilot/gpupilot.
roihu_fsl_support_readout_factorial_5x5_x100_s125_130_20260713_n2_d0_dep4_md320_it144_x1p00_s125_rg0,source_delta_support_process_control,canonical,4,72,64,320,125,144,75497472,524288,16,2048,40,1,L,roihu-fsl-support-readout-factorial-5x5-x100-s125-130-20260713-n2-d0-dep4-md320-it144-x1p00-s125-rg0,2,0,roihu_delta_support_process_control,4,75497472,524288,Fresh paired-seed 5x5 source union for a frozen support-policy by readout factorial. Each policy may read only its prespecified source subset and is charged only for the union of that subset. The x100 measured target line remains sealed.,controlled_model_dim_source_prefix_smalln_5x5,15401080.0,15401080.0,0.0,0.162821576719,3,5p_to_3x3_to_4x4_to_5x5_nested,5,1.305337,0,144,75497472,1.0,offline_union_5x5,2:0,0:0;0:1;0:2;0:3;0:4;1:0;1:1;1:2;1:3;1:4;2:0;2:1;2:2;2:3;2:4;3:0;3:1;3:2;3:3;3:4;4:0;4:1;4:2;4:3;4:4,prospective_support_readout_factorial_5x5_x100,"train_seed,train_row_group_start,train_length_multiplier",held_out_evaluation_only,Submit GPU jobs to gpumedium; do not use pilot/gpupilot.
roihu_fsl_support_readout_factorial_5x5_x100_s125_130_20260713_n2_d0_dep4_md320_it144_x1p00_s126_rg0,source_delta_support_process_control,canonical,4,72,64,320,126,144,75497472,524288,16,2048,40,1,L,roihu-fsl-support-readout-factorial-5x5-x100-s125-130-20260713-n2-d0-dep4-md320-it144-x1p00-s126-rg0,2,0,roihu_delta_support_process_control,4,75497472,524288,Fresh paired-seed 5x5 source union for a frozen support-policy by readout factorial. Each policy may read only its prespecified source subset and is charged only for the union of that subset. The x100 measured target line remains sealed.,controlled_model_dim_source_prefix_smalln_5x5,15401080.0,15401080.0,0.0,0.162821576719,3,5p_to_3x3_to_4x4_to_5x5_nested,5,1.305337,0,144,75497472,1.0,offline_union_5x5,2:0,0:0;0:1;0:2;0:3;0:4;1:0;1:1;1:2;1:3;1:4;2:0;2:1;2:2;2:3;2:4;3:0;3:1;3:2;3:3;3:4;4:0;4:1;4:2;4:3;4:4,prospective_support_readout_factorial_5x5_x100,"train_seed,train_row_group_start,train_length_multiplier",held_out_evaluation_only,Submit GPU jobs to gpumedium; do not use pilot/gpupilot.
roihu_fsl_support_readout_factorial_5x5_x100_s125_130_20260713_n2_d0_dep4_md320_it144_x1p00_s127_rg0,source_delta_support_process_control,canonical,4,72,64,320,127,144,75497472,524288,16,2048,40,1,L,roihu-fsl-support-readout-factorial-5x5-x100-s125-130-20260713-n2-d0-dep4-md320-it144-x1p00-s127-rg0,2,0,roihu_delta_support_process_control,4,75497472,524288,Fresh paired-seed 5x5 source union for a frozen support-policy by readout factorial. Each policy may read only its prespecified source subset and is charged only for the union of that subset. The x100 measured target line remains sealed.,controlled_model_dim_source_prefix_smalln_5x5,15401080.0,15401080.0,0.0,0.162821576719,3,5p_to_3x3_to_4x4_to_5x5_nested,5,1.305337,0,144,75497472,1.0,offline_union_5x5,2:0,0:0;0:1;0:2;0:3;0:4;1:0;1:1;1:2;1:3;1:4;2:0;2:1;2:2;2:3;2:4;3:0;3:1;3:2;3:3;3:4;4:0;4:1;4:2;4:3;4:4,prospective_support_readout_factorial_5x5_x100,"train_seed,train_row_group_start,train_length_multiplier",held_out_evaluation_only,Submit GPU jobs to gpumedium; do not use pilot/gpupilot.
roihu_fsl_support_readout_factorial_5x5_x100_s125_130_20260713_n2_d0_dep4_md320_it144_x1p00_s128_rg0,source_delta_support_process_control,canonical,4,72,64,320,128,144,75497472,524288,16,2048,40,1,L,roihu-fsl-support-readout-factorial-5x5-x100-s125-130-20260713-n2-d0-dep4-md320-it144-x1p00-s128-rg0,2,0,roihu_delta_support_process_control,4,75497472,524288,Fresh paired-seed 5x5 source union for a frozen support-policy by readout factorial. Each policy may read only its prespecified source subset and is charged only for the union of that subset. The x100 measured target line remains sealed.,controlled_model_dim_source_prefix_smalln_5x5,15401080.0,15401080.0,0.0,0.162821576719,3,5p_to_3x3_to_4x4_to_5x5_nested,5,1.305337,0,144,75497472,1.0,offline_union_5x5,2:0,0:0;0:1;0:2;0:3;0:4;1:0;1:1;1:2;1:3;1:4;2:0;2:1;2:2;2:3;2:4;3:0;3:1;3:2;3:3;3:4;4:0;4:1;4:2;4:3;4:4,prospective_support_readout_factorial_5x5_x100,"train_seed,train_row_group_start,train_length_multiplier",held_out_evaluation_only,Submit GPU jobs to gpumedium; do not use pilot/gpupilot.
roihu_fsl_support_readout_factorial_5x5_x100_s125_130_20260713_n2_d0_dep4_md320_it144_x1p00_s129_rg0,source_delta_support_process_control,canonical,4,72,64,320,129,144,75497472,524288,16,2048,40,1,L,roihu-fsl-support-readout-factorial-5x5-x100-s125-130-20260713-n2-d0-dep4-md320-it144-x1p00-s129-rg0,2,0,roihu_delta_support_process_control,4,75497472,524288,Fresh paired-seed 5x5 source union for a frozen support-policy by readout factorial. Each policy may read only its prespecified source subset and is charged only for the union of that subset. The x100 measured target line remains sealed.,controlled_model_dim_source_prefix_smalln_5x5,15401080.0,15401080.0,0.0,0.162821576719,3,5p_to_3x3_to_4x4_to_5x5_nested,5,1.305337,0,144,75497472,1.0,offline_union_5x5,2:0,0:0;0:1;0:2;0:3;0:4;1:0;1:1;1:2;1:3;1:4;2:0;2:1;2:2;2:3;2:4;3:0;3:1;3:2;3:3;3:4;4:0;4:1;4:2;4:3;4:4,prospective_support_readout_factorial_5x5_x100,"train_seed,train_row_group_start,train_length_multiplier",held_out_evaluation_only,Submit GPU jobs to gpumedium; do not use pilot/gpupilot.
roihu_fsl_support_readout_factorial_5x5_x100_s125_130_20260713_n2_d0_dep4_md320_it144_x1p00_s130_rg0,source_delta_support_process_control,canonical,4,72,64,320,130,144,75497472,524288,16,2048,40,1,L,roihu-fsl-support-readout-factorial-5x5-x100-s125-130-20260713-n2-d0-dep4-md320-it144-x1p00-s130-rg0,2,0,roihu_delta_support_process_control,4,75497472,524288,Fresh paired-seed 5x5 source union for a frozen support-policy by readout factorial. Each policy may read only its prespecified source subset and is charged only for the union of that subset. The x100 measured target line remains sealed.,controlled_model_dim_source_prefix_smalln_5x5,15401080.0,15401080.0,0.0,0.162821576719,3,5p_to_3x3_to_4x4_to_5x5_nested,5,1.305337,0,144,75497472,1.0,offline_union_5x5,2:0,0:0;0:1;0:2;0:3;0:4;1:0;1:1;1:2;1:3;1:4;2:0;2:1;2:2;2:3;2:4;3:0;3:1;3:2;3:3;3:4;4:0;4:1;4:2;4:3;4:4,prospective_support_readout_factorial_5x5_x100,"train_seed,train_row_group_start,train_length_multiplier",held_out_evaluation_only,Submit GPU jobs to gpumedium; do not use pilot/gpupilot.
roihu_fsl_support_readout_factorial_5x5_x100_s125_130_20260713_n2_d1_dep4_md320_it216_x1p00_s125_rg0,source_delta_support_process_control,canonical,4,72,64,320,125,216,113246208,524288,16,2048,40,1,L,roihu-fsl-support-readout-factorial-5x5-x100-s125-130-20260713-n2-d1-dep4-md320-it216-x1p00-s125-rg0,2,1,roihu_delta_support_process_control,4,113246208,524288,Fresh paired-seed 5x5 source union for a frozen support-policy by readout factorial. Each policy may read only its prespecified source subset and is charged only for the union of that subset. The x100 measured target line remains sealed.,controlled_model_dim_source_prefix_smalln_5x5,15401080.0,15401080.0,0.0,0.162821576719,8,5p_to_3x3_to_4x4_to_5x5_nested,9,1.305337,0,216,113246208,1.0,offline_union_5x5,2:1,0:0;0:1;0:2;0:3;0:4;1:0;1:1;1:2;1:3;1:4;2:0;2:1;2:2;2:3;2:4;3:0;3:1;3:2;3:3;3:4;4:0;4:1;4:2;4:3;4:4,prospective_support_readout_factorial_5x5_x100,"train_seed,train_row_group_start,train_length_multiplier",held_out_evaluation_only,Submit GPU jobs to gpumedium; do not use pilot/gpupilot.
roihu_fsl_support_readout_factorial_5x5_x100_s125_130_20260713_n2_d1_dep4_md320_it216_x1p00_s126_rg0,source_delta_support_process_control,canonical,4,72,64,320,126,216,113246208,524288,16,2048,40,1,L,roihu-fsl-support-readout-factorial-5x5-x100-s125-130-20260713-n2-d1-dep4-md320-it216-x1p00-s126-rg0,2,1,roihu_delta_support_process_control,4,113246208,524288,Fresh paired-seed 5x5 source union for a frozen support-policy by readout factorial. Each policy may read only its prespecified source subset and is charged only for the union of that subset. The x100 measured target line remains sealed.,controlled_model_dim_source_prefix_smalln_5x5,15401080.0,15401080.0,0.0,0.162821576719,8,5p_to_3x3_to_4x4_to_5x5_nested,9,1.305337,0,216,113246208,1.0,offline_union_5x5,2:1,0:0;0:1;0:2;0:3;0:4;1:0;1:1;1:2;1:3;1:4;2:0;2:1;2:2;2:3;2:4;3:0;3:1;3:2;3:3;3:4;4:0;4:1;4:2;4:3;4:4,prospective_support_readout_factorial_5x5_x100,"train_seed,train_row_group_start,train_length_multiplier",held_out_evaluation_only,Submit GPU jobs to gpumedium; do not use pilot/gpupilot.
roihu_fsl_support_readout_factorial_5x5_x100_s125_130_20260713_n2_d1_dep4_md320_it216_x1p00_s127_rg0,source_delta_support_process_control,canonical,4,72,64,320,127,216,113246208,524288,16,2048,40,1,L,roihu-fsl-support-readout-factorial-5x5-x100-s125-130-20260713-n2-d1-dep4-md320-it216-x1p00-s127-rg0,2,1,roihu_delta_support_process_control,4,113246208,524288,Fresh paired-seed 5x5 source union for a frozen support-policy by readout factorial. Each policy may read only its prespecified source subset and is charged only for the union of that subset. The x100 measured target line remains sealed.,controlled_model_dim_source_prefix_smalln_5x5,15401080.0,15401080.0,0.0,0.162821576719,8,5p_to_3x3_to_4x4_to_5x5_nested,9,1.305337,0,216,113246208,1.0,offline_union_5x5,2:1,0:0;0:1;0:2;0:3;0:4;1:0;1:1;1:2;1:3;1:4;2:0;2:1;2:2;2:3;2:4;3:0;3:1;3:2;3:3;3:4;4:0;4:1;4:2;4:3;4:4,prospective_support_readout_factorial_5x5_x100,"train_seed,train_row_group_start,train_length_multiplier",held_out_evaluation_only,Submit GPU jobs to gpumedium; do not use pilot/gpupilot.
roihu_fsl_support_readout_factorial_5x5_x100_s125_130_20260713_n2_d1_dep4_md320_it216_x1p00_s128_rg0,source_delta_support_process_control,canonical,4,72,64,320,128,216,113246208,524288,16,2048,40,1,L,roihu-fsl-support-readout-factorial-5x5-x100-s125-130-20260713-n2-d1-dep4-md320-it216-x1p00-s128-rg0,2,1,roihu_delta_support_process_control,4,113246208,524288,Fresh paired-seed 5x5 source union for a frozen support-policy by readout factorial. Each policy may read only its prespecified source subset and is charged only for the union of that subset. The x100 measured target line remains sealed.,controlled_model_dim_source_prefix_smalln_5x5,15401080.0,15401080.0,0.0,0.162821576719,8,5p_to_3x3_to_4x4_to_5x5_nested,9,1.305337,0,216,113246208,1.0,offline_union_5x5,2:1,0:0;0:1;0:2;0:3;0:4;1:0;1:1;1:2;1:3;1:4;2:0;2:1;2:2;2:3;2:4;3:0;3:1;3:2;3:3;3:4;4:0;4:1;4:2;4:3;4:4,prospective_support_readout_factorial_5x5_x100,"train_seed,train_row_group_start,train_length_multiplier",held_out_evaluation_only,Submit GPU jobs to gpumedium; do not use pilot/gpupilot.
roihu_fsl_support_readout_factorial_5x5_x100_s125_130_20260713_n2_d1_dep4_md320_it216_x1p00_s129_rg0,source_delta_support_process_control,canonical,4,72,64,320,129,216,113246208,524288,16,2048,40,1,L,roihu-fsl-support-readout-factorial-5x5-x100-s125-130-20260713-n2-d1-dep4-md320-it216-x1p00-s129-rg0,2,1,roihu_delta_support_process_control,4,113246208,524288,Fresh paired-seed 5x5 source union for a frozen support-policy by readout factorial. Each policy may read only its prespecified source subset and is charged only for the union of that subset. The x100 measured target line remains sealed.,controlled_model_dim_source_prefix_smalln_5x5,15401080.0,15401080.0,0.0,0.162821576719,8,5p_to_3x3_to_4x4_to_5x5_nested,9,1.305337,0,216,113246208,1.0,offline_union_5x5,2:1,0:0;0:1;0:2;0:3;0:4;1:0;1:1;1:2;1:3;1:4;2:0;2:1;2:2;2:3;2:4;3:0;3:1;3:2;3:3;3:4;4:0;4:1;4:2;4:3;4:4,prospective_support_readout_factorial_5x5_x100,"train_seed,train_row_group_start,train_length_multiplier",held_out_evaluation_only,Submit GPU jobs to gpumedium; do not use pilot/gpupilot.
roihu_fsl_support_readout_factorial_5x5_x100_s125_130_20260713_n2_d1_dep4_md320_it216_x1p00_s130_rg0,source_delta_support_process_control,canonical,4,72,64,320,130,216,113246208,524288,16,2048,40,1,L,roihu-fsl-support-readout-factorial-5x5-x100-s125-130-20260713-n2-d1-dep4-md320-it216-x1p00-s130-rg0,2,1,roihu_delta_support_process_control,4,113246208,524288,Fresh paired-seed 5x5 source union for a frozen support-policy by readout factorial. Each policy may read only its prespecified source subset and is charged only for the union of that subset. The x100 measured target line remains sealed.,controlled_model_dim_source_prefix_smalln_5x5,15401080.0,15401080.0,0.0,0.162821576719,8,5p_to_3x3_to_4x4_to_5x5_nested,9,1.305337,0,216,113246208,1.0,offline_union_5x5,2:1,0:0;0:1;0:2;0:3;0:4;1:0;1:1;1:2;1:3;1:4;2:0;2:1;2:2;2:3;2:4;3:0;3:1;3:2;3:3;3:4;4:0;4:1;4:2;4:3;4:4,prospective_support_readout_factorial_5x5_x100,"train_seed,train_row_group_start,train_length_multiplier",held_out_evaluation_only,Submit GPU jobs to gpumedium; do not use pilot/gpupilot.
roihu_fsl_support_readout_factorial_5x5_x100_s125_130_20260713_n2_d2_dep4_md320_it324_x1p00_s125_rg0,source_delta_support_process_control,canonical,4,72,64,320,125,324,169869312,524288,16,2048,40,1,L,roihu-fsl-support-readout-factorial-5x5-x100-s125-130-20260713-n2-d2-dep4-md320-it324-x1p00-s125-rg0,2,2,roihu_delta_support_process_control,4,169869312,524288,Fresh paired-seed 5x5 source union for a frozen support-policy by readout factorial. Each policy may read only its prespecified source subset and is charged only for the union of that subset. The x100 measured target line remains sealed.,controlled_model_dim_source_prefix_smalln_5x5,15401080.0,15401080.0,0.0,0.162821576719,9,5p_to_3x3_to_4x4_to_5x5_nested,9,1.305337,0,324,169869312,1.0,offline_union_5x5,2:2,0:0;0:1;0:2;0:3;0:4;1:0;1:1;1:2;1:3;1:4;2:0;2:1;2:2;2:3;2:4;3:0;3:1;3:2;3:3;3:4;4:0;4:1;4:2;4:3;4:4,prospective_support_readout_factorial_5x5_x100,"train_seed,train_row_group_start,train_length_multiplier",held_out_evaluation_only,Submit GPU jobs to gpumedium; do not use pilot/gpupilot.
roihu_fsl_support_readout_factorial_5x5_x100_s125_130_20260713_n2_d2_dep4_md320_it324_x1p00_s126_rg0,source_delta_support_process_control,canonical,4,72,64,320,126,324,169869312,524288,16,2048,40,1,L,roihu-fsl-support-readout-factorial-5x5-x100-s125-130-20260713-n2-d2-dep4-md320-it324-x1p00-s126-rg0,2,2,roihu_delta_support_process_control,4,169869312,524288,Fresh paired-seed 5x5 source union for a frozen support-policy by readout factorial. Each policy may read only its prespecified source subset and is charged only for the union of that subset. The x100 measured target line remains sealed.,controlled_model_dim_source_prefix_smalln_5x5,15401080.0,15401080.0,0.0,0.162821576719,9,5p_to_3x3_to_4x4_to_5x5_nested,9,1.305337,0,324,169869312,1.0,offline_union_5x5,2:2,0:0;0:1;0:2;0:3;0:4;1:0;1:1;1:2;1:3;1:4;2:0;2:1;2:2;2:3;2:4;3:0;3:1;3:2;3:3;3:4;4:0;4:1;4:2;4:3;4:4,prospective_support_readout_factorial_5x5_x100,"train_seed,train_row_group_start,train_length_multiplier",held_out_evaluation_only,Submit GPU jobs to gpumedium; do not use pilot/gpupilot.
roihu_fsl_support_readout_factorial_5x5_x100_s125_130_20260713_n2_d2_dep4_md320_it324_x1p00_s127_rg0,source_delta_support_process_control,canonical,4,72,64,320,127,324,169869312,524288,16,2048,40,1,L,roihu-fsl-support-readout-factorial-5x5-x100-s125-130-20260713-n2-d2-dep4-md320-it324-x1p00-s127-rg0,2,2,roihu_delta_support_process_control,4,169869312,524288,Fresh paired-seed 5x5 source union for a frozen support-policy by readout factorial. Each policy may read only its prespecified source subset and is charged only for the union of that subset. The x100 measured target line remains sealed.,controlled_model_dim_source_prefix_smalln_5x5,15401080.0,15401080.0,0.0,0.162821576719,9,5p_to_3x3_to_4x4_to_5x5_nested,9,1.305337,0,324,169869312,1.0,offline_union_5x5,2:2,0:0;0:1;0:2;0:3;0:4;1:0;1:1;1:2;1:3;1:4;2:0;2:1;2:2;2:3;2:4;3:0;3:1;3:2;3:3;3:4;4:0;4:1;4:2;4:3;4:4,prospective_support_readout_factorial_5x5_x100,"train_seed,train_row_group_start,train_length_multiplier",held_out_evaluation_only,Submit GPU jobs to gpumedium; do not use pilot/gpupilot.
roihu_fsl_support_readout_factorial_5x5_x100_s125_130_20260713_n2_d2_dep4_md320_it324_x1p00_s128_rg0,source_delta_support_process_control,canonical,4,72,64,320,128,324,169869312,524288,16,2048,40,1,L,roihu-fsl-support-readout-factorial-5x5-x100-s125-130-20260713-n2-d2-dep4-md320-it324-x1p00-s128-rg0,2,2,roihu_delta_support_process_control,4,169869312,524288,Fresh paired-seed 5x5 source union for a frozen support-policy by readout factorial. Each policy may read only its prespecified source subset and is charged only for the union of that subset. The x100 measured target line remains sealed.,controlled_model_dim_source_prefix_smalln_5x5,15401080.0,15401080.0,0.0,0.162821576719,9,5p_to_3x3_to_4x4_to_5x5_nested,9,1.305337,0,324,169869312,1.0,offline_union_5x5,2:2,0:0;0:1;0:2;0:3;0:4;1:0;1:1;1:2;1:3;1:4;2:0;2:1;2:2;2:3;2:4;3:0;3:1;3:2;3:3;3:4;4:0;4:1;4:2;4:3;4:4,prospective_support_readout_factorial_5x5_x100,"train_seed,train_row_group_start,train_length_multiplier",held_out_evaluation_only,Submit GPU jobs to gpumedium; do not use pilot/gpupilot.
roihu_fsl_support_readout_factorial_5x5_x100_s125_130_20260713_n2_d2_dep4_md320_it324_x1p00_s129_rg0,source_delta_support_process_control,canonical,4,72,64,320,129,324,169869312,524288,16,2048,40,1,L,roihu-fsl-support-readout-factorial-5x5-x100-s125-130-20260713-n2-d2-dep4-md320-it324-x1p00-s129-rg0,2,2,roihu_delta_support_process_control,4,169869312,524288,Fresh paired-seed 5x5 source union for a frozen support-policy by readout factorial. Each policy may read only its prespecified source subset and is charged only for the union of that subset. The x100 measured target line remains sealed.,controlled_model_dim_source_prefix_smalln_5x5,15401080.0,15401080.0,0.0,0.162821576719,9,5p_to_3x3_to_4x4_to_5x5_nested,9,1.305337,0,324,169869312,1.0,offline_union_5x5,2:2,0:0;0:1;0:2;0:3;0:4;1:0;1:1;1:2;1:3;1:4;2:0;2:1;2:2;2:3;2:4;3:0;3:1;3:2;3:3;3:4;4:0;4:1;4:2;4:3;4:4,prospective_support_readout_factorial_5x5_x100,"train_seed,train_row_group_start,train_length_multiplier",held_out_evaluation_only,Submit GPU jobs to gpumedium; do not use pilot/gpupilot.
roihu_fsl_support_readout_factorial_5x5_x100_s125_130_20260713_n2_d2_dep4_md320_it324_x1p00_s130_rg0,source_delta_support_process_control,canonical,4,72,64,320,130,324,169869312,524288,16,2048,40,1,L,roihu-fsl-support-readout-factorial-5x5-x100-s125-130-20260713-n2-d2-dep4-md320-it324-x1p00-s130-rg0,2,2,roihu_delta_support_process_control,4,169869312,524288,Fresh paired-seed 5x5 source union for a frozen support-policy by readout factorial. Each policy may read only its prespecified source subset and is charged only for the union of that subset. The x100 measured target line remains sealed.,controlled_model_dim_source_prefix_smalln_5x5,15401080.0,15401080.0,0.0,0.162821576719,9,5p_to_3x3_to_4x4_to_5x5_nested,9,1.305337,0,324,169869312,1.0,offline_union_5x5,2:2,0:0;0:1;0:2;0:3;0:4;1:0;1:1;1:2;1:3;1:4;2:0;2:1;2:2;2:3;2:4;3:0;3:1;3:2;3:3;3:4;4:0;4:1;4:2;4:3;4:4,prospective_support_readout_factorial_5x5_x100,"train_seed,train_row_group_start,train_length_multiplier",held_out_evaluation_only,Submit GPU jobs to gpumedium; do not use pilot/gpupilot.
roihu_fsl_support_readout_factorial_5x5_x100_s125_130_20260713_n2_d3_dep4_md320_it486_x1p00_s125_rg0,source_delta_support_process_control,canonical,4,72,64,320,125,486,254803968,524288,16,2048,40,1,L,roihu-fsl-support-readout-factorial-5x5-x100-s125-130-20260713-n2-d3-dep4-md320-it486-x1p00-s125-rg0,2,3,roihu_delta_support_process_control,4,254803968,524288,Fresh paired-seed 5x5 source union for a frozen support-policy by readout factorial. Each policy may read only its prespecified source subset and is charged only for the union of that subset. The x100 measured target line remains sealed.,controlled_model_dim_source_prefix_smalln_5x5,15401080.0,15401080.0,0.0,0.162821576719,15,5p_to_3x3_to_4x4_to_5x5_nested,16,1.305337,0,486,254803968,1.0,offline_union_5x5,2:3,0:0;0:1;0:2;0:3;0:4;1:0;1:1;1:2;1:3;1:4;2:0;2:1;2:2;2:3;2:4;3:0;3:1;3:2;3:3;3:4;4:0;4:1;4:2;4:3;4:4,prospective_support_readout_factorial_5x5_x100,"train_seed,train_row_group_start,train_length_multiplier",held_out_evaluation_only,Submit GPU jobs to gpumedium; do not use pilot/gpupilot.
roihu_fsl_support_readout_factorial_5x5_x100_s125_130_20260713_n2_d3_dep4_md320_it486_x1p00_s126_rg0,source_delta_support_process_control,canonical,4,72,64,320,126,486,254803968,524288,16,2048,40,1,L,roihu-fsl-support-readout-factorial-5x5-x100-s125-130-20260713-n2-d3-dep4-md320-it486-x1p00-s126-rg0,2,3,roihu_delta_support_process_control,4,254803968,524288,Fresh paired-seed 5x5 source union for a frozen support-policy by readout factorial. Each policy may read only its prespecified source subset and is charged only for the union of that subset. The x100 measured target line remains sealed.,controlled_model_dim_source_prefix_smalln_5x5,15401080.0,15401080.0,0.0,0.162821576719,15,5p_to_3x3_to_4x4_to_5x5_nested,16,1.305337,0,486,254803968,1.0,offline_union_5x5,2:3,0:0;0:1;0:2;0:3;0:4;1:0;1:1;1:2;1:3;1:4;2:0;2:1;2:2;2:3;2:4;3:0;3:1;3:2;3:3;3:4;4:0;4:1;4:2;4:3;4:4,prospective_support_readout_factorial_5x5_x100,"train_seed,train_row_group_start,train_length_multiplier",held_out_evaluation_only,Submit GPU jobs to gpumedium; do not use pilot/gpupilot.
roihu_fsl_support_readout_factorial_5x5_x100_s125_130_20260713_n2_d3_dep4_md320_it486_x1p00_s127_rg0,source_delta_support_process_control,canonical,4,72,64,320,127,486,254803968,524288,16,2048,40,1,L,roihu-fsl-support-readout-factorial-5x5-x100-s125-130-20260713-n2-d3-dep4-md320-it486-x1p00-s127-rg0,2,3,roihu_delta_support_process_control,4,254803968,524288,Fresh paired-seed 5x5 source union for a frozen support-policy by readout factorial. Each policy may read only its prespecified source subset and is charged only for the union of that subset. The x100 measured target line remains sealed.,controlled_model_dim_source_prefix_smalln_5x5,15401080.0,15401080.0,0.0,0.162821576719,15,5p_to_3x3_to_4x4_to_5x5_nested,16,1.305337,0,486,254803968,1.0,offline_union_5x5,2:3,0:0;0:1;0:2;0:3;0:4;1:0;1:1;1:2;1:3;1:4;2:0;2:1;2:2;2:3;2:4;3:0;3:1;3:2;3:3;3:4;4:0;4:1;4:2;4:3;4:4,prospective_support_readout_factorial_5x5_x100,"train_seed,train_row_group_start,train_length_multiplier",held_out_evaluation_only,Submit GPU jobs to gpumedium; do not use pilot/gpupilot.
roihu_fsl_support_readout_factorial_5x5_x100_s125_130_20260713_n2_d3_dep4_md320_it486_x1p00_s128_rg0,source_delta_support_process_control,canonical,4,72,64,320,128,486,254803968,524288,16,2048,40,1,L,roihu-fsl-support-readout-factorial-5x5-x100-s125-130-20260713-n2-d3-dep4-md320-it486-x1p00-s128-rg0,2,3,roihu_delta_support_process_control,4,254803968,524288,Fresh paired-seed 5x5 source union for a frozen support-policy by readout factorial. Each policy may read only its prespecified source subset and is charged only for the union of that subset. The x100 measured target line remains sealed.,controlled_model_dim_source_prefix_smalln_5x5,15401080.0,15401080.0,0.0,0.162821576719,15,5p_to_3x3_to_4x4_to_5x5_nested,16,1.305337,0,486,254803968,1.0,offline_union_5x5,2:3,0:0;0:1;0:2;0:3;0:4;1:0;1:1;1:2;1:3;1:4;2:0;2:1;2:2;2:3;2:4;3:0;3:1;3:2;3:3;3:4;4:0;4:1;4:2;4:3;4:4,prospective_support_readout_factorial_5x5_x100,"train_seed,train_row_group_start,train_length_multiplier",held_out_evaluation_only,Submit GPU jobs to gpumedium; do not use pilot/gpupilot.
roihu_fsl_support_readout_factorial_5x5_x100_s125_130_20260713_n2_d3_dep4_md320_it486_x1p00_s129_rg0,source_delta_support_process_control,canonical,4,72,64,320,129,486,254803968,524288,16,2048,40,1,L,roihu-fsl-support-readout-factorial-5x5-x100-s125-130-20260713-n2-d3-dep4-md320-it486-x1p00-s129-rg0,2,3,roihu_delta_support_process_control,4,254803968,524288,Fresh paired-seed 5x5 source union for a frozen support-policy by readout factorial. Each policy may read only its prespecified source subset and is charged only for the union of that subset. The x100 measured target line remains sealed.,controlled_model_dim_source_prefix_smalln_5x5,15401080.0,15401080.0,0.0,0.162821576719,15,5p_to_3x3_to_4x4_to_5x5_nested,16,1.305337,0,486,254803968,1.0,offline_union_5x5,2:3,0:0;0:1;0:2;0:3;0:4;1:0;1:1;1:2;1:3;1:4;2:0;2:1;2:2;2:3;2:4;3:0;3:1;3:2;3:3;3:4;4:0;4:1;4:2;4:3;4:4,prospective_support_readout_factorial_5x5_x100,"train_seed,train_row_group_start,train_length_multiplier",held_out_evaluation_only,Submit GPU jobs to gpumedium; do not use pilot/gpupilot.
roihu_fsl_support_readout_factorial_5x5_x100_s125_130_20260713_n2_d3_dep4_md320_it486_x1p00_s130_rg0,source_delta_support_process_control,canonical,4,72,64,320,130,486,254803968,524288,16,2048,40,1,L,roihu-fsl-support-readout-factorial-5x5-x100-s125-130-20260713-n2-d3-dep4-md320-it486-x1p00-s130-rg0,2,3,roihu_delta_support_process_control,4,254803968,524288,Fresh paired-seed 5x5 source union for a frozen support-policy by readout factorial. Each policy may read only its prespecified source subset and is charged only for the union of that subset. The x100 measured target line remains sealed.,controlled_model_dim_source_prefix_smalln_5x5,15401080.0,15401080.0,0.0,0.162821576719,15,5p_to_3x3_to_4x4_to_5x5_nested,16,1.305337,0,486,254803968,1.0,offline_union_5x5,2:3,0:0;0:1;0:2;0:3;0:4;1:0;1:1;1:2;1:3;1:4;2:0;2:1;2:2;2:3;2:4;3:0;3:1;3:2;3:3;3:4;4:0;4:1;4:2;4:3;4:4,prospective_support_readout_factorial_5x5_x100,"train_seed,train_row_group_start,train_length_multiplier",held_out_evaluation_only,Submit GPU jobs to gpumedium; do not use pilot/gpupilot.
roihu_fsl_support_readout_factorial_5x5_x100_s125_130_20260713_n2_d4_dep4_md320_it729_x1p00_s125_rg0,source_delta_support_process_control,canonical,4,72,64,320,125,729,382205952,524288,16,2048,40,1,L,roihu-fsl-support-readout-factorial-5x5-x100-s125-130-20260713-n2-d4-dep4-md320-it729-x1p00-s125-rg0,2,4,roihu_delta_support_process_control,4,382205952,524288,Fresh paired-seed 5x5 source union for a frozen support-policy by readout factorial. Each policy may read only its prespecified source subset and is charged only for the union of that subset. The x100 measured target line remains sealed.,controlled_model_dim_source_prefix_smalln_5x5,15401080.0,15401080.0,0.0,0.162821576719,23,5p_to_3x3_to_4x4_to_5x5_nested,25,1.305337,0,729,382205952,1.0,offline_union_5x5,2:4,0:0;0:1;0:2;0:3;0:4;1:0;1:1;1:2;1:3;1:4;2:0;2:1;2:2;2:3;2:4;3:0;3:1;3:2;3:3;3:4;4:0;4:1;4:2;4:3;4:4,prospective_support_readout_factorial_5x5_x100,"train_seed,train_row_group_start,train_length_multiplier",held_out_evaluation_only,Submit GPU jobs to gpumedium; do not use pilot/gpupilot.
roihu_fsl_support_readout_factorial_5x5_x100_s125_130_20260713_n2_d4_dep4_md320_it729_x1p00_s126_rg0,source_delta_support_process_control,canonical,4,72,64,320,126,729,382205952,524288,16,2048,40,1,L,roihu-fsl-support-readout-factorial-5x5-x100-s125-130-20260713-n2-d4-dep4-md320-it729-x1p00-s126-rg0,2,4,roihu_delta_support_process_control,4,382205952,524288,Fresh paired-seed 5x5 source union for a frozen support-policy by readout factorial. Each policy may read only its prespecified source subset and is charged only for the union of that subset. The x100 measured target line remains sealed.,controlled_model_dim_source_prefix_smalln_5x5,15401080.0,15401080.0,0.0,0.162821576719,23,5p_to_3x3_to_4x4_to_5x5_nested,25,1.305337,0,729,382205952,1.0,offline_union_5x5,2:4,0:0;0:1;0:2;0:3;0:4;1:0;1:1;1:2;1:3;1:4;2:0;2:1;2:2;2:3;2:4;3:0;3:1;3:2;3:3;3:4;4:0;4:1;4:2;4:3;4:4,prospective_support_readout_factorial_5x5_x100,"train_seed,train_row_group_start,train_length_multiplier",held_out_evaluation_only,Submit GPU jobs to gpumedium; do not use pilot/gpupilot.
roihu_fsl_support_readout_factorial_5x5_x100_s125_130_20260713_n2_d4_dep4_md320_it729_x1p00_s127_rg0,source_delta_support_process_control,canonical,4,72,64,320,127,729,382205952,524288,16,2048,40,1,L,roihu-fsl-support-readout-factorial-5x5-x100-s125-130-20260713-n2-d4-dep4-md320-it729-x1p00-s127-rg0,2,4,roihu_delta_support_process_control,4,382205952,524288,Fresh paired-seed 5x5 source union for a frozen support-policy by readout factorial. Each policy may read only its prespecified source subset and is charged only for the union of that subset. The x100 measured target line remains sealed.,controlled_model_dim_source_prefix_smalln_5x5,15401080.0,15401080.0,0.0,0.162821576719,23,5p_to_3x3_to_4x4_to_5x5_nested,25,1.305337,0,729,382205952,1.0,offline_union_5x5,2:4,0:0;0:1;0:2;0:3;0:4;1:0;1:1;1:2;1:3;1:4;2:0;2:1;2:2;2:3;2:4;3:0;3:1;3:2;3:3;3:4;4:0;4:1;4:2;4:3;4:4,prospective_support_readout_factorial_5x5_x100,"train_seed,train_row_group_start,train_length_multiplier",held_out_evaluation_only,Submit GPU jobs to gpumedium; do not use pilot/gpupilot.
roihu_fsl_support_readout_factorial_5x5_x100_s125_130_20260713_n2_d4_dep4_md320_it729_x1p00_s128_rg0,source_delta_support_process_control,canonical,4,72,64,320,128,729,382205952,524288,16,2048,40,1,L,roihu-fsl-support-readout-factorial-5x5-x100-s125-130-20260713-n2-d4-dep4-md320-it729-x1p00-s128-rg0,2,4,roihu_delta_support_process_control,4,382205952,524288,Fresh paired-seed 5x5 source union for a frozen support-policy by readout factorial. Each policy may read only its prespecified source subset and is charged only for the union of that subset. The x100 measured target line remains sealed.,controlled_model_dim_source_prefix_smalln_5x5,15401080.0,15401080.0,0.0,0.162821576719,23,5p_to_3x3_to_4x4_to_5x5_nested,25,1.305337,0,729,382205952,1.0,offline_union_5x5,2:4,0:0;0:1;0:2;0:3;0:4;1:0;1:1;1:2;1:3;1:4;2:0;2:1;2:2;2:3;2:4;3:0;3:1;3:2;3:3;3:4;4:0;4:1;4:2;4:3;4:4,prospective_support_readout_factorial_5x5_x100,"train_seed,train_row_group_start,train_length_multiplier",held_out_evaluation_only,Submit GPU jobs to gpumedium; do not use pilot/gpupilot.
roihu_fsl_support_readout_factorial_5x5_x100_s125_130_20260713_n2_d4_dep4_md320_it729_x1p00_s129_rg0,source_delta_support_process_control,canonical,4,72,64,320,129,729,382205952,524288,16,2048,40,1,L,roihu-fsl-support-readout-factorial-5x5-x100-s125-130-20260713-n2-d4-dep4-md320-it729-x1p00-s129-rg0,2,4,roihu_delta_support_process_control,4,382205952,524288,Fresh paired-seed 5x5 source union for a frozen support-policy by readout factorial. Each policy may read only its prespecified source subset and is charged only for the union of that subset. The x100 measured target line remains sealed.,controlled_model_dim_source_prefix_smalln_5x5,15401080.0,15401080.0,0.0,0.162821576719,23,5p_to_3x3_to_4x4_to_5x5_nested,25,1.305337,0,729,382205952,1.0,offline_union_5x5,2:4,0:0;0:1;0:2;0:3;0:4;1:0;1:1;1:2;1:3;1:4;2:0;2:1;2:2;2:3;2:4;3:0;3:1;3:2;3:3;3:4;4:0;4:1;4:2;4:3;4:4,prospective_support_readout_factorial_5x5_x100,"train_seed,train_row_group_start,train_length_multiplier",held_out_evaluation_only,Submit GPU jobs to gpumedium; do not use pilot/gpupilot.
roihu_fsl_support_readout_factorial_5x5_x100_s125_130_20260713_n2_d4_dep4_md320_it729_x1p00_s130_rg0,source_delta_support_process_control,canonical,4,72,64,320,130,729,382205952,524288,16,2048,40,1,L,roihu-fsl-support-readout-factorial-5x5-x100-s125-130-20260713-n2-d4-dep4-md320-it729-x1p00-s130-rg0,2,4,roihu_delta_support_process_control,4,382205952,524288,Fresh paired-seed 5x5 source union for a frozen support-policy by readout factorial. Each policy may read only its prespecified source subset and is charged only for the union of that subset. The x100 measured target line remains sealed.,controlled_model_dim_source_prefix_smalln_5x5,15401080.0,15401080.0,0.0,0.162821576719,23,5p_to_3x3_to_4x4_to_5x5_nested,25,1.305337,0,729,382205952,1.0,offline_union_5x5,2:4,0:0;0:1;0:2;0:3;0:4;1:0;1:1;1:2;1:3;1:4;2:0;2:1;2:2;2:3;2:4;3:0;3:1;3:2;3:3;3:4;4:0;4:1;4:2;4:3;4:4,prospective_support_readout_factorial_5x5_x100,"train_seed,train_row_group_start,train_length_multiplier",held_out_evaluation_only,Submit GPU jobs to gpumedium; do not use pilot/gpupilot.
roihu_fsl_support_readout_factorial_5x5_x100_s125_130_20260713_n3_d0_dep4_md512_it144_x1p00_s125_rg0,source_delta_support_process_control,canonical,4,72,64,512,125,144,75497472,524288,16,2048,40,1,L,roihu-fsl-support-readout-factorial-5x5-x100-s125-130-20260713-n3-d0-dep4-md512-it144-x1p00-s125-rg0,3,0,roihu_delta_support_process_control,4,75497472,524288,Fresh paired-seed 5x5 source union for a frozen support-policy by readout factorial. Each policy may read only its prespecified source subset and is charged only for the union of that subset. The x100 measured target line remains sealed.,controlled_model_dim_source_prefix_smalln_5x5,29360320.0,29360320.0,0.0,0.162821576719,10,5p_to_3x3_to_4x4_to_5x5_nested,16,1.305337,0,144,75497472,1.0,offline_union_5x5,3:0,0:0;0:1;0:2;0:3;0:4;1:0;1:1;1:2;1:3;1:4;2:0;2:1;2:2;2:3;2:4;3:0;3:1;3:2;3:3;3:4;4:0;4:1;4:2;4:3;4:4,prospective_support_readout_factorial_5x5_x100,"train_seed,train_row_group_start,train_length_multiplier",held_out_evaluation_only,Submit GPU jobs to gpumedium; do not use pilot/gpupilot.
roihu_fsl_support_readout_factorial_5x5_x100_s125_130_20260713_n3_d0_dep4_md512_it144_x1p00_s126_rg0,source_delta_support_process_control,canonical,4,72,64,512,126,144,75497472,524288,16,2048,40,1,L,roihu-fsl-support-readout-factorial-5x5-x100-s125-130-20260713-n3-d0-dep4-md512-it144-x1p00-s126-rg0,3,0,roihu_delta_support_process_control,4,75497472,524288,Fresh paired-seed 5x5 source union for a frozen support-policy by readout factorial. Each policy may read only its prespecified source subset and is charged only for the union of that subset. The x100 measured target line remains sealed.,controlled_model_dim_source_prefix_smalln_5x5,29360320.0,29360320.0,0.0,0.162821576719,10,5p_to_3x3_to_4x4_to_5x5_nested,16,1.305337,0,144,75497472,1.0,offline_union_5x5,3:0,0:0;0:1;0:2;0:3;0:4;1:0;1:1;1:2;1:3;1:4;2:0;2:1;2:2;2:3;2:4;3:0;3:1;3:2;3:3;3:4;4:0;4:1;4:2;4:3;4:4,prospective_support_readout_factorial_5x5_x100,"train_seed,train_row_group_start,train_length_multiplier",held_out_evaluation_only,Submit GPU jobs to gpumedium; do not use pilot/gpupilot.
roihu_fsl_support_readout_factorial_5x5_x100_s125_130_20260713_n3_d0_dep4_md512_it144_x1p00_s127_rg0,source_delta_support_process_control,canonical,4,72,64,512,127,144,75497472,524288,16,2048,40,1,L,roihu-fsl-support-readout-factorial-5x5-x100-s125-130-20260713-n3-d0-dep4-md512-it144-x1p00-s127-rg0,3,0,roihu_delta_support_process_control,4,75497472,524288,Fresh paired-seed 5x5 source union for a frozen support-policy by readout factorial. Each policy may read only its prespecified source subset and is charged only for the union of that subset. The x100 measured target line remains sealed.,controlled_model_dim_source_prefix_smalln_5x5,29360320.0,29360320.0,0.0,0.162821576719,10,5p_to_3x3_to_4x4_to_5x5_nested,16,1.305337,0,144,75497472,1.0,offline_union_5x5,3:0,0:0;0:1;0:2;0:3;0:4;1:0;1:1;1:2;1:3;1:4;2:0;2:1;2:2;2:3;2:4;3:0;3:1;3:2;3:3;3:4;4:0;4:1;4:2;4:3;4:4,prospective_support_readout_factorial_5x5_x100,"train_seed,train_row_group_start,train_length_multiplier",held_out_evaluation_only,Submit GPU jobs to gpumedium; do not use pilot/gpupilot.
roihu_fsl_support_readout_factorial_5x5_x100_s125_130_20260713_n3_d0_dep4_md512_it144_x1p00_s128_rg0,source_delta_support_process_control,canonical,4,72,64,512,128,144,75497472,524288,16,2048,40,1,L,roihu-fsl-support-readout-factorial-5x5-x100-s125-130-20260713-n3-d0-dep4-md512-it144-x1p00-s128-rg0,3,0,roihu_delta_support_process_control,4,75497472,524288,Fresh paired-seed 5x5 source union for a frozen support-policy by readout factorial. Each policy may read only its prespecified source subset and is charged only for the union of that subset. The x100 measured target line remains sealed.,controlled_model_dim_source_prefix_smalln_5x5,29360320.0,29360320.0,0.0,0.162821576719,10,5p_to_3x3_to_4x4_to_5x5_nested,16,1.305337,0,144,75497472,1.0,offline_union_5x5,3:0,0:0;0:1;0:2;0:3;0:4;1:0;1:1;1:2;1:3;1:4;2:0;2:1;2:2;2:3;2:4;3:0;3:1;3:2;3:3;3:4;4:0;4:1;4:2;4:3;4:4,prospective_support_readout_factorial_5x5_x100,"train_seed,train_row_group_start,train_length_multiplier",held_out_evaluation_only,Submit GPU jobs to gpumedium; do not use pilot/gpupilot.
roihu_fsl_support_readout_factorial_5x5_x100_s125_130_20260713_n3_d0_dep4_md512_it144_x1p00_s129_rg0,source_delta_support_process_control,canonical,4,72,64,512,129,144,75497472,524288,16,2048,40,1,L,roihu-fsl-support-readout-factorial-5x5-x100-s125-130-20260713-n3-d0-dep4-md512-it144-x1p00-s129-rg0,3,0,roihu_delta_support_process_control,4,75497472,524288,Fresh paired-seed 5x5 source union for a frozen support-policy by readout factorial. Each policy may read only its prespecified source subset and is charged only for the union of that subset. The x100 measured target line remains sealed.,controlled_model_dim_source_prefix_smalln_5x5,29360320.0,29360320.0,0.0,0.162821576719,10,5p_to_3x3_to_4x4_to_5x5_nested,16,1.305337,0,144,75497472,1.0,offline_union_5x5,3:0,0:0;0:1;0:2;0:3;0:4;1:0;1:1;1:2;1:3;1:4;2:0;2:1;2:2;2:3;2:4;3:0;3:1;3:2;3:3;3:4;4:0;4:1;4:2;4:3;4:4,prospective_support_readout_factorial_5x5_x100,"train_seed,train_row_group_start,train_length_multiplier",held_out_evaluation_only,Submit GPU jobs to gpumedium; do not use pilot/gpupilot.
roihu_fsl_support_readout_factorial_5x5_x100_s125_130_20260713_n3_d0_dep4_md512_it144_x1p00_s130_rg0,source_delta_support_process_control,canonical,4,72,64,512,130,144,75497472,524288,16,2048,40,1,L,roihu-fsl-support-readout-factorial-5x5-x100-s125-130-20260713-n3-d0-dep4-md512-it144-x1p00-s130-rg0,3,0,roihu_delta_support_process_control,4,75497472,524288,Fresh paired-seed 5x5 source union for a frozen support-policy by readout factorial. Each policy may read only its prespecified source subset and is charged only for the union of that subset. The x100 measured target line remains sealed.,controlled_model_dim_source_prefix_smalln_5x5,29360320.0,29360320.0,0.0,0.162821576719,10,5p_to_3x3_to_4x4_to_5x5_nested,16,1.305337,0,144,75497472,1.0,offline_union_5x5,3:0,0:0;0:1;0:2;0:3;0:4;1:0;1:1;1:2;1:3;1:4;2:0;2:1;2:2;2:3;2:4;3:0;3:1;3:2;3:3;3:4;4:0;4:1;4:2;4:3;4:4,prospective_support_readout_factorial_5x5_x100,"train_seed,train_row_group_start,train_length_multiplier",held_out_evaluation_only,Submit GPU jobs to gpumedium; do not use pilot/gpupilot.
roihu_fsl_support_readout_factorial_5x5_x100_s125_130_20260713_n3_d1_dep4_md512_it216_x1p00_s125_rg0,source_delta_support_process_control,canonical,4,72,64,512,125,216,113246208,524288,16,2048,40,1,L,roihu-fsl-support-readout-factorial-5x5-x100-s125-130-20260713-n3-d1-dep4-md512-it216-x1p00-s125-rg0,3,1,roihu_delta_support_process_control,4,113246208,524288,Fresh paired-seed 5x5 source union for a frozen support-policy by readout factorial. Each policy may read only its prespecified source subset and is charged only for the union of that subset. The x100 measured target line remains sealed.,controlled_model_dim_source_prefix_smalln_5x5,29360320.0,29360320.0,0.0,0.162821576719,11,5p_to_3x3_to_4x4_to_5x5_nested,16,1.305337,0,216,113246208,1.0,offline_union_5x5,3:1,0:0;0:1;0:2;0:3;0:4;1:0;1:1;1:2;1:3;1:4;2:0;2:1;2:2;2:3;2:4;3:0;3:1;3:2;3:3;3:4;4:0;4:1;4:2;4:3;4:4,prospective_support_readout_factorial_5x5_x100,"train_seed,train_row_group_start,train_length_multiplier",held_out_evaluation_only,Submit GPU jobs to gpumedium; do not use pilot/gpupilot.
roihu_fsl_support_readout_factorial_5x5_x100_s125_130_20260713_n3_d1_dep4_md512_it216_x1p00_s126_rg0,source_delta_support_process_control,canonical,4,72,64,512,126,216,113246208,524288,16,2048,40,1,L,roihu-fsl-support-readout-factorial-5x5-x100-s125-130-20260713-n3-d1-dep4-md512-it216-x1p00-s126-rg0,3,1,roihu_delta_support_process_control,4,113246208,524288,Fresh paired-seed 5x5 source union for a frozen support-policy by readout factorial. Each policy may read only its prespecified source subset and is charged only for the union of that subset. The x100 measured target line remains sealed.,controlled_model_dim_source_prefix_smalln_5x5,29360320.0,29360320.0,0.0,0.162821576719,11,5p_to_3x3_to_4x4_to_5x5_nested,16,1.305337,0,216,113246208,1.0,offline_union_5x5,3:1,0:0;0:1;0:2;0:3;0:4;1:0;1:1;1:2;1:3;1:4;2:0;2:1;2:2;2:3;2:4;3:0;3:1;3:2;3:3;3:4;4:0;4:1;4:2;4:3;4:4,prospective_support_readout_factorial_5x5_x100,"train_seed,train_row_group_start,train_length_multiplier",held_out_evaluation_only,Submit GPU jobs to gpumedium; do not use pilot/gpupilot.
roihu_fsl_support_readout_factorial_5x5_x100_s125_130_20260713_n3_d1_dep4_md512_it216_x1p00_s127_rg0,source_delta_support_process_control,canonical,4,72,64,512,127,216,113246208,524288,16,2048,40,1,L,roihu-fsl-support-readout-factorial-5x5-x100-s125-130-20260713-n3-d1-dep4-md512-it216-x1p00-s127-rg0,3,1,roihu_delta_support_process_control,4,113246208,524288,Fresh paired-seed 5x5 source union for a frozen support-policy by readout factorial. Each policy may read only its prespecified source subset and is charged only for the union of that subset. The x100 measured target line remains sealed.,controlled_model_dim_source_prefix_smalln_5x5,29360320.0,29360320.0,0.0,0.162821576719,11,5p_to_3x3_to_4x4_to_5x5_nested,16,1.305337,0,216,113246208,1.0,offline_union_5x5,3:1,0:0;0:1;0:2;0:3;0:4;1:0;1:1;1:2;1:3;1:4;2:0;2:1;2:2;2:3;2:4;3:0;3:1;3:2;3:3;3:4;4:0;4:1;4:2;4:3;4:4,prospective_support_readout_factorial_5x5_x100,"train_seed,train_row_group_start,train_length_multiplier",held_out_evaluation_only,Submit GPU jobs to gpumedium; do not use pilot/gpupilot.
roihu_fsl_support_readout_factorial_5x5_x100_s125_130_20260713_n3_d1_dep4_md512_it216_x1p00_s128_rg0,source_delta_support_process_control,canonical,4,72,64,512,128,216,113246208,524288,16,2048,40,1,L,roihu-fsl-support-readout-factorial-5x5-x100-s125-130-20260713-n3-d1-dep4-md512-it216-x1p00-s128-rg0,3,1,roihu_delta_support_process_control,4,113246208,524288,Fresh paired-seed 5x5 source union for a frozen support-policy by readout factorial. Each policy may read only its prespecified source subset and is charged only for the union of that subset. The x100 measured target line remains sealed.,controlled_model_dim_source_prefix_smalln_5x5,29360320.0,29360320.0,0.0,0.162821576719,11,5p_to_3x3_to_4x4_to_5x5_nested,16,1.305337,0,216,113246208,1.0,offline_union_5x5,3:1,0:0;0:1;0:2;0:3;0:4;1:0;1:1;1:2;1:3;1:4;2:0;2:1;2:2;2:3;2:4;3:0;3:1;3:2;3:3;3:4;4:0;4:1;4:2;4:3;4:4,prospective_support_readout_factorial_5x5_x100,"train_seed,train_row_group_start,train_length_multiplier",held_out_evaluation_only,Submit GPU jobs to gpumedium; do not use pilot/gpupilot.
roihu_fsl_support_readout_factorial_5x5_x100_s125_130_20260713_n3_d1_dep4_md512_it216_x1p00_s129_rg0,source_delta_support_process_control,canonical,4,72,64,512,129,216,113246208,524288,16,2048,40,1,L,roihu-fsl-support-readout-factorial-5x5-x100-s125-130-20260713-n3-d1-dep4-md512-it216-x1p00-s129-rg0,3,1,roihu_delta_support_process_control,4,113246208,524288,Fresh paired-seed 5x5 source union for a frozen support-policy by readout factorial. Each policy may read only its prespecified source subset and is charged only for the union of that subset. The x100 measured target line remains sealed.,controlled_model_dim_source_prefix_smalln_5x5,29360320.0,29360320.0,0.0,0.162821576719,11,5p_to_3x3_to_4x4_to_5x5_nested,16,1.305337,0,216,113246208,1.0,offline_union_5x5,3:1,0:0;0:1;0:2;0:3;0:4;1:0;1:1;1:2;1:3;1:4;2:0;2:1;2:2;2:3;2:4;3:0;3:1;3:2;3:3;3:4;4:0;4:1;4:2;4:3;4:4,prospective_support_readout_factorial_5x5_x100,"train_seed,train_row_group_start,train_length_multiplier",held_out_evaluation_only,Submit GPU jobs to gpumedium; do not use pilot/gpupilot.
roihu_fsl_support_readout_factorial_5x5_x100_s125_130_20260713_n3_d1_dep4_md512_it216_x1p00_s130_rg0,source_delta_support_process_control,canonical,4,72,64,512,130,216,113246208,524288,16,2048,40,1,L,roihu-fsl-support-readout-factorial-5x5-x100-s125-130-20260713-n3-d1-dep4-md512-it216-x1p00-s130-rg0,3,1,roihu_delta_support_process_control,4,113246208,524288,Fresh paired-seed 5x5 source union for a frozen support-policy by readout factorial. Each policy may read only its prespecified source subset and is charged only for the union of that subset. The x100 measured target line remains sealed.,controlled_model_dim_source_prefix_smalln_5x5,29360320.0,29360320.0,0.0,0.162821576719,11,5p_to_3x3_to_4x4_to_5x5_nested,16,1.305337,0,216,113246208,1.0,offline_union_5x5,3:1,0:0;0:1;0:2;0:3;0:4;1:0;1:1;1:2;1:3;1:4;2:0;2:1;2:2;2:3;2:4;3:0;3:1;3:2;3:3;3:4;4:0;4:1;4:2;4:3;4:4,prospective_support_readout_factorial_5x5_x100,"train_seed,train_row_group_start,train_length_multiplier",held_out_evaluation_only,Submit GPU jobs to gpumedium; do not use pilot/gpupilot.
roihu_fsl_support_readout_factorial_5x5_x100_s125_130_20260713_n3_d2_dep4_md512_it324_x1p00_s125_rg0,source_delta_support_process_control,canonical,4,72,64,512,125,324,169869312,524288,16,2048,40,1,L,roihu-fsl-support-readout-factorial-5x5-x100-s125-130-20260713-n3-d2-dep4-md512-it324-x1p00-s125-rg0,3,2,roihu_delta_support_process_control,4,169869312,524288,Fresh paired-seed 5x5 source union for a frozen support-policy by readout factorial. Each policy may read only its prespecified source subset and is charged only for the union of that subset. The x100 measured target line remains sealed.,controlled_model_dim_source_prefix_smalln_5x5,29360320.0,29360320.0,0.0,0.162821576719,12,5p_to_3x3_to_4x4_to_5x5_nested,16,1.305337,0,324,169869312,1.0,offline_union_5x5,3:2,0:0;0:1;0:2;0:3;0:4;1:0;1:1;1:2;1:3;1:4;2:0;2:1;2:2;2:3;2:4;3:0;3:1;3:2;3:3;3:4;4:0;4:1;4:2;4:3;4:4,prospective_support_readout_factorial_5x5_x100,"train_seed,train_row_group_start,train_length_multiplier",held_out_evaluation_only,Submit GPU jobs to gpumedium; do not use pilot/gpupilot.
roihu_fsl_support_readout_factorial_5x5_x100_s125_130_20260713_n3_d2_dep4_md512_it324_x1p00_s126_rg0,source_delta_support_process_control,canonical,4,72,64,512,126,324,169869312,524288,16,2048,40,1,L,roihu-fsl-support-readout-factorial-5x5-x100-s125-130-20260713-n3-d2-dep4-md512-it324-x1p00-s126-rg0,3,2,roihu_delta_support_process_control,4,169869312,524288,Fresh paired-seed 5x5 source union for a frozen support-policy by readout factorial. Each policy may read only its prespecified source subset and is charged only for the union of that subset. The x100 measured target line remains sealed.,controlled_model_dim_source_prefix_smalln_5x5,29360320.0,29360320.0,0.0,0.162821576719,12,5p_to_3x3_to_4x4_to_5x5_nested,16,1.305337,0,324,169869312,1.0,offline_union_5x5,3:2,0:0;0:1;0:2;0:3;0:4;1:0;1:1;1:2;1:3;1:4;2:0;2:1;2:2;2:3;2:4;3:0;3:1;3:2;3:3;3:4;4:0;4:1;4:2;4:3;4:4,prospective_support_readout_factorial_5x5_x100,"train_seed,train_row_group_start,train_length_multiplier",held_out_evaluation_only,Submit GPU jobs to gpumedium; do not use pilot/gpupilot.
roihu_fsl_support_readout_factorial_5x5_x100_s125_130_20260713_n3_d2_dep4_md512_it324_x1p00_s127_rg0,source_delta_support_process_control,canonical,4,72,64,512,127,324,169869312,524288,16,2048,40,1,L,roihu-fsl-support-readout-factorial-5x5-x100-s125-130-20260713-n3-d2-dep4-md512-it324-x1p00-s127-rg0,3,2,roihu_delta_support_process_control,4,169869312,524288,Fresh paired-seed 5x5 source union for a frozen support-policy by readout factorial. Each policy may read only its prespecified source subset and is charged only for the union of that subset. The x100 measured target line remains sealed.,controlled_model_dim_source_prefix_smalln_5x5,29360320.0,29360320.0,0.0,0.162821576719,12,5p_to_3x3_to_4x4_to_5x5_nested,16,1.305337,0,324,169869312,1.0,offline_union_5x5,3:2,0:0;0:1;0:2;0:3;0:4;1:0;1:1;1:2;1:3;1:4;2:0;2:1;2:2;2:3;2:4;3:0;3:1;3:2;3:3;3:4;4:0;4:1;4:2;4:3;4:4,prospective_support_readout_factorial_5x5_x100,"train_seed,train_row_group_start,train_length_multiplier",held_out_evaluation_only,Submit GPU jobs to gpumedium; do not use pilot/gpupilot.
roihu_fsl_support_readout_factorial_5x5_x100_s125_130_20260713_n3_d2_dep4_md512_it324_x1p00_s128_rg0,source_delta_support_process_control,canonical,4,72,64,512,128,324,169869312,524288,16,2048,40,1,L,roihu-fsl-support-readout-factorial-5x5-x100-s125-130-20260713-n3-d2-dep4-md512-it324-x1p00-s128-rg0,3,2,roihu_delta_support_process_control,4,169869312,524288,Fresh paired-seed 5x5 source union for a frozen support-policy by readout factorial. Each policy may read only its prespecified source subset and is charged only for the union of that subset. The x100 measured target line remains sealed.,controlled_model_dim_source_prefix_smalln_5x5,29360320.0,29360320.0,0.0,0.162821576719,12,5p_to_3x3_to_4x4_to_5x5_nested,16,1.305337,0,324,169869312,1.0,offline_union_5x5,3:2,0:0;0:1;0:2;0:3;0:4;1:0;1:1;1:2;1:3;1:4;2:0;2:1;2:2;2:3;2:4;3:0;3:1;3:2;3:3;3:4;4:0;4:1;4:2;4:3;4:4,prospective_support_readout_factorial_5x5_x100,"train_seed,train_row_group_start,train_length_multiplier",held_out_evaluation_only,Submit GPU jobs to gpumedium; do not use pilot/gpupilot.
roihu_fsl_support_readout_factorial_5x5_x100_s125_130_20260713_n3_d2_dep4_md512_it324_x1p00_s129_rg0,source_delta_support_process_control,canonical,4,72,64,512,129,324,169869312,524288,16,2048,40,1,L,roihu-fsl-support-readout-factorial-5x5-x100-s125-130-20260713-n3-d2-dep4-md512-it324-x1p00-s129-rg0,3,2,roihu_delta_support_process_control,4,169869312,524288,Fresh paired-seed 5x5 source union for a frozen support-policy by readout factorial. Each policy may read only its prespecified source subset and is charged only for the union of that subset. The x100 measured target line remains sealed.,controlled_model_dim_source_prefix_smalln_5x5,29360320.0,29360320.0,0.0,0.162821576719,12,5p_to_3x3_to_4x4_to_5x5_nested,16,1.305337,0,324,169869312,1.0,offline_union_5x5,3:2,0:0;0:1;0:2;0:3;0:4;1:0;1:1;1:2;1:3;1:4;2:0;2:1;2:2;2:3;2:4;3:0;3:1;3:2;3:3;3:4;4:0;4:1;4:2;4:3;4:4,prospective_support_readout_factorial_5x5_x100,"train_seed,train_row_group_start,train_length_multiplier",held_out_evaluation_only,Submit GPU jobs to gpumedium; do not use pilot/gpupilot.
roihu_fsl_support_readout_factorial_5x5_x100_s125_130_20260713_n3_d2_dep4_md512_it324_x1p00_s130_rg0,source_delta_support_process_control,canonical,4,72,64,512,130,324,169869312,524288,16,2048,40,1,L,roihu-fsl-support-readout-factorial-5x5-x100-s125-130-20260713-n3-d2-dep4-md512-it324-x1p00-s130-rg0,3,2,roihu_delta_support_process_control,4,169869312,524288,Fresh paired-seed 5x5 source union for a frozen support-policy by readout factorial. Each policy may read only its prespecified source subset and is charged only for the union of that subset. The x100 measured target line remains sealed.,controlled_model_dim_source_prefix_smalln_5x5,29360320.0,29360320.0,0.0,0.162821576719,12,5p_to_3x3_to_4x4_to_5x5_nested,16,1.305337,0,324,169869312,1.0,offline_union_5x5,3:2,0:0;0:1;0:2;0:3;0:4;1:0;1:1;1:2;1:3;1:4;2:0;2:1;2:2;2:3;2:4;3:0;3:1;3:2;3:3;3:4;4:0;4:1;4:2;4:3;4:4,prospective_support_readout_factorial_5x5_x100,"train_seed,train_row_group_start,train_length_multiplier",held_out_evaluation_only,Submit GPU jobs to gpumedium; do not use pilot/gpupilot.
roihu_fsl_support_readout_factorial_5x5_x100_s125_130_20260713_n3_d3_dep4_md512_it486_x1p00_s125_rg0,source_delta_support_process_control,canonical,4,72,64,512,125,486,254803968,524288,16,2048,40,1,L,roihu-fsl-support-readout-factorial-5x5-x100-s125-130-20260713-n3-d3-dep4-md512-it486-x1p00-s125-rg0,3,3,roihu_delta_support_process_control,4,254803968,524288,Fresh paired-seed 5x5 source union for a frozen support-policy by readout factorial. Each policy may read only its prespecified source subset and is charged only for the union of that subset. The x100 measured target line remains sealed.,controlled_model_dim_source_prefix_smalln_5x5,29360320.0,29360320.0,0.0,0.162821576719,16,5p_to_3x3_to_4x4_to_5x5_nested,16,1.305337,0,486,254803968,1.0,offline_union_5x5,3:3,0:0;0:1;0:2;0:3;0:4;1:0;1:1;1:2;1:3;1:4;2:0;2:1;2:2;2:3;2:4;3:0;3:1;3:2;3:3;3:4;4:0;4:1;4:2;4:3;4:4,prospective_support_readout_factorial_5x5_x100,"train_seed,train_row_group_start,train_length_multiplier",held_out_evaluation_only,Submit GPU jobs to gpumedium; do not use pilot/gpupilot.
roihu_fsl_support_readout_factorial_5x5_x100_s125_130_20260713_n3_d3_dep4_md512_it486_x1p00_s126_rg0,source_delta_support_process_control,canonical,4,72,64,512,126,486,254803968,524288,16,2048,40,1,L,roihu-fsl-support-readout-factorial-5x5-x100-s125-130-20260713-n3-d3-dep4-md512-it486-x1p00-s126-rg0,3,3,roihu_delta_support_process_control,4,254803968,524288,Fresh paired-seed 5x5 source union for a frozen support-policy by readout factorial. Each policy may read only its prespecified source subset and is charged only for the union of that subset. The x100 measured target line remains sealed.,controlled_model_dim_source_prefix_smalln_5x5,29360320.0,29360320.0,0.0,0.162821576719,16,5p_to_3x3_to_4x4_to_5x5_nested,16,1.305337,0,486,254803968,1.0,offline_union_5x5,3:3,0:0;0:1;0:2;0:3;0:4;1:0;1:1;1:2;1:3;1:4;2:0;2:1;2:2;2:3;2:4;3:0;3:1;3:2;3:3;3:4;4:0;4:1;4:2;4:3;4:4,prospective_support_readout_factorial_5x5_x100,"train_seed,train_row_group_start,train_length_multiplier",held_out_evaluation_only,Submit GPU jobs to gpumedium; do not use pilot/gpupilot.
roihu_fsl_support_readout_factorial_5x5_x100_s125_130_20260713_n3_d3_dep4_md512_it486_x1p00_s127_rg0,source_delta_support_process_control,canonical,4,72,64,512,127,486,254803968,524288,16,2048,40,1,L,roihu-fsl-support-readout-factorial-5x5-x100-s125-130-20260713-n3-d3-dep4-md512-it486-x1p00-s127-rg0,3,3,roihu_delta_support_process_control,4,254803968,524288,Fresh paired-seed 5x5 source union for a frozen support-policy by readout factorial. Each policy may read only its prespecified source subset and is charged only for the union of that subset. The x100 measured target line remains sealed.,controlled_model_dim_source_prefix_smalln_5x5,29360320.0,29360320.0,0.0,0.162821576719,16,5p_to_3x3_to_4x4_to_5x5_nested,16,1.305337,0,486,254803968,1.0,offline_union_5x5,3:3,0:0;0:1;0:2;0:3;0:4;1:0;1:1;1:2;1:3;1:4;2:0;2:1;2:2;2:3;2:4;3:0;3:1;3:2;3:3;3:4;4:0;4:1;4:2;4:3;4:4,prospective_support_readout_factorial_5x5_x100,"train_seed,train_row_group_start,train_length_multiplier",held_out_evaluation_only,Submit GPU jobs to gpumedium; do not use pilot/gpupilot.
roihu_fsl_support_readout_factorial_5x5_x100_s125_130_20260713_n3_d3_dep4_md512_it486_x1p00_s128_rg0,source_delta_support_process_control,canonical,4,72,64,512,128,486,254803968,524288,16,2048,40,1,L,roihu-fsl-support-readout-factorial-5x5-x100-s125-130-20260713-n3-d3-dep4-md512-it486-x1p00-s128-rg0,3,3,roihu_delta_support_process_control,4,254803968,524288,Fresh paired-seed 5x5 source union for a frozen support-policy by readout factorial. Each policy may read only its prespecified source subset and is charged only for the union of that subset. The x100 measured target line remains sealed.,controlled_model_dim_source_prefix_smalln_5x5,29360320.0,29360320.0,0.0,0.162821576719,16,5p_to_3x3_to_4x4_to_5x5_nested,16,1.305337,0,486,254803968,1.0,offline_union_5x5,3:3,0:0;0:1;0:2;0:3;0:4;1:0;1:1;1:2;1:3;1:4;2:0;2:1;2:2;2:3;2:4;3:0;3:1;3:2;3:3;3:4;4:0;4:1;4:2;4:3;4:4,prospective_support_readout_factorial_5x5_x100,"train_seed,train_row_group_start,train_length_multiplier",held_out_evaluation_only,Submit GPU jobs to gpumedium; do not use pilot/gpupilot.
roihu_fsl_support_readout_factorial_5x5_x100_s125_130_20260713_n3_d3_dep4_md512_it486_x1p00_s129_rg0,source_delta_support_process_control,canonical,4,72,64,512,129,486,254803968,524288,16,2048,40,1,L,roihu-fsl-support-readout-factorial-5x5-x100-s125-130-20260713-n3-d3-dep4-md512-it486-x1p00-s129-rg0,3,3,roihu_delta_support_process_control,4,254803968,524288,Fresh paired-seed 5x5 source union for a frozen support-policy by readout factorial. Each policy may read only its prespecified source subset and is charged only for the union of that subset. The x100 measured target line remains sealed.,controlled_model_dim_source_prefix_smalln_5x5,29360320.0,29360320.0,0.0,0.162821576719,16,5p_to_3x3_to_4x4_to_5x5_nested,16,1.305337,0,486,254803968,1.0,offline_union_5x5,3:3,0:0;0:1;0:2;0:3;0:4;1:0;1:1;1:2;1:3;1:4;2:0;2:1;2:2;2:3;2:4;3:0;3:1;3:2;3:3;3:4;4:0;4:1;4:2;4:3;4:4,prospective_support_readout_factorial_5x5_x100,"train_seed,train_row_group_start,train_length_multiplier",held_out_evaluation_only,Submit GPU jobs to gpumedium; do not use pilot/gpupilot.
roihu_fsl_support_readout_factorial_5x5_x100_s125_130_20260713_n3_d3_dep4_md512_it486_x1p00_s130_rg0,source_delta_support_process_control,canonical,4,72,64,512,130,486,254803968,524288,16,2048,40,1,L,roihu-fsl-support-readout-factorial-5x5-x100-s125-130-20260713-n3-d3-dep4-md512-it486-x1p00-s130-rg0,3,3,roihu_delta_support_process_control,4,254803968,524288,Fresh paired-seed 5x5 source union for a frozen support-policy by readout factorial. Each policy may read only its prespecified source subset and is charged only for the union of that subset. The x100 measured target line remains sealed.,controlled_model_dim_source_prefix_smalln_5x5,29360320.0,29360320.0,0.0,0.162821576719,16,5p_to_3x3_to_4x4_to_5x5_nested,16,1.305337,0,486,254803968,1.0,offline_union_5x5,3:3,0:0;0:1;0:2;0:3;0:4;1:0;1:1;1:2;1:3;1:4;2:0;2:1;2:2;2:3;2:4;3:0;3:1;3:2;3:3;3:4;4:0;4:1;4:2;4:3;4:4,prospective_support_readout_factorial_5x5_x100,"train_seed,train_row_group_start,train_length_multiplier",held_out_evaluation_only,Submit GPU jobs to gpumedium; do not use pilot/gpupilot.
roihu_fsl_support_readout_factorial_5x5_x100_s125_130_20260713_n3_d4_dep4_md512_it729_x1p00_s125_rg0,source_delta_support_process_control,canonical,4,72,64,512,125,729,382205952,524288,16,2048,40,1,L,roihu-fsl-support-readout-factorial-5x5-x100-s125-130-20260713-n3-d4-dep4-md512-it729-x1p00-s125-rg0,3,4,roihu_delta_support_process_control,4,382205952,524288,Fresh paired-seed 5x5 source union for a frozen support-policy by readout factorial. Each policy may read only its prespecified source subset and is charged only for the union of that subset. The x100 measured target line remains sealed.,controlled_model_dim_source_prefix_smalln_5x5,29360320.0,29360320.0,0.0,0.162821576719,24,5p_to_3x3_to_4x4_to_5x5_nested,25,1.305337,0,729,382205952,1.0,offline_union_5x5,3:4,0:0;0:1;0:2;0:3;0:4;1:0;1:1;1:2;1:3;1:4;2:0;2:1;2:2;2:3;2:4;3:0;3:1;3:2;3:3;3:4;4:0;4:1;4:2;4:3;4:4,prospective_support_readout_factorial_5x5_x100,"train_seed,train_row_group_start,train_length_multiplier",held_out_evaluation_only,Submit GPU jobs to gpumedium; do not use pilot/gpupilot.
roihu_fsl_support_readout_factorial_5x5_x100_s125_130_20260713_n3_d4_dep4_md512_it729_x1p00_s126_rg0,source_delta_support_process_control,canonical,4,72,64,512,126,729,382205952,524288,16,2048,40,1,L,roihu-fsl-support-readout-factorial-5x5-x100-s125-130-20260713-n3-d4-dep4-md512-it729-x1p00-s126-rg0,3,4,roihu_delta_support_process_control,4,382205952,524288,Fresh paired-seed 5x5 source union for a frozen support-policy by readout factorial. Each policy may read only its prespecified source subset and is charged only for the union of that subset. The x100 measured target line remains sealed.,controlled_model_dim_source_prefix_smalln_5x5,29360320.0,29360320.0,0.0,0.162821576719,24,5p_to_3x3_to_4x4_to_5x5_nested,25,1.305337,0,729,382205952,1.0,offline_union_5x5,3:4,0:0;0:1;0:2;0:3;0:4;1:0;1:1;1:2;1:3;1:4;2:0;2:1;2:2;2:3;2:4;3:0;3:1;3:2;3:3;3:4;4:0;4:1;4:2;4:3;4:4,prospective_support_readout_factorial_5x5_x100,"train_seed,train_row_group_start,train_length_multiplier",held_out_evaluation_only,Submit GPU jobs to gpumedium; do not use pilot/gpupilot.
roihu_fsl_support_readout_factorial_5x5_x100_s125_130_20260713_n3_d4_dep4_md512_it729_x1p00_s127_rg0,source_delta_support_process_control,canonical,4,72,64,512,127,729,382205952,524288,16,2048,40,1,L,roihu-fsl-support-readout-factorial-5x5-x100-s125-130-20260713-n3-d4-dep4-md512-it729-x1p00-s127-rg0,3,4,roihu_delta_support_process_control,4,382205952,524288,Fresh paired-seed 5x5 source union for a frozen support-policy by readout factorial. Each policy may read only its prespecified source subset and is charged only for the union of that subset. The x100 measured target line remains sealed.,controlled_model_dim_source_prefix_smalln_5x5,29360320.0,29360320.0,0.0,0.162821576719,24,5p_to_3x3_to_4x4_to_5x5_nested,25,1.305337,0,729,382205952,1.0,offline_union_5x5,3:4,0:0;0:1;0:2;0:3;0:4;1:0;1:1;1:2;1:3;1:4;2:0;2:1;2:2;2:3;2:4;3:0;3:1;3:2;3:3;3:4;4:0;4:1;4:2;4:3;4:4,prospective_support_readout_factorial_5x5_x100,"train_seed,train_row_group_start,train_length_multiplier",held_out_evaluation_only,Submit GPU jobs to gpumedium; do not use pilot/gpupilot.
roihu_fsl_support_readout_factorial_5x5_x100_s125_130_20260713_n3_d4_dep4_md512_it729_x1p00_s128_rg0,source_delta_support_process_control,canonical,4,72,64,512,128,729,382205952,524288,16,2048,40,1,L,roihu-fsl-support-readout-factorial-5x5-x100-s125-130-20260713-n3-d4-dep4-md512-it729-x1p00-s128-rg0,3,4,roihu_delta_support_process_control,4,382205952,524288,Fresh paired-seed 5x5 source union for a frozen support-policy by readout factorial. Each policy may read only its prespecified source subset and is charged only for the union of that subset. The x100 measured target line remains sealed.,controlled_model_dim_source_prefix_smalln_5x5,29360320.0,29360320.0,0.0,0.162821576719,24,5p_to_3x3_to_4x4_to_5x5_nested,25,1.305337,0,729,382205952,1.0,offline_union_5x5,3:4,0:0;0:1;0:2;0:3;0:4;1:0;1:1;1:2;1:3;1:4;2:0;2:1;2:2;2:3;2:4;3:0;3:1;3:2;3:3;3:4;4:0;4:1;4:2;4:3;4:4,prospective_support_readout_factorial_5x5_x100,"train_seed,train_row_group_start,train_length_multiplier",held_out_evaluation_only,Submit GPU jobs to gpumedium; do not use pilot/gpupilot.
roihu_fsl_support_readout_factorial_5x5_x100_s125_130_20260713_n3_d4_dep4_md512_it729_x1p00_s129_rg0,source_delta_support_process_control,canonical,4,72,64,512,129,729,382205952,524288,16,2048,40,1,L,roihu-fsl-support-readout-factorial-5x5-x100-s125-130-20260713-n3-d4-dep4-md512-it729-x1p00-s129-rg0,3,4,roihu_delta_support_process_control,4,382205952,524288,Fresh paired-seed 5x5 source union for a frozen support-policy by readout factorial. Each policy may read only its prespecified source subset and is charged only for the union of that subset. The x100 measured target line remains sealed.,controlled_model_dim_source_prefix_smalln_5x5,29360320.0,29360320.0,0.0,0.162821576719,24,5p_to_3x3_to_4x4_to_5x5_nested,25,1.305337,0,729,382205952,1.0,offline_union_5x5,3:4,0:0;0:1;0:2;0:3;0:4;1:0;1:1;1:2;1:3;1:4;2:0;2:1;2:2;2:3;2:4;3:0;3:1;3:2;3:3;3:4;4:0;4:1;4:2;4:3;4:4,prospective_support_readout_factorial_5x5_x100,"train_seed,train_row_group_start,train_length_multiplier",held_out_evaluation_only,Submit GPU jobs to gpumedium; do not use pilot/gpupilot.
roihu_fsl_support_readout_factorial_5x5_x100_s125_130_20260713_n3_d4_dep4_md512_it729_x1p00_s130_rg0,source_delta_support_process_control,canonical,4,72,64,512,130,729,382205952,524288,16,2048,40,1,L,roihu-fsl-support-readout-factorial-5x5-x100-s125-130-20260713-n3-d4-dep4-md512-it729-x1p00-s130-rg0,3,4,roihu_delta_support_process_control,4,382205952,524288,Fresh paired-seed 5x5 source union for a frozen support-policy by readout factorial. Each policy may read only its prespecified source subset and is charged only for the union of that subset. The x100 measured target line remains sealed.,controlled_model_dim_source_prefix_smalln_5x5,29360320.0,29360320.0,0.0,0.162821576719,24,5p_to_3x3_to_4x4_to_5x5_nested,25,1.305337,0,729,382205952,1.0,offline_union_5x5,3:4,0:0;0:1;0:2;0:3;0:4;1:0;1:1;1:2;1:3;1:4;2:0;2:1;2:2;2:3;2:4;3:0;3:1;3:2;3:3;3:4;4:0;4:1;4:2;4:3;4:4,prospective_support_readout_factorial_5x5_x100,"train_seed,train_row_group_start,train_length_multiplier",held_out_evaluation_only,Submit GPU jobs to gpumedium; do not use pilot/gpupilot.
roihu_fsl_support_readout_factorial_5x5_x100_s125_130_20260713_n4_d0_dep4_md704_it144_x1p00_s125_rg0,source_delta_support_process_control,canonical,4,72,64,704,125,144,75497472,524288,16,2048,40,1,L,roihu-fsl-support-readout-factorial-5x5-x100-s125-130-20260713-n4-d0-dep4-md704-it144-x1p00-s125-rg0,4,0,roihu_delta_support_process_control,4,75497472,524288,Fresh paired-seed 5x5 source union for a frozen support-policy by readout factorial. Each policy may read only its prespecified source subset and is charged only for the union of that subset. The x100 measured target line remains sealed.,controlled_model_dim_source_prefix_smalln_5x5,46858504.0,46858504.0,0.0,0.162821576719,17,5p_to_3x3_to_4x4_to_5x5_nested,25,1.305337,0,144,75497472,1.0,offline_union_5x5,4:0,0:0;0:1;0:2;0:3;0:4;1:0;1:1;1:2;1:3;1:4;2:0;2:1;2:2;2:3;2:4;3:0;3:1;3:2;3:3;3:4;4:0;4:1;4:2;4:3;4:4,prospective_support_readout_factorial_5x5_x100,"train_seed,train_row_group_start,train_length_multiplier",held_out_evaluation_only,Submit GPU jobs to gpumedium; do not use pilot/gpupilot.
roihu_fsl_support_readout_factorial_5x5_x100_s125_130_20260713_n4_d0_dep4_md704_it144_x1p00_s126_rg0,source_delta_support_process_control,canonical,4,72,64,704,126,144,75497472,524288,16,2048,40,1,L,roihu-fsl-support-readout-factorial-5x5-x100-s125-130-20260713-n4-d0-dep4-md704-it144-x1p00-s126-rg0,4,0,roihu_delta_support_process_control,4,75497472,524288,Fresh paired-seed 5x5 source union for a frozen support-policy by readout factorial. Each policy may read only its prespecified source subset and is charged only for the union of that subset. The x100 measured target line remains sealed.,controlled_model_dim_source_prefix_smalln_5x5,46858504.0,46858504.0,0.0,0.162821576719,17,5p_to_3x3_to_4x4_to_5x5_nested,25,1.305337,0,144,75497472,1.0,offline_union_5x5,4:0,0:0;0:1;0:2;0:3;0:4;1:0;1:1;1:2;1:3;1:4;2:0;2:1;2:2;2:3;2:4;3:0;3:1;3:2;3:3;3:4;4:0;4:1;4:2;4:3;4:4,prospective_support_readout_factorial_5x5_x100,"train_seed,train_row_group_start,train_length_multiplier",held_out_evaluation_only,Submit GPU jobs to gpumedium; do not use pilot/gpupilot.
roihu_fsl_support_readout_factorial_5x5_x100_s125_130_20260713_n4_d0_dep4_md704_it144_x1p00_s127_rg0,source_delta_support_process_control,canonical,4,72,64,704,127,144,75497472,524288,16,2048,40,1,L,roihu-fsl-support-readout-factorial-5x5-x100-s125-130-20260713-n4-d0-dep4-md704-it144-x1p00-s127-rg0,4,0,roihu_delta_support_process_control,4,75497472,524288,Fresh paired-seed 5x5 source union for a frozen support-policy by readout factorial. Each policy may read only its prespecified source subset and is charged only for the union of that subset. The x100 measured target line remains sealed.,controlled_model_dim_source_prefix_smalln_5x5,46858504.0,46858504.0,0.0,0.162821576719,17,5p_to_3x3_to_4x4_to_5x5_nested,25,1.305337,0,144,75497472,1.0,offline_union_5x5,4:0,0:0;0:1;0:2;0:3;0:4;1:0;1:1;1:2;1:3;1:4;2:0;2:1;2:2;2:3;2:4;3:0;3:1;3:2;3:3;3:4;4:0;4:1;4:2;4:3;4:4,prospective_support_readout_factorial_5x5_x100,"train_seed,train_row_group_start,train_length_multiplier",held_out_evaluation_only,Submit GPU jobs to gpumedium; do not use pilot/gpupilot.
roihu_fsl_support_readout_factorial_5x5_x100_s125_130_20260713_n4_d0_dep4_md704_it144_x1p00_s128_rg0,source_delta_support_process_control,canonical,4,72,64,704,128,144,75497472,524288,16,2048,40,1,L,roihu-fsl-support-readout-factorial-5x5-x100-s125-130-20260713-n4-d0-dep4-md704-it144-x1p00-s128-rg0,4,0,roihu_delta_support_process_control,4,75497472,524288,Fresh paired-seed 5x5 source union for a frozen support-policy by readout factorial. Each policy may read only its prespecified source subset and is charged only for the union of that subset. The x100 measured target line remains sealed.,controlled_model_dim_source_prefix_smalln_5x5,46858504.0,46858504.0,0.0,0.162821576719,17,5p_to_3x3_to_4x4_to_5x5_nested,25,1.305337,0,144,75497472,1.0,offline_union_5x5,4:0,0:0;0:1;0:2;0:3;0:4;1:0;1:1;1:2;1:3;1:4;2:0;2:1;2:2;2:3;2:4;3:0;3:1;3:2;3:3;3:4;4:0;4:1;4:2;4:3;4:4,prospective_support_readout_factorial_5x5_x100,"train_seed,train_row_group_start,train_length_multiplier",held_out_evaluation_only,Submit GPU jobs to gpumedium; do not use pilot/gpupilot.
roihu_fsl_support_readout_factorial_5x5_x100_s125_130_20260713_n4_d0_dep4_md704_it144_x1p00_s129_rg0,source_delta_support_process_control,canonical,4,72,64,704,129,144,75497472,524288,16,2048,40,1,L,roihu-fsl-support-readout-factorial-5x5-x100-s125-130-20260713-n4-d0-dep4-md704-it144-x1p00-s129-rg0,4,0,roihu_delta_support_process_control,4,75497472,524288,Fresh paired-seed 5x5 source union for a frozen support-policy by readout factorial. Each policy may read only its prespecified source subset and is charged only for the union of that subset. The x100 measured target line remains sealed.,controlled_model_dim_source_prefix_smalln_5x5,46858504.0,46858504.0,0.0,0.162821576719,17,5p_to_3x3_to_4x4_to_5x5_nested,25,1.305337,0,144,75497472,1.0,offline_union_5x5,4:0,0:0;0:1;0:2;0:3;0:4;1:0;1:1;1:2;1:3;1:4;2:0;2:1;2:2;2:3;2:4;3:0;3:1;3:2;3:3;3:4;4:0;4:1;4:2;4:3;4:4,prospective_support_readout_factorial_5x5_x100,"train_seed,train_row_group_start,train_length_multiplier",held_out_evaluation_only,Submit GPU jobs to gpumedium; do not use pilot/gpupilot.
roihu_fsl_support_readout_factorial_5x5_x100_s125_130_20260713_n4_d0_dep4_md704_it144_x1p00_s130_rg0,source_delta_support_process_control,canonical,4,72,64,704,130,144,75497472,524288,16,2048,40,1,L,roihu-fsl-support-readout-factorial-5x5-x100-s125-130-20260713-n4-d0-dep4-md704-it144-x1p00-s130-rg0,4,0,roihu_delta_support_process_control,4,75497472,524288,Fresh paired-seed 5x5 source union for a frozen support-policy by readout factorial. Each policy may read only its prespecified source subset and is charged only for the union of that subset. The x100 measured target line remains sealed.,controlled_model_dim_source_prefix_smalln_5x5,46858504.0,46858504.0,0.0,0.162821576719,17,5p_to_3x3_to_4x4_to_5x5_nested,25,1.305337,0,144,75497472,1.0,offline_union_5x5,4:0,0:0;0:1;0:2;0:3;0:4;1:0;1:1;1:2;1:3;1:4;2:0;2:1;2:2;2:3;2:4;3:0;3:1;3:2;3:3;3:4;4:0;4:1;4:2;4:3;4:4,prospective_support_readout_factorial_5x5_x100,"train_seed,train_row_group_start,train_length_multiplier",held_out_evaluation_only,Submit GPU jobs to gpumedium; do not use pilot/gpupilot.
roihu_fsl_support_readout_factorial_5x5_x100_s125_130_20260713_n4_d1_dep4_md704_it216_x1p00_s125_rg0,source_delta_support_process_control,canonical,4,72,64,704,125,216,113246208,524288,16,2048,40,1,L,roihu-fsl-support-readout-factorial-5x5-x100-s125-130-20260713-n4-d1-dep4-md704-it216-x1p00-s125-rg0,4,1,roihu_delta_support_process_control,4,113246208,524288,Fresh paired-seed 5x5 source union for a frozen support-policy by readout factorial. Each policy may read only its prespecified source subset and is charged only for the union of that subset. The x100 measured target line remains sealed.,controlled_model_dim_source_prefix_smalln_5x5,46858504.0,46858504.0,0.0,0.162821576719,18,5p_to_3x3_to_4x4_to_5x5_nested,25,1.305337,0,216,113246208,1.0,offline_union_5x5,4:1,0:0;0:1;0:2;0:3;0:4;1:0;1:1;1:2;1:3;1:4;2:0;2:1;2:2;2:3;2:4;3:0;3:1;3:2;3:3;3:4;4:0;4:1;4:2;4:3;4:4,prospective_support_readout_factorial_5x5_x100,"train_seed,train_row_group_start,train_length_multiplier",held_out_evaluation_only,Submit GPU jobs to gpumedium; do not use pilot/gpupilot.
roihu_fsl_support_readout_factorial_5x5_x100_s125_130_20260713_n4_d1_dep4_md704_it216_x1p00_s126_rg0,source_delta_support_process_control,canonical,4,72,64,704,126,216,113246208,524288,16,2048,40,1,L,roihu-fsl-support-readout-factorial-5x5-x100-s125-130-20260713-n4-d1-dep4-md704-it216-x1p00-s126-rg0,4,1,roihu_delta_support_process_control,4,113246208,524288,Fresh paired-seed 5x5 source union for a frozen support-policy by readout factorial. Each policy may read only its prespecified source subset and is charged only for the union of that subset. The x100 measured target line remains sealed.,controlled_model_dim_source_prefix_smalln_5x5,46858504.0,46858504.0,0.0,0.162821576719,18,5p_to_3x3_to_4x4_to_5x5_nested,25,1.305337,0,216,113246208,1.0,offline_union_5x5,4:1,0:0;0:1;0:2;0:3;0:4;1:0;1:1;1:2;1:3;1:4;2:0;2:1;2:2;2:3;2:4;3:0;3:1;3:2;3:3;3:4;4:0;4:1;4:2;4:3;4:4,prospective_support_readout_factorial_5x5_x100,"train_seed,train_row_group_start,train_length_multiplier",held_out_evaluation_only,Submit GPU jobs to gpumedium; do not use pilot/gpupilot.
roihu_fsl_support_readout_factorial_5x5_x100_s125_130_20260713_n4_d1_dep4_md704_it216_x1p00_s127_rg0,source_delta_support_process_control,canonical,4,72,64,704,127,216,113246208,524288,16,2048,40,1,L,roihu-fsl-support-readout-factorial-5x5-x100-s125-130-20260713-n4-d1-dep4-md704-it216-x1p00-s127-rg0,4,1,roihu_delta_support_process_control,4,113246208,524288,Fresh paired-seed 5x5 source union for a frozen support-policy by readout factorial. Each policy may read only its prespecified source subset and is charged only for the union of that subset. The x100 measured target line remains sealed.,controlled_model_dim_source_prefix_smalln_5x5,46858504.0,46858504.0,0.0,0.162821576719,18,5p_to_3x3_to_4x4_to_5x5_nested,25,1.305337,0,216,113246208,1.0,offline_union_5x5,4:1,0:0;0:1;0:2;0:3;0:4;1:0;1:1;1:2;1:3;1:4;2:0;2:1;2:2;2:3;2:4;3:0;3:1;3:2;3:3;3:4;4:0;4:1;4:2;4:3;4:4,prospective_support_readout_factorial_5x5_x100,"train_seed,train_row_group_start,train_length_multiplier",held_out_evaluation_only,Submit GPU jobs to gpumedium; do not use pilot/gpupilot.
roihu_fsl_support_readout_factorial_5x5_x100_s125_130_20260713_n4_d1_dep4_md704_it216_x1p00_s128_rg0,source_delta_support_process_control,canonical,4,72,64,704,128,216,113246208,524288,16,2048,40,1,L,roihu-fsl-support-readout-factorial-5x5-x100-s125-130-20260713-n4-d1-dep4-md704-it216-x1p00-s128-rg0,4,1,roihu_delta_support_process_control,4,113246208,524288,Fresh paired-seed 5x5 source union for a frozen support-policy by readout factorial. Each policy may read only its prespecified source subset and is charged only for the union of that subset. The x100 measured target line remains sealed.,controlled_model_dim_source_prefix_smalln_5x5,46858504.0,46858504.0,0.0,0.162821576719,18,5p_to_3x3_to_4x4_to_5x5_nested,25,1.305337,0,216,113246208,1.0,offline_union_5x5,4:1,0:0;0:1;0:2;0:3;0:4;1:0;1:1;1:2;1:3;1:4;2:0;2:1;2:2;2:3;2:4;3:0;3:1;3:2;3:3;3:4;4:0;4:1;4:2;4:3;4:4,prospective_support_readout_factorial_5x5_x100,"train_seed,train_row_group_start,train_length_multiplier",held_out_evaluation_only,Submit GPU jobs to gpumedium; do not use pilot/gpupilot.
roihu_fsl_support_readout_factorial_5x5_x100_s125_130_20260713_n4_d1_dep4_md704_it216_x1p00_s129_rg0,source_delta_support_process_control,canonical,4,72,64,704,129,216,113246208,524288,16,2048,40,1,L,roihu-fsl-support-readout-factorial-5x5-x100-s125-130-20260713-n4-d1-dep4-md704-it216-x1p00-s129-rg0,4,1,roihu_delta_support_process_control,4,113246208,524288,Fresh paired-seed 5x5 source union for a frozen support-policy by readout factorial. Each policy may read only its prespecified source subset and is charged only for the union of that subset. The x100 measured target line remains sealed.,controlled_model_dim_source_prefix_smalln_5x5,46858504.0,46858504.0,0.0,0.162821576719,18,5p_to_3x3_to_4x4_to_5x5_nested,25,1.305337,0,216,113246208,1.0,offline_union_5x5,4:1,0:0;0:1;0:2;0:3;0:4;1:0;1:1;1:2;1:3;1:4;2:0;2:1;2:2;2:3;2:4;3:0;3:1;3:2;3:3;3:4;4:0;4:1;4:2;4:3;4:4,prospective_support_readout_factorial_5x5_x100,"train_seed,train_row_group_start,train_length_multiplier",held_out_evaluation_only,Submit GPU jobs to gpumedium; do not use pilot/gpupilot.
roihu_fsl_support_readout_factorial_5x5_x100_s125_130_20260713_n4_d1_dep4_md704_it216_x1p00_s130_rg0,source_delta_support_process_control,canonical,4,72,64,704,130,216,113246208,524288,16,2048,40,1,L,roihu-fsl-support-readout-factorial-5x5-x100-s125-130-20260713-n4-d1-dep4-md704-it216-x1p00-s130-rg0,4,1,roihu_delta_support_process_control,4,113246208,524288,Fresh paired-seed 5x5 source union for a frozen support-policy by readout factorial. Each policy may read only its prespecified source subset and is charged only for the union of that subset. The x100 measured target line remains sealed.,controlled_model_dim_source_prefix_smalln_5x5,46858504.0,46858504.0,0.0,0.162821576719,18,5p_to_3x3_to_4x4_to_5x5_nested,25,1.305337,0,216,113246208,1.0,offline_union_5x5,4:1,0:0;0:1;0:2;0:3;0:4;1:0;1:1;1:2;1:3;1:4;2:0;2:1;2:2;2:3;2:4;3:0;3:1;3:2;3:3;3:4;4:0;4:1;4:2;4:3;4:4,prospective_support_readout_factorial_5x5_x100,"train_seed,train_row_group_start,train_length_multiplier",held_out_evaluation_only,Submit GPU jobs to gpumedium; do not use pilot/gpupilot.
roihu_fsl_support_readout_factorial_5x5_x100_s125_130_20260713_n4_d2_dep4_md704_it324_x1p00_s125_rg0,source_delta_support_process_control,canonical,4,72,64,704,125,324,169869312,524288,16,2048,40,1,L,roihu-fsl-support-readout-factorial-5x5-x100-s125-130-20260713-n4-d2-dep4-md704-it324-x1p00-s125-rg0,4,2,roihu_delta_support_process_control,4,169869312,524288,Fresh paired-seed 5x5 source union for a frozen support-policy by readout factorial. Each policy may read only its prespecified source subset and is charged only for the union of that subset. The x100 measured target line remains sealed.,controlled_model_dim_source_prefix_smalln_5x5,46858504.0,46858504.0,0.0,0.162821576719,19,5p_to_3x3_to_4x4_to_5x5_nested,25,1.305337,0,324,169869312,1.0,offline_union_5x5,4:2,0:0;0:1;0:2;0:3;0:4;1:0;1:1;1:2;1:3;1:4;2:0;2:1;2:2;2:3;2:4;3:0;3:1;3:2;3:3;3:4;4:0;4:1;4:2;4:3;4:4,prospective_support_readout_factorial_5x5_x100,"train_seed,train_row_group_start,train_length_multiplier",held_out_evaluation_only,Submit GPU jobs to gpumedium; do not use pilot/gpupilot.
roihu_fsl_support_readout_factorial_5x5_x100_s125_130_20260713_n4_d2_dep4_md704_it324_x1p00_s126_rg0,source_delta_support_process_control,canonical,4,72,64,704,126,324,169869312,524288,16,2048,40,1,L,roihu-fsl-support-readout-factorial-5x5-x100-s125-130-20260713-n4-d2-dep4-md704-it324-x1p00-s126-rg0,4,2,roihu_delta_support_process_control,4,169869312,524288,Fresh paired-seed 5x5 source union for a frozen support-policy by readout factorial. Each policy may read only its prespecified source subset and is charged only for the union of that subset. The x100 measured target line remains sealed.,controlled_model_dim_source_prefix_smalln_5x5,46858504.0,46858504.0,0.0,0.162821576719,19,5p_to_3x3_to_4x4_to_5x5_nested,25,1.305337,0,324,169869312,1.0,offline_union_5x5,4:2,0:0;0:1;0:2;0:3;0:4;1:0;1:1;1:2;1:3;1:4;2:0;2:1;2:2;2:3;2:4;3:0;3:1;3:2;3:3;3:4;4:0;4:1;4:2;4:3;4:4,prospective_support_readout_factorial_5x5_x100,"train_seed,train_row_group_start,train_length_multiplier",held_out_evaluation_only,Submit GPU jobs to gpumedium; do not use pilot/gpupilot.
roihu_fsl_support_readout_factorial_5x5_x100_s125_130_20260713_n4_d2_dep4_md704_it324_x1p00_s127_rg0,source_delta_support_process_control,canonical,4,72,64,704,127,324,169869312,524288,16,2048,40,1,L,roihu-fsl-support-readout-factorial-5x5-x100-s125-130-20260713-n4-d2-dep4-md704-it324-x1p00-s127-rg0,4,2,roihu_delta_support_process_control,4,169869312,524288,Fresh paired-seed 5x5 source union for a frozen support-policy by readout factorial. Each policy may read only its prespecified source subset and is charged only for the union of that subset. The x100 measured target line remains sealed.,controlled_model_dim_source_prefix_smalln_5x5,46858504.0,46858504.0,0.0,0.162821576719,19,5p_to_3x3_to_4x4_to_5x5_nested,25,1.305337,0,324,169869312,1.0,offline_union_5x5,4:2,0:0;0:1;0:2;0:3;0:4;1:0;1:1;1:2;1:3;1:4;2:0;2:1;2:2;2:3;2:4;3:0;3:1;3:2;3:3;3:4;4:0;4:1;4:2;4:3;4:4,prospective_support_readout_factorial_5x5_x100,"train_seed,train_row_group_start,train_length_multiplier",held_out_evaluation_only,Submit GPU jobs to gpumedium; do not use pilot/gpupilot.
roihu_fsl_support_readout_factorial_5x5_x100_s125_130_20260713_n4_d2_dep4_md704_it324_x1p00_s128_rg0,source_delta_support_process_control,canonical,4,72,64,704,128,324,169869312,524288,16,2048,40,1,L,roihu-fsl-support-readout-factorial-5x5-x100-s125-130-20260713-n4-d2-dep4-md704-it324-x1p00-s128-rg0,4,2,roihu_delta_support_process_control,4,169869312,524288,Fresh paired-seed 5x5 source union for a frozen support-policy by readout factorial. Each policy may read only its prespecified source subset and is charged only for the union of that subset. The x100 measured target line remains sealed.,controlled_model_dim_source_prefix_smalln_5x5,46858504.0,46858504.0,0.0,0.162821576719,19,5p_to_3x3_to_4x4_to_5x5_nested,25,1.305337,0,324,169869312,1.0,offline_union_5x5,4:2,0:0;0:1;0:2;0:3;0:4;1:0;1:1;1:2;1:3;1:4;2:0;2:1;2:2;2:3;2:4;3:0;3:1;3:2;3:3;3:4;4:0;4:1;4:2;4:3;4:4,prospective_support_readout_factorial_5x5_x100,"train_seed,train_row_group_start,train_length_multiplier",held_out_evaluation_only,Submit GPU jobs to gpumedium; do not use pilot/gpupilot.
roihu_fsl_support_readout_factorial_5x5_x100_s125_130_20260713_n4_d2_dep4_md704_it324_x1p00_s129_rg0,source_delta_support_process_control,canonical,4,72,64,704,129,324,169869312,524288,16,2048,40,1,L,roihu-fsl-support-readout-factorial-5x5-x100-s125-130-20260713-n4-d2-dep4-md704-it324-x1p00-s129-rg0,4,2,roihu_delta_support_process_control,4,169869312,524288,Fresh paired-seed 5x5 source union for a frozen support-policy by readout factorial. Each policy may read only its prespecified source subset and is charged only for the union of that subset. The x100 measured target line remains sealed.,controlled_model_dim_source_prefix_smalln_5x5,46858504.0,46858504.0,0.0,0.162821576719,19,5p_to_3x3_to_4x4_to_5x5_nested,25,1.305337,0,324,169869312,1.0,offline_union_5x5,4:2,0:0;0:1;0:2;0:3;0:4;1:0;1:1;1:2;1:3;1:4;2:0;2:1;2:2;2:3;2:4;3:0;3:1;3:2;3:3;3:4;4:0;4:1;4:2;4:3;4:4,prospective_support_readout_factorial_5x5_x100,"train_seed,train_row_group_start,train_length_multiplier",held_out_evaluation_only,Submit GPU jobs to gpumedium; do not use pilot/gpupilot.
roihu_fsl_support_readout_factorial_5x5_x100_s125_130_20260713_n4_d2_dep4_md704_it324_x1p00_s130_rg0,source_delta_support_process_control,canonical,4,72,64,704,130,324,169869312,524288,16,2048,40,1,L,roihu-fsl-support-readout-factorial-5x5-x100-s125-130-20260713-n4-d2-dep4-md704-it324-x1p00-s130-rg0,4,2,roihu_delta_support_process_control,4,169869312,524288,Fresh paired-seed 5x5 source union for a frozen support-policy by readout factorial. Each policy may read only its prespecified source subset and is charged only for the union of that subset. The x100 measured target line remains sealed.,controlled_model_dim_source_prefix_smalln_5x5,46858504.0,46858504.0,0.0,0.162821576719,19,5p_to_3x3_to_4x4_to_5x5_nested,25,1.305337,0,324,169869312,1.0,offline_union_5x5,4:2,0:0;0:1;0:2;0:3;0:4;1:0;1:1;1:2;1:3;1:4;2:0;2:1;2:2;2:3;2:4;3:0;3:1;3:2;3:3;3:4;4:0;4:1;4:2;4:3;4:4,prospective_support_readout_factorial_5x5_x100,"train_seed,train_row_group_start,train_length_multiplier",held_out_evaluation_only,Submit GPU jobs to gpumedium; do not use pilot/gpupilot.
roihu_fsl_support_readout_factorial_5x5_x100_s125_130_20260713_n4_d3_dep4_md704_it486_x1p00_s125_rg0,source_delta_support_process_control,canonical,4,72,64,704,125,486,254803968,524288,16,2048,40,1,L,roihu-fsl-support-readout-factorial-5x5-x100-s125-130-20260713-n4-d3-dep4-md704-it486-x1p00-s125-rg0,4,3,roihu_delta_support_process_control,4,254803968,524288,Fresh paired-seed 5x5 source union for a frozen support-policy by readout factorial. Each policy may read only its prespecified source subset and is charged only for the union of that subset. The x100 measured target line remains sealed.,controlled_model_dim_source_prefix_smalln_5x5,46858504.0,46858504.0,0.0,0.162821576719,20,5p_to_3x3_to_4x4_to_5x5_nested,25,1.305337,0,486,254803968,1.0,offline_union_5x5,4:3,0:0;0:1;0:2;0:3;0:4;1:0;1:1;1:2;1:3;1:4;2:0;2:1;2:2;2:3;2:4;3:0;3:1;3:2;3:3;3:4;4:0;4:1;4:2;4:3;4:4,prospective_support_readout_factorial_5x5_x100,"train_seed,train_row_group_start,train_length_multiplier",held_out_evaluation_only,Submit GPU jobs to gpumedium; do not use pilot/gpupilot.
roihu_fsl_support_readout_factorial_5x5_x100_s125_130_20260713_n4_d3_dep4_md704_it486_x1p00_s126_rg0,source_delta_support_process_control,canonical,4,72,64,704,126,486,254803968,524288,16,2048,40,1,L,roihu-fsl-support-readout-factorial-5x5-x100-s125-130-20260713-n4-d3-dep4-md704-it486-x1p00-s126-rg0,4,3,roihu_delta_support_process_control,4,254803968,524288,Fresh paired-seed 5x5 source union for a frozen support-policy by readout factorial. Each policy may read only its prespecified source subset and is charged only for the union of that subset. The x100 measured target line remains sealed.,controlled_model_dim_source_prefix_smalln_5x5,46858504.0,46858504.0,0.0,0.162821576719,20,5p_to_3x3_to_4x4_to_5x5_nested,25,1.305337,0,486,254803968,1.0,offline_union_5x5,4:3,0:0;0:1;0:2;0:3;0:4;1:0;1:1;1:2;1:3;1:4;2:0;2:1;2:2;2:3;2:4;3:0;3:1;3:2;3:3;3:4;4:0;4:1;4:2;4:3;4:4,prospective_support_readout_factorial_5x5_x100,"train_seed,train_row_group_start,train_length_multiplier",held_out_evaluation_only,Submit GPU jobs to gpumedium; do not use pilot/gpupilot.
roihu_fsl_support_readout_factorial_5x5_x100_s125_130_20260713_n4_d3_dep4_md704_it486_x1p00_s127_rg0,source_delta_support_process_control,canonical,4,72,64,704,127,486,254803968,524288,16,2048,40,1,L,roihu-fsl-support-readout-factorial-5x5-x100-s125-130-20260713-n4-d3-dep4-md704-it486-x1p00-s127-rg0,4,3,roihu_delta_support_process_control,4,254803968,524288,Fresh paired-seed 5x5 source union for a frozen support-policy by readout factorial. Each policy may read only its prespecified source subset and is charged only for the union of that subset. The x100 measured target line remains sealed.,controlled_model_dim_source_prefix_smalln_5x5,46858504.0,46858504.0,0.0,0.162821576719,20,5p_to_3x3_to_4x4_to_5x5_nested,25,1.305337,0,486,254803968,1.0,offline_union_5x5,4:3,0:0;0:1;0:2;0:3;0:4;1:0;1:1;1:2;1:3;1:4;2:0;2:1;2:2;2:3;2:4;3:0;3:1;3:2;3:3;3:4;4:0;4:1;4:2;4:3;4:4,prospective_support_readout_factorial_5x5_x100,"train_seed,train_row_group_start,train_length_multiplier",held_out_evaluation_only,Submit GPU jobs to gpumedium; do not use pilot/gpupilot.
roihu_fsl_support_readout_factorial_5x5_x100_s125_130_20260713_n4_d3_dep4_md704_it486_x1p00_s128_rg0,source_delta_support_process_control,canonical,4,72,64,704,128,486,254803968,524288,16,2048,40,1,L,roihu-fsl-support-readout-factorial-5x5-x100-s125-130-20260713-n4-d3-dep4-md704-it486-x1p00-s128-rg0,4,3,roihu_delta_support_process_control,4,254803968,524288,Fresh paired-seed 5x5 source union for a frozen support-policy by readout factorial. Each policy may read only its prespecified source subset and is charged only for the union of that subset. The x100 measured target line remains sealed.,controlled_model_dim_source_prefix_smalln_5x5,46858504.0,46858504.0,0.0,0.162821576719,20,5p_to_3x3_to_4x4_to_5x5_nested,25,1.305337,0,486,254803968,1.0,offline_union_5x5,4:3,0:0;0:1;0:2;0:3;0:4;1:0;1:1;1:2;1:3;1:4;2:0;2:1;2:2;2:3;2:4;3:0;3:1;3:2;3:3;3:4;4:0;4:1;4:2;4:3;4:4,prospective_support_readout_factorial_5x5_x100,"train_seed,train_row_group_start,train_length_multiplier",held_out_evaluation_only,Submit GPU jobs to gpumedium; do not use pilot/gpupilot.
roihu_fsl_support_readout_factorial_5x5_x100_s125_130_20260713_n4_d3_dep4_md704_it486_x1p00_s129_rg0,source_delta_support_process_control,canonical,4,72,64,704,129,486,254803968,524288,16,2048,40,1,L,roihu-fsl-support-readout-factorial-5x5-x100-s125-130-20260713-n4-d3-dep4-md704-it486-x1p00-s129-rg0,4,3,roihu_delta_support_process_control,4,254803968,524288,Fresh paired-seed 5x5 source union for a frozen support-policy by readout factorial. Each policy may read only its prespecified source subset and is charged only for the union of that subset. The x100 measured target line remains sealed.,controlled_model_dim_source_prefix_smalln_5x5,46858504.0,46858504.0,0.0,0.162821576719,20,5p_to_3x3_to_4x4_to_5x5_nested,25,1.305337,0,486,254803968,1.0,offline_union_5x5,4:3,0:0;0:1;0:2;0:3;0:4;1:0;1:1;1:2;1:3;1:4;2:0;2:1;2:2;2:3;2:4;3:0;3:1;3:2;3:3;3:4;4:0;4:1;4:2;4:3;4:4,prospective_support_readout_factorial_5x5_x100,"train_seed,train_row_group_start,train_length_multiplier",held_out_evaluation_only,Submit GPU jobs to gpumedium; do not use pilot/gpupilot.
roihu_fsl_support_readout_factorial_5x5_x100_s125_130_20260713_n4_d3_dep4_md704_it486_x1p00_s130_rg0,source_delta_support_process_control,canonical,4,72,64,704,130,486,254803968,524288,16,2048,40,1,L,roihu-fsl-support-readout-factorial-5x5-x100-s125-130-20260713-n4-d3-dep4-md704-it486-x1p00-s130-rg0,4,3,roihu_delta_support_process_control,4,254803968,524288,Fresh paired-seed 5x5 source union for a frozen support-policy by readout factorial. Each policy may read only its prespecified source subset and is charged only for the union of that subset. The x100 measured target line remains sealed.,controlled_model_dim_source_prefix_smalln_5x5,46858504.0,46858504.0,0.0,0.162821576719,20,5p_to_3x3_to_4x4_to_5x5_nested,25,1.305337,0,486,254803968,1.0,offline_union_5x5,4:3,0:0;0:1;0:2;0:3;0:4;1:0;1:1;1:2;1:3;1:4;2:0;2:1;2:2;2:3;2:4;3:0;3:1;3:2;3:3;3:4;4:0;4:1;4:2;4:3;4:4,prospective_support_readout_factorial_5x5_x100,"train_seed,train_row_group_start,train_length_multiplier",held_out_evaluation_only,Submit GPU jobs to gpumedium; do not use pilot/gpupilot.
roihu_fsl_support_readout_factorial_5x5_x100_s125_130_20260713_n4_d4_dep4_md704_it729_x1p00_s125_rg0,source_delta_support_process_control,canonical,4,72,64,704,125,729,382205952,524288,16,2048,40,1,L,roihu-fsl-support-readout-factorial-5x5-x100-s125-130-20260713-n4-d4-dep4-md704-it729-x1p00-s125-rg0,4,4,roihu_delta_support_process_control,4,382205952,524288,Fresh paired-seed 5x5 source union for a frozen support-policy by readout factorial. Each policy may read only its prespecified source subset and is charged only for the union of that subset. The x100 measured target line remains sealed.,controlled_model_dim_source_prefix_smalln_5x5,46858504.0,46858504.0,0.0,0.162821576719,25,5p_to_3x3_to_4x4_to_5x5_nested,25,1.305337,0,729,382205952,1.0,offline_union_5x5,4:4,0:0;0:1;0:2;0:3;0:4;1:0;1:1;1:2;1:3;1:4;2:0;2:1;2:2;2:3;2:4;3:0;3:1;3:2;3:3;3:4;4:0;4:1;4:2;4:3;4:4,prospective_support_readout_factorial_5x5_x100,"train_seed,train_row_group_start,train_length_multiplier",held_out_evaluation_only,Submit GPU jobs to gpumedium; do not use pilot/gpupilot.
roihu_fsl_support_readout_factorial_5x5_x100_s125_130_20260713_n4_d4_dep4_md704_it729_x1p00_s126_rg0,source_delta_support_process_control,canonical,4,72,64,704,126,729,382205952,524288,16,2048,40,1,L,roihu-fsl-support-readout-factorial-5x5-x100-s125-130-20260713-n4-d4-dep4-md704-it729-x1p00-s126-rg0,4,4,roihu_delta_support_process_control,4,382205952,524288,Fresh paired-seed 5x5 source union for a frozen support-policy by readout factorial. Each policy may read only its prespecified source subset and is charged only for the union of that subset. The x100 measured target line remains sealed.,controlled_model_dim_source_prefix_smalln_5x5,46858504.0,46858504.0,0.0,0.162821576719,25,5p_to_3x3_to_4x4_to_5x5_nested,25,1.305337,0,729,382205952,1.0,offline_union_5x5,4:4,0:0;0:1;0:2;0:3;0:4;1:0;1:1;1:2;1:3;1:4;2:0;2:1;2:2;2:3;2:4;3:0;3:1;3:2;3:3;3:4;4:0;4:1;4:2;4:3;4:4,prospective_support_readout_factorial_5x5_x100,"train_seed,train_row_group_start,train_length_multiplier",held_out_evaluation_only,Submit GPU jobs to gpumedium; do not use pilot/gpupilot.
roihu_fsl_support_readout_factorial_5x5_x100_s125_130_20260713_n4_d4_dep4_md704_it729_x1p00_s127_rg0,source_delta_support_process_control,canonical,4,72,64,704,127,729,382205952,524288,16,2048,40,1,L,roihu-fsl-support-readout-factorial-5x5-x100-s125-130-20260713-n4-d4-dep4-md704-it729-x1p00-s127-rg0,4,4,roihu_delta_support_process_control,4,382205952,524288,Fresh paired-seed 5x5 source union for a frozen support-policy by readout factorial. Each policy may read only its prespecified source subset and is charged only for the union of that subset. The x100 measured target line remains sealed.,controlled_model_dim_source_prefix_smalln_5x5,46858504.0,46858504.0,0.0,0.162821576719,25,5p_to_3x3_to_4x4_to_5x5_nested,25,1.305337,0,729,382205952,1.0,offline_union_5x5,4:4,0:0;0:1;0:2;0:3;0:4;1:0;1:1;1:2;1:3;1:4;2:0;2:1;2:2;2:3;2:4;3:0;3:1;3:2;3:3;3:4;4:0;4:1;4:2;4:3;4:4,prospective_support_readout_factorial_5x5_x100,"train_seed,train_row_group_start,train_length_multiplier",held_out_evaluation_only,Submit GPU jobs to gpumedium; do not use pilot/gpupilot.
roihu_fsl_support_readout_factorial_5x5_x100_s125_130_20260713_n4_d4_dep4_md704_it729_x1p00_s128_rg0,source_delta_support_process_control,canonical,4,72,64,704,128,729,382205952,524288,16,2048,40,1,L,roihu-fsl-support-readout-factorial-5x5-x100-s125-130-20260713-n4-d4-dep4-md704-it729-x1p00-s128-rg0,4,4,roihu_delta_support_process_control,4,382205952,524288,Fresh paired-seed 5x5 source union for a frozen support-policy by readout factorial. Each policy may read only its prespecified source subset and is charged only for the union of that subset. The x100 measured target line remains sealed.,controlled_model_dim_source_prefix_smalln_5x5,46858504.0,46858504.0,0.0,0.162821576719,25,5p_to_3x3_to_4x4_to_5x5_nested,25,1.305337,0,729,382205952,1.0,offline_union_5x5,4:4,0:0;0:1;0:2;0:3;0:4;1:0;1:1;1:2;1:3;1:4;2:0;2:1;2:2;2:3;2:4;3:0;3:1;3:2;3:3;3:4;4:0;4:1;4:2;4:3;4:4,prospective_support_readout_factorial_5x5_x100,"train_seed,train_row_group_start,train_length_multiplier",held_out_evaluation_only,Submit GPU jobs to gpumedium; do not use pilot/gpupilot.
roihu_fsl_support_readout_factorial_5x5_x100_s125_130_20260713_n4_d4_dep4_md704_it729_x1p00_s129_rg0,source_delta_support_process_control,canonical,4,72,64,704,129,729,382205952,524288,16,2048,40,1,L,roihu-fsl-support-readout-factorial-5x5-x100-s125-130-20260713-n4-d4-dep4-md704-it729-x1p00-s129-rg0,4,4,roihu_delta_support_process_control,4,382205952,524288,Fresh paired-seed 5x5 source union for a frozen support-policy by readout factorial. Each policy may read only its prespecified source subset and is charged only for the union of that subset. The x100 measured target line remains sealed.,controlled_model_dim_source_prefix_smalln_5x5,46858504.0,46858504.0,0.0,0.162821576719,25,5p_to_3x3_to_4x4_to_5x5_nested,25,1.305337,0,729,382205952,1.0,offline_union_5x5,4:4,0:0;0:1;0:2;0:3;0:4;1:0;1:1;1:2;1:3;1:4;2:0;2:1;2:2;2:3;2:4;3:0;3:1;3:2;3:3;3:4;4:0;4:1;4:2;4:3;4:4,prospective_support_readout_factorial_5x5_x100,"train_seed,train_row_group_start,train_length_multiplier",held_out_evaluation_only,Submit GPU jobs to gpumedium; do not use pilot/gpupilot.
roihu_fsl_support_readout_factorial_5x5_x100_s125_130_20260713_n4_d4_dep4_md704_it729_x1p00_s130_rg0,source_delta_support_process_control,canonical,4,72,64,704,130,729,382205952,524288,16,2048,40,1,L,roihu-fsl-support-readout-factorial-5x5-x100-s125-130-20260713-n4-d4-dep4-md704-it729-x1p00-s130-rg0,4,4,roihu_delta_support_process_control,4,382205952,524288,Fresh paired-seed 5x5 source union for a frozen support-policy by readout factorial. Each policy may read only its prespecified source subset and is charged only for the union of that subset. The x100 measured target line remains sealed.,controlled_model_dim_source_prefix_smalln_5x5,46858504.0,46858504.0,0.0,0.162821576719,25,5p_to_3x3_to_4x4_to_5x5_nested,25,1.305337,0,729,382205952,1.0,offline_union_5x5,4:4,0:0;0:1;0:2;0:3;0:4;1:0;1:1;1:2;1:3;1:4;2:0;2:1;2:2;2:3;2:4;3:0;3:1;3:2;3:3;3:4;4:0;4:1;4:2;4:3;4:4,prospective_support_readout_factorial_5x5_x100,"train_seed,train_row_group_start,train_length_multiplier",held_out_evaluation_only,Submit GPU jobs to gpumedium; do not use pilot/gpupilot.
