stage,split,recipe_band,depth,aspect_ratio,head_dim,model_dim,seed,num_iterations,target_tokens,total_batch_size,device_batch_size,max_seq_len,warmup_steps,fp8,window_pattern,model_tag,n_index,d_index,planned_family,planned_model_depth,planned_data_tokens,planned_total_batch_size,planned_note,sizing_family,target_n_scaling,preflight_n_scaling,target_n_scaling_rel_error,n_geometric_rel_error,source_prefix_order,source_prefix_family,source_prefix_q_hint,target_budget_b,train_row_group_start,base_num_iterations,D_actual,train_length_multiplier,support_policy,support_point_id,support_keys,delta_support_process_family,delta_support_process_repeats,target_line_referee_usage,roihu_partition_note
fsl_longspan_x200_source5x5_s321_332_20260714_0002_n0-d0-dep4-md128-it144-x1p00-s321-rg0,source_delta_support_process_control,canonical,4,72,64,128,321,144,75497472,524288,16,2048,40,1,L,fsl-longspan-x200-source5x5-s321-332-20260714-0002-n0-d0-dep4-md128-it144-x1p00-s321-rg0,0,0,roihu_delta_support_process_control,4,75497472,524288,Fresh measured 5x5 source union for sealed x200 validation of a long-span Delta support and one-step source-only refinement. Target losses are evaluation-only.,controlled_model_dim_source_prefix_smalln_5x5,4980784.0,4980784.0,0.0,0.162821576719,1,5p_to_3x3_to_4x4_to_5x5_nested,5,1.305337,0,144,75497472,1.0,offline_union_5x5_x200_longspan_prospective,0:0,0:0;0:1;0:2;0:3;0:4;1:0;1:1;1:2;1:3;1:4;2:0;2:1;2:2;2:3;2:4;3:0;3:1;3:2;3:3;3:4;4:0;4:1;4:2;4:3;4:4,longspan_x200_delta_refinement_5x5,"train_seed,train_row_group_start,train_length_multiplier",held_out_evaluation_only,Submit GPU jobs to gpumedium; do not use pilot/gpupilot.
fsl_longspan_x200_source5x5_s321_332_20260714_0002_n0-d0-dep4-md128-it144-x1p00-s322-rg0,source_delta_support_process_control,canonical,4,72,64,128,322,144,75497472,524288,16,2048,40,1,L,fsl-longspan-x200-source5x5-s321-332-20260714-0002-n0-d0-dep4-md128-it144-x1p00-s322-rg0,0,0,roihu_delta_support_process_control,4,75497472,524288,Fresh measured 5x5 source union for sealed x200 validation of a long-span Delta support and one-step source-only refinement. Target losses are evaluation-only.,controlled_model_dim_source_prefix_smalln_5x5,4980784.0,4980784.0,0.0,0.162821576719,1,5p_to_3x3_to_4x4_to_5x5_nested,5,1.305337,0,144,75497472,1.0,offline_union_5x5_x200_longspan_prospective,0:0,0:0;0:1;0:2;0:3;0:4;1:0;1:1;1:2;1:3;1:4;2:0;2:1;2:2;2:3;2:4;3:0;3:1;3:2;3:3;3:4;4:0;4:1;4:2;4:3;4:4,longspan_x200_delta_refinement_5x5,"train_seed,train_row_group_start,train_length_multiplier",held_out_evaluation_only,Submit GPU jobs to gpumedium; do not use pilot/gpupilot.
fsl_longspan_x200_source5x5_s321_332_20260714_0002_n0-d0-dep4-md128-it144-x1p00-s323-rg0,source_delta_support_process_control,canonical,4,72,64,128,323,144,75497472,524288,16,2048,40,1,L,fsl-longspan-x200-source5x5-s321-332-20260714-0002-n0-d0-dep4-md128-it144-x1p00-s323-rg0,0,0,roihu_delta_support_process_control,4,75497472,524288,Fresh measured 5x5 source union for sealed x200 validation of a long-span Delta support and one-step source-only refinement. Target losses are evaluation-only.,controlled_model_dim_source_prefix_smalln_5x5,4980784.0,4980784.0,0.0,0.162821576719,1,5p_to_3x3_to_4x4_to_5x5_nested,5,1.305337,0,144,75497472,1.0,offline_union_5x5_x200_longspan_prospective,0:0,0:0;0:1;0:2;0:3;0:4;1:0;1:1;1:2;1:3;1:4;2:0;2:1;2:2;2:3;2:4;3:0;3:1;3:2;3:3;3:4;4:0;4:1;4:2;4:3;4:4,longspan_x200_delta_refinement_5x5,"train_seed,train_row_group_start,train_length_multiplier",held_out_evaluation_only,Submit GPU jobs to gpumedium; do not use pilot/gpupilot.
fsl_longspan_x200_source5x5_s321_332_20260714_0002_n0-d0-dep4-md128-it144-x1p00-s324-rg0,source_delta_support_process_control,canonical,4,72,64,128,324,144,75497472,524288,16,2048,40,1,L,fsl-longspan-x200-source5x5-s321-332-20260714-0002-n0-d0-dep4-md128-it144-x1p00-s324-rg0,0,0,roihu_delta_support_process_control,4,75497472,524288,Fresh measured 5x5 source union for sealed x200 validation of a long-span Delta support and one-step source-only refinement. Target losses are evaluation-only.,controlled_model_dim_source_prefix_smalln_5x5,4980784.0,4980784.0,0.0,0.162821576719,1,5p_to_3x3_to_4x4_to_5x5_nested,5,1.305337,0,144,75497472,1.0,offline_union_5x5_x200_longspan_prospective,0:0,0:0;0:1;0:2;0:3;0:4;1:0;1:1;1:2;1:3;1:4;2:0;2:1;2:2;2:3;2:4;3:0;3:1;3:2;3:3;3:4;4:0;4:1;4:2;4:3;4:4,longspan_x200_delta_refinement_5x5,"train_seed,train_row_group_start,train_length_multiplier",held_out_evaluation_only,Submit GPU jobs to gpumedium; do not use pilot/gpupilot.
fsl_longspan_x200_source5x5_s321_332_20260714_0002_n0-d0-dep4-md128-it144-x1p00-s325-rg0,source_delta_support_process_control,canonical,4,72,64,128,325,144,75497472,524288,16,2048,40,1,L,fsl-longspan-x200-source5x5-s321-332-20260714-0002-n0-d0-dep4-md128-it144-x1p00-s325-rg0,0,0,roihu_delta_support_process_control,4,75497472,524288,Fresh measured 5x5 source union for sealed x200 validation of a long-span Delta support and one-step source-only refinement. Target losses are evaluation-only.,controlled_model_dim_source_prefix_smalln_5x5,4980784.0,4980784.0,0.0,0.162821576719,1,5p_to_3x3_to_4x4_to_5x5_nested,5,1.305337,0,144,75497472,1.0,offline_union_5x5_x200_longspan_prospective,0:0,0:0;0:1;0:2;0:3;0:4;1:0;1:1;1:2;1:3;1:4;2:0;2:1;2:2;2:3;2:4;3:0;3:1;3:2;3:3;3:4;4:0;4:1;4:2;4:3;4:4,longspan_x200_delta_refinement_5x5,"train_seed,train_row_group_start,train_length_multiplier",held_out_evaluation_only,Submit GPU jobs to gpumedium; do not use pilot/gpupilot.
fsl_longspan_x200_source5x5_s321_332_20260714_0002_n0-d0-dep4-md128-it144-x1p00-s326-rg0,source_delta_support_process_control,canonical,4,72,64,128,326,144,75497472,524288,16,2048,40,1,L,fsl-longspan-x200-source5x5-s321-332-20260714-0002-n0-d0-dep4-md128-it144-x1p00-s326-rg0,0,0,roihu_delta_support_process_control,4,75497472,524288,Fresh measured 5x5 source union for sealed x200 validation of a long-span Delta support and one-step source-only refinement. Target losses are evaluation-only.,controlled_model_dim_source_prefix_smalln_5x5,4980784.0,4980784.0,0.0,0.162821576719,1,5p_to_3x3_to_4x4_to_5x5_nested,5,1.305337,0,144,75497472,1.0,offline_union_5x5_x200_longspan_prospective,0:0,0:0;0:1;0:2;0:3;0:4;1:0;1:1;1:2;1:3;1:4;2:0;2:1;2:2;2:3;2:4;3:0;3:1;3:2;3:3;3:4;4:0;4:1;4:2;4:3;4:4,longspan_x200_delta_refinement_5x5,"train_seed,train_row_group_start,train_length_multiplier",held_out_evaluation_only,Submit GPU jobs to gpumedium; do not use pilot/gpupilot.
fsl_longspan_x200_source5x5_s321_332_20260714_0002_n0-d0-dep4-md128-it144-x1p00-s327-rg0,source_delta_support_process_control,canonical,4,72,64,128,327,144,75497472,524288,16,2048,40,1,L,fsl-longspan-x200-source5x5-s321-332-20260714-0002-n0-d0-dep4-md128-it144-x1p00-s327-rg0,0,0,roihu_delta_support_process_control,4,75497472,524288,Fresh measured 5x5 source union for sealed x200 validation of a long-span Delta support and one-step source-only refinement. Target losses are evaluation-only.,controlled_model_dim_source_prefix_smalln_5x5,4980784.0,4980784.0,0.0,0.162821576719,1,5p_to_3x3_to_4x4_to_5x5_nested,5,1.305337,0,144,75497472,1.0,offline_union_5x5_x200_longspan_prospective,0:0,0:0;0:1;0:2;0:3;0:4;1:0;1:1;1:2;1:3;1:4;2:0;2:1;2:2;2:3;2:4;3:0;3:1;3:2;3:3;3:4;4:0;4:1;4:2;4:3;4:4,longspan_x200_delta_refinement_5x5,"train_seed,train_row_group_start,train_length_multiplier",held_out_evaluation_only,Submit GPU jobs to gpumedium; do not use pilot/gpupilot.
fsl_longspan_x200_source5x5_s321_332_20260714_0002_n0-d0-dep4-md128-it144-x1p00-s328-rg0,source_delta_support_process_control,canonical,4,72,64,128,328,144,75497472,524288,16,2048,40,1,L,fsl-longspan-x200-source5x5-s321-332-20260714-0002-n0-d0-dep4-md128-it144-x1p00-s328-rg0,0,0,roihu_delta_support_process_control,4,75497472,524288,Fresh measured 5x5 source union for sealed x200 validation of a long-span Delta support and one-step source-only refinement. Target losses are evaluation-only.,controlled_model_dim_source_prefix_smalln_5x5,4980784.0,4980784.0,0.0,0.162821576719,1,5p_to_3x3_to_4x4_to_5x5_nested,5,1.305337,0,144,75497472,1.0,offline_union_5x5_x200_longspan_prospective,0:0,0:0;0:1;0:2;0:3;0:4;1:0;1:1;1:2;1:3;1:4;2:0;2:1;2:2;2:3;2:4;3:0;3:1;3:2;3:3;3:4;4:0;4:1;4:2;4:3;4:4,longspan_x200_delta_refinement_5x5,"train_seed,train_row_group_start,train_length_multiplier",held_out_evaluation_only,Submit GPU jobs to gpumedium; do not use pilot/gpupilot.
fsl_longspan_x200_source5x5_s321_332_20260714_0002_n0-d0-dep4-md128-it144-x1p00-s329-rg0,source_delta_support_process_control,canonical,4,72,64,128,329,144,75497472,524288,16,2048,40,1,L,fsl-longspan-x200-source5x5-s321-332-20260714-0002-n0-d0-dep4-md128-it144-x1p00-s329-rg0,0,0,roihu_delta_support_process_control,4,75497472,524288,Fresh measured 5x5 source union for sealed x200 validation of a long-span Delta support and one-step source-only refinement. Target losses are evaluation-only.,controlled_model_dim_source_prefix_smalln_5x5,4980784.0,4980784.0,0.0,0.162821576719,1,5p_to_3x3_to_4x4_to_5x5_nested,5,1.305337,0,144,75497472,1.0,offline_union_5x5_x200_longspan_prospective,0:0,0:0;0:1;0:2;0:3;0:4;1:0;1:1;1:2;1:3;1:4;2:0;2:1;2:2;2:3;2:4;3:0;3:1;3:2;3:3;3:4;4:0;4:1;4:2;4:3;4:4,longspan_x200_delta_refinement_5x5,"train_seed,train_row_group_start,train_length_multiplier",held_out_evaluation_only,Submit GPU jobs to gpumedium; do not use pilot/gpupilot.
fsl_longspan_x200_source5x5_s321_332_20260714_0002_n0-d0-dep4-md128-it144-x1p00-s330-rg0,source_delta_support_process_control,canonical,4,72,64,128,330,144,75497472,524288,16,2048,40,1,L,fsl-longspan-x200-source5x5-s321-332-20260714-0002-n0-d0-dep4-md128-it144-x1p00-s330-rg0,0,0,roihu_delta_support_process_control,4,75497472,524288,Fresh measured 5x5 source union for sealed x200 validation of a long-span Delta support and one-step source-only refinement. Target losses are evaluation-only.,controlled_model_dim_source_prefix_smalln_5x5,4980784.0,4980784.0,0.0,0.162821576719,1,5p_to_3x3_to_4x4_to_5x5_nested,5,1.305337,0,144,75497472,1.0,offline_union_5x5_x200_longspan_prospective,0:0,0:0;0:1;0:2;0:3;0:4;1:0;1:1;1:2;1:3;1:4;2:0;2:1;2:2;2:3;2:4;3:0;3:1;3:2;3:3;3:4;4:0;4:1;4:2;4:3;4:4,longspan_x200_delta_refinement_5x5,"train_seed,train_row_group_start,train_length_multiplier",held_out_evaluation_only,Submit GPU jobs to gpumedium; do not use pilot/gpupilot.
fsl_longspan_x200_source5x5_s321_332_20260714_0002_n0-d0-dep4-md128-it144-x1p00-s331-rg0,source_delta_support_process_control,canonical,4,72,64,128,331,144,75497472,524288,16,2048,40,1,L,fsl-longspan-x200-source5x5-s321-332-20260714-0002-n0-d0-dep4-md128-it144-x1p00-s331-rg0,0,0,roihu_delta_support_process_control,4,75497472,524288,Fresh measured 5x5 source union for sealed x200 validation of a long-span Delta support and one-step source-only refinement. Target losses are evaluation-only.,controlled_model_dim_source_prefix_smalln_5x5,4980784.0,4980784.0,0.0,0.162821576719,1,5p_to_3x3_to_4x4_to_5x5_nested,5,1.305337,0,144,75497472,1.0,offline_union_5x5_x200_longspan_prospective,0:0,0:0;0:1;0:2;0:3;0:4;1:0;1:1;1:2;1:3;1:4;2:0;2:1;2:2;2:3;2:4;3:0;3:1;3:2;3:3;3:4;4:0;4:1;4:2;4:3;4:4,longspan_x200_delta_refinement_5x5,"train_seed,train_row_group_start,train_length_multiplier",held_out_evaluation_only,Submit GPU jobs to gpumedium; do not use pilot/gpupilot.
fsl_longspan_x200_source5x5_s321_332_20260714_0002_n0-d0-dep4-md128-it144-x1p00-s332-rg0,source_delta_support_process_control,canonical,4,72,64,128,332,144,75497472,524288,16,2048,40,1,L,fsl-longspan-x200-source5x5-s321-332-20260714-0002-n0-d0-dep4-md128-it144-x1p00-s332-rg0,0,0,roihu_delta_support_process_control,4,75497472,524288,Fresh measured 5x5 source union for sealed x200 validation of a long-span Delta support and one-step source-only refinement. Target losses are evaluation-only.,controlled_model_dim_source_prefix_smalln_5x5,4980784.0,4980784.0,0.0,0.162821576719,1,5p_to_3x3_to_4x4_to_5x5_nested,5,1.305337,0,144,75497472,1.0,offline_union_5x5_x200_longspan_prospective,0:0,0:0;0:1;0:2;0:3;0:4;1:0;1:1;1:2;1:3;1:4;2:0;2:1;2:2;2:3;2:4;3:0;3:1;3:2;3:3;3:4;4:0;4:1;4:2;4:3;4:4,longspan_x200_delta_refinement_5x5,"train_seed,train_row_group_start,train_length_multiplier",held_out_evaluation_only,Submit GPU jobs to gpumedium; do not use pilot/gpupilot.
fsl_longspan_x200_source5x5_s321_332_20260714_0002_n0-d1-dep4-md128-it216-x1p00-s321-rg0,source_delta_support_process_control,canonical,4,72,64,128,321,216,113246208,524288,16,2048,40,1,L,fsl-longspan-x200-source5x5-s321-332-20260714-0002-n0-d1-dep4-md128-it216-x1p00-s321-rg0,0,1,roihu_delta_support_process_control,4,113246208,524288,Fresh measured 5x5 source union for sealed x200 validation of a long-span Delta support and one-step source-only refinement. Target losses are evaluation-only.,controlled_model_dim_source_prefix_smalln_5x5,4980784.0,4980784.0,0.0,0.162821576719,4,5p_to_3x3_to_4x4_to_5x5_nested,5,1.305337,0,216,113246208,1.0,offline_union_5x5_x200_longspan_prospective,0:1,0:0;0:1;0:2;0:3;0:4;1:0;1:1;1:2;1:3;1:4;2:0;2:1;2:2;2:3;2:4;3:0;3:1;3:2;3:3;3:4;4:0;4:1;4:2;4:3;4:4,longspan_x200_delta_refinement_5x5,"train_seed,train_row_group_start,train_length_multiplier",held_out_evaluation_only,Submit GPU jobs to gpumedium; do not use pilot/gpupilot.
fsl_longspan_x200_source5x5_s321_332_20260714_0002_n0-d1-dep4-md128-it216-x1p00-s322-rg0,source_delta_support_process_control,canonical,4,72,64,128,322,216,113246208,524288,16,2048,40,1,L,fsl-longspan-x200-source5x5-s321-332-20260714-0002-n0-d1-dep4-md128-it216-x1p00-s322-rg0,0,1,roihu_delta_support_process_control,4,113246208,524288,Fresh measured 5x5 source union for sealed x200 validation of a long-span Delta support and one-step source-only refinement. Target losses are evaluation-only.,controlled_model_dim_source_prefix_smalln_5x5,4980784.0,4980784.0,0.0,0.162821576719,4,5p_to_3x3_to_4x4_to_5x5_nested,5,1.305337,0,216,113246208,1.0,offline_union_5x5_x200_longspan_prospective,0:1,0:0;0:1;0:2;0:3;0:4;1:0;1:1;1:2;1:3;1:4;2:0;2:1;2:2;2:3;2:4;3:0;3:1;3:2;3:3;3:4;4:0;4:1;4:2;4:3;4:4,longspan_x200_delta_refinement_5x5,"train_seed,train_row_group_start,train_length_multiplier",held_out_evaluation_only,Submit GPU jobs to gpumedium; do not use pilot/gpupilot.
fsl_longspan_x200_source5x5_s321_332_20260714_0002_n0-d1-dep4-md128-it216-x1p00-s323-rg0,source_delta_support_process_control,canonical,4,72,64,128,323,216,113246208,524288,16,2048,40,1,L,fsl-longspan-x200-source5x5-s321-332-20260714-0002-n0-d1-dep4-md128-it216-x1p00-s323-rg0,0,1,roihu_delta_support_process_control,4,113246208,524288,Fresh measured 5x5 source union for sealed x200 validation of a long-span Delta support and one-step source-only refinement. Target losses are evaluation-only.,controlled_model_dim_source_prefix_smalln_5x5,4980784.0,4980784.0,0.0,0.162821576719,4,5p_to_3x3_to_4x4_to_5x5_nested,5,1.305337,0,216,113246208,1.0,offline_union_5x5_x200_longspan_prospective,0:1,0:0;0:1;0:2;0:3;0:4;1:0;1:1;1:2;1:3;1:4;2:0;2:1;2:2;2:3;2:4;3:0;3:1;3:2;3:3;3:4;4:0;4:1;4:2;4:3;4:4,longspan_x200_delta_refinement_5x5,"train_seed,train_row_group_start,train_length_multiplier",held_out_evaluation_only,Submit GPU jobs to gpumedium; do not use pilot/gpupilot.
fsl_longspan_x200_source5x5_s321_332_20260714_0002_n0-d1-dep4-md128-it216-x1p00-s324-rg0,source_delta_support_process_control,canonical,4,72,64,128,324,216,113246208,524288,16,2048,40,1,L,fsl-longspan-x200-source5x5-s321-332-20260714-0002-n0-d1-dep4-md128-it216-x1p00-s324-rg0,0,1,roihu_delta_support_process_control,4,113246208,524288,Fresh measured 5x5 source union for sealed x200 validation of a long-span Delta support and one-step source-only refinement. Target losses are evaluation-only.,controlled_model_dim_source_prefix_smalln_5x5,4980784.0,4980784.0,0.0,0.162821576719,4,5p_to_3x3_to_4x4_to_5x5_nested,5,1.305337,0,216,113246208,1.0,offline_union_5x5_x200_longspan_prospective,0:1,0:0;0:1;0:2;0:3;0:4;1:0;1:1;1:2;1:3;1:4;2:0;2:1;2:2;2:3;2:4;3:0;3:1;3:2;3:3;3:4;4:0;4:1;4:2;4:3;4:4,longspan_x200_delta_refinement_5x5,"train_seed,train_row_group_start,train_length_multiplier",held_out_evaluation_only,Submit GPU jobs to gpumedium; do not use pilot/gpupilot.
fsl_longspan_x200_source5x5_s321_332_20260714_0002_n0-d1-dep4-md128-it216-x1p00-s325-rg0,source_delta_support_process_control,canonical,4,72,64,128,325,216,113246208,524288,16,2048,40,1,L,fsl-longspan-x200-source5x5-s321-332-20260714-0002-n0-d1-dep4-md128-it216-x1p00-s325-rg0,0,1,roihu_delta_support_process_control,4,113246208,524288,Fresh measured 5x5 source union for sealed x200 validation of a long-span Delta support and one-step source-only refinement. Target losses are evaluation-only.,controlled_model_dim_source_prefix_smalln_5x5,4980784.0,4980784.0,0.0,0.162821576719,4,5p_to_3x3_to_4x4_to_5x5_nested,5,1.305337,0,216,113246208,1.0,offline_union_5x5_x200_longspan_prospective,0:1,0:0;0:1;0:2;0:3;0:4;1:0;1:1;1:2;1:3;1:4;2:0;2:1;2:2;2:3;2:4;3:0;3:1;3:2;3:3;3:4;4:0;4:1;4:2;4:3;4:4,longspan_x200_delta_refinement_5x5,"train_seed,train_row_group_start,train_length_multiplier",held_out_evaluation_only,Submit GPU jobs to gpumedium; do not use pilot/gpupilot.
fsl_longspan_x200_source5x5_s321_332_20260714_0002_n0-d1-dep4-md128-it216-x1p00-s326-rg0,source_delta_support_process_control,canonical,4,72,64,128,326,216,113246208,524288,16,2048,40,1,L,fsl-longspan-x200-source5x5-s321-332-20260714-0002-n0-d1-dep4-md128-it216-x1p00-s326-rg0,0,1,roihu_delta_support_process_control,4,113246208,524288,Fresh measured 5x5 source union for sealed x200 validation of a long-span Delta support and one-step source-only refinement. Target losses are evaluation-only.,controlled_model_dim_source_prefix_smalln_5x5,4980784.0,4980784.0,0.0,0.162821576719,4,5p_to_3x3_to_4x4_to_5x5_nested,5,1.305337,0,216,113246208,1.0,offline_union_5x5_x200_longspan_prospective,0:1,0:0;0:1;0:2;0:3;0:4;1:0;1:1;1:2;1:3;1:4;2:0;2:1;2:2;2:3;2:4;3:0;3:1;3:2;3:3;3:4;4:0;4:1;4:2;4:3;4:4,longspan_x200_delta_refinement_5x5,"train_seed,train_row_group_start,train_length_multiplier",held_out_evaluation_only,Submit GPU jobs to gpumedium; do not use pilot/gpupilot.
fsl_longspan_x200_source5x5_s321_332_20260714_0002_n0-d1-dep4-md128-it216-x1p00-s327-rg0,source_delta_support_process_control,canonical,4,72,64,128,327,216,113246208,524288,16,2048,40,1,L,fsl-longspan-x200-source5x5-s321-332-20260714-0002-n0-d1-dep4-md128-it216-x1p00-s327-rg0,0,1,roihu_delta_support_process_control,4,113246208,524288,Fresh measured 5x5 source union for sealed x200 validation of a long-span Delta support and one-step source-only refinement. Target losses are evaluation-only.,controlled_model_dim_source_prefix_smalln_5x5,4980784.0,4980784.0,0.0,0.162821576719,4,5p_to_3x3_to_4x4_to_5x5_nested,5,1.305337,0,216,113246208,1.0,offline_union_5x5_x200_longspan_prospective,0:1,0:0;0:1;0:2;0:3;0:4;1:0;1:1;1:2;1:3;1:4;2:0;2:1;2:2;2:3;2:4;3:0;3:1;3:2;3:3;3:4;4:0;4:1;4:2;4:3;4:4,longspan_x200_delta_refinement_5x5,"train_seed,train_row_group_start,train_length_multiplier",held_out_evaluation_only,Submit GPU jobs to gpumedium; do not use pilot/gpupilot.
fsl_longspan_x200_source5x5_s321_332_20260714_0002_n0-d1-dep4-md128-it216-x1p00-s328-rg0,source_delta_support_process_control,canonical,4,72,64,128,328,216,113246208,524288,16,2048,40,1,L,fsl-longspan-x200-source5x5-s321-332-20260714-0002-n0-d1-dep4-md128-it216-x1p00-s328-rg0,0,1,roihu_delta_support_process_control,4,113246208,524288,Fresh measured 5x5 source union for sealed x200 validation of a long-span Delta support and one-step source-only refinement. Target losses are evaluation-only.,controlled_model_dim_source_prefix_smalln_5x5,4980784.0,4980784.0,0.0,0.162821576719,4,5p_to_3x3_to_4x4_to_5x5_nested,5,1.305337,0,216,113246208,1.0,offline_union_5x5_x200_longspan_prospective,0:1,0:0;0:1;0:2;0:3;0:4;1:0;1:1;1:2;1:3;1:4;2:0;2:1;2:2;2:3;2:4;3:0;3:1;3:2;3:3;3:4;4:0;4:1;4:2;4:3;4:4,longspan_x200_delta_refinement_5x5,"train_seed,train_row_group_start,train_length_multiplier",held_out_evaluation_only,Submit GPU jobs to gpumedium; do not use pilot/gpupilot.
fsl_longspan_x200_source5x5_s321_332_20260714_0002_n0-d1-dep4-md128-it216-x1p00-s329-rg0,source_delta_support_process_control,canonical,4,72,64,128,329,216,113246208,524288,16,2048,40,1,L,fsl-longspan-x200-source5x5-s321-332-20260714-0002-n0-d1-dep4-md128-it216-x1p00-s329-rg0,0,1,roihu_delta_support_process_control,4,113246208,524288,Fresh measured 5x5 source union for sealed x200 validation of a long-span Delta support and one-step source-only refinement. Target losses are evaluation-only.,controlled_model_dim_source_prefix_smalln_5x5,4980784.0,4980784.0,0.0,0.162821576719,4,5p_to_3x3_to_4x4_to_5x5_nested,5,1.305337,0,216,113246208,1.0,offline_union_5x5_x200_longspan_prospective,0:1,0:0;0:1;0:2;0:3;0:4;1:0;1:1;1:2;1:3;1:4;2:0;2:1;2:2;2:3;2:4;3:0;3:1;3:2;3:3;3:4;4:0;4:1;4:2;4:3;4:4,longspan_x200_delta_refinement_5x5,"train_seed,train_row_group_start,train_length_multiplier",held_out_evaluation_only,Submit GPU jobs to gpumedium; do not use pilot/gpupilot.
fsl_longspan_x200_source5x5_s321_332_20260714_0002_n0-d1-dep4-md128-it216-x1p00-s330-rg0,source_delta_support_process_control,canonical,4,72,64,128,330,216,113246208,524288,16,2048,40,1,L,fsl-longspan-x200-source5x5-s321-332-20260714-0002-n0-d1-dep4-md128-it216-x1p00-s330-rg0,0,1,roihu_delta_support_process_control,4,113246208,524288,Fresh measured 5x5 source union for sealed x200 validation of a long-span Delta support and one-step source-only refinement. Target losses are evaluation-only.,controlled_model_dim_source_prefix_smalln_5x5,4980784.0,4980784.0,0.0,0.162821576719,4,5p_to_3x3_to_4x4_to_5x5_nested,5,1.305337,0,216,113246208,1.0,offline_union_5x5_x200_longspan_prospective,0:1,0:0;0:1;0:2;0:3;0:4;1:0;1:1;1:2;1:3;1:4;2:0;2:1;2:2;2:3;2:4;3:0;3:1;3:2;3:3;3:4;4:0;4:1;4:2;4:3;4:4,longspan_x200_delta_refinement_5x5,"train_seed,train_row_group_start,train_length_multiplier",held_out_evaluation_only,Submit GPU jobs to gpumedium; do not use pilot/gpupilot.
fsl_longspan_x200_source5x5_s321_332_20260714_0002_n0-d1-dep4-md128-it216-x1p00-s331-rg0,source_delta_support_process_control,canonical,4,72,64,128,331,216,113246208,524288,16,2048,40,1,L,fsl-longspan-x200-source5x5-s321-332-20260714-0002-n0-d1-dep4-md128-it216-x1p00-s331-rg0,0,1,roihu_delta_support_process_control,4,113246208,524288,Fresh measured 5x5 source union for sealed x200 validation of a long-span Delta support and one-step source-only refinement. Target losses are evaluation-only.,controlled_model_dim_source_prefix_smalln_5x5,4980784.0,4980784.0,0.0,0.162821576719,4,5p_to_3x3_to_4x4_to_5x5_nested,5,1.305337,0,216,113246208,1.0,offline_union_5x5_x200_longspan_prospective,0:1,0:0;0:1;0:2;0:3;0:4;1:0;1:1;1:2;1:3;1:4;2:0;2:1;2:2;2:3;2:4;3:0;3:1;3:2;3:3;3:4;4:0;4:1;4:2;4:3;4:4,longspan_x200_delta_refinement_5x5,"train_seed,train_row_group_start,train_length_multiplier",held_out_evaluation_only,Submit GPU jobs to gpumedium; do not use pilot/gpupilot.
fsl_longspan_x200_source5x5_s321_332_20260714_0002_n0-d1-dep4-md128-it216-x1p00-s332-rg0,source_delta_support_process_control,canonical,4,72,64,128,332,216,113246208,524288,16,2048,40,1,L,fsl-longspan-x200-source5x5-s321-332-20260714-0002-n0-d1-dep4-md128-it216-x1p00-s332-rg0,0,1,roihu_delta_support_process_control,4,113246208,524288,Fresh measured 5x5 source union for sealed x200 validation of a long-span Delta support and one-step source-only refinement. Target losses are evaluation-only.,controlled_model_dim_source_prefix_smalln_5x5,4980784.0,4980784.0,0.0,0.162821576719,4,5p_to_3x3_to_4x4_to_5x5_nested,5,1.305337,0,216,113246208,1.0,offline_union_5x5_x200_longspan_prospective,0:1,0:0;0:1;0:2;0:3;0:4;1:0;1:1;1:2;1:3;1:4;2:0;2:1;2:2;2:3;2:4;3:0;3:1;3:2;3:3;3:4;4:0;4:1;4:2;4:3;4:4,longspan_x200_delta_refinement_5x5,"train_seed,train_row_group_start,train_length_multiplier",held_out_evaluation_only,Submit GPU jobs to gpumedium; do not use pilot/gpupilot.
fsl_longspan_x200_source5x5_s321_332_20260714_0002_n0-d2-dep4-md128-it324-x1p00-s321-rg0,source_delta_support_process_control,canonical,4,72,64,128,321,324,169869312,524288,16,2048,40,1,L,fsl-longspan-x200-source5x5-s321-332-20260714-0002-n0-d2-dep4-md128-it324-x1p00-s321-rg0,0,2,roihu_delta_support_process_control,4,169869312,524288,Fresh measured 5x5 source union for sealed x200 validation of a long-span Delta support and one-step source-only refinement. Target losses are evaluation-only.,controlled_model_dim_source_prefix_smalln_5x5,4980784.0,4980784.0,0.0,0.162821576719,5,5p_to_3x3_to_4x4_to_5x5_nested,5,1.305337,0,324,169869312,1.0,offline_union_5x5_x200_longspan_prospective,0:2,0:0;0:1;0:2;0:3;0:4;1:0;1:1;1:2;1:3;1:4;2:0;2:1;2:2;2:3;2:4;3:0;3:1;3:2;3:3;3:4;4:0;4:1;4:2;4:3;4:4,longspan_x200_delta_refinement_5x5,"train_seed,train_row_group_start,train_length_multiplier",held_out_evaluation_only,Submit GPU jobs to gpumedium; do not use pilot/gpupilot.
fsl_longspan_x200_source5x5_s321_332_20260714_0002_n0-d2-dep4-md128-it324-x1p00-s322-rg0,source_delta_support_process_control,canonical,4,72,64,128,322,324,169869312,524288,16,2048,40,1,L,fsl-longspan-x200-source5x5-s321-332-20260714-0002-n0-d2-dep4-md128-it324-x1p00-s322-rg0,0,2,roihu_delta_support_process_control,4,169869312,524288,Fresh measured 5x5 source union for sealed x200 validation of a long-span Delta support and one-step source-only refinement. Target losses are evaluation-only.,controlled_model_dim_source_prefix_smalln_5x5,4980784.0,4980784.0,0.0,0.162821576719,5,5p_to_3x3_to_4x4_to_5x5_nested,5,1.305337,0,324,169869312,1.0,offline_union_5x5_x200_longspan_prospective,0:2,0:0;0:1;0:2;0:3;0:4;1:0;1:1;1:2;1:3;1:4;2:0;2:1;2:2;2:3;2:4;3:0;3:1;3:2;3:3;3:4;4:0;4:1;4:2;4:3;4:4,longspan_x200_delta_refinement_5x5,"train_seed,train_row_group_start,train_length_multiplier",held_out_evaluation_only,Submit GPU jobs to gpumedium; do not use pilot/gpupilot.
fsl_longspan_x200_source5x5_s321_332_20260714_0002_n0-d2-dep4-md128-it324-x1p00-s323-rg0,source_delta_support_process_control,canonical,4,72,64,128,323,324,169869312,524288,16,2048,40,1,L,fsl-longspan-x200-source5x5-s321-332-20260714-0002-n0-d2-dep4-md128-it324-x1p00-s323-rg0,0,2,roihu_delta_support_process_control,4,169869312,524288,Fresh measured 5x5 source union for sealed x200 validation of a long-span Delta support and one-step source-only refinement. Target losses are evaluation-only.,controlled_model_dim_source_prefix_smalln_5x5,4980784.0,4980784.0,0.0,0.162821576719,5,5p_to_3x3_to_4x4_to_5x5_nested,5,1.305337,0,324,169869312,1.0,offline_union_5x5_x200_longspan_prospective,0:2,0:0;0:1;0:2;0:3;0:4;1:0;1:1;1:2;1:3;1:4;2:0;2:1;2:2;2:3;2:4;3:0;3:1;3:2;3:3;3:4;4:0;4:1;4:2;4:3;4:4,longspan_x200_delta_refinement_5x5,"train_seed,train_row_group_start,train_length_multiplier",held_out_evaluation_only,Submit GPU jobs to gpumedium; do not use pilot/gpupilot.
fsl_longspan_x200_source5x5_s321_332_20260714_0002_n0-d2-dep4-md128-it324-x1p00-s324-rg0,source_delta_support_process_control,canonical,4,72,64,128,324,324,169869312,524288,16,2048,40,1,L,fsl-longspan-x200-source5x5-s321-332-20260714-0002-n0-d2-dep4-md128-it324-x1p00-s324-rg0,0,2,roihu_delta_support_process_control,4,169869312,524288,Fresh measured 5x5 source union for sealed x200 validation of a long-span Delta support and one-step source-only refinement. Target losses are evaluation-only.,controlled_model_dim_source_prefix_smalln_5x5,4980784.0,4980784.0,0.0,0.162821576719,5,5p_to_3x3_to_4x4_to_5x5_nested,5,1.305337,0,324,169869312,1.0,offline_union_5x5_x200_longspan_prospective,0:2,0:0;0:1;0:2;0:3;0:4;1:0;1:1;1:2;1:3;1:4;2:0;2:1;2:2;2:3;2:4;3:0;3:1;3:2;3:3;3:4;4:0;4:1;4:2;4:3;4:4,longspan_x200_delta_refinement_5x5,"train_seed,train_row_group_start,train_length_multiplier",held_out_evaluation_only,Submit GPU jobs to gpumedium; do not use pilot/gpupilot.
fsl_longspan_x200_source5x5_s321_332_20260714_0002_n0-d2-dep4-md128-it324-x1p00-s325-rg0,source_delta_support_process_control,canonical,4,72,64,128,325,324,169869312,524288,16,2048,40,1,L,fsl-longspan-x200-source5x5-s321-332-20260714-0002-n0-d2-dep4-md128-it324-x1p00-s325-rg0,0,2,roihu_delta_support_process_control,4,169869312,524288,Fresh measured 5x5 source union for sealed x200 validation of a long-span Delta support and one-step source-only refinement. Target losses are evaluation-only.,controlled_model_dim_source_prefix_smalln_5x5,4980784.0,4980784.0,0.0,0.162821576719,5,5p_to_3x3_to_4x4_to_5x5_nested,5,1.305337,0,324,169869312,1.0,offline_union_5x5_x200_longspan_prospective,0:2,0:0;0:1;0:2;0:3;0:4;1:0;1:1;1:2;1:3;1:4;2:0;2:1;2:2;2:3;2:4;3:0;3:1;3:2;3:3;3:4;4:0;4:1;4:2;4:3;4:4,longspan_x200_delta_refinement_5x5,"train_seed,train_row_group_start,train_length_multiplier",held_out_evaluation_only,Submit GPU jobs to gpumedium; do not use pilot/gpupilot.
fsl_longspan_x200_source5x5_s321_332_20260714_0002_n0-d2-dep4-md128-it324-x1p00-s326-rg0,source_delta_support_process_control,canonical,4,72,64,128,326,324,169869312,524288,16,2048,40,1,L,fsl-longspan-x200-source5x5-s321-332-20260714-0002-n0-d2-dep4-md128-it324-x1p00-s326-rg0,0,2,roihu_delta_support_process_control,4,169869312,524288,Fresh measured 5x5 source union for sealed x200 validation of a long-span Delta support and one-step source-only refinement. Target losses are evaluation-only.,controlled_model_dim_source_prefix_smalln_5x5,4980784.0,4980784.0,0.0,0.162821576719,5,5p_to_3x3_to_4x4_to_5x5_nested,5,1.305337,0,324,169869312,1.0,offline_union_5x5_x200_longspan_prospective,0:2,0:0;0:1;0:2;0:3;0:4;1:0;1:1;1:2;1:3;1:4;2:0;2:1;2:2;2:3;2:4;3:0;3:1;3:2;3:3;3:4;4:0;4:1;4:2;4:3;4:4,longspan_x200_delta_refinement_5x5,"train_seed,train_row_group_start,train_length_multiplier",held_out_evaluation_only,Submit GPU jobs to gpumedium; do not use pilot/gpupilot.
fsl_longspan_x200_source5x5_s321_332_20260714_0002_n0-d2-dep4-md128-it324-x1p00-s327-rg0,source_delta_support_process_control,canonical,4,72,64,128,327,324,169869312,524288,16,2048,40,1,L,fsl-longspan-x200-source5x5-s321-332-20260714-0002-n0-d2-dep4-md128-it324-x1p00-s327-rg0,0,2,roihu_delta_support_process_control,4,169869312,524288,Fresh measured 5x5 source union for sealed x200 validation of a long-span Delta support and one-step source-only refinement. Target losses are evaluation-only.,controlled_model_dim_source_prefix_smalln_5x5,4980784.0,4980784.0,0.0,0.162821576719,5,5p_to_3x3_to_4x4_to_5x5_nested,5,1.305337,0,324,169869312,1.0,offline_union_5x5_x200_longspan_prospective,0:2,0:0;0:1;0:2;0:3;0:4;1:0;1:1;1:2;1:3;1:4;2:0;2:1;2:2;2:3;2:4;3:0;3:1;3:2;3:3;3:4;4:0;4:1;4:2;4:3;4:4,longspan_x200_delta_refinement_5x5,"train_seed,train_row_group_start,train_length_multiplier",held_out_evaluation_only,Submit GPU jobs to gpumedium; do not use pilot/gpupilot.
fsl_longspan_x200_source5x5_s321_332_20260714_0002_n0-d2-dep4-md128-it324-x1p00-s328-rg0,source_delta_support_process_control,canonical,4,72,64,128,328,324,169869312,524288,16,2048,40,1,L,fsl-longspan-x200-source5x5-s321-332-20260714-0002-n0-d2-dep4-md128-it324-x1p00-s328-rg0,0,2,roihu_delta_support_process_control,4,169869312,524288,Fresh measured 5x5 source union for sealed x200 validation of a long-span Delta support and one-step source-only refinement. Target losses are evaluation-only.,controlled_model_dim_source_prefix_smalln_5x5,4980784.0,4980784.0,0.0,0.162821576719,5,5p_to_3x3_to_4x4_to_5x5_nested,5,1.305337,0,324,169869312,1.0,offline_union_5x5_x200_longspan_prospective,0:2,0:0;0:1;0:2;0:3;0:4;1:0;1:1;1:2;1:3;1:4;2:0;2:1;2:2;2:3;2:4;3:0;3:1;3:2;3:3;3:4;4:0;4:1;4:2;4:3;4:4,longspan_x200_delta_refinement_5x5,"train_seed,train_row_group_start,train_length_multiplier",held_out_evaluation_only,Submit GPU jobs to gpumedium; do not use pilot/gpupilot.
fsl_longspan_x200_source5x5_s321_332_20260714_0002_n0-d2-dep4-md128-it324-x1p00-s329-rg0,source_delta_support_process_control,canonical,4,72,64,128,329,324,169869312,524288,16,2048,40,1,L,fsl-longspan-x200-source5x5-s321-332-20260714-0002-n0-d2-dep4-md128-it324-x1p00-s329-rg0,0,2,roihu_delta_support_process_control,4,169869312,524288,Fresh measured 5x5 source union for sealed x200 validation of a long-span Delta support and one-step source-only refinement. Target losses are evaluation-only.,controlled_model_dim_source_prefix_smalln_5x5,4980784.0,4980784.0,0.0,0.162821576719,5,5p_to_3x3_to_4x4_to_5x5_nested,5,1.305337,0,324,169869312,1.0,offline_union_5x5_x200_longspan_prospective,0:2,0:0;0:1;0:2;0:3;0:4;1:0;1:1;1:2;1:3;1:4;2:0;2:1;2:2;2:3;2:4;3:0;3:1;3:2;3:3;3:4;4:0;4:1;4:2;4:3;4:4,longspan_x200_delta_refinement_5x5,"train_seed,train_row_group_start,train_length_multiplier",held_out_evaluation_only,Submit GPU jobs to gpumedium; do not use pilot/gpupilot.
fsl_longspan_x200_source5x5_s321_332_20260714_0002_n0-d2-dep4-md128-it324-x1p00-s330-rg0,source_delta_support_process_control,canonical,4,72,64,128,330,324,169869312,524288,16,2048,40,1,L,fsl-longspan-x200-source5x5-s321-332-20260714-0002-n0-d2-dep4-md128-it324-x1p00-s330-rg0,0,2,roihu_delta_support_process_control,4,169869312,524288,Fresh measured 5x5 source union for sealed x200 validation of a long-span Delta support and one-step source-only refinement. Target losses are evaluation-only.,controlled_model_dim_source_prefix_smalln_5x5,4980784.0,4980784.0,0.0,0.162821576719,5,5p_to_3x3_to_4x4_to_5x5_nested,5,1.305337,0,324,169869312,1.0,offline_union_5x5_x200_longspan_prospective,0:2,0:0;0:1;0:2;0:3;0:4;1:0;1:1;1:2;1:3;1:4;2:0;2:1;2:2;2:3;2:4;3:0;3:1;3:2;3:3;3:4;4:0;4:1;4:2;4:3;4:4,longspan_x200_delta_refinement_5x5,"train_seed,train_row_group_start,train_length_multiplier",held_out_evaluation_only,Submit GPU jobs to gpumedium; do not use pilot/gpupilot.
fsl_longspan_x200_source5x5_s321_332_20260714_0002_n0-d2-dep4-md128-it324-x1p00-s331-rg0,source_delta_support_process_control,canonical,4,72,64,128,331,324,169869312,524288,16,2048,40,1,L,fsl-longspan-x200-source5x5-s321-332-20260714-0002-n0-d2-dep4-md128-it324-x1p00-s331-rg0,0,2,roihu_delta_support_process_control,4,169869312,524288,Fresh measured 5x5 source union for sealed x200 validation of a long-span Delta support and one-step source-only refinement. Target losses are evaluation-only.,controlled_model_dim_source_prefix_smalln_5x5,4980784.0,4980784.0,0.0,0.162821576719,5,5p_to_3x3_to_4x4_to_5x5_nested,5,1.305337,0,324,169869312,1.0,offline_union_5x5_x200_longspan_prospective,0:2,0:0;0:1;0:2;0:3;0:4;1:0;1:1;1:2;1:3;1:4;2:0;2:1;2:2;2:3;2:4;3:0;3:1;3:2;3:3;3:4;4:0;4:1;4:2;4:3;4:4,longspan_x200_delta_refinement_5x5,"train_seed,train_row_group_start,train_length_multiplier",held_out_evaluation_only,Submit GPU jobs to gpumedium; do not use pilot/gpupilot.
fsl_longspan_x200_source5x5_s321_332_20260714_0002_n0-d2-dep4-md128-it324-x1p00-s332-rg0,source_delta_support_process_control,canonical,4,72,64,128,332,324,169869312,524288,16,2048,40,1,L,fsl-longspan-x200-source5x5-s321-332-20260714-0002-n0-d2-dep4-md128-it324-x1p00-s332-rg0,0,2,roihu_delta_support_process_control,4,169869312,524288,Fresh measured 5x5 source union for sealed x200 validation of a long-span Delta support and one-step source-only refinement. Target losses are evaluation-only.,controlled_model_dim_source_prefix_smalln_5x5,4980784.0,4980784.0,0.0,0.162821576719,5,5p_to_3x3_to_4x4_to_5x5_nested,5,1.305337,0,324,169869312,1.0,offline_union_5x5_x200_longspan_prospective,0:2,0:0;0:1;0:2;0:3;0:4;1:0;1:1;1:2;1:3;1:4;2:0;2:1;2:2;2:3;2:4;3:0;3:1;3:2;3:3;3:4;4:0;4:1;4:2;4:3;4:4,longspan_x200_delta_refinement_5x5,"train_seed,train_row_group_start,train_length_multiplier",held_out_evaluation_only,Submit GPU jobs to gpumedium; do not use pilot/gpupilot.
fsl_longspan_x200_source5x5_s321_332_20260714_0002_n0-d3-dep4-md128-it486-x1p00-s321-rg0,source_delta_support_process_control,canonical,4,72,64,128,321,486,254803968,524288,16,2048,40,1,L,fsl-longspan-x200-source5x5-s321-332-20260714-0002-n0-d3-dep4-md128-it486-x1p00-s321-rg0,0,3,roihu_delta_support_process_control,4,254803968,524288,Fresh measured 5x5 source union for sealed x200 validation of a long-span Delta support and one-step source-only refinement. Target losses are evaluation-only.,controlled_model_dim_source_prefix_smalln_5x5,4980784.0,4980784.0,0.0,0.162821576719,13,5p_to_3x3_to_4x4_to_5x5_nested,16,1.305337,0,486,254803968,1.0,offline_union_5x5_x200_longspan_prospective,0:3,0:0;0:1;0:2;0:3;0:4;1:0;1:1;1:2;1:3;1:4;2:0;2:1;2:2;2:3;2:4;3:0;3:1;3:2;3:3;3:4;4:0;4:1;4:2;4:3;4:4,longspan_x200_delta_refinement_5x5,"train_seed,train_row_group_start,train_length_multiplier",held_out_evaluation_only,Submit GPU jobs to gpumedium; do not use pilot/gpupilot.
fsl_longspan_x200_source5x5_s321_332_20260714_0002_n0-d3-dep4-md128-it486-x1p00-s322-rg0,source_delta_support_process_control,canonical,4,72,64,128,322,486,254803968,524288,16,2048,40,1,L,fsl-longspan-x200-source5x5-s321-332-20260714-0002-n0-d3-dep4-md128-it486-x1p00-s322-rg0,0,3,roihu_delta_support_process_control,4,254803968,524288,Fresh measured 5x5 source union for sealed x200 validation of a long-span Delta support and one-step source-only refinement. Target losses are evaluation-only.,controlled_model_dim_source_prefix_smalln_5x5,4980784.0,4980784.0,0.0,0.162821576719,13,5p_to_3x3_to_4x4_to_5x5_nested,16,1.305337,0,486,254803968,1.0,offline_union_5x5_x200_longspan_prospective,0:3,0:0;0:1;0:2;0:3;0:4;1:0;1:1;1:2;1:3;1:4;2:0;2:1;2:2;2:3;2:4;3:0;3:1;3:2;3:3;3:4;4:0;4:1;4:2;4:3;4:4,longspan_x200_delta_refinement_5x5,"train_seed,train_row_group_start,train_length_multiplier",held_out_evaluation_only,Submit GPU jobs to gpumedium; do not use pilot/gpupilot.
fsl_longspan_x200_source5x5_s321_332_20260714_0002_n0-d3-dep4-md128-it486-x1p00-s323-rg0,source_delta_support_process_control,canonical,4,72,64,128,323,486,254803968,524288,16,2048,40,1,L,fsl-longspan-x200-source5x5-s321-332-20260714-0002-n0-d3-dep4-md128-it486-x1p00-s323-rg0,0,3,roihu_delta_support_process_control,4,254803968,524288,Fresh measured 5x5 source union for sealed x200 validation of a long-span Delta support and one-step source-only refinement. Target losses are evaluation-only.,controlled_model_dim_source_prefix_smalln_5x5,4980784.0,4980784.0,0.0,0.162821576719,13,5p_to_3x3_to_4x4_to_5x5_nested,16,1.305337,0,486,254803968,1.0,offline_union_5x5_x200_longspan_prospective,0:3,0:0;0:1;0:2;0:3;0:4;1:0;1:1;1:2;1:3;1:4;2:0;2:1;2:2;2:3;2:4;3:0;3:1;3:2;3:3;3:4;4:0;4:1;4:2;4:3;4:4,longspan_x200_delta_refinement_5x5,"train_seed,train_row_group_start,train_length_multiplier",held_out_evaluation_only,Submit GPU jobs to gpumedium; do not use pilot/gpupilot.
fsl_longspan_x200_source5x5_s321_332_20260714_0002_n0-d3-dep4-md128-it486-x1p00-s324-rg0,source_delta_support_process_control,canonical,4,72,64,128,324,486,254803968,524288,16,2048,40,1,L,fsl-longspan-x200-source5x5-s321-332-20260714-0002-n0-d3-dep4-md128-it486-x1p00-s324-rg0,0,3,roihu_delta_support_process_control,4,254803968,524288,Fresh measured 5x5 source union for sealed x200 validation of a long-span Delta support and one-step source-only refinement. Target losses are evaluation-only.,controlled_model_dim_source_prefix_smalln_5x5,4980784.0,4980784.0,0.0,0.162821576719,13,5p_to_3x3_to_4x4_to_5x5_nested,16,1.305337,0,486,254803968,1.0,offline_union_5x5_x200_longspan_prospective,0:3,0:0;0:1;0:2;0:3;0:4;1:0;1:1;1:2;1:3;1:4;2:0;2:1;2:2;2:3;2:4;3:0;3:1;3:2;3:3;3:4;4:0;4:1;4:2;4:3;4:4,longspan_x200_delta_refinement_5x5,"train_seed,train_row_group_start,train_length_multiplier",held_out_evaluation_only,Submit GPU jobs to gpumedium; do not use pilot/gpupilot.
fsl_longspan_x200_source5x5_s321_332_20260714_0002_n0-d3-dep4-md128-it486-x1p00-s325-rg0,source_delta_support_process_control,canonical,4,72,64,128,325,486,254803968,524288,16,2048,40,1,L,fsl-longspan-x200-source5x5-s321-332-20260714-0002-n0-d3-dep4-md128-it486-x1p00-s325-rg0,0,3,roihu_delta_support_process_control,4,254803968,524288,Fresh measured 5x5 source union for sealed x200 validation of a long-span Delta support and one-step source-only refinement. Target losses are evaluation-only.,controlled_model_dim_source_prefix_smalln_5x5,4980784.0,4980784.0,0.0,0.162821576719,13,5p_to_3x3_to_4x4_to_5x5_nested,16,1.305337,0,486,254803968,1.0,offline_union_5x5_x200_longspan_prospective,0:3,0:0;0:1;0:2;0:3;0:4;1:0;1:1;1:2;1:3;1:4;2:0;2:1;2:2;2:3;2:4;3:0;3:1;3:2;3:3;3:4;4:0;4:1;4:2;4:3;4:4,longspan_x200_delta_refinement_5x5,"train_seed,train_row_group_start,train_length_multiplier",held_out_evaluation_only,Submit GPU jobs to gpumedium; do not use pilot/gpupilot.
fsl_longspan_x200_source5x5_s321_332_20260714_0002_n0-d3-dep4-md128-it486-x1p00-s326-rg0,source_delta_support_process_control,canonical,4,72,64,128,326,486,254803968,524288,16,2048,40,1,L,fsl-longspan-x200-source5x5-s321-332-20260714-0002-n0-d3-dep4-md128-it486-x1p00-s326-rg0,0,3,roihu_delta_support_process_control,4,254803968,524288,Fresh measured 5x5 source union for sealed x200 validation of a long-span Delta support and one-step source-only refinement. Target losses are evaluation-only.,controlled_model_dim_source_prefix_smalln_5x5,4980784.0,4980784.0,0.0,0.162821576719,13,5p_to_3x3_to_4x4_to_5x5_nested,16,1.305337,0,486,254803968,1.0,offline_union_5x5_x200_longspan_prospective,0:3,0:0;0:1;0:2;0:3;0:4;1:0;1:1;1:2;1:3;1:4;2:0;2:1;2:2;2:3;2:4;3:0;3:1;3:2;3:3;3:4;4:0;4:1;4:2;4:3;4:4,longspan_x200_delta_refinement_5x5,"train_seed,train_row_group_start,train_length_multiplier",held_out_evaluation_only,Submit GPU jobs to gpumedium; do not use pilot/gpupilot.
fsl_longspan_x200_source5x5_s321_332_20260714_0002_n0-d3-dep4-md128-it486-x1p00-s327-rg0,source_delta_support_process_control,canonical,4,72,64,128,327,486,254803968,524288,16,2048,40,1,L,fsl-longspan-x200-source5x5-s321-332-20260714-0002-n0-d3-dep4-md128-it486-x1p00-s327-rg0,0,3,roihu_delta_support_process_control,4,254803968,524288,Fresh measured 5x5 source union for sealed x200 validation of a long-span Delta support and one-step source-only refinement. Target losses are evaluation-only.,controlled_model_dim_source_prefix_smalln_5x5,4980784.0,4980784.0,0.0,0.162821576719,13,5p_to_3x3_to_4x4_to_5x5_nested,16,1.305337,0,486,254803968,1.0,offline_union_5x5_x200_longspan_prospective,0:3,0:0;0:1;0:2;0:3;0:4;1:0;1:1;1:2;1:3;1:4;2:0;2:1;2:2;2:3;2:4;3:0;3:1;3:2;3:3;3:4;4:0;4:1;4:2;4:3;4:4,longspan_x200_delta_refinement_5x5,"train_seed,train_row_group_start,train_length_multiplier",held_out_evaluation_only,Submit GPU jobs to gpumedium; do not use pilot/gpupilot.
fsl_longspan_x200_source5x5_s321_332_20260714_0002_n0-d3-dep4-md128-it486-x1p00-s328-rg0,source_delta_support_process_control,canonical,4,72,64,128,328,486,254803968,524288,16,2048,40,1,L,fsl-longspan-x200-source5x5-s321-332-20260714-0002-n0-d3-dep4-md128-it486-x1p00-s328-rg0,0,3,roihu_delta_support_process_control,4,254803968,524288,Fresh measured 5x5 source union for sealed x200 validation of a long-span Delta support and one-step source-only refinement. Target losses are evaluation-only.,controlled_model_dim_source_prefix_smalln_5x5,4980784.0,4980784.0,0.0,0.162821576719,13,5p_to_3x3_to_4x4_to_5x5_nested,16,1.305337,0,486,254803968,1.0,offline_union_5x5_x200_longspan_prospective,0:3,0:0;0:1;0:2;0:3;0:4;1:0;1:1;1:2;1:3;1:4;2:0;2:1;2:2;2:3;2:4;3:0;3:1;3:2;3:3;3:4;4:0;4:1;4:2;4:3;4:4,longspan_x200_delta_refinement_5x5,"train_seed,train_row_group_start,train_length_multiplier",held_out_evaluation_only,Submit GPU jobs to gpumedium; do not use pilot/gpupilot.
fsl_longspan_x200_source5x5_s321_332_20260714_0002_n0-d3-dep4-md128-it486-x1p00-s329-rg0,source_delta_support_process_control,canonical,4,72,64,128,329,486,254803968,524288,16,2048,40,1,L,fsl-longspan-x200-source5x5-s321-332-20260714-0002-n0-d3-dep4-md128-it486-x1p00-s329-rg0,0,3,roihu_delta_support_process_control,4,254803968,524288,Fresh measured 5x5 source union for sealed x200 validation of a long-span Delta support and one-step source-only refinement. Target losses are evaluation-only.,controlled_model_dim_source_prefix_smalln_5x5,4980784.0,4980784.0,0.0,0.162821576719,13,5p_to_3x3_to_4x4_to_5x5_nested,16,1.305337,0,486,254803968,1.0,offline_union_5x5_x200_longspan_prospective,0:3,0:0;0:1;0:2;0:3;0:4;1:0;1:1;1:2;1:3;1:4;2:0;2:1;2:2;2:3;2:4;3:0;3:1;3:2;3:3;3:4;4:0;4:1;4:2;4:3;4:4,longspan_x200_delta_refinement_5x5,"train_seed,train_row_group_start,train_length_multiplier",held_out_evaluation_only,Submit GPU jobs to gpumedium; do not use pilot/gpupilot.
fsl_longspan_x200_source5x5_s321_332_20260714_0002_n0-d3-dep4-md128-it486-x1p00-s330-rg0,source_delta_support_process_control,canonical,4,72,64,128,330,486,254803968,524288,16,2048,40,1,L,fsl-longspan-x200-source5x5-s321-332-20260714-0002-n0-d3-dep4-md128-it486-x1p00-s330-rg0,0,3,roihu_delta_support_process_control,4,254803968,524288,Fresh measured 5x5 source union for sealed x200 validation of a long-span Delta support and one-step source-only refinement. Target losses are evaluation-only.,controlled_model_dim_source_prefix_smalln_5x5,4980784.0,4980784.0,0.0,0.162821576719,13,5p_to_3x3_to_4x4_to_5x5_nested,16,1.305337,0,486,254803968,1.0,offline_union_5x5_x200_longspan_prospective,0:3,0:0;0:1;0:2;0:3;0:4;1:0;1:1;1:2;1:3;1:4;2:0;2:1;2:2;2:3;2:4;3:0;3:1;3:2;3:3;3:4;4:0;4:1;4:2;4:3;4:4,longspan_x200_delta_refinement_5x5,"train_seed,train_row_group_start,train_length_multiplier",held_out_evaluation_only,Submit GPU jobs to gpumedium; do not use pilot/gpupilot.
fsl_longspan_x200_source5x5_s321_332_20260714_0002_n0-d3-dep4-md128-it486-x1p00-s331-rg0,source_delta_support_process_control,canonical,4,72,64,128,331,486,254803968,524288,16,2048,40,1,L,fsl-longspan-x200-source5x5-s321-332-20260714-0002-n0-d3-dep4-md128-it486-x1p00-s331-rg0,0,3,roihu_delta_support_process_control,4,254803968,524288,Fresh measured 5x5 source union for sealed x200 validation of a long-span Delta support and one-step source-only refinement. Target losses are evaluation-only.,controlled_model_dim_source_prefix_smalln_5x5,4980784.0,4980784.0,0.0,0.162821576719,13,5p_to_3x3_to_4x4_to_5x5_nested,16,1.305337,0,486,254803968,1.0,offline_union_5x5_x200_longspan_prospective,0:3,0:0;0:1;0:2;0:3;0:4;1:0;1:1;1:2;1:3;1:4;2:0;2:1;2:2;2:3;2:4;3:0;3:1;3:2;3:3;3:4;4:0;4:1;4:2;4:3;4:4,longspan_x200_delta_refinement_5x5,"train_seed,train_row_group_start,train_length_multiplier",held_out_evaluation_only,Submit GPU jobs to gpumedium; do not use pilot/gpupilot.
fsl_longspan_x200_source5x5_s321_332_20260714_0002_n0-d3-dep4-md128-it486-x1p00-s332-rg0,source_delta_support_process_control,canonical,4,72,64,128,332,486,254803968,524288,16,2048,40,1,L,fsl-longspan-x200-source5x5-s321-332-20260714-0002-n0-d3-dep4-md128-it486-x1p00-s332-rg0,0,3,roihu_delta_support_process_control,4,254803968,524288,Fresh measured 5x5 source union for sealed x200 validation of a long-span Delta support and one-step source-only refinement. Target losses are evaluation-only.,controlled_model_dim_source_prefix_smalln_5x5,4980784.0,4980784.0,0.0,0.162821576719,13,5p_to_3x3_to_4x4_to_5x5_nested,16,1.305337,0,486,254803968,1.0,offline_union_5x5_x200_longspan_prospective,0:3,0:0;0:1;0:2;0:3;0:4;1:0;1:1;1:2;1:3;1:4;2:0;2:1;2:2;2:3;2:4;3:0;3:1;3:2;3:3;3:4;4:0;4:1;4:2;4:3;4:4,longspan_x200_delta_refinement_5x5,"train_seed,train_row_group_start,train_length_multiplier",held_out_evaluation_only,Submit GPU jobs to gpumedium; do not use pilot/gpupilot.
fsl_longspan_x200_source5x5_s321_332_20260714_0002_n0-d4-dep4-md128-it729-x1p00-s321-rg0,source_delta_support_process_control,canonical,4,72,64,128,321,729,382205952,524288,16,2048,40,1,L,fsl-longspan-x200-source5x5-s321-332-20260714-0002-n0-d4-dep4-md128-it729-x1p00-s321-rg0,0,4,roihu_delta_support_process_control,4,382205952,524288,Fresh measured 5x5 source union for sealed x200 validation of a long-span Delta support and one-step source-only refinement. Target losses are evaluation-only.,controlled_model_dim_source_prefix_smalln_5x5,4980784.0,4980784.0,0.0,0.162821576719,21,5p_to_3x3_to_4x4_to_5x5_nested,25,1.305337,0,729,382205952,1.0,offline_union_5x5_x200_longspan_prospective,0:4,0:0;0:1;0:2;0:3;0:4;1:0;1:1;1:2;1:3;1:4;2:0;2:1;2:2;2:3;2:4;3:0;3:1;3:2;3:3;3:4;4:0;4:1;4:2;4:3;4:4,longspan_x200_delta_refinement_5x5,"train_seed,train_row_group_start,train_length_multiplier",held_out_evaluation_only,Submit GPU jobs to gpumedium; do not use pilot/gpupilot.
fsl_longspan_x200_source5x5_s321_332_20260714_0002_n0-d4-dep4-md128-it729-x1p00-s322-rg0,source_delta_support_process_control,canonical,4,72,64,128,322,729,382205952,524288,16,2048,40,1,L,fsl-longspan-x200-source5x5-s321-332-20260714-0002-n0-d4-dep4-md128-it729-x1p00-s322-rg0,0,4,roihu_delta_support_process_control,4,382205952,524288,Fresh measured 5x5 source union for sealed x200 validation of a long-span Delta support and one-step source-only refinement. Target losses are evaluation-only.,controlled_model_dim_source_prefix_smalln_5x5,4980784.0,4980784.0,0.0,0.162821576719,21,5p_to_3x3_to_4x4_to_5x5_nested,25,1.305337,0,729,382205952,1.0,offline_union_5x5_x200_longspan_prospective,0:4,0:0;0:1;0:2;0:3;0:4;1:0;1:1;1:2;1:3;1:4;2:0;2:1;2:2;2:3;2:4;3:0;3:1;3:2;3:3;3:4;4:0;4:1;4:2;4:3;4:4,longspan_x200_delta_refinement_5x5,"train_seed,train_row_group_start,train_length_multiplier",held_out_evaluation_only,Submit GPU jobs to gpumedium; do not use pilot/gpupilot.
fsl_longspan_x200_source5x5_s321_332_20260714_0002_n0-d4-dep4-md128-it729-x1p00-s323-rg0,source_delta_support_process_control,canonical,4,72,64,128,323,729,382205952,524288,16,2048,40,1,L,fsl-longspan-x200-source5x5-s321-332-20260714-0002-n0-d4-dep4-md128-it729-x1p00-s323-rg0,0,4,roihu_delta_support_process_control,4,382205952,524288,Fresh measured 5x5 source union for sealed x200 validation of a long-span Delta support and one-step source-only refinement. Target losses are evaluation-only.,controlled_model_dim_source_prefix_smalln_5x5,4980784.0,4980784.0,0.0,0.162821576719,21,5p_to_3x3_to_4x4_to_5x5_nested,25,1.305337,0,729,382205952,1.0,offline_union_5x5_x200_longspan_prospective,0:4,0:0;0:1;0:2;0:3;0:4;1:0;1:1;1:2;1:3;1:4;2:0;2:1;2:2;2:3;2:4;3:0;3:1;3:2;3:3;3:4;4:0;4:1;4:2;4:3;4:4,longspan_x200_delta_refinement_5x5,"train_seed,train_row_group_start,train_length_multiplier",held_out_evaluation_only,Submit GPU jobs to gpumedium; do not use pilot/gpupilot.
fsl_longspan_x200_source5x5_s321_332_20260714_0002_n0-d4-dep4-md128-it729-x1p00-s324-rg0,source_delta_support_process_control,canonical,4,72,64,128,324,729,382205952,524288,16,2048,40,1,L,fsl-longspan-x200-source5x5-s321-332-20260714-0002-n0-d4-dep4-md128-it729-x1p00-s324-rg0,0,4,roihu_delta_support_process_control,4,382205952,524288,Fresh measured 5x5 source union for sealed x200 validation of a long-span Delta support and one-step source-only refinement. Target losses are evaluation-only.,controlled_model_dim_source_prefix_smalln_5x5,4980784.0,4980784.0,0.0,0.162821576719,21,5p_to_3x3_to_4x4_to_5x5_nested,25,1.305337,0,729,382205952,1.0,offline_union_5x5_x200_longspan_prospective,0:4,0:0;0:1;0:2;0:3;0:4;1:0;1:1;1:2;1:3;1:4;2:0;2:1;2:2;2:3;2:4;3:0;3:1;3:2;3:3;3:4;4:0;4:1;4:2;4:3;4:4,longspan_x200_delta_refinement_5x5,"train_seed,train_row_group_start,train_length_multiplier",held_out_evaluation_only,Submit GPU jobs to gpumedium; do not use pilot/gpupilot.
fsl_longspan_x200_source5x5_s321_332_20260714_0002_n0-d4-dep4-md128-it729-x1p00-s325-rg0,source_delta_support_process_control,canonical,4,72,64,128,325,729,382205952,524288,16,2048,40,1,L,fsl-longspan-x200-source5x5-s321-332-20260714-0002-n0-d4-dep4-md128-it729-x1p00-s325-rg0,0,4,roihu_delta_support_process_control,4,382205952,524288,Fresh measured 5x5 source union for sealed x200 validation of a long-span Delta support and one-step source-only refinement. Target losses are evaluation-only.,controlled_model_dim_source_prefix_smalln_5x5,4980784.0,4980784.0,0.0,0.162821576719,21,5p_to_3x3_to_4x4_to_5x5_nested,25,1.305337,0,729,382205952,1.0,offline_union_5x5_x200_longspan_prospective,0:4,0:0;0:1;0:2;0:3;0:4;1:0;1:1;1:2;1:3;1:4;2:0;2:1;2:2;2:3;2:4;3:0;3:1;3:2;3:3;3:4;4:0;4:1;4:2;4:3;4:4,longspan_x200_delta_refinement_5x5,"train_seed,train_row_group_start,train_length_multiplier",held_out_evaluation_only,Submit GPU jobs to gpumedium; do not use pilot/gpupilot.
fsl_longspan_x200_source5x5_s321_332_20260714_0002_n0-d4-dep4-md128-it729-x1p00-s326-rg0,source_delta_support_process_control,canonical,4,72,64,128,326,729,382205952,524288,16,2048,40,1,L,fsl-longspan-x200-source5x5-s321-332-20260714-0002-n0-d4-dep4-md128-it729-x1p00-s326-rg0,0,4,roihu_delta_support_process_control,4,382205952,524288,Fresh measured 5x5 source union for sealed x200 validation of a long-span Delta support and one-step source-only refinement. Target losses are evaluation-only.,controlled_model_dim_source_prefix_smalln_5x5,4980784.0,4980784.0,0.0,0.162821576719,21,5p_to_3x3_to_4x4_to_5x5_nested,25,1.305337,0,729,382205952,1.0,offline_union_5x5_x200_longspan_prospective,0:4,0:0;0:1;0:2;0:3;0:4;1:0;1:1;1:2;1:3;1:4;2:0;2:1;2:2;2:3;2:4;3:0;3:1;3:2;3:3;3:4;4:0;4:1;4:2;4:3;4:4,longspan_x200_delta_refinement_5x5,"train_seed,train_row_group_start,train_length_multiplier",held_out_evaluation_only,Submit GPU jobs to gpumedium; do not use pilot/gpupilot.
fsl_longspan_x200_source5x5_s321_332_20260714_0002_n0-d4-dep4-md128-it729-x1p00-s327-rg0,source_delta_support_process_control,canonical,4,72,64,128,327,729,382205952,524288,16,2048,40,1,L,fsl-longspan-x200-source5x5-s321-332-20260714-0002-n0-d4-dep4-md128-it729-x1p00-s327-rg0,0,4,roihu_delta_support_process_control,4,382205952,524288,Fresh measured 5x5 source union for sealed x200 validation of a long-span Delta support and one-step source-only refinement. Target losses are evaluation-only.,controlled_model_dim_source_prefix_smalln_5x5,4980784.0,4980784.0,0.0,0.162821576719,21,5p_to_3x3_to_4x4_to_5x5_nested,25,1.305337,0,729,382205952,1.0,offline_union_5x5_x200_longspan_prospective,0:4,0:0;0:1;0:2;0:3;0:4;1:0;1:1;1:2;1:3;1:4;2:0;2:1;2:2;2:3;2:4;3:0;3:1;3:2;3:3;3:4;4:0;4:1;4:2;4:3;4:4,longspan_x200_delta_refinement_5x5,"train_seed,train_row_group_start,train_length_multiplier",held_out_evaluation_only,Submit GPU jobs to gpumedium; do not use pilot/gpupilot.
fsl_longspan_x200_source5x5_s321_332_20260714_0002_n0-d4-dep4-md128-it729-x1p00-s328-rg0,source_delta_support_process_control,canonical,4,72,64,128,328,729,382205952,524288,16,2048,40,1,L,fsl-longspan-x200-source5x5-s321-332-20260714-0002-n0-d4-dep4-md128-it729-x1p00-s328-rg0,0,4,roihu_delta_support_process_control,4,382205952,524288,Fresh measured 5x5 source union for sealed x200 validation of a long-span Delta support and one-step source-only refinement. Target losses are evaluation-only.,controlled_model_dim_source_prefix_smalln_5x5,4980784.0,4980784.0,0.0,0.162821576719,21,5p_to_3x3_to_4x4_to_5x5_nested,25,1.305337,0,729,382205952,1.0,offline_union_5x5_x200_longspan_prospective,0:4,0:0;0:1;0:2;0:3;0:4;1:0;1:1;1:2;1:3;1:4;2:0;2:1;2:2;2:3;2:4;3:0;3:1;3:2;3:3;3:4;4:0;4:1;4:2;4:3;4:4,longspan_x200_delta_refinement_5x5,"train_seed,train_row_group_start,train_length_multiplier",held_out_evaluation_only,Submit GPU jobs to gpumedium; do not use pilot/gpupilot.
fsl_longspan_x200_source5x5_s321_332_20260714_0002_n0-d4-dep4-md128-it729-x1p00-s329-rg0,source_delta_support_process_control,canonical,4,72,64,128,329,729,382205952,524288,16,2048,40,1,L,fsl-longspan-x200-source5x5-s321-332-20260714-0002-n0-d4-dep4-md128-it729-x1p00-s329-rg0,0,4,roihu_delta_support_process_control,4,382205952,524288,Fresh measured 5x5 source union for sealed x200 validation of a long-span Delta support and one-step source-only refinement. Target losses are evaluation-only.,controlled_model_dim_source_prefix_smalln_5x5,4980784.0,4980784.0,0.0,0.162821576719,21,5p_to_3x3_to_4x4_to_5x5_nested,25,1.305337,0,729,382205952,1.0,offline_union_5x5_x200_longspan_prospective,0:4,0:0;0:1;0:2;0:3;0:4;1:0;1:1;1:2;1:3;1:4;2:0;2:1;2:2;2:3;2:4;3:0;3:1;3:2;3:3;3:4;4:0;4:1;4:2;4:3;4:4,longspan_x200_delta_refinement_5x5,"train_seed,train_row_group_start,train_length_multiplier",held_out_evaluation_only,Submit GPU jobs to gpumedium; do not use pilot/gpupilot.
fsl_longspan_x200_source5x5_s321_332_20260714_0002_n0-d4-dep4-md128-it729-x1p00-s330-rg0,source_delta_support_process_control,canonical,4,72,64,128,330,729,382205952,524288,16,2048,40,1,L,fsl-longspan-x200-source5x5-s321-332-20260714-0002-n0-d4-dep4-md128-it729-x1p00-s330-rg0,0,4,roihu_delta_support_process_control,4,382205952,524288,Fresh measured 5x5 source union for sealed x200 validation of a long-span Delta support and one-step source-only refinement. Target losses are evaluation-only.,controlled_model_dim_source_prefix_smalln_5x5,4980784.0,4980784.0,0.0,0.162821576719,21,5p_to_3x3_to_4x4_to_5x5_nested,25,1.305337,0,729,382205952,1.0,offline_union_5x5_x200_longspan_prospective,0:4,0:0;0:1;0:2;0:3;0:4;1:0;1:1;1:2;1:3;1:4;2:0;2:1;2:2;2:3;2:4;3:0;3:1;3:2;3:3;3:4;4:0;4:1;4:2;4:3;4:4,longspan_x200_delta_refinement_5x5,"train_seed,train_row_group_start,train_length_multiplier",held_out_evaluation_only,Submit GPU jobs to gpumedium; do not use pilot/gpupilot.
fsl_longspan_x200_source5x5_s321_332_20260714_0002_n0-d4-dep4-md128-it729-x1p00-s331-rg0,source_delta_support_process_control,canonical,4,72,64,128,331,729,382205952,524288,16,2048,40,1,L,fsl-longspan-x200-source5x5-s321-332-20260714-0002-n0-d4-dep4-md128-it729-x1p00-s331-rg0,0,4,roihu_delta_support_process_control,4,382205952,524288,Fresh measured 5x5 source union for sealed x200 validation of a long-span Delta support and one-step source-only refinement. Target losses are evaluation-only.,controlled_model_dim_source_prefix_smalln_5x5,4980784.0,4980784.0,0.0,0.162821576719,21,5p_to_3x3_to_4x4_to_5x5_nested,25,1.305337,0,729,382205952,1.0,offline_union_5x5_x200_longspan_prospective,0:4,0:0;0:1;0:2;0:3;0:4;1:0;1:1;1:2;1:3;1:4;2:0;2:1;2:2;2:3;2:4;3:0;3:1;3:2;3:3;3:4;4:0;4:1;4:2;4:3;4:4,longspan_x200_delta_refinement_5x5,"train_seed,train_row_group_start,train_length_multiplier",held_out_evaluation_only,Submit GPU jobs to gpumedium; do not use pilot/gpupilot.
fsl_longspan_x200_source5x5_s321_332_20260714_0002_n0-d4-dep4-md128-it729-x1p00-s332-rg0,source_delta_support_process_control,canonical,4,72,64,128,332,729,382205952,524288,16,2048,40,1,L,fsl-longspan-x200-source5x5-s321-332-20260714-0002-n0-d4-dep4-md128-it729-x1p00-s332-rg0,0,4,roihu_delta_support_process_control,4,382205952,524288,Fresh measured 5x5 source union for sealed x200 validation of a long-span Delta support and one-step source-only refinement. Target losses are evaluation-only.,controlled_model_dim_source_prefix_smalln_5x5,4980784.0,4980784.0,0.0,0.162821576719,21,5p_to_3x3_to_4x4_to_5x5_nested,25,1.305337,0,729,382205952,1.0,offline_union_5x5_x200_longspan_prospective,0:4,0:0;0:1;0:2;0:3;0:4;1:0;1:1;1:2;1:3;1:4;2:0;2:1;2:2;2:3;2:4;3:0;3:1;3:2;3:3;3:4;4:0;4:1;4:2;4:3;4:4,longspan_x200_delta_refinement_5x5,"train_seed,train_row_group_start,train_length_multiplier",held_out_evaluation_only,Submit GPU jobs to gpumedium; do not use pilot/gpupilot.
fsl_longspan_x200_source5x5_s321_332_20260714_0002_n1-d0-dep4-md192-it144-x1p00-s321-rg0,source_delta_support_process_control,canonical,4,72,64,192,321,144,75497472,524288,16,2048,40,1,L,fsl-longspan-x200-source5x5-s321-332-20260714-0002-n1-d0-dep4-md192-it144-x1p00-s321-rg0,1,0,roihu_delta_support_process_control,4,75497472,524288,Fresh measured 5x5 source union for sealed x200 validation of a long-span Delta support and one-step source-only refinement. Target losses are evaluation-only.,controlled_model_dim_source_prefix_smalln_5x5,8061000.0,8061000.0,0.0,0.162821576719,2,5p_to_3x3_to_4x4_to_5x5_nested,5,1.305337,0,144,75497472,1.0,offline_union_5x5_x200_longspan_prospective,1:0,0:0;0:1;0:2;0:3;0:4;1:0;1:1;1:2;1:3;1:4;2:0;2:1;2:2;2:3;2:4;3:0;3:1;3:2;3:3;3:4;4:0;4:1;4:2;4:3;4:4,longspan_x200_delta_refinement_5x5,"train_seed,train_row_group_start,train_length_multiplier",held_out_evaluation_only,Submit GPU jobs to gpumedium; do not use pilot/gpupilot.
fsl_longspan_x200_source5x5_s321_332_20260714_0002_n1-d0-dep4-md192-it144-x1p00-s322-rg0,source_delta_support_process_control,canonical,4,72,64,192,322,144,75497472,524288,16,2048,40,1,L,fsl-longspan-x200-source5x5-s321-332-20260714-0002-n1-d0-dep4-md192-it144-x1p00-s322-rg0,1,0,roihu_delta_support_process_control,4,75497472,524288,Fresh measured 5x5 source union for sealed x200 validation of a long-span Delta support and one-step source-only refinement. Target losses are evaluation-only.,controlled_model_dim_source_prefix_smalln_5x5,8061000.0,8061000.0,0.0,0.162821576719,2,5p_to_3x3_to_4x4_to_5x5_nested,5,1.305337,0,144,75497472,1.0,offline_union_5x5_x200_longspan_prospective,1:0,0:0;0:1;0:2;0:3;0:4;1:0;1:1;1:2;1:3;1:4;2:0;2:1;2:2;2:3;2:4;3:0;3:1;3:2;3:3;3:4;4:0;4:1;4:2;4:3;4:4,longspan_x200_delta_refinement_5x5,"train_seed,train_row_group_start,train_length_multiplier",held_out_evaluation_only,Submit GPU jobs to gpumedium; do not use pilot/gpupilot.
fsl_longspan_x200_source5x5_s321_332_20260714_0002_n1-d0-dep4-md192-it144-x1p00-s323-rg0,source_delta_support_process_control,canonical,4,72,64,192,323,144,75497472,524288,16,2048,40,1,L,fsl-longspan-x200-source5x5-s321-332-20260714-0002-n1-d0-dep4-md192-it144-x1p00-s323-rg0,1,0,roihu_delta_support_process_control,4,75497472,524288,Fresh measured 5x5 source union for sealed x200 validation of a long-span Delta support and one-step source-only refinement. Target losses are evaluation-only.,controlled_model_dim_source_prefix_smalln_5x5,8061000.0,8061000.0,0.0,0.162821576719,2,5p_to_3x3_to_4x4_to_5x5_nested,5,1.305337,0,144,75497472,1.0,offline_union_5x5_x200_longspan_prospective,1:0,0:0;0:1;0:2;0:3;0:4;1:0;1:1;1:2;1:3;1:4;2:0;2:1;2:2;2:3;2:4;3:0;3:1;3:2;3:3;3:4;4:0;4:1;4:2;4:3;4:4,longspan_x200_delta_refinement_5x5,"train_seed,train_row_group_start,train_length_multiplier",held_out_evaluation_only,Submit GPU jobs to gpumedium; do not use pilot/gpupilot.
fsl_longspan_x200_source5x5_s321_332_20260714_0002_n1-d0-dep4-md192-it144-x1p00-s324-rg0,source_delta_support_process_control,canonical,4,72,64,192,324,144,75497472,524288,16,2048,40,1,L,fsl-longspan-x200-source5x5-s321-332-20260714-0002-n1-d0-dep4-md192-it144-x1p00-s324-rg0,1,0,roihu_delta_support_process_control,4,75497472,524288,Fresh measured 5x5 source union for sealed x200 validation of a long-span Delta support and one-step source-only refinement. Target losses are evaluation-only.,controlled_model_dim_source_prefix_smalln_5x5,8061000.0,8061000.0,0.0,0.162821576719,2,5p_to_3x3_to_4x4_to_5x5_nested,5,1.305337,0,144,75497472,1.0,offline_union_5x5_x200_longspan_prospective,1:0,0:0;0:1;0:2;0:3;0:4;1:0;1:1;1:2;1:3;1:4;2:0;2:1;2:2;2:3;2:4;3:0;3:1;3:2;3:3;3:4;4:0;4:1;4:2;4:3;4:4,longspan_x200_delta_refinement_5x5,"train_seed,train_row_group_start,train_length_multiplier",held_out_evaluation_only,Submit GPU jobs to gpumedium; do not use pilot/gpupilot.
fsl_longspan_x200_source5x5_s321_332_20260714_0002_n1-d0-dep4-md192-it144-x1p00-s325-rg0,source_delta_support_process_control,canonical,4,72,64,192,325,144,75497472,524288,16,2048,40,1,L,fsl-longspan-x200-source5x5-s321-332-20260714-0002-n1-d0-dep4-md192-it144-x1p00-s325-rg0,1,0,roihu_delta_support_process_control,4,75497472,524288,Fresh measured 5x5 source union for sealed x200 validation of a long-span Delta support and one-step source-only refinement. Target losses are evaluation-only.,controlled_model_dim_source_prefix_smalln_5x5,8061000.0,8061000.0,0.0,0.162821576719,2,5p_to_3x3_to_4x4_to_5x5_nested,5,1.305337,0,144,75497472,1.0,offline_union_5x5_x200_longspan_prospective,1:0,0:0;0:1;0:2;0:3;0:4;1:0;1:1;1:2;1:3;1:4;2:0;2:1;2:2;2:3;2:4;3:0;3:1;3:2;3:3;3:4;4:0;4:1;4:2;4:3;4:4,longspan_x200_delta_refinement_5x5,"train_seed,train_row_group_start,train_length_multiplier",held_out_evaluation_only,Submit GPU jobs to gpumedium; do not use pilot/gpupilot.
fsl_longspan_x200_source5x5_s321_332_20260714_0002_n1-d0-dep4-md192-it144-x1p00-s326-rg0,source_delta_support_process_control,canonical,4,72,64,192,326,144,75497472,524288,16,2048,40,1,L,fsl-longspan-x200-source5x5-s321-332-20260714-0002-n1-d0-dep4-md192-it144-x1p00-s326-rg0,1,0,roihu_delta_support_process_control,4,75497472,524288,Fresh measured 5x5 source union for sealed x200 validation of a long-span Delta support and one-step source-only refinement. Target losses are evaluation-only.,controlled_model_dim_source_prefix_smalln_5x5,8061000.0,8061000.0,0.0,0.162821576719,2,5p_to_3x3_to_4x4_to_5x5_nested,5,1.305337,0,144,75497472,1.0,offline_union_5x5_x200_longspan_prospective,1:0,0:0;0:1;0:2;0:3;0:4;1:0;1:1;1:2;1:3;1:4;2:0;2:1;2:2;2:3;2:4;3:0;3:1;3:2;3:3;3:4;4:0;4:1;4:2;4:3;4:4,longspan_x200_delta_refinement_5x5,"train_seed,train_row_group_start,train_length_multiplier",held_out_evaluation_only,Submit GPU jobs to gpumedium; do not use pilot/gpupilot.
fsl_longspan_x200_source5x5_s321_332_20260714_0002_n1-d0-dep4-md192-it144-x1p00-s327-rg0,source_delta_support_process_control,canonical,4,72,64,192,327,144,75497472,524288,16,2048,40,1,L,fsl-longspan-x200-source5x5-s321-332-20260714-0002-n1-d0-dep4-md192-it144-x1p00-s327-rg0,1,0,roihu_delta_support_process_control,4,75497472,524288,Fresh measured 5x5 source union for sealed x200 validation of a long-span Delta support and one-step source-only refinement. Target losses are evaluation-only.,controlled_model_dim_source_prefix_smalln_5x5,8061000.0,8061000.0,0.0,0.162821576719,2,5p_to_3x3_to_4x4_to_5x5_nested,5,1.305337,0,144,75497472,1.0,offline_union_5x5_x200_longspan_prospective,1:0,0:0;0:1;0:2;0:3;0:4;1:0;1:1;1:2;1:3;1:4;2:0;2:1;2:2;2:3;2:4;3:0;3:1;3:2;3:3;3:4;4:0;4:1;4:2;4:3;4:4,longspan_x200_delta_refinement_5x5,"train_seed,train_row_group_start,train_length_multiplier",held_out_evaluation_only,Submit GPU jobs to gpumedium; do not use pilot/gpupilot.
fsl_longspan_x200_source5x5_s321_332_20260714_0002_n1-d0-dep4-md192-it144-x1p00-s328-rg0,source_delta_support_process_control,canonical,4,72,64,192,328,144,75497472,524288,16,2048,40,1,L,fsl-longspan-x200-source5x5-s321-332-20260714-0002-n1-d0-dep4-md192-it144-x1p00-s328-rg0,1,0,roihu_delta_support_process_control,4,75497472,524288,Fresh measured 5x5 source union for sealed x200 validation of a long-span Delta support and one-step source-only refinement. Target losses are evaluation-only.,controlled_model_dim_source_prefix_smalln_5x5,8061000.0,8061000.0,0.0,0.162821576719,2,5p_to_3x3_to_4x4_to_5x5_nested,5,1.305337,0,144,75497472,1.0,offline_union_5x5_x200_longspan_prospective,1:0,0:0;0:1;0:2;0:3;0:4;1:0;1:1;1:2;1:3;1:4;2:0;2:1;2:2;2:3;2:4;3:0;3:1;3:2;3:3;3:4;4:0;4:1;4:2;4:3;4:4,longspan_x200_delta_refinement_5x5,"train_seed,train_row_group_start,train_length_multiplier",held_out_evaluation_only,Submit GPU jobs to gpumedium; do not use pilot/gpupilot.
fsl_longspan_x200_source5x5_s321_332_20260714_0002_n1-d0-dep4-md192-it144-x1p00-s329-rg0,source_delta_support_process_control,canonical,4,72,64,192,329,144,75497472,524288,16,2048,40,1,L,fsl-longspan-x200-source5x5-s321-332-20260714-0002-n1-d0-dep4-md192-it144-x1p00-s329-rg0,1,0,roihu_delta_support_process_control,4,75497472,524288,Fresh measured 5x5 source union for sealed x200 validation of a long-span Delta support and one-step source-only refinement. Target losses are evaluation-only.,controlled_model_dim_source_prefix_smalln_5x5,8061000.0,8061000.0,0.0,0.162821576719,2,5p_to_3x3_to_4x4_to_5x5_nested,5,1.305337,0,144,75497472,1.0,offline_union_5x5_x200_longspan_prospective,1:0,0:0;0:1;0:2;0:3;0:4;1:0;1:1;1:2;1:3;1:4;2:0;2:1;2:2;2:3;2:4;3:0;3:1;3:2;3:3;3:4;4:0;4:1;4:2;4:3;4:4,longspan_x200_delta_refinement_5x5,"train_seed,train_row_group_start,train_length_multiplier",held_out_evaluation_only,Submit GPU jobs to gpumedium; do not use pilot/gpupilot.
fsl_longspan_x200_source5x5_s321_332_20260714_0002_n1-d0-dep4-md192-it144-x1p00-s330-rg0,source_delta_support_process_control,canonical,4,72,64,192,330,144,75497472,524288,16,2048,40,1,L,fsl-longspan-x200-source5x5-s321-332-20260714-0002-n1-d0-dep4-md192-it144-x1p00-s330-rg0,1,0,roihu_delta_support_process_control,4,75497472,524288,Fresh measured 5x5 source union for sealed x200 validation of a long-span Delta support and one-step source-only refinement. Target losses are evaluation-only.,controlled_model_dim_source_prefix_smalln_5x5,8061000.0,8061000.0,0.0,0.162821576719,2,5p_to_3x3_to_4x4_to_5x5_nested,5,1.305337,0,144,75497472,1.0,offline_union_5x5_x200_longspan_prospective,1:0,0:0;0:1;0:2;0:3;0:4;1:0;1:1;1:2;1:3;1:4;2:0;2:1;2:2;2:3;2:4;3:0;3:1;3:2;3:3;3:4;4:0;4:1;4:2;4:3;4:4,longspan_x200_delta_refinement_5x5,"train_seed,train_row_group_start,train_length_multiplier",held_out_evaluation_only,Submit GPU jobs to gpumedium; do not use pilot/gpupilot.
fsl_longspan_x200_source5x5_s321_332_20260714_0002_n1-d0-dep4-md192-it144-x1p00-s331-rg0,source_delta_support_process_control,canonical,4,72,64,192,331,144,75497472,524288,16,2048,40,1,L,fsl-longspan-x200-source5x5-s321-332-20260714-0002-n1-d0-dep4-md192-it144-x1p00-s331-rg0,1,0,roihu_delta_support_process_control,4,75497472,524288,Fresh measured 5x5 source union for sealed x200 validation of a long-span Delta support and one-step source-only refinement. Target losses are evaluation-only.,controlled_model_dim_source_prefix_smalln_5x5,8061000.0,8061000.0,0.0,0.162821576719,2,5p_to_3x3_to_4x4_to_5x5_nested,5,1.305337,0,144,75497472,1.0,offline_union_5x5_x200_longspan_prospective,1:0,0:0;0:1;0:2;0:3;0:4;1:0;1:1;1:2;1:3;1:4;2:0;2:1;2:2;2:3;2:4;3:0;3:1;3:2;3:3;3:4;4:0;4:1;4:2;4:3;4:4,longspan_x200_delta_refinement_5x5,"train_seed,train_row_group_start,train_length_multiplier",held_out_evaluation_only,Submit GPU jobs to gpumedium; do not use pilot/gpupilot.
fsl_longspan_x200_source5x5_s321_332_20260714_0002_n1-d0-dep4-md192-it144-x1p00-s332-rg0,source_delta_support_process_control,canonical,4,72,64,192,332,144,75497472,524288,16,2048,40,1,L,fsl-longspan-x200-source5x5-s321-332-20260714-0002-n1-d0-dep4-md192-it144-x1p00-s332-rg0,1,0,roihu_delta_support_process_control,4,75497472,524288,Fresh measured 5x5 source union for sealed x200 validation of a long-span Delta support and one-step source-only refinement. Target losses are evaluation-only.,controlled_model_dim_source_prefix_smalln_5x5,8061000.0,8061000.0,0.0,0.162821576719,2,5p_to_3x3_to_4x4_to_5x5_nested,5,1.305337,0,144,75497472,1.0,offline_union_5x5_x200_longspan_prospective,1:0,0:0;0:1;0:2;0:3;0:4;1:0;1:1;1:2;1:3;1:4;2:0;2:1;2:2;2:3;2:4;3:0;3:1;3:2;3:3;3:4;4:0;4:1;4:2;4:3;4:4,longspan_x200_delta_refinement_5x5,"train_seed,train_row_group_start,train_length_multiplier",held_out_evaluation_only,Submit GPU jobs to gpumedium; do not use pilot/gpupilot.
fsl_longspan_x200_source5x5_s321_332_20260714_0002_n1-d1-dep4-md192-it216-x1p00-s321-rg0,source_delta_support_process_control,canonical,4,72,64,192,321,216,113246208,524288,16,2048,40,1,L,fsl-longspan-x200-source5x5-s321-332-20260714-0002-n1-d1-dep4-md192-it216-x1p00-s321-rg0,1,1,roihu_delta_support_process_control,4,113246208,524288,Fresh measured 5x5 source union for sealed x200 validation of a long-span Delta support and one-step source-only refinement. Target losses are evaluation-only.,controlled_model_dim_source_prefix_smalln_5x5,8061000.0,8061000.0,0.0,0.162821576719,6,5p_to_3x3_to_4x4_to_5x5_nested,9,1.305337,0,216,113246208,1.0,offline_union_5x5_x200_longspan_prospective,1:1,0:0;0:1;0:2;0:3;0:4;1:0;1:1;1:2;1:3;1:4;2:0;2:1;2:2;2:3;2:4;3:0;3:1;3:2;3:3;3:4;4:0;4:1;4:2;4:3;4:4,longspan_x200_delta_refinement_5x5,"train_seed,train_row_group_start,train_length_multiplier",held_out_evaluation_only,Submit GPU jobs to gpumedium; do not use pilot/gpupilot.
fsl_longspan_x200_source5x5_s321_332_20260714_0002_n1-d1-dep4-md192-it216-x1p00-s322-rg0,source_delta_support_process_control,canonical,4,72,64,192,322,216,113246208,524288,16,2048,40,1,L,fsl-longspan-x200-source5x5-s321-332-20260714-0002-n1-d1-dep4-md192-it216-x1p00-s322-rg0,1,1,roihu_delta_support_process_control,4,113246208,524288,Fresh measured 5x5 source union for sealed x200 validation of a long-span Delta support and one-step source-only refinement. Target losses are evaluation-only.,controlled_model_dim_source_prefix_smalln_5x5,8061000.0,8061000.0,0.0,0.162821576719,6,5p_to_3x3_to_4x4_to_5x5_nested,9,1.305337,0,216,113246208,1.0,offline_union_5x5_x200_longspan_prospective,1:1,0:0;0:1;0:2;0:3;0:4;1:0;1:1;1:2;1:3;1:4;2:0;2:1;2:2;2:3;2:4;3:0;3:1;3:2;3:3;3:4;4:0;4:1;4:2;4:3;4:4,longspan_x200_delta_refinement_5x5,"train_seed,train_row_group_start,train_length_multiplier",held_out_evaluation_only,Submit GPU jobs to gpumedium; do not use pilot/gpupilot.
fsl_longspan_x200_source5x5_s321_332_20260714_0002_n1-d1-dep4-md192-it216-x1p00-s323-rg0,source_delta_support_process_control,canonical,4,72,64,192,323,216,113246208,524288,16,2048,40,1,L,fsl-longspan-x200-source5x5-s321-332-20260714-0002-n1-d1-dep4-md192-it216-x1p00-s323-rg0,1,1,roihu_delta_support_process_control,4,113246208,524288,Fresh measured 5x5 source union for sealed x200 validation of a long-span Delta support and one-step source-only refinement. Target losses are evaluation-only.,controlled_model_dim_source_prefix_smalln_5x5,8061000.0,8061000.0,0.0,0.162821576719,6,5p_to_3x3_to_4x4_to_5x5_nested,9,1.305337,0,216,113246208,1.0,offline_union_5x5_x200_longspan_prospective,1:1,0:0;0:1;0:2;0:3;0:4;1:0;1:1;1:2;1:3;1:4;2:0;2:1;2:2;2:3;2:4;3:0;3:1;3:2;3:3;3:4;4:0;4:1;4:2;4:3;4:4,longspan_x200_delta_refinement_5x5,"train_seed,train_row_group_start,train_length_multiplier",held_out_evaluation_only,Submit GPU jobs to gpumedium; do not use pilot/gpupilot.
fsl_longspan_x200_source5x5_s321_332_20260714_0002_n1-d1-dep4-md192-it216-x1p00-s324-rg0,source_delta_support_process_control,canonical,4,72,64,192,324,216,113246208,524288,16,2048,40,1,L,fsl-longspan-x200-source5x5-s321-332-20260714-0002-n1-d1-dep4-md192-it216-x1p00-s324-rg0,1,1,roihu_delta_support_process_control,4,113246208,524288,Fresh measured 5x5 source union for sealed x200 validation of a long-span Delta support and one-step source-only refinement. Target losses are evaluation-only.,controlled_model_dim_source_prefix_smalln_5x5,8061000.0,8061000.0,0.0,0.162821576719,6,5p_to_3x3_to_4x4_to_5x5_nested,9,1.305337,0,216,113246208,1.0,offline_union_5x5_x200_longspan_prospective,1:1,0:0;0:1;0:2;0:3;0:4;1:0;1:1;1:2;1:3;1:4;2:0;2:1;2:2;2:3;2:4;3:0;3:1;3:2;3:3;3:4;4:0;4:1;4:2;4:3;4:4,longspan_x200_delta_refinement_5x5,"train_seed,train_row_group_start,train_length_multiplier",held_out_evaluation_only,Submit GPU jobs to gpumedium; do not use pilot/gpupilot.
fsl_longspan_x200_source5x5_s321_332_20260714_0002_n1-d1-dep4-md192-it216-x1p00-s325-rg0,source_delta_support_process_control,canonical,4,72,64,192,325,216,113246208,524288,16,2048,40,1,L,fsl-longspan-x200-source5x5-s321-332-20260714-0002-n1-d1-dep4-md192-it216-x1p00-s325-rg0,1,1,roihu_delta_support_process_control,4,113246208,524288,Fresh measured 5x5 source union for sealed x200 validation of a long-span Delta support and one-step source-only refinement. Target losses are evaluation-only.,controlled_model_dim_source_prefix_smalln_5x5,8061000.0,8061000.0,0.0,0.162821576719,6,5p_to_3x3_to_4x4_to_5x5_nested,9,1.305337,0,216,113246208,1.0,offline_union_5x5_x200_longspan_prospective,1:1,0:0;0:1;0:2;0:3;0:4;1:0;1:1;1:2;1:3;1:4;2:0;2:1;2:2;2:3;2:4;3:0;3:1;3:2;3:3;3:4;4:0;4:1;4:2;4:3;4:4,longspan_x200_delta_refinement_5x5,"train_seed,train_row_group_start,train_length_multiplier",held_out_evaluation_only,Submit GPU jobs to gpumedium; do not use pilot/gpupilot.
fsl_longspan_x200_source5x5_s321_332_20260714_0002_n1-d1-dep4-md192-it216-x1p00-s326-rg0,source_delta_support_process_control,canonical,4,72,64,192,326,216,113246208,524288,16,2048,40,1,L,fsl-longspan-x200-source5x5-s321-332-20260714-0002-n1-d1-dep4-md192-it216-x1p00-s326-rg0,1,1,roihu_delta_support_process_control,4,113246208,524288,Fresh measured 5x5 source union for sealed x200 validation of a long-span Delta support and one-step source-only refinement. Target losses are evaluation-only.,controlled_model_dim_source_prefix_smalln_5x5,8061000.0,8061000.0,0.0,0.162821576719,6,5p_to_3x3_to_4x4_to_5x5_nested,9,1.305337,0,216,113246208,1.0,offline_union_5x5_x200_longspan_prospective,1:1,0:0;0:1;0:2;0:3;0:4;1:0;1:1;1:2;1:3;1:4;2:0;2:1;2:2;2:3;2:4;3:0;3:1;3:2;3:3;3:4;4:0;4:1;4:2;4:3;4:4,longspan_x200_delta_refinement_5x5,"train_seed,train_row_group_start,train_length_multiplier",held_out_evaluation_only,Submit GPU jobs to gpumedium; do not use pilot/gpupilot.
fsl_longspan_x200_source5x5_s321_332_20260714_0002_n1-d1-dep4-md192-it216-x1p00-s327-rg0,source_delta_support_process_control,canonical,4,72,64,192,327,216,113246208,524288,16,2048,40,1,L,fsl-longspan-x200-source5x5-s321-332-20260714-0002-n1-d1-dep4-md192-it216-x1p00-s327-rg0,1,1,roihu_delta_support_process_control,4,113246208,524288,Fresh measured 5x5 source union for sealed x200 validation of a long-span Delta support and one-step source-only refinement. Target losses are evaluation-only.,controlled_model_dim_source_prefix_smalln_5x5,8061000.0,8061000.0,0.0,0.162821576719,6,5p_to_3x3_to_4x4_to_5x5_nested,9,1.305337,0,216,113246208,1.0,offline_union_5x5_x200_longspan_prospective,1:1,0:0;0:1;0:2;0:3;0:4;1:0;1:1;1:2;1:3;1:4;2:0;2:1;2:2;2:3;2:4;3:0;3:1;3:2;3:3;3:4;4:0;4:1;4:2;4:3;4:4,longspan_x200_delta_refinement_5x5,"train_seed,train_row_group_start,train_length_multiplier",held_out_evaluation_only,Submit GPU jobs to gpumedium; do not use pilot/gpupilot.
fsl_longspan_x200_source5x5_s321_332_20260714_0002_n1-d1-dep4-md192-it216-x1p00-s328-rg0,source_delta_support_process_control,canonical,4,72,64,192,328,216,113246208,524288,16,2048,40,1,L,fsl-longspan-x200-source5x5-s321-332-20260714-0002-n1-d1-dep4-md192-it216-x1p00-s328-rg0,1,1,roihu_delta_support_process_control,4,113246208,524288,Fresh measured 5x5 source union for sealed x200 validation of a long-span Delta support and one-step source-only refinement. Target losses are evaluation-only.,controlled_model_dim_source_prefix_smalln_5x5,8061000.0,8061000.0,0.0,0.162821576719,6,5p_to_3x3_to_4x4_to_5x5_nested,9,1.305337,0,216,113246208,1.0,offline_union_5x5_x200_longspan_prospective,1:1,0:0;0:1;0:2;0:3;0:4;1:0;1:1;1:2;1:3;1:4;2:0;2:1;2:2;2:3;2:4;3:0;3:1;3:2;3:3;3:4;4:0;4:1;4:2;4:3;4:4,longspan_x200_delta_refinement_5x5,"train_seed,train_row_group_start,train_length_multiplier",held_out_evaluation_only,Submit GPU jobs to gpumedium; do not use pilot/gpupilot.
fsl_longspan_x200_source5x5_s321_332_20260714_0002_n1-d1-dep4-md192-it216-x1p00-s329-rg0,source_delta_support_process_control,canonical,4,72,64,192,329,216,113246208,524288,16,2048,40,1,L,fsl-longspan-x200-source5x5-s321-332-20260714-0002-n1-d1-dep4-md192-it216-x1p00-s329-rg0,1,1,roihu_delta_support_process_control,4,113246208,524288,Fresh measured 5x5 source union for sealed x200 validation of a long-span Delta support and one-step source-only refinement. Target losses are evaluation-only.,controlled_model_dim_source_prefix_smalln_5x5,8061000.0,8061000.0,0.0,0.162821576719,6,5p_to_3x3_to_4x4_to_5x5_nested,9,1.305337,0,216,113246208,1.0,offline_union_5x5_x200_longspan_prospective,1:1,0:0;0:1;0:2;0:3;0:4;1:0;1:1;1:2;1:3;1:4;2:0;2:1;2:2;2:3;2:4;3:0;3:1;3:2;3:3;3:4;4:0;4:1;4:2;4:3;4:4,longspan_x200_delta_refinement_5x5,"train_seed,train_row_group_start,train_length_multiplier",held_out_evaluation_only,Submit GPU jobs to gpumedium; do not use pilot/gpupilot.
fsl_longspan_x200_source5x5_s321_332_20260714_0002_n1-d1-dep4-md192-it216-x1p00-s330-rg0,source_delta_support_process_control,canonical,4,72,64,192,330,216,113246208,524288,16,2048,40,1,L,fsl-longspan-x200-source5x5-s321-332-20260714-0002-n1-d1-dep4-md192-it216-x1p00-s330-rg0,1,1,roihu_delta_support_process_control,4,113246208,524288,Fresh measured 5x5 source union for sealed x200 validation of a long-span Delta support and one-step source-only refinement. Target losses are evaluation-only.,controlled_model_dim_source_prefix_smalln_5x5,8061000.0,8061000.0,0.0,0.162821576719,6,5p_to_3x3_to_4x4_to_5x5_nested,9,1.305337,0,216,113246208,1.0,offline_union_5x5_x200_longspan_prospective,1:1,0:0;0:1;0:2;0:3;0:4;1:0;1:1;1:2;1:3;1:4;2:0;2:1;2:2;2:3;2:4;3:0;3:1;3:2;3:3;3:4;4:0;4:1;4:2;4:3;4:4,longspan_x200_delta_refinement_5x5,"train_seed,train_row_group_start,train_length_multiplier",held_out_evaluation_only,Submit GPU jobs to gpumedium; do not use pilot/gpupilot.
fsl_longspan_x200_source5x5_s321_332_20260714_0002_n1-d1-dep4-md192-it216-x1p00-s331-rg0,source_delta_support_process_control,canonical,4,72,64,192,331,216,113246208,524288,16,2048,40,1,L,fsl-longspan-x200-source5x5-s321-332-20260714-0002-n1-d1-dep4-md192-it216-x1p00-s331-rg0,1,1,roihu_delta_support_process_control,4,113246208,524288,Fresh measured 5x5 source union for sealed x200 validation of a long-span Delta support and one-step source-only refinement. Target losses are evaluation-only.,controlled_model_dim_source_prefix_smalln_5x5,8061000.0,8061000.0,0.0,0.162821576719,6,5p_to_3x3_to_4x4_to_5x5_nested,9,1.305337,0,216,113246208,1.0,offline_union_5x5_x200_longspan_prospective,1:1,0:0;0:1;0:2;0:3;0:4;1:0;1:1;1:2;1:3;1:4;2:0;2:1;2:2;2:3;2:4;3:0;3:1;3:2;3:3;3:4;4:0;4:1;4:2;4:3;4:4,longspan_x200_delta_refinement_5x5,"train_seed,train_row_group_start,train_length_multiplier",held_out_evaluation_only,Submit GPU jobs to gpumedium; do not use pilot/gpupilot.
fsl_longspan_x200_source5x5_s321_332_20260714_0002_n1-d1-dep4-md192-it216-x1p00-s332-rg0,source_delta_support_process_control,canonical,4,72,64,192,332,216,113246208,524288,16,2048,40,1,L,fsl-longspan-x200-source5x5-s321-332-20260714-0002-n1-d1-dep4-md192-it216-x1p00-s332-rg0,1,1,roihu_delta_support_process_control,4,113246208,524288,Fresh measured 5x5 source union for sealed x200 validation of a long-span Delta support and one-step source-only refinement. Target losses are evaluation-only.,controlled_model_dim_source_prefix_smalln_5x5,8061000.0,8061000.0,0.0,0.162821576719,6,5p_to_3x3_to_4x4_to_5x5_nested,9,1.305337,0,216,113246208,1.0,offline_union_5x5_x200_longspan_prospective,1:1,0:0;0:1;0:2;0:3;0:4;1:0;1:1;1:2;1:3;1:4;2:0;2:1;2:2;2:3;2:4;3:0;3:1;3:2;3:3;3:4;4:0;4:1;4:2;4:3;4:4,longspan_x200_delta_refinement_5x5,"train_seed,train_row_group_start,train_length_multiplier",held_out_evaluation_only,Submit GPU jobs to gpumedium; do not use pilot/gpupilot.
fsl_longspan_x200_source5x5_s321_332_20260714_0002_n1-d2-dep4-md192-it324-x1p00-s321-rg0,source_delta_support_process_control,canonical,4,72,64,192,321,324,169869312,524288,16,2048,40,1,L,fsl-longspan-x200-source5x5-s321-332-20260714-0002-n1-d2-dep4-md192-it324-x1p00-s321-rg0,1,2,roihu_delta_support_process_control,4,169869312,524288,Fresh measured 5x5 source union for sealed x200 validation of a long-span Delta support and one-step source-only refinement. Target losses are evaluation-only.,controlled_model_dim_source_prefix_smalln_5x5,8061000.0,8061000.0,0.0,0.162821576719,7,5p_to_3x3_to_4x4_to_5x5_nested,9,1.305337,0,324,169869312,1.0,offline_union_5x5_x200_longspan_prospective,1:2,0:0;0:1;0:2;0:3;0:4;1:0;1:1;1:2;1:3;1:4;2:0;2:1;2:2;2:3;2:4;3:0;3:1;3:2;3:3;3:4;4:0;4:1;4:2;4:3;4:4,longspan_x200_delta_refinement_5x5,"train_seed,train_row_group_start,train_length_multiplier",held_out_evaluation_only,Submit GPU jobs to gpumedium; do not use pilot/gpupilot.
fsl_longspan_x200_source5x5_s321_332_20260714_0002_n1-d2-dep4-md192-it324-x1p00-s322-rg0,source_delta_support_process_control,canonical,4,72,64,192,322,324,169869312,524288,16,2048,40,1,L,fsl-longspan-x200-source5x5-s321-332-20260714-0002-n1-d2-dep4-md192-it324-x1p00-s322-rg0,1,2,roihu_delta_support_process_control,4,169869312,524288,Fresh measured 5x5 source union for sealed x200 validation of a long-span Delta support and one-step source-only refinement. Target losses are evaluation-only.,controlled_model_dim_source_prefix_smalln_5x5,8061000.0,8061000.0,0.0,0.162821576719,7,5p_to_3x3_to_4x4_to_5x5_nested,9,1.305337,0,324,169869312,1.0,offline_union_5x5_x200_longspan_prospective,1:2,0:0;0:1;0:2;0:3;0:4;1:0;1:1;1:2;1:3;1:4;2:0;2:1;2:2;2:3;2:4;3:0;3:1;3:2;3:3;3:4;4:0;4:1;4:2;4:3;4:4,longspan_x200_delta_refinement_5x5,"train_seed,train_row_group_start,train_length_multiplier",held_out_evaluation_only,Submit GPU jobs to gpumedium; do not use pilot/gpupilot.
fsl_longspan_x200_source5x5_s321_332_20260714_0002_n1-d2-dep4-md192-it324-x1p00-s323-rg0,source_delta_support_process_control,canonical,4,72,64,192,323,324,169869312,524288,16,2048,40,1,L,fsl-longspan-x200-source5x5-s321-332-20260714-0002-n1-d2-dep4-md192-it324-x1p00-s323-rg0,1,2,roihu_delta_support_process_control,4,169869312,524288,Fresh measured 5x5 source union for sealed x200 validation of a long-span Delta support and one-step source-only refinement. Target losses are evaluation-only.,controlled_model_dim_source_prefix_smalln_5x5,8061000.0,8061000.0,0.0,0.162821576719,7,5p_to_3x3_to_4x4_to_5x5_nested,9,1.305337,0,324,169869312,1.0,offline_union_5x5_x200_longspan_prospective,1:2,0:0;0:1;0:2;0:3;0:4;1:0;1:1;1:2;1:3;1:4;2:0;2:1;2:2;2:3;2:4;3:0;3:1;3:2;3:3;3:4;4:0;4:1;4:2;4:3;4:4,longspan_x200_delta_refinement_5x5,"train_seed,train_row_group_start,train_length_multiplier",held_out_evaluation_only,Submit GPU jobs to gpumedium; do not use pilot/gpupilot.
fsl_longspan_x200_source5x5_s321_332_20260714_0002_n1-d2-dep4-md192-it324-x1p00-s324-rg0,source_delta_support_process_control,canonical,4,72,64,192,324,324,169869312,524288,16,2048,40,1,L,fsl-longspan-x200-source5x5-s321-332-20260714-0002-n1-d2-dep4-md192-it324-x1p00-s324-rg0,1,2,roihu_delta_support_process_control,4,169869312,524288,Fresh measured 5x5 source union for sealed x200 validation of a long-span Delta support and one-step source-only refinement. Target losses are evaluation-only.,controlled_model_dim_source_prefix_smalln_5x5,8061000.0,8061000.0,0.0,0.162821576719,7,5p_to_3x3_to_4x4_to_5x5_nested,9,1.305337,0,324,169869312,1.0,offline_union_5x5_x200_longspan_prospective,1:2,0:0;0:1;0:2;0:3;0:4;1:0;1:1;1:2;1:3;1:4;2:0;2:1;2:2;2:3;2:4;3:0;3:1;3:2;3:3;3:4;4:0;4:1;4:2;4:3;4:4,longspan_x200_delta_refinement_5x5,"train_seed,train_row_group_start,train_length_multiplier",held_out_evaluation_only,Submit GPU jobs to gpumedium; do not use pilot/gpupilot.
fsl_longspan_x200_source5x5_s321_332_20260714_0002_n1-d2-dep4-md192-it324-x1p00-s325-rg0,source_delta_support_process_control,canonical,4,72,64,192,325,324,169869312,524288,16,2048,40,1,L,fsl-longspan-x200-source5x5-s321-332-20260714-0002-n1-d2-dep4-md192-it324-x1p00-s325-rg0,1,2,roihu_delta_support_process_control,4,169869312,524288,Fresh measured 5x5 source union for sealed x200 validation of a long-span Delta support and one-step source-only refinement. Target losses are evaluation-only.,controlled_model_dim_source_prefix_smalln_5x5,8061000.0,8061000.0,0.0,0.162821576719,7,5p_to_3x3_to_4x4_to_5x5_nested,9,1.305337,0,324,169869312,1.0,offline_union_5x5_x200_longspan_prospective,1:2,0:0;0:1;0:2;0:3;0:4;1:0;1:1;1:2;1:3;1:4;2:0;2:1;2:2;2:3;2:4;3:0;3:1;3:2;3:3;3:4;4:0;4:1;4:2;4:3;4:4,longspan_x200_delta_refinement_5x5,"train_seed,train_row_group_start,train_length_multiplier",held_out_evaluation_only,Submit GPU jobs to gpumedium; do not use pilot/gpupilot.
fsl_longspan_x200_source5x5_s321_332_20260714_0002_n1-d2-dep4-md192-it324-x1p00-s326-rg0,source_delta_support_process_control,canonical,4,72,64,192,326,324,169869312,524288,16,2048,40,1,L,fsl-longspan-x200-source5x5-s321-332-20260714-0002-n1-d2-dep4-md192-it324-x1p00-s326-rg0,1,2,roihu_delta_support_process_control,4,169869312,524288,Fresh measured 5x5 source union for sealed x200 validation of a long-span Delta support and one-step source-only refinement. Target losses are evaluation-only.,controlled_model_dim_source_prefix_smalln_5x5,8061000.0,8061000.0,0.0,0.162821576719,7,5p_to_3x3_to_4x4_to_5x5_nested,9,1.305337,0,324,169869312,1.0,offline_union_5x5_x200_longspan_prospective,1:2,0:0;0:1;0:2;0:3;0:4;1:0;1:1;1:2;1:3;1:4;2:0;2:1;2:2;2:3;2:4;3:0;3:1;3:2;3:3;3:4;4:0;4:1;4:2;4:3;4:4,longspan_x200_delta_refinement_5x5,"train_seed,train_row_group_start,train_length_multiplier",held_out_evaluation_only,Submit GPU jobs to gpumedium; do not use pilot/gpupilot.
fsl_longspan_x200_source5x5_s321_332_20260714_0002_n1-d2-dep4-md192-it324-x1p00-s327-rg0,source_delta_support_process_control,canonical,4,72,64,192,327,324,169869312,524288,16,2048,40,1,L,fsl-longspan-x200-source5x5-s321-332-20260714-0002-n1-d2-dep4-md192-it324-x1p00-s327-rg0,1,2,roihu_delta_support_process_control,4,169869312,524288,Fresh measured 5x5 source union for sealed x200 validation of a long-span Delta support and one-step source-only refinement. Target losses are evaluation-only.,controlled_model_dim_source_prefix_smalln_5x5,8061000.0,8061000.0,0.0,0.162821576719,7,5p_to_3x3_to_4x4_to_5x5_nested,9,1.305337,0,324,169869312,1.0,offline_union_5x5_x200_longspan_prospective,1:2,0:0;0:1;0:2;0:3;0:4;1:0;1:1;1:2;1:3;1:4;2:0;2:1;2:2;2:3;2:4;3:0;3:1;3:2;3:3;3:4;4:0;4:1;4:2;4:3;4:4,longspan_x200_delta_refinement_5x5,"train_seed,train_row_group_start,train_length_multiplier",held_out_evaluation_only,Submit GPU jobs to gpumedium; do not use pilot/gpupilot.
fsl_longspan_x200_source5x5_s321_332_20260714_0002_n1-d2-dep4-md192-it324-x1p00-s328-rg0,source_delta_support_process_control,canonical,4,72,64,192,328,324,169869312,524288,16,2048,40,1,L,fsl-longspan-x200-source5x5-s321-332-20260714-0002-n1-d2-dep4-md192-it324-x1p00-s328-rg0,1,2,roihu_delta_support_process_control,4,169869312,524288,Fresh measured 5x5 source union for sealed x200 validation of a long-span Delta support and one-step source-only refinement. Target losses are evaluation-only.,controlled_model_dim_source_prefix_smalln_5x5,8061000.0,8061000.0,0.0,0.162821576719,7,5p_to_3x3_to_4x4_to_5x5_nested,9,1.305337,0,324,169869312,1.0,offline_union_5x5_x200_longspan_prospective,1:2,0:0;0:1;0:2;0:3;0:4;1:0;1:1;1:2;1:3;1:4;2:0;2:1;2:2;2:3;2:4;3:0;3:1;3:2;3:3;3:4;4:0;4:1;4:2;4:3;4:4,longspan_x200_delta_refinement_5x5,"train_seed,train_row_group_start,train_length_multiplier",held_out_evaluation_only,Submit GPU jobs to gpumedium; do not use pilot/gpupilot.
fsl_longspan_x200_source5x5_s321_332_20260714_0002_n1-d2-dep4-md192-it324-x1p00-s329-rg0,source_delta_support_process_control,canonical,4,72,64,192,329,324,169869312,524288,16,2048,40,1,L,fsl-longspan-x200-source5x5-s321-332-20260714-0002-n1-d2-dep4-md192-it324-x1p00-s329-rg0,1,2,roihu_delta_support_process_control,4,169869312,524288,Fresh measured 5x5 source union for sealed x200 validation of a long-span Delta support and one-step source-only refinement. Target losses are evaluation-only.,controlled_model_dim_source_prefix_smalln_5x5,8061000.0,8061000.0,0.0,0.162821576719,7,5p_to_3x3_to_4x4_to_5x5_nested,9,1.305337,0,324,169869312,1.0,offline_union_5x5_x200_longspan_prospective,1:2,0:0;0:1;0:2;0:3;0:4;1:0;1:1;1:2;1:3;1:4;2:0;2:1;2:2;2:3;2:4;3:0;3:1;3:2;3:3;3:4;4:0;4:1;4:2;4:3;4:4,longspan_x200_delta_refinement_5x5,"train_seed,train_row_group_start,train_length_multiplier",held_out_evaluation_only,Submit GPU jobs to gpumedium; do not use pilot/gpupilot.
fsl_longspan_x200_source5x5_s321_332_20260714_0002_n1-d2-dep4-md192-it324-x1p00-s330-rg0,source_delta_support_process_control,canonical,4,72,64,192,330,324,169869312,524288,16,2048,40,1,L,fsl-longspan-x200-source5x5-s321-332-20260714-0002-n1-d2-dep4-md192-it324-x1p00-s330-rg0,1,2,roihu_delta_support_process_control,4,169869312,524288,Fresh measured 5x5 source union for sealed x200 validation of a long-span Delta support and one-step source-only refinement. Target losses are evaluation-only.,controlled_model_dim_source_prefix_smalln_5x5,8061000.0,8061000.0,0.0,0.162821576719,7,5p_to_3x3_to_4x4_to_5x5_nested,9,1.305337,0,324,169869312,1.0,offline_union_5x5_x200_longspan_prospective,1:2,0:0;0:1;0:2;0:3;0:4;1:0;1:1;1:2;1:3;1:4;2:0;2:1;2:2;2:3;2:4;3:0;3:1;3:2;3:3;3:4;4:0;4:1;4:2;4:3;4:4,longspan_x200_delta_refinement_5x5,"train_seed,train_row_group_start,train_length_multiplier",held_out_evaluation_only,Submit GPU jobs to gpumedium; do not use pilot/gpupilot.
fsl_longspan_x200_source5x5_s321_332_20260714_0002_n1-d2-dep4-md192-it324-x1p00-s331-rg0,source_delta_support_process_control,canonical,4,72,64,192,331,324,169869312,524288,16,2048,40,1,L,fsl-longspan-x200-source5x5-s321-332-20260714-0002-n1-d2-dep4-md192-it324-x1p00-s331-rg0,1,2,roihu_delta_support_process_control,4,169869312,524288,Fresh measured 5x5 source union for sealed x200 validation of a long-span Delta support and one-step source-only refinement. Target losses are evaluation-only.,controlled_model_dim_source_prefix_smalln_5x5,8061000.0,8061000.0,0.0,0.162821576719,7,5p_to_3x3_to_4x4_to_5x5_nested,9,1.305337,0,324,169869312,1.0,offline_union_5x5_x200_longspan_prospective,1:2,0:0;0:1;0:2;0:3;0:4;1:0;1:1;1:2;1:3;1:4;2:0;2:1;2:2;2:3;2:4;3:0;3:1;3:2;3:3;3:4;4:0;4:1;4:2;4:3;4:4,longspan_x200_delta_refinement_5x5,"train_seed,train_row_group_start,train_length_multiplier",held_out_evaluation_only,Submit GPU jobs to gpumedium; do not use pilot/gpupilot.
fsl_longspan_x200_source5x5_s321_332_20260714_0002_n1-d2-dep4-md192-it324-x1p00-s332-rg0,source_delta_support_process_control,canonical,4,72,64,192,332,324,169869312,524288,16,2048,40,1,L,fsl-longspan-x200-source5x5-s321-332-20260714-0002-n1-d2-dep4-md192-it324-x1p00-s332-rg0,1,2,roihu_delta_support_process_control,4,169869312,524288,Fresh measured 5x5 source union for sealed x200 validation of a long-span Delta support and one-step source-only refinement. Target losses are evaluation-only.,controlled_model_dim_source_prefix_smalln_5x5,8061000.0,8061000.0,0.0,0.162821576719,7,5p_to_3x3_to_4x4_to_5x5_nested,9,1.305337,0,324,169869312,1.0,offline_union_5x5_x200_longspan_prospective,1:2,0:0;0:1;0:2;0:3;0:4;1:0;1:1;1:2;1:3;1:4;2:0;2:1;2:2;2:3;2:4;3:0;3:1;3:2;3:3;3:4;4:0;4:1;4:2;4:3;4:4,longspan_x200_delta_refinement_5x5,"train_seed,train_row_group_start,train_length_multiplier",held_out_evaluation_only,Submit GPU jobs to gpumedium; do not use pilot/gpupilot.
fsl_longspan_x200_source5x5_s321_332_20260714_0002_n1-d3-dep4-md192-it486-x1p00-s321-rg0,source_delta_support_process_control,canonical,4,72,64,192,321,486,254803968,524288,16,2048,40,1,L,fsl-longspan-x200-source5x5-s321-332-20260714-0002-n1-d3-dep4-md192-it486-x1p00-s321-rg0,1,3,roihu_delta_support_process_control,4,254803968,524288,Fresh measured 5x5 source union for sealed x200 validation of a long-span Delta support and one-step source-only refinement. Target losses are evaluation-only.,controlled_model_dim_source_prefix_smalln_5x5,8061000.0,8061000.0,0.0,0.162821576719,14,5p_to_3x3_to_4x4_to_5x5_nested,16,1.305337,0,486,254803968,1.0,offline_union_5x5_x200_longspan_prospective,1:3,0:0;0:1;0:2;0:3;0:4;1:0;1:1;1:2;1:3;1:4;2:0;2:1;2:2;2:3;2:4;3:0;3:1;3:2;3:3;3:4;4:0;4:1;4:2;4:3;4:4,longspan_x200_delta_refinement_5x5,"train_seed,train_row_group_start,train_length_multiplier",held_out_evaluation_only,Submit GPU jobs to gpumedium; do not use pilot/gpupilot.
fsl_longspan_x200_source5x5_s321_332_20260714_0002_n1-d3-dep4-md192-it486-x1p00-s322-rg0,source_delta_support_process_control,canonical,4,72,64,192,322,486,254803968,524288,16,2048,40,1,L,fsl-longspan-x200-source5x5-s321-332-20260714-0002-n1-d3-dep4-md192-it486-x1p00-s322-rg0,1,3,roihu_delta_support_process_control,4,254803968,524288,Fresh measured 5x5 source union for sealed x200 validation of a long-span Delta support and one-step source-only refinement. Target losses are evaluation-only.,controlled_model_dim_source_prefix_smalln_5x5,8061000.0,8061000.0,0.0,0.162821576719,14,5p_to_3x3_to_4x4_to_5x5_nested,16,1.305337,0,486,254803968,1.0,offline_union_5x5_x200_longspan_prospective,1:3,0:0;0:1;0:2;0:3;0:4;1:0;1:1;1:2;1:3;1:4;2:0;2:1;2:2;2:3;2:4;3:0;3:1;3:2;3:3;3:4;4:0;4:1;4:2;4:3;4:4,longspan_x200_delta_refinement_5x5,"train_seed,train_row_group_start,train_length_multiplier",held_out_evaluation_only,Submit GPU jobs to gpumedium; do not use pilot/gpupilot.
fsl_longspan_x200_source5x5_s321_332_20260714_0002_n1-d3-dep4-md192-it486-x1p00-s323-rg0,source_delta_support_process_control,canonical,4,72,64,192,323,486,254803968,524288,16,2048,40,1,L,fsl-longspan-x200-source5x5-s321-332-20260714-0002-n1-d3-dep4-md192-it486-x1p00-s323-rg0,1,3,roihu_delta_support_process_control,4,254803968,524288,Fresh measured 5x5 source union for sealed x200 validation of a long-span Delta support and one-step source-only refinement. Target losses are evaluation-only.,controlled_model_dim_source_prefix_smalln_5x5,8061000.0,8061000.0,0.0,0.162821576719,14,5p_to_3x3_to_4x4_to_5x5_nested,16,1.305337,0,486,254803968,1.0,offline_union_5x5_x200_longspan_prospective,1:3,0:0;0:1;0:2;0:3;0:4;1:0;1:1;1:2;1:3;1:4;2:0;2:1;2:2;2:3;2:4;3:0;3:1;3:2;3:3;3:4;4:0;4:1;4:2;4:3;4:4,longspan_x200_delta_refinement_5x5,"train_seed,train_row_group_start,train_length_multiplier",held_out_evaluation_only,Submit GPU jobs to gpumedium; do not use pilot/gpupilot.
fsl_longspan_x200_source5x5_s321_332_20260714_0002_n1-d3-dep4-md192-it486-x1p00-s324-rg0,source_delta_support_process_control,canonical,4,72,64,192,324,486,254803968,524288,16,2048,40,1,L,fsl-longspan-x200-source5x5-s321-332-20260714-0002-n1-d3-dep4-md192-it486-x1p00-s324-rg0,1,3,roihu_delta_support_process_control,4,254803968,524288,Fresh measured 5x5 source union for sealed x200 validation of a long-span Delta support and one-step source-only refinement. Target losses are evaluation-only.,controlled_model_dim_source_prefix_smalln_5x5,8061000.0,8061000.0,0.0,0.162821576719,14,5p_to_3x3_to_4x4_to_5x5_nested,16,1.305337,0,486,254803968,1.0,offline_union_5x5_x200_longspan_prospective,1:3,0:0;0:1;0:2;0:3;0:4;1:0;1:1;1:2;1:3;1:4;2:0;2:1;2:2;2:3;2:4;3:0;3:1;3:2;3:3;3:4;4:0;4:1;4:2;4:3;4:4,longspan_x200_delta_refinement_5x5,"train_seed,train_row_group_start,train_length_multiplier",held_out_evaluation_only,Submit GPU jobs to gpumedium; do not use pilot/gpupilot.
fsl_longspan_x200_source5x5_s321_332_20260714_0002_n1-d3-dep4-md192-it486-x1p00-s325-rg0,source_delta_support_process_control,canonical,4,72,64,192,325,486,254803968,524288,16,2048,40,1,L,fsl-longspan-x200-source5x5-s321-332-20260714-0002-n1-d3-dep4-md192-it486-x1p00-s325-rg0,1,3,roihu_delta_support_process_control,4,254803968,524288,Fresh measured 5x5 source union for sealed x200 validation of a long-span Delta support and one-step source-only refinement. Target losses are evaluation-only.,controlled_model_dim_source_prefix_smalln_5x5,8061000.0,8061000.0,0.0,0.162821576719,14,5p_to_3x3_to_4x4_to_5x5_nested,16,1.305337,0,486,254803968,1.0,offline_union_5x5_x200_longspan_prospective,1:3,0:0;0:1;0:2;0:3;0:4;1:0;1:1;1:2;1:3;1:4;2:0;2:1;2:2;2:3;2:4;3:0;3:1;3:2;3:3;3:4;4:0;4:1;4:2;4:3;4:4,longspan_x200_delta_refinement_5x5,"train_seed,train_row_group_start,train_length_multiplier",held_out_evaluation_only,Submit GPU jobs to gpumedium; do not use pilot/gpupilot.
fsl_longspan_x200_source5x5_s321_332_20260714_0002_n1-d3-dep4-md192-it486-x1p00-s326-rg0,source_delta_support_process_control,canonical,4,72,64,192,326,486,254803968,524288,16,2048,40,1,L,fsl-longspan-x200-source5x5-s321-332-20260714-0002-n1-d3-dep4-md192-it486-x1p00-s326-rg0,1,3,roihu_delta_support_process_control,4,254803968,524288,Fresh measured 5x5 source union for sealed x200 validation of a long-span Delta support and one-step source-only refinement. Target losses are evaluation-only.,controlled_model_dim_source_prefix_smalln_5x5,8061000.0,8061000.0,0.0,0.162821576719,14,5p_to_3x3_to_4x4_to_5x5_nested,16,1.305337,0,486,254803968,1.0,offline_union_5x5_x200_longspan_prospective,1:3,0:0;0:1;0:2;0:3;0:4;1:0;1:1;1:2;1:3;1:4;2:0;2:1;2:2;2:3;2:4;3:0;3:1;3:2;3:3;3:4;4:0;4:1;4:2;4:3;4:4,longspan_x200_delta_refinement_5x5,"train_seed,train_row_group_start,train_length_multiplier",held_out_evaluation_only,Submit GPU jobs to gpumedium; do not use pilot/gpupilot.
fsl_longspan_x200_source5x5_s321_332_20260714_0002_n1-d3-dep4-md192-it486-x1p00-s327-rg0,source_delta_support_process_control,canonical,4,72,64,192,327,486,254803968,524288,16,2048,40,1,L,fsl-longspan-x200-source5x5-s321-332-20260714-0002-n1-d3-dep4-md192-it486-x1p00-s327-rg0,1,3,roihu_delta_support_process_control,4,254803968,524288,Fresh measured 5x5 source union for sealed x200 validation of a long-span Delta support and one-step source-only refinement. Target losses are evaluation-only.,controlled_model_dim_source_prefix_smalln_5x5,8061000.0,8061000.0,0.0,0.162821576719,14,5p_to_3x3_to_4x4_to_5x5_nested,16,1.305337,0,486,254803968,1.0,offline_union_5x5_x200_longspan_prospective,1:3,0:0;0:1;0:2;0:3;0:4;1:0;1:1;1:2;1:3;1:4;2:0;2:1;2:2;2:3;2:4;3:0;3:1;3:2;3:3;3:4;4:0;4:1;4:2;4:3;4:4,longspan_x200_delta_refinement_5x5,"train_seed,train_row_group_start,train_length_multiplier",held_out_evaluation_only,Submit GPU jobs to gpumedium; do not use pilot/gpupilot.
fsl_longspan_x200_source5x5_s321_332_20260714_0002_n1-d3-dep4-md192-it486-x1p00-s328-rg0,source_delta_support_process_control,canonical,4,72,64,192,328,486,254803968,524288,16,2048,40,1,L,fsl-longspan-x200-source5x5-s321-332-20260714-0002-n1-d3-dep4-md192-it486-x1p00-s328-rg0,1,3,roihu_delta_support_process_control,4,254803968,524288,Fresh measured 5x5 source union for sealed x200 validation of a long-span Delta support and one-step source-only refinement. Target losses are evaluation-only.,controlled_model_dim_source_prefix_smalln_5x5,8061000.0,8061000.0,0.0,0.162821576719,14,5p_to_3x3_to_4x4_to_5x5_nested,16,1.305337,0,486,254803968,1.0,offline_union_5x5_x200_longspan_prospective,1:3,0:0;0:1;0:2;0:3;0:4;1:0;1:1;1:2;1:3;1:4;2:0;2:1;2:2;2:3;2:4;3:0;3:1;3:2;3:3;3:4;4:0;4:1;4:2;4:3;4:4,longspan_x200_delta_refinement_5x5,"train_seed,train_row_group_start,train_length_multiplier",held_out_evaluation_only,Submit GPU jobs to gpumedium; do not use pilot/gpupilot.
fsl_longspan_x200_source5x5_s321_332_20260714_0002_n1-d3-dep4-md192-it486-x1p00-s329-rg0,source_delta_support_process_control,canonical,4,72,64,192,329,486,254803968,524288,16,2048,40,1,L,fsl-longspan-x200-source5x5-s321-332-20260714-0002-n1-d3-dep4-md192-it486-x1p00-s329-rg0,1,3,roihu_delta_support_process_control,4,254803968,524288,Fresh measured 5x5 source union for sealed x200 validation of a long-span Delta support and one-step source-only refinement. Target losses are evaluation-only.,controlled_model_dim_source_prefix_smalln_5x5,8061000.0,8061000.0,0.0,0.162821576719,14,5p_to_3x3_to_4x4_to_5x5_nested,16,1.305337,0,486,254803968,1.0,offline_union_5x5_x200_longspan_prospective,1:3,0:0;0:1;0:2;0:3;0:4;1:0;1:1;1:2;1:3;1:4;2:0;2:1;2:2;2:3;2:4;3:0;3:1;3:2;3:3;3:4;4:0;4:1;4:2;4:3;4:4,longspan_x200_delta_refinement_5x5,"train_seed,train_row_group_start,train_length_multiplier",held_out_evaluation_only,Submit GPU jobs to gpumedium; do not use pilot/gpupilot.
fsl_longspan_x200_source5x5_s321_332_20260714_0002_n1-d3-dep4-md192-it486-x1p00-s330-rg0,source_delta_support_process_control,canonical,4,72,64,192,330,486,254803968,524288,16,2048,40,1,L,fsl-longspan-x200-source5x5-s321-332-20260714-0002-n1-d3-dep4-md192-it486-x1p00-s330-rg0,1,3,roihu_delta_support_process_control,4,254803968,524288,Fresh measured 5x5 source union for sealed x200 validation of a long-span Delta support and one-step source-only refinement. Target losses are evaluation-only.,controlled_model_dim_source_prefix_smalln_5x5,8061000.0,8061000.0,0.0,0.162821576719,14,5p_to_3x3_to_4x4_to_5x5_nested,16,1.305337,0,486,254803968,1.0,offline_union_5x5_x200_longspan_prospective,1:3,0:0;0:1;0:2;0:3;0:4;1:0;1:1;1:2;1:3;1:4;2:0;2:1;2:2;2:3;2:4;3:0;3:1;3:2;3:3;3:4;4:0;4:1;4:2;4:3;4:4,longspan_x200_delta_refinement_5x5,"train_seed,train_row_group_start,train_length_multiplier",held_out_evaluation_only,Submit GPU jobs to gpumedium; do not use pilot/gpupilot.
fsl_longspan_x200_source5x5_s321_332_20260714_0002_n1-d3-dep4-md192-it486-x1p00-s331-rg0,source_delta_support_process_control,canonical,4,72,64,192,331,486,254803968,524288,16,2048,40,1,L,fsl-longspan-x200-source5x5-s321-332-20260714-0002-n1-d3-dep4-md192-it486-x1p00-s331-rg0,1,3,roihu_delta_support_process_control,4,254803968,524288,Fresh measured 5x5 source union for sealed x200 validation of a long-span Delta support and one-step source-only refinement. Target losses are evaluation-only.,controlled_model_dim_source_prefix_smalln_5x5,8061000.0,8061000.0,0.0,0.162821576719,14,5p_to_3x3_to_4x4_to_5x5_nested,16,1.305337,0,486,254803968,1.0,offline_union_5x5_x200_longspan_prospective,1:3,0:0;0:1;0:2;0:3;0:4;1:0;1:1;1:2;1:3;1:4;2:0;2:1;2:2;2:3;2:4;3:0;3:1;3:2;3:3;3:4;4:0;4:1;4:2;4:3;4:4,longspan_x200_delta_refinement_5x5,"train_seed,train_row_group_start,train_length_multiplier",held_out_evaluation_only,Submit GPU jobs to gpumedium; do not use pilot/gpupilot.
fsl_longspan_x200_source5x5_s321_332_20260714_0002_n1-d3-dep4-md192-it486-x1p00-s332-rg0,source_delta_support_process_control,canonical,4,72,64,192,332,486,254803968,524288,16,2048,40,1,L,fsl-longspan-x200-source5x5-s321-332-20260714-0002-n1-d3-dep4-md192-it486-x1p00-s332-rg0,1,3,roihu_delta_support_process_control,4,254803968,524288,Fresh measured 5x5 source union for sealed x200 validation of a long-span Delta support and one-step source-only refinement. Target losses are evaluation-only.,controlled_model_dim_source_prefix_smalln_5x5,8061000.0,8061000.0,0.0,0.162821576719,14,5p_to_3x3_to_4x4_to_5x5_nested,16,1.305337,0,486,254803968,1.0,offline_union_5x5_x200_longspan_prospective,1:3,0:0;0:1;0:2;0:3;0:4;1:0;1:1;1:2;1:3;1:4;2:0;2:1;2:2;2:3;2:4;3:0;3:1;3:2;3:3;3:4;4:0;4:1;4:2;4:3;4:4,longspan_x200_delta_refinement_5x5,"train_seed,train_row_group_start,train_length_multiplier",held_out_evaluation_only,Submit GPU jobs to gpumedium; do not use pilot/gpupilot.
fsl_longspan_x200_source5x5_s321_332_20260714_0002_n1-d4-dep4-md192-it729-x1p00-s321-rg0,source_delta_support_process_control,canonical,4,72,64,192,321,729,382205952,524288,16,2048,40,1,L,fsl-longspan-x200-source5x5-s321-332-20260714-0002-n1-d4-dep4-md192-it729-x1p00-s321-rg0,1,4,roihu_delta_support_process_control,4,382205952,524288,Fresh measured 5x5 source union for sealed x200 validation of a long-span Delta support and one-step source-only refinement. Target losses are evaluation-only.,controlled_model_dim_source_prefix_smalln_5x5,8061000.0,8061000.0,0.0,0.162821576719,22,5p_to_3x3_to_4x4_to_5x5_nested,25,1.305337,0,729,382205952,1.0,offline_union_5x5_x200_longspan_prospective,1:4,0:0;0:1;0:2;0:3;0:4;1:0;1:1;1:2;1:3;1:4;2:0;2:1;2:2;2:3;2:4;3:0;3:1;3:2;3:3;3:4;4:0;4:1;4:2;4:3;4:4,longspan_x200_delta_refinement_5x5,"train_seed,train_row_group_start,train_length_multiplier",held_out_evaluation_only,Submit GPU jobs to gpumedium; do not use pilot/gpupilot.
fsl_longspan_x200_source5x5_s321_332_20260714_0002_n1-d4-dep4-md192-it729-x1p00-s322-rg0,source_delta_support_process_control,canonical,4,72,64,192,322,729,382205952,524288,16,2048,40,1,L,fsl-longspan-x200-source5x5-s321-332-20260714-0002-n1-d4-dep4-md192-it729-x1p00-s322-rg0,1,4,roihu_delta_support_process_control,4,382205952,524288,Fresh measured 5x5 source union for sealed x200 validation of a long-span Delta support and one-step source-only refinement. Target losses are evaluation-only.,controlled_model_dim_source_prefix_smalln_5x5,8061000.0,8061000.0,0.0,0.162821576719,22,5p_to_3x3_to_4x4_to_5x5_nested,25,1.305337,0,729,382205952,1.0,offline_union_5x5_x200_longspan_prospective,1:4,0:0;0:1;0:2;0:3;0:4;1:0;1:1;1:2;1:3;1:4;2:0;2:1;2:2;2:3;2:4;3:0;3:1;3:2;3:3;3:4;4:0;4:1;4:2;4:3;4:4,longspan_x200_delta_refinement_5x5,"train_seed,train_row_group_start,train_length_multiplier",held_out_evaluation_only,Submit GPU jobs to gpumedium; do not use pilot/gpupilot.
fsl_longspan_x200_source5x5_s321_332_20260714_0002_n1-d4-dep4-md192-it729-x1p00-s323-rg0,source_delta_support_process_control,canonical,4,72,64,192,323,729,382205952,524288,16,2048,40,1,L,fsl-longspan-x200-source5x5-s321-332-20260714-0002-n1-d4-dep4-md192-it729-x1p00-s323-rg0,1,4,roihu_delta_support_process_control,4,382205952,524288,Fresh measured 5x5 source union for sealed x200 validation of a long-span Delta support and one-step source-only refinement. Target losses are evaluation-only.,controlled_model_dim_source_prefix_smalln_5x5,8061000.0,8061000.0,0.0,0.162821576719,22,5p_to_3x3_to_4x4_to_5x5_nested,25,1.305337,0,729,382205952,1.0,offline_union_5x5_x200_longspan_prospective,1:4,0:0;0:1;0:2;0:3;0:4;1:0;1:1;1:2;1:3;1:4;2:0;2:1;2:2;2:3;2:4;3:0;3:1;3:2;3:3;3:4;4:0;4:1;4:2;4:3;4:4,longspan_x200_delta_refinement_5x5,"train_seed,train_row_group_start,train_length_multiplier",held_out_evaluation_only,Submit GPU jobs to gpumedium; do not use pilot/gpupilot.
fsl_longspan_x200_source5x5_s321_332_20260714_0002_n1-d4-dep4-md192-it729-x1p00-s324-rg0,source_delta_support_process_control,canonical,4,72,64,192,324,729,382205952,524288,16,2048,40,1,L,fsl-longspan-x200-source5x5-s321-332-20260714-0002-n1-d4-dep4-md192-it729-x1p00-s324-rg0,1,4,roihu_delta_support_process_control,4,382205952,524288,Fresh measured 5x5 source union for sealed x200 validation of a long-span Delta support and one-step source-only refinement. Target losses are evaluation-only.,controlled_model_dim_source_prefix_smalln_5x5,8061000.0,8061000.0,0.0,0.162821576719,22,5p_to_3x3_to_4x4_to_5x5_nested,25,1.305337,0,729,382205952,1.0,offline_union_5x5_x200_longspan_prospective,1:4,0:0;0:1;0:2;0:3;0:4;1:0;1:1;1:2;1:3;1:4;2:0;2:1;2:2;2:3;2:4;3:0;3:1;3:2;3:3;3:4;4:0;4:1;4:2;4:3;4:4,longspan_x200_delta_refinement_5x5,"train_seed,train_row_group_start,train_length_multiplier",held_out_evaluation_only,Submit GPU jobs to gpumedium; do not use pilot/gpupilot.
fsl_longspan_x200_source5x5_s321_332_20260714_0002_n1-d4-dep4-md192-it729-x1p00-s325-rg0,source_delta_support_process_control,canonical,4,72,64,192,325,729,382205952,524288,16,2048,40,1,L,fsl-longspan-x200-source5x5-s321-332-20260714-0002-n1-d4-dep4-md192-it729-x1p00-s325-rg0,1,4,roihu_delta_support_process_control,4,382205952,524288,Fresh measured 5x5 source union for sealed x200 validation of a long-span Delta support and one-step source-only refinement. Target losses are evaluation-only.,controlled_model_dim_source_prefix_smalln_5x5,8061000.0,8061000.0,0.0,0.162821576719,22,5p_to_3x3_to_4x4_to_5x5_nested,25,1.305337,0,729,382205952,1.0,offline_union_5x5_x200_longspan_prospective,1:4,0:0;0:1;0:2;0:3;0:4;1:0;1:1;1:2;1:3;1:4;2:0;2:1;2:2;2:3;2:4;3:0;3:1;3:2;3:3;3:4;4:0;4:1;4:2;4:3;4:4,longspan_x200_delta_refinement_5x5,"train_seed,train_row_group_start,train_length_multiplier",held_out_evaluation_only,Submit GPU jobs to gpumedium; do not use pilot/gpupilot.
fsl_longspan_x200_source5x5_s321_332_20260714_0002_n1-d4-dep4-md192-it729-x1p00-s326-rg0,source_delta_support_process_control,canonical,4,72,64,192,326,729,382205952,524288,16,2048,40,1,L,fsl-longspan-x200-source5x5-s321-332-20260714-0002-n1-d4-dep4-md192-it729-x1p00-s326-rg0,1,4,roihu_delta_support_process_control,4,382205952,524288,Fresh measured 5x5 source union for sealed x200 validation of a long-span Delta support and one-step source-only refinement. Target losses are evaluation-only.,controlled_model_dim_source_prefix_smalln_5x5,8061000.0,8061000.0,0.0,0.162821576719,22,5p_to_3x3_to_4x4_to_5x5_nested,25,1.305337,0,729,382205952,1.0,offline_union_5x5_x200_longspan_prospective,1:4,0:0;0:1;0:2;0:3;0:4;1:0;1:1;1:2;1:3;1:4;2:0;2:1;2:2;2:3;2:4;3:0;3:1;3:2;3:3;3:4;4:0;4:1;4:2;4:3;4:4,longspan_x200_delta_refinement_5x5,"train_seed,train_row_group_start,train_length_multiplier",held_out_evaluation_only,Submit GPU jobs to gpumedium; do not use pilot/gpupilot.
fsl_longspan_x200_source5x5_s321_332_20260714_0002_n1-d4-dep4-md192-it729-x1p00-s327-rg0,source_delta_support_process_control,canonical,4,72,64,192,327,729,382205952,524288,16,2048,40,1,L,fsl-longspan-x200-source5x5-s321-332-20260714-0002-n1-d4-dep4-md192-it729-x1p00-s327-rg0,1,4,roihu_delta_support_process_control,4,382205952,524288,Fresh measured 5x5 source union for sealed x200 validation of a long-span Delta support and one-step source-only refinement. Target losses are evaluation-only.,controlled_model_dim_source_prefix_smalln_5x5,8061000.0,8061000.0,0.0,0.162821576719,22,5p_to_3x3_to_4x4_to_5x5_nested,25,1.305337,0,729,382205952,1.0,offline_union_5x5_x200_longspan_prospective,1:4,0:0;0:1;0:2;0:3;0:4;1:0;1:1;1:2;1:3;1:4;2:0;2:1;2:2;2:3;2:4;3:0;3:1;3:2;3:3;3:4;4:0;4:1;4:2;4:3;4:4,longspan_x200_delta_refinement_5x5,"train_seed,train_row_group_start,train_length_multiplier",held_out_evaluation_only,Submit GPU jobs to gpumedium; do not use pilot/gpupilot.
fsl_longspan_x200_source5x5_s321_332_20260714_0002_n1-d4-dep4-md192-it729-x1p00-s328-rg0,source_delta_support_process_control,canonical,4,72,64,192,328,729,382205952,524288,16,2048,40,1,L,fsl-longspan-x200-source5x5-s321-332-20260714-0002-n1-d4-dep4-md192-it729-x1p00-s328-rg0,1,4,roihu_delta_support_process_control,4,382205952,524288,Fresh measured 5x5 source union for sealed x200 validation of a long-span Delta support and one-step source-only refinement. Target losses are evaluation-only.,controlled_model_dim_source_prefix_smalln_5x5,8061000.0,8061000.0,0.0,0.162821576719,22,5p_to_3x3_to_4x4_to_5x5_nested,25,1.305337,0,729,382205952,1.0,offline_union_5x5_x200_longspan_prospective,1:4,0:0;0:1;0:2;0:3;0:4;1:0;1:1;1:2;1:3;1:4;2:0;2:1;2:2;2:3;2:4;3:0;3:1;3:2;3:3;3:4;4:0;4:1;4:2;4:3;4:4,longspan_x200_delta_refinement_5x5,"train_seed,train_row_group_start,train_length_multiplier",held_out_evaluation_only,Submit GPU jobs to gpumedium; do not use pilot/gpupilot.
fsl_longspan_x200_source5x5_s321_332_20260714_0002_n1-d4-dep4-md192-it729-x1p00-s329-rg0,source_delta_support_process_control,canonical,4,72,64,192,329,729,382205952,524288,16,2048,40,1,L,fsl-longspan-x200-source5x5-s321-332-20260714-0002-n1-d4-dep4-md192-it729-x1p00-s329-rg0,1,4,roihu_delta_support_process_control,4,382205952,524288,Fresh measured 5x5 source union for sealed x200 validation of a long-span Delta support and one-step source-only refinement. Target losses are evaluation-only.,controlled_model_dim_source_prefix_smalln_5x5,8061000.0,8061000.0,0.0,0.162821576719,22,5p_to_3x3_to_4x4_to_5x5_nested,25,1.305337,0,729,382205952,1.0,offline_union_5x5_x200_longspan_prospective,1:4,0:0;0:1;0:2;0:3;0:4;1:0;1:1;1:2;1:3;1:4;2:0;2:1;2:2;2:3;2:4;3:0;3:1;3:2;3:3;3:4;4:0;4:1;4:2;4:3;4:4,longspan_x200_delta_refinement_5x5,"train_seed,train_row_group_start,train_length_multiplier",held_out_evaluation_only,Submit GPU jobs to gpumedium; do not use pilot/gpupilot.
fsl_longspan_x200_source5x5_s321_332_20260714_0002_n1-d4-dep4-md192-it729-x1p00-s330-rg0,source_delta_support_process_control,canonical,4,72,64,192,330,729,382205952,524288,16,2048,40,1,L,fsl-longspan-x200-source5x5-s321-332-20260714-0002-n1-d4-dep4-md192-it729-x1p00-s330-rg0,1,4,roihu_delta_support_process_control,4,382205952,524288,Fresh measured 5x5 source union for sealed x200 validation of a long-span Delta support and one-step source-only refinement. Target losses are evaluation-only.,controlled_model_dim_source_prefix_smalln_5x5,8061000.0,8061000.0,0.0,0.162821576719,22,5p_to_3x3_to_4x4_to_5x5_nested,25,1.305337,0,729,382205952,1.0,offline_union_5x5_x200_longspan_prospective,1:4,0:0;0:1;0:2;0:3;0:4;1:0;1:1;1:2;1:3;1:4;2:0;2:1;2:2;2:3;2:4;3:0;3:1;3:2;3:3;3:4;4:0;4:1;4:2;4:3;4:4,longspan_x200_delta_refinement_5x5,"train_seed,train_row_group_start,train_length_multiplier",held_out_evaluation_only,Submit GPU jobs to gpumedium; do not use pilot/gpupilot.
fsl_longspan_x200_source5x5_s321_332_20260714_0002_n1-d4-dep4-md192-it729-x1p00-s331-rg0,source_delta_support_process_control,canonical,4,72,64,192,331,729,382205952,524288,16,2048,40,1,L,fsl-longspan-x200-source5x5-s321-332-20260714-0002-n1-d4-dep4-md192-it729-x1p00-s331-rg0,1,4,roihu_delta_support_process_control,4,382205952,524288,Fresh measured 5x5 source union for sealed x200 validation of a long-span Delta support and one-step source-only refinement. Target losses are evaluation-only.,controlled_model_dim_source_prefix_smalln_5x5,8061000.0,8061000.0,0.0,0.162821576719,22,5p_to_3x3_to_4x4_to_5x5_nested,25,1.305337,0,729,382205952,1.0,offline_union_5x5_x200_longspan_prospective,1:4,0:0;0:1;0:2;0:3;0:4;1:0;1:1;1:2;1:3;1:4;2:0;2:1;2:2;2:3;2:4;3:0;3:1;3:2;3:3;3:4;4:0;4:1;4:2;4:3;4:4,longspan_x200_delta_refinement_5x5,"train_seed,train_row_group_start,train_length_multiplier",held_out_evaluation_only,Submit GPU jobs to gpumedium; do not use pilot/gpupilot.
fsl_longspan_x200_source5x5_s321_332_20260714_0002_n1-d4-dep4-md192-it729-x1p00-s332-rg0,source_delta_support_process_control,canonical,4,72,64,192,332,729,382205952,524288,16,2048,40,1,L,fsl-longspan-x200-source5x5-s321-332-20260714-0002-n1-d4-dep4-md192-it729-x1p00-s332-rg0,1,4,roihu_delta_support_process_control,4,382205952,524288,Fresh measured 5x5 source union for sealed x200 validation of a long-span Delta support and one-step source-only refinement. Target losses are evaluation-only.,controlled_model_dim_source_prefix_smalln_5x5,8061000.0,8061000.0,0.0,0.162821576719,22,5p_to_3x3_to_4x4_to_5x5_nested,25,1.305337,0,729,382205952,1.0,offline_union_5x5_x200_longspan_prospective,1:4,0:0;0:1;0:2;0:3;0:4;1:0;1:1;1:2;1:3;1:4;2:0;2:1;2:2;2:3;2:4;3:0;3:1;3:2;3:3;3:4;4:0;4:1;4:2;4:3;4:4,longspan_x200_delta_refinement_5x5,"train_seed,train_row_group_start,train_length_multiplier",held_out_evaluation_only,Submit GPU jobs to gpumedium; do not use pilot/gpupilot.
fsl_longspan_x200_source5x5_s321_332_20260714_0002_n2-d0-dep4-md320-it144-x1p00-s321-rg0,source_delta_support_process_control,canonical,4,72,64,320,321,144,75497472,524288,16,2048,40,1,L,fsl-longspan-x200-source5x5-s321-332-20260714-0002-n2-d0-dep4-md320-it144-x1p00-s321-rg0,2,0,roihu_delta_support_process_control,4,75497472,524288,Fresh measured 5x5 source union for sealed x200 validation of a long-span Delta support and one-step source-only refinement. Target losses are evaluation-only.,controlled_model_dim_source_prefix_smalln_5x5,15401080.0,15401080.0,0.0,0.162821576719,3,5p_to_3x3_to_4x4_to_5x5_nested,5,1.305337,0,144,75497472,1.0,offline_union_5x5_x200_longspan_prospective,2:0,0:0;0:1;0:2;0:3;0:4;1:0;1:1;1:2;1:3;1:4;2:0;2:1;2:2;2:3;2:4;3:0;3:1;3:2;3:3;3:4;4:0;4:1;4:2;4:3;4:4,longspan_x200_delta_refinement_5x5,"train_seed,train_row_group_start,train_length_multiplier",held_out_evaluation_only,Submit GPU jobs to gpumedium; do not use pilot/gpupilot.
fsl_longspan_x200_source5x5_s321_332_20260714_0002_n2-d0-dep4-md320-it144-x1p00-s322-rg0,source_delta_support_process_control,canonical,4,72,64,320,322,144,75497472,524288,16,2048,40,1,L,fsl-longspan-x200-source5x5-s321-332-20260714-0002-n2-d0-dep4-md320-it144-x1p00-s322-rg0,2,0,roihu_delta_support_process_control,4,75497472,524288,Fresh measured 5x5 source union for sealed x200 validation of a long-span Delta support and one-step source-only refinement. Target losses are evaluation-only.,controlled_model_dim_source_prefix_smalln_5x5,15401080.0,15401080.0,0.0,0.162821576719,3,5p_to_3x3_to_4x4_to_5x5_nested,5,1.305337,0,144,75497472,1.0,offline_union_5x5_x200_longspan_prospective,2:0,0:0;0:1;0:2;0:3;0:4;1:0;1:1;1:2;1:3;1:4;2:0;2:1;2:2;2:3;2:4;3:0;3:1;3:2;3:3;3:4;4:0;4:1;4:2;4:3;4:4,longspan_x200_delta_refinement_5x5,"train_seed,train_row_group_start,train_length_multiplier",held_out_evaluation_only,Submit GPU jobs to gpumedium; do not use pilot/gpupilot.
fsl_longspan_x200_source5x5_s321_332_20260714_0002_n2-d0-dep4-md320-it144-x1p00-s323-rg0,source_delta_support_process_control,canonical,4,72,64,320,323,144,75497472,524288,16,2048,40,1,L,fsl-longspan-x200-source5x5-s321-332-20260714-0002-n2-d0-dep4-md320-it144-x1p00-s323-rg0,2,0,roihu_delta_support_process_control,4,75497472,524288,Fresh measured 5x5 source union for sealed x200 validation of a long-span Delta support and one-step source-only refinement. Target losses are evaluation-only.,controlled_model_dim_source_prefix_smalln_5x5,15401080.0,15401080.0,0.0,0.162821576719,3,5p_to_3x3_to_4x4_to_5x5_nested,5,1.305337,0,144,75497472,1.0,offline_union_5x5_x200_longspan_prospective,2:0,0:0;0:1;0:2;0:3;0:4;1:0;1:1;1:2;1:3;1:4;2:0;2:1;2:2;2:3;2:4;3:0;3:1;3:2;3:3;3:4;4:0;4:1;4:2;4:3;4:4,longspan_x200_delta_refinement_5x5,"train_seed,train_row_group_start,train_length_multiplier",held_out_evaluation_only,Submit GPU jobs to gpumedium; do not use pilot/gpupilot.
fsl_longspan_x200_source5x5_s321_332_20260714_0002_n2-d0-dep4-md320-it144-x1p00-s324-rg0,source_delta_support_process_control,canonical,4,72,64,320,324,144,75497472,524288,16,2048,40,1,L,fsl-longspan-x200-source5x5-s321-332-20260714-0002-n2-d0-dep4-md320-it144-x1p00-s324-rg0,2,0,roihu_delta_support_process_control,4,75497472,524288,Fresh measured 5x5 source union for sealed x200 validation of a long-span Delta support and one-step source-only refinement. Target losses are evaluation-only.,controlled_model_dim_source_prefix_smalln_5x5,15401080.0,15401080.0,0.0,0.162821576719,3,5p_to_3x3_to_4x4_to_5x5_nested,5,1.305337,0,144,75497472,1.0,offline_union_5x5_x200_longspan_prospective,2:0,0:0;0:1;0:2;0:3;0:4;1:0;1:1;1:2;1:3;1:4;2:0;2:1;2:2;2:3;2:4;3:0;3:1;3:2;3:3;3:4;4:0;4:1;4:2;4:3;4:4,longspan_x200_delta_refinement_5x5,"train_seed,train_row_group_start,train_length_multiplier",held_out_evaluation_only,Submit GPU jobs to gpumedium; do not use pilot/gpupilot.
fsl_longspan_x200_source5x5_s321_332_20260714_0002_n2-d0-dep4-md320-it144-x1p00-s325-rg0,source_delta_support_process_control,canonical,4,72,64,320,325,144,75497472,524288,16,2048,40,1,L,fsl-longspan-x200-source5x5-s321-332-20260714-0002-n2-d0-dep4-md320-it144-x1p00-s325-rg0,2,0,roihu_delta_support_process_control,4,75497472,524288,Fresh measured 5x5 source union for sealed x200 validation of a long-span Delta support and one-step source-only refinement. Target losses are evaluation-only.,controlled_model_dim_source_prefix_smalln_5x5,15401080.0,15401080.0,0.0,0.162821576719,3,5p_to_3x3_to_4x4_to_5x5_nested,5,1.305337,0,144,75497472,1.0,offline_union_5x5_x200_longspan_prospective,2:0,0:0;0:1;0:2;0:3;0:4;1:0;1:1;1:2;1:3;1:4;2:0;2:1;2:2;2:3;2:4;3:0;3:1;3:2;3:3;3:4;4:0;4:1;4:2;4:3;4:4,longspan_x200_delta_refinement_5x5,"train_seed,train_row_group_start,train_length_multiplier",held_out_evaluation_only,Submit GPU jobs to gpumedium; do not use pilot/gpupilot.
fsl_longspan_x200_source5x5_s321_332_20260714_0002_n2-d0-dep4-md320-it144-x1p00-s326-rg0,source_delta_support_process_control,canonical,4,72,64,320,326,144,75497472,524288,16,2048,40,1,L,fsl-longspan-x200-source5x5-s321-332-20260714-0002-n2-d0-dep4-md320-it144-x1p00-s326-rg0,2,0,roihu_delta_support_process_control,4,75497472,524288,Fresh measured 5x5 source union for sealed x200 validation of a long-span Delta support and one-step source-only refinement. Target losses are evaluation-only.,controlled_model_dim_source_prefix_smalln_5x5,15401080.0,15401080.0,0.0,0.162821576719,3,5p_to_3x3_to_4x4_to_5x5_nested,5,1.305337,0,144,75497472,1.0,offline_union_5x5_x200_longspan_prospective,2:0,0:0;0:1;0:2;0:3;0:4;1:0;1:1;1:2;1:3;1:4;2:0;2:1;2:2;2:3;2:4;3:0;3:1;3:2;3:3;3:4;4:0;4:1;4:2;4:3;4:4,longspan_x200_delta_refinement_5x5,"train_seed,train_row_group_start,train_length_multiplier",held_out_evaluation_only,Submit GPU jobs to gpumedium; do not use pilot/gpupilot.
fsl_longspan_x200_source5x5_s321_332_20260714_0002_n2-d0-dep4-md320-it144-x1p00-s327-rg0,source_delta_support_process_control,canonical,4,72,64,320,327,144,75497472,524288,16,2048,40,1,L,fsl-longspan-x200-source5x5-s321-332-20260714-0002-n2-d0-dep4-md320-it144-x1p00-s327-rg0,2,0,roihu_delta_support_process_control,4,75497472,524288,Fresh measured 5x5 source union for sealed x200 validation of a long-span Delta support and one-step source-only refinement. Target losses are evaluation-only.,controlled_model_dim_source_prefix_smalln_5x5,15401080.0,15401080.0,0.0,0.162821576719,3,5p_to_3x3_to_4x4_to_5x5_nested,5,1.305337,0,144,75497472,1.0,offline_union_5x5_x200_longspan_prospective,2:0,0:0;0:1;0:2;0:3;0:4;1:0;1:1;1:2;1:3;1:4;2:0;2:1;2:2;2:3;2:4;3:0;3:1;3:2;3:3;3:4;4:0;4:1;4:2;4:3;4:4,longspan_x200_delta_refinement_5x5,"train_seed,train_row_group_start,train_length_multiplier",held_out_evaluation_only,Submit GPU jobs to gpumedium; do not use pilot/gpupilot.
fsl_longspan_x200_source5x5_s321_332_20260714_0002_n2-d0-dep4-md320-it144-x1p00-s328-rg0,source_delta_support_process_control,canonical,4,72,64,320,328,144,75497472,524288,16,2048,40,1,L,fsl-longspan-x200-source5x5-s321-332-20260714-0002-n2-d0-dep4-md320-it144-x1p00-s328-rg0,2,0,roihu_delta_support_process_control,4,75497472,524288,Fresh measured 5x5 source union for sealed x200 validation of a long-span Delta support and one-step source-only refinement. Target losses are evaluation-only.,controlled_model_dim_source_prefix_smalln_5x5,15401080.0,15401080.0,0.0,0.162821576719,3,5p_to_3x3_to_4x4_to_5x5_nested,5,1.305337,0,144,75497472,1.0,offline_union_5x5_x200_longspan_prospective,2:0,0:0;0:1;0:2;0:3;0:4;1:0;1:1;1:2;1:3;1:4;2:0;2:1;2:2;2:3;2:4;3:0;3:1;3:2;3:3;3:4;4:0;4:1;4:2;4:3;4:4,longspan_x200_delta_refinement_5x5,"train_seed,train_row_group_start,train_length_multiplier",held_out_evaluation_only,Submit GPU jobs to gpumedium; do not use pilot/gpupilot.
fsl_longspan_x200_source5x5_s321_332_20260714_0002_n2-d0-dep4-md320-it144-x1p00-s329-rg0,source_delta_support_process_control,canonical,4,72,64,320,329,144,75497472,524288,16,2048,40,1,L,fsl-longspan-x200-source5x5-s321-332-20260714-0002-n2-d0-dep4-md320-it144-x1p00-s329-rg0,2,0,roihu_delta_support_process_control,4,75497472,524288,Fresh measured 5x5 source union for sealed x200 validation of a long-span Delta support and one-step source-only refinement. Target losses are evaluation-only.,controlled_model_dim_source_prefix_smalln_5x5,15401080.0,15401080.0,0.0,0.162821576719,3,5p_to_3x3_to_4x4_to_5x5_nested,5,1.305337,0,144,75497472,1.0,offline_union_5x5_x200_longspan_prospective,2:0,0:0;0:1;0:2;0:3;0:4;1:0;1:1;1:2;1:3;1:4;2:0;2:1;2:2;2:3;2:4;3:0;3:1;3:2;3:3;3:4;4:0;4:1;4:2;4:3;4:4,longspan_x200_delta_refinement_5x5,"train_seed,train_row_group_start,train_length_multiplier",held_out_evaluation_only,Submit GPU jobs to gpumedium; do not use pilot/gpupilot.
fsl_longspan_x200_source5x5_s321_332_20260714_0002_n2-d0-dep4-md320-it144-x1p00-s330-rg0,source_delta_support_process_control,canonical,4,72,64,320,330,144,75497472,524288,16,2048,40,1,L,fsl-longspan-x200-source5x5-s321-332-20260714-0002-n2-d0-dep4-md320-it144-x1p00-s330-rg0,2,0,roihu_delta_support_process_control,4,75497472,524288,Fresh measured 5x5 source union for sealed x200 validation of a long-span Delta support and one-step source-only refinement. Target losses are evaluation-only.,controlled_model_dim_source_prefix_smalln_5x5,15401080.0,15401080.0,0.0,0.162821576719,3,5p_to_3x3_to_4x4_to_5x5_nested,5,1.305337,0,144,75497472,1.0,offline_union_5x5_x200_longspan_prospective,2:0,0:0;0:1;0:2;0:3;0:4;1:0;1:1;1:2;1:3;1:4;2:0;2:1;2:2;2:3;2:4;3:0;3:1;3:2;3:3;3:4;4:0;4:1;4:2;4:3;4:4,longspan_x200_delta_refinement_5x5,"train_seed,train_row_group_start,train_length_multiplier",held_out_evaluation_only,Submit GPU jobs to gpumedium; do not use pilot/gpupilot.
fsl_longspan_x200_source5x5_s321_332_20260714_0002_n2-d0-dep4-md320-it144-x1p00-s331-rg0,source_delta_support_process_control,canonical,4,72,64,320,331,144,75497472,524288,16,2048,40,1,L,fsl-longspan-x200-source5x5-s321-332-20260714-0002-n2-d0-dep4-md320-it144-x1p00-s331-rg0,2,0,roihu_delta_support_process_control,4,75497472,524288,Fresh measured 5x5 source union for sealed x200 validation of a long-span Delta support and one-step source-only refinement. Target losses are evaluation-only.,controlled_model_dim_source_prefix_smalln_5x5,15401080.0,15401080.0,0.0,0.162821576719,3,5p_to_3x3_to_4x4_to_5x5_nested,5,1.305337,0,144,75497472,1.0,offline_union_5x5_x200_longspan_prospective,2:0,0:0;0:1;0:2;0:3;0:4;1:0;1:1;1:2;1:3;1:4;2:0;2:1;2:2;2:3;2:4;3:0;3:1;3:2;3:3;3:4;4:0;4:1;4:2;4:3;4:4,longspan_x200_delta_refinement_5x5,"train_seed,train_row_group_start,train_length_multiplier",held_out_evaluation_only,Submit GPU jobs to gpumedium; do not use pilot/gpupilot.
fsl_longspan_x200_source5x5_s321_332_20260714_0002_n2-d0-dep4-md320-it144-x1p00-s332-rg0,source_delta_support_process_control,canonical,4,72,64,320,332,144,75497472,524288,16,2048,40,1,L,fsl-longspan-x200-source5x5-s321-332-20260714-0002-n2-d0-dep4-md320-it144-x1p00-s332-rg0,2,0,roihu_delta_support_process_control,4,75497472,524288,Fresh measured 5x5 source union for sealed x200 validation of a long-span Delta support and one-step source-only refinement. Target losses are evaluation-only.,controlled_model_dim_source_prefix_smalln_5x5,15401080.0,15401080.0,0.0,0.162821576719,3,5p_to_3x3_to_4x4_to_5x5_nested,5,1.305337,0,144,75497472,1.0,offline_union_5x5_x200_longspan_prospective,2:0,0:0;0:1;0:2;0:3;0:4;1:0;1:1;1:2;1:3;1:4;2:0;2:1;2:2;2:3;2:4;3:0;3:1;3:2;3:3;3:4;4:0;4:1;4:2;4:3;4:4,longspan_x200_delta_refinement_5x5,"train_seed,train_row_group_start,train_length_multiplier",held_out_evaluation_only,Submit GPU jobs to gpumedium; do not use pilot/gpupilot.
fsl_longspan_x200_source5x5_s321_332_20260714_0002_n2-d1-dep4-md320-it216-x1p00-s321-rg0,source_delta_support_process_control,canonical,4,72,64,320,321,216,113246208,524288,16,2048,40,1,L,fsl-longspan-x200-source5x5-s321-332-20260714-0002-n2-d1-dep4-md320-it216-x1p00-s321-rg0,2,1,roihu_delta_support_process_control,4,113246208,524288,Fresh measured 5x5 source union for sealed x200 validation of a long-span Delta support and one-step source-only refinement. Target losses are evaluation-only.,controlled_model_dim_source_prefix_smalln_5x5,15401080.0,15401080.0,0.0,0.162821576719,8,5p_to_3x3_to_4x4_to_5x5_nested,9,1.305337,0,216,113246208,1.0,offline_union_5x5_x200_longspan_prospective,2:1,0:0;0:1;0:2;0:3;0:4;1:0;1:1;1:2;1:3;1:4;2:0;2:1;2:2;2:3;2:4;3:0;3:1;3:2;3:3;3:4;4:0;4:1;4:2;4:3;4:4,longspan_x200_delta_refinement_5x5,"train_seed,train_row_group_start,train_length_multiplier",held_out_evaluation_only,Submit GPU jobs to gpumedium; do not use pilot/gpupilot.
fsl_longspan_x200_source5x5_s321_332_20260714_0002_n2-d1-dep4-md320-it216-x1p00-s322-rg0,source_delta_support_process_control,canonical,4,72,64,320,322,216,113246208,524288,16,2048,40,1,L,fsl-longspan-x200-source5x5-s321-332-20260714-0002-n2-d1-dep4-md320-it216-x1p00-s322-rg0,2,1,roihu_delta_support_process_control,4,113246208,524288,Fresh measured 5x5 source union for sealed x200 validation of a long-span Delta support and one-step source-only refinement. Target losses are evaluation-only.,controlled_model_dim_source_prefix_smalln_5x5,15401080.0,15401080.0,0.0,0.162821576719,8,5p_to_3x3_to_4x4_to_5x5_nested,9,1.305337,0,216,113246208,1.0,offline_union_5x5_x200_longspan_prospective,2:1,0:0;0:1;0:2;0:3;0:4;1:0;1:1;1:2;1:3;1:4;2:0;2:1;2:2;2:3;2:4;3:0;3:1;3:2;3:3;3:4;4:0;4:1;4:2;4:3;4:4,longspan_x200_delta_refinement_5x5,"train_seed,train_row_group_start,train_length_multiplier",held_out_evaluation_only,Submit GPU jobs to gpumedium; do not use pilot/gpupilot.
fsl_longspan_x200_source5x5_s321_332_20260714_0002_n2-d1-dep4-md320-it216-x1p00-s323-rg0,source_delta_support_process_control,canonical,4,72,64,320,323,216,113246208,524288,16,2048,40,1,L,fsl-longspan-x200-source5x5-s321-332-20260714-0002-n2-d1-dep4-md320-it216-x1p00-s323-rg0,2,1,roihu_delta_support_process_control,4,113246208,524288,Fresh measured 5x5 source union for sealed x200 validation of a long-span Delta support and one-step source-only refinement. Target losses are evaluation-only.,controlled_model_dim_source_prefix_smalln_5x5,15401080.0,15401080.0,0.0,0.162821576719,8,5p_to_3x3_to_4x4_to_5x5_nested,9,1.305337,0,216,113246208,1.0,offline_union_5x5_x200_longspan_prospective,2:1,0:0;0:1;0:2;0:3;0:4;1:0;1:1;1:2;1:3;1:4;2:0;2:1;2:2;2:3;2:4;3:0;3:1;3:2;3:3;3:4;4:0;4:1;4:2;4:3;4:4,longspan_x200_delta_refinement_5x5,"train_seed,train_row_group_start,train_length_multiplier",held_out_evaluation_only,Submit GPU jobs to gpumedium; do not use pilot/gpupilot.
fsl_longspan_x200_source5x5_s321_332_20260714_0002_n2-d1-dep4-md320-it216-x1p00-s324-rg0,source_delta_support_process_control,canonical,4,72,64,320,324,216,113246208,524288,16,2048,40,1,L,fsl-longspan-x200-source5x5-s321-332-20260714-0002-n2-d1-dep4-md320-it216-x1p00-s324-rg0,2,1,roihu_delta_support_process_control,4,113246208,524288,Fresh measured 5x5 source union for sealed x200 validation of a long-span Delta support and one-step source-only refinement. Target losses are evaluation-only.,controlled_model_dim_source_prefix_smalln_5x5,15401080.0,15401080.0,0.0,0.162821576719,8,5p_to_3x3_to_4x4_to_5x5_nested,9,1.305337,0,216,113246208,1.0,offline_union_5x5_x200_longspan_prospective,2:1,0:0;0:1;0:2;0:3;0:4;1:0;1:1;1:2;1:3;1:4;2:0;2:1;2:2;2:3;2:4;3:0;3:1;3:2;3:3;3:4;4:0;4:1;4:2;4:3;4:4,longspan_x200_delta_refinement_5x5,"train_seed,train_row_group_start,train_length_multiplier",held_out_evaluation_only,Submit GPU jobs to gpumedium; do not use pilot/gpupilot.
fsl_longspan_x200_source5x5_s321_332_20260714_0002_n2-d1-dep4-md320-it216-x1p00-s325-rg0,source_delta_support_process_control,canonical,4,72,64,320,325,216,113246208,524288,16,2048,40,1,L,fsl-longspan-x200-source5x5-s321-332-20260714-0002-n2-d1-dep4-md320-it216-x1p00-s325-rg0,2,1,roihu_delta_support_process_control,4,113246208,524288,Fresh measured 5x5 source union for sealed x200 validation of a long-span Delta support and one-step source-only refinement. Target losses are evaluation-only.,controlled_model_dim_source_prefix_smalln_5x5,15401080.0,15401080.0,0.0,0.162821576719,8,5p_to_3x3_to_4x4_to_5x5_nested,9,1.305337,0,216,113246208,1.0,offline_union_5x5_x200_longspan_prospective,2:1,0:0;0:1;0:2;0:3;0:4;1:0;1:1;1:2;1:3;1:4;2:0;2:1;2:2;2:3;2:4;3:0;3:1;3:2;3:3;3:4;4:0;4:1;4:2;4:3;4:4,longspan_x200_delta_refinement_5x5,"train_seed,train_row_group_start,train_length_multiplier",held_out_evaluation_only,Submit GPU jobs to gpumedium; do not use pilot/gpupilot.
fsl_longspan_x200_source5x5_s321_332_20260714_0002_n2-d1-dep4-md320-it216-x1p00-s326-rg0,source_delta_support_process_control,canonical,4,72,64,320,326,216,113246208,524288,16,2048,40,1,L,fsl-longspan-x200-source5x5-s321-332-20260714-0002-n2-d1-dep4-md320-it216-x1p00-s326-rg0,2,1,roihu_delta_support_process_control,4,113246208,524288,Fresh measured 5x5 source union for sealed x200 validation of a long-span Delta support and one-step source-only refinement. Target losses are evaluation-only.,controlled_model_dim_source_prefix_smalln_5x5,15401080.0,15401080.0,0.0,0.162821576719,8,5p_to_3x3_to_4x4_to_5x5_nested,9,1.305337,0,216,113246208,1.0,offline_union_5x5_x200_longspan_prospective,2:1,0:0;0:1;0:2;0:3;0:4;1:0;1:1;1:2;1:3;1:4;2:0;2:1;2:2;2:3;2:4;3:0;3:1;3:2;3:3;3:4;4:0;4:1;4:2;4:3;4:4,longspan_x200_delta_refinement_5x5,"train_seed,train_row_group_start,train_length_multiplier",held_out_evaluation_only,Submit GPU jobs to gpumedium; do not use pilot/gpupilot.
fsl_longspan_x200_source5x5_s321_332_20260714_0002_n2-d1-dep4-md320-it216-x1p00-s327-rg0,source_delta_support_process_control,canonical,4,72,64,320,327,216,113246208,524288,16,2048,40,1,L,fsl-longspan-x200-source5x5-s321-332-20260714-0002-n2-d1-dep4-md320-it216-x1p00-s327-rg0,2,1,roihu_delta_support_process_control,4,113246208,524288,Fresh measured 5x5 source union for sealed x200 validation of a long-span Delta support and one-step source-only refinement. Target losses are evaluation-only.,controlled_model_dim_source_prefix_smalln_5x5,15401080.0,15401080.0,0.0,0.162821576719,8,5p_to_3x3_to_4x4_to_5x5_nested,9,1.305337,0,216,113246208,1.0,offline_union_5x5_x200_longspan_prospective,2:1,0:0;0:1;0:2;0:3;0:4;1:0;1:1;1:2;1:3;1:4;2:0;2:1;2:2;2:3;2:4;3:0;3:1;3:2;3:3;3:4;4:0;4:1;4:2;4:3;4:4,longspan_x200_delta_refinement_5x5,"train_seed,train_row_group_start,train_length_multiplier",held_out_evaluation_only,Submit GPU jobs to gpumedium; do not use pilot/gpupilot.
fsl_longspan_x200_source5x5_s321_332_20260714_0002_n2-d1-dep4-md320-it216-x1p00-s328-rg0,source_delta_support_process_control,canonical,4,72,64,320,328,216,113246208,524288,16,2048,40,1,L,fsl-longspan-x200-source5x5-s321-332-20260714-0002-n2-d1-dep4-md320-it216-x1p00-s328-rg0,2,1,roihu_delta_support_process_control,4,113246208,524288,Fresh measured 5x5 source union for sealed x200 validation of a long-span Delta support and one-step source-only refinement. Target losses are evaluation-only.,controlled_model_dim_source_prefix_smalln_5x5,15401080.0,15401080.0,0.0,0.162821576719,8,5p_to_3x3_to_4x4_to_5x5_nested,9,1.305337,0,216,113246208,1.0,offline_union_5x5_x200_longspan_prospective,2:1,0:0;0:1;0:2;0:3;0:4;1:0;1:1;1:2;1:3;1:4;2:0;2:1;2:2;2:3;2:4;3:0;3:1;3:2;3:3;3:4;4:0;4:1;4:2;4:3;4:4,longspan_x200_delta_refinement_5x5,"train_seed,train_row_group_start,train_length_multiplier",held_out_evaluation_only,Submit GPU jobs to gpumedium; do not use pilot/gpupilot.
fsl_longspan_x200_source5x5_s321_332_20260714_0002_n2-d1-dep4-md320-it216-x1p00-s329-rg0,source_delta_support_process_control,canonical,4,72,64,320,329,216,113246208,524288,16,2048,40,1,L,fsl-longspan-x200-source5x5-s321-332-20260714-0002-n2-d1-dep4-md320-it216-x1p00-s329-rg0,2,1,roihu_delta_support_process_control,4,113246208,524288,Fresh measured 5x5 source union for sealed x200 validation of a long-span Delta support and one-step source-only refinement. Target losses are evaluation-only.,controlled_model_dim_source_prefix_smalln_5x5,15401080.0,15401080.0,0.0,0.162821576719,8,5p_to_3x3_to_4x4_to_5x5_nested,9,1.305337,0,216,113246208,1.0,offline_union_5x5_x200_longspan_prospective,2:1,0:0;0:1;0:2;0:3;0:4;1:0;1:1;1:2;1:3;1:4;2:0;2:1;2:2;2:3;2:4;3:0;3:1;3:2;3:3;3:4;4:0;4:1;4:2;4:3;4:4,longspan_x200_delta_refinement_5x5,"train_seed,train_row_group_start,train_length_multiplier",held_out_evaluation_only,Submit GPU jobs to gpumedium; do not use pilot/gpupilot.
fsl_longspan_x200_source5x5_s321_332_20260714_0002_n2-d1-dep4-md320-it216-x1p00-s330-rg0,source_delta_support_process_control,canonical,4,72,64,320,330,216,113246208,524288,16,2048,40,1,L,fsl-longspan-x200-source5x5-s321-332-20260714-0002-n2-d1-dep4-md320-it216-x1p00-s330-rg0,2,1,roihu_delta_support_process_control,4,113246208,524288,Fresh measured 5x5 source union for sealed x200 validation of a long-span Delta support and one-step source-only refinement. Target losses are evaluation-only.,controlled_model_dim_source_prefix_smalln_5x5,15401080.0,15401080.0,0.0,0.162821576719,8,5p_to_3x3_to_4x4_to_5x5_nested,9,1.305337,0,216,113246208,1.0,offline_union_5x5_x200_longspan_prospective,2:1,0:0;0:1;0:2;0:3;0:4;1:0;1:1;1:2;1:3;1:4;2:0;2:1;2:2;2:3;2:4;3:0;3:1;3:2;3:3;3:4;4:0;4:1;4:2;4:3;4:4,longspan_x200_delta_refinement_5x5,"train_seed,train_row_group_start,train_length_multiplier",held_out_evaluation_only,Submit GPU jobs to gpumedium; do not use pilot/gpupilot.
fsl_longspan_x200_source5x5_s321_332_20260714_0002_n2-d1-dep4-md320-it216-x1p00-s331-rg0,source_delta_support_process_control,canonical,4,72,64,320,331,216,113246208,524288,16,2048,40,1,L,fsl-longspan-x200-source5x5-s321-332-20260714-0002-n2-d1-dep4-md320-it216-x1p00-s331-rg0,2,1,roihu_delta_support_process_control,4,113246208,524288,Fresh measured 5x5 source union for sealed x200 validation of a long-span Delta support and one-step source-only refinement. Target losses are evaluation-only.,controlled_model_dim_source_prefix_smalln_5x5,15401080.0,15401080.0,0.0,0.162821576719,8,5p_to_3x3_to_4x4_to_5x5_nested,9,1.305337,0,216,113246208,1.0,offline_union_5x5_x200_longspan_prospective,2:1,0:0;0:1;0:2;0:3;0:4;1:0;1:1;1:2;1:3;1:4;2:0;2:1;2:2;2:3;2:4;3:0;3:1;3:2;3:3;3:4;4:0;4:1;4:2;4:3;4:4,longspan_x200_delta_refinement_5x5,"train_seed,train_row_group_start,train_length_multiplier",held_out_evaluation_only,Submit GPU jobs to gpumedium; do not use pilot/gpupilot.
fsl_longspan_x200_source5x5_s321_332_20260714_0002_n2-d1-dep4-md320-it216-x1p00-s332-rg0,source_delta_support_process_control,canonical,4,72,64,320,332,216,113246208,524288,16,2048,40,1,L,fsl-longspan-x200-source5x5-s321-332-20260714-0002-n2-d1-dep4-md320-it216-x1p00-s332-rg0,2,1,roihu_delta_support_process_control,4,113246208,524288,Fresh measured 5x5 source union for sealed x200 validation of a long-span Delta support and one-step source-only refinement. Target losses are evaluation-only.,controlled_model_dim_source_prefix_smalln_5x5,15401080.0,15401080.0,0.0,0.162821576719,8,5p_to_3x3_to_4x4_to_5x5_nested,9,1.305337,0,216,113246208,1.0,offline_union_5x5_x200_longspan_prospective,2:1,0:0;0:1;0:2;0:3;0:4;1:0;1:1;1:2;1:3;1:4;2:0;2:1;2:2;2:3;2:4;3:0;3:1;3:2;3:3;3:4;4:0;4:1;4:2;4:3;4:4,longspan_x200_delta_refinement_5x5,"train_seed,train_row_group_start,train_length_multiplier",held_out_evaluation_only,Submit GPU jobs to gpumedium; do not use pilot/gpupilot.
fsl_longspan_x200_source5x5_s321_332_20260714_0002_n2-d2-dep4-md320-it324-x1p00-s321-rg0,source_delta_support_process_control,canonical,4,72,64,320,321,324,169869312,524288,16,2048,40,1,L,fsl-longspan-x200-source5x5-s321-332-20260714-0002-n2-d2-dep4-md320-it324-x1p00-s321-rg0,2,2,roihu_delta_support_process_control,4,169869312,524288,Fresh measured 5x5 source union for sealed x200 validation of a long-span Delta support and one-step source-only refinement. Target losses are evaluation-only.,controlled_model_dim_source_prefix_smalln_5x5,15401080.0,15401080.0,0.0,0.162821576719,9,5p_to_3x3_to_4x4_to_5x5_nested,9,1.305337,0,324,169869312,1.0,offline_union_5x5_x200_longspan_prospective,2:2,0:0;0:1;0:2;0:3;0:4;1:0;1:1;1:2;1:3;1:4;2:0;2:1;2:2;2:3;2:4;3:0;3:1;3:2;3:3;3:4;4:0;4:1;4:2;4:3;4:4,longspan_x200_delta_refinement_5x5,"train_seed,train_row_group_start,train_length_multiplier",held_out_evaluation_only,Submit GPU jobs to gpumedium; do not use pilot/gpupilot.
fsl_longspan_x200_source5x5_s321_332_20260714_0002_n2-d2-dep4-md320-it324-x1p00-s322-rg0,source_delta_support_process_control,canonical,4,72,64,320,322,324,169869312,524288,16,2048,40,1,L,fsl-longspan-x200-source5x5-s321-332-20260714-0002-n2-d2-dep4-md320-it324-x1p00-s322-rg0,2,2,roihu_delta_support_process_control,4,169869312,524288,Fresh measured 5x5 source union for sealed x200 validation of a long-span Delta support and one-step source-only refinement. Target losses are evaluation-only.,controlled_model_dim_source_prefix_smalln_5x5,15401080.0,15401080.0,0.0,0.162821576719,9,5p_to_3x3_to_4x4_to_5x5_nested,9,1.305337,0,324,169869312,1.0,offline_union_5x5_x200_longspan_prospective,2:2,0:0;0:1;0:2;0:3;0:4;1:0;1:1;1:2;1:3;1:4;2:0;2:1;2:2;2:3;2:4;3:0;3:1;3:2;3:3;3:4;4:0;4:1;4:2;4:3;4:4,longspan_x200_delta_refinement_5x5,"train_seed,train_row_group_start,train_length_multiplier",held_out_evaluation_only,Submit GPU jobs to gpumedium; do not use pilot/gpupilot.
fsl_longspan_x200_source5x5_s321_332_20260714_0002_n2-d2-dep4-md320-it324-x1p00-s323-rg0,source_delta_support_process_control,canonical,4,72,64,320,323,324,169869312,524288,16,2048,40,1,L,fsl-longspan-x200-source5x5-s321-332-20260714-0002-n2-d2-dep4-md320-it324-x1p00-s323-rg0,2,2,roihu_delta_support_process_control,4,169869312,524288,Fresh measured 5x5 source union for sealed x200 validation of a long-span Delta support and one-step source-only refinement. Target losses are evaluation-only.,controlled_model_dim_source_prefix_smalln_5x5,15401080.0,15401080.0,0.0,0.162821576719,9,5p_to_3x3_to_4x4_to_5x5_nested,9,1.305337,0,324,169869312,1.0,offline_union_5x5_x200_longspan_prospective,2:2,0:0;0:1;0:2;0:3;0:4;1:0;1:1;1:2;1:3;1:4;2:0;2:1;2:2;2:3;2:4;3:0;3:1;3:2;3:3;3:4;4:0;4:1;4:2;4:3;4:4,longspan_x200_delta_refinement_5x5,"train_seed,train_row_group_start,train_length_multiplier",held_out_evaluation_only,Submit GPU jobs to gpumedium; do not use pilot/gpupilot.
fsl_longspan_x200_source5x5_s321_332_20260714_0002_n2-d2-dep4-md320-it324-x1p00-s324-rg0,source_delta_support_process_control,canonical,4,72,64,320,324,324,169869312,524288,16,2048,40,1,L,fsl-longspan-x200-source5x5-s321-332-20260714-0002-n2-d2-dep4-md320-it324-x1p00-s324-rg0,2,2,roihu_delta_support_process_control,4,169869312,524288,Fresh measured 5x5 source union for sealed x200 validation of a long-span Delta support and one-step source-only refinement. Target losses are evaluation-only.,controlled_model_dim_source_prefix_smalln_5x5,15401080.0,15401080.0,0.0,0.162821576719,9,5p_to_3x3_to_4x4_to_5x5_nested,9,1.305337,0,324,169869312,1.0,offline_union_5x5_x200_longspan_prospective,2:2,0:0;0:1;0:2;0:3;0:4;1:0;1:1;1:2;1:3;1:4;2:0;2:1;2:2;2:3;2:4;3:0;3:1;3:2;3:3;3:4;4:0;4:1;4:2;4:3;4:4,longspan_x200_delta_refinement_5x5,"train_seed,train_row_group_start,train_length_multiplier",held_out_evaluation_only,Submit GPU jobs to gpumedium; do not use pilot/gpupilot.
fsl_longspan_x200_source5x5_s321_332_20260714_0002_n2-d2-dep4-md320-it324-x1p00-s325-rg0,source_delta_support_process_control,canonical,4,72,64,320,325,324,169869312,524288,16,2048,40,1,L,fsl-longspan-x200-source5x5-s321-332-20260714-0002-n2-d2-dep4-md320-it324-x1p00-s325-rg0,2,2,roihu_delta_support_process_control,4,169869312,524288,Fresh measured 5x5 source union for sealed x200 validation of a long-span Delta support and one-step source-only refinement. Target losses are evaluation-only.,controlled_model_dim_source_prefix_smalln_5x5,15401080.0,15401080.0,0.0,0.162821576719,9,5p_to_3x3_to_4x4_to_5x5_nested,9,1.305337,0,324,169869312,1.0,offline_union_5x5_x200_longspan_prospective,2:2,0:0;0:1;0:2;0:3;0:4;1:0;1:1;1:2;1:3;1:4;2:0;2:1;2:2;2:3;2:4;3:0;3:1;3:2;3:3;3:4;4:0;4:1;4:2;4:3;4:4,longspan_x200_delta_refinement_5x5,"train_seed,train_row_group_start,train_length_multiplier",held_out_evaluation_only,Submit GPU jobs to gpumedium; do not use pilot/gpupilot.
fsl_longspan_x200_source5x5_s321_332_20260714_0002_n2-d2-dep4-md320-it324-x1p00-s326-rg0,source_delta_support_process_control,canonical,4,72,64,320,326,324,169869312,524288,16,2048,40,1,L,fsl-longspan-x200-source5x5-s321-332-20260714-0002-n2-d2-dep4-md320-it324-x1p00-s326-rg0,2,2,roihu_delta_support_process_control,4,169869312,524288,Fresh measured 5x5 source union for sealed x200 validation of a long-span Delta support and one-step source-only refinement. Target losses are evaluation-only.,controlled_model_dim_source_prefix_smalln_5x5,15401080.0,15401080.0,0.0,0.162821576719,9,5p_to_3x3_to_4x4_to_5x5_nested,9,1.305337,0,324,169869312,1.0,offline_union_5x5_x200_longspan_prospective,2:2,0:0;0:1;0:2;0:3;0:4;1:0;1:1;1:2;1:3;1:4;2:0;2:1;2:2;2:3;2:4;3:0;3:1;3:2;3:3;3:4;4:0;4:1;4:2;4:3;4:4,longspan_x200_delta_refinement_5x5,"train_seed,train_row_group_start,train_length_multiplier",held_out_evaluation_only,Submit GPU jobs to gpumedium; do not use pilot/gpupilot.
fsl_longspan_x200_source5x5_s321_332_20260714_0002_n2-d2-dep4-md320-it324-x1p00-s327-rg0,source_delta_support_process_control,canonical,4,72,64,320,327,324,169869312,524288,16,2048,40,1,L,fsl-longspan-x200-source5x5-s321-332-20260714-0002-n2-d2-dep4-md320-it324-x1p00-s327-rg0,2,2,roihu_delta_support_process_control,4,169869312,524288,Fresh measured 5x5 source union for sealed x200 validation of a long-span Delta support and one-step source-only refinement. Target losses are evaluation-only.,controlled_model_dim_source_prefix_smalln_5x5,15401080.0,15401080.0,0.0,0.162821576719,9,5p_to_3x3_to_4x4_to_5x5_nested,9,1.305337,0,324,169869312,1.0,offline_union_5x5_x200_longspan_prospective,2:2,0:0;0:1;0:2;0:3;0:4;1:0;1:1;1:2;1:3;1:4;2:0;2:1;2:2;2:3;2:4;3:0;3:1;3:2;3:3;3:4;4:0;4:1;4:2;4:3;4:4,longspan_x200_delta_refinement_5x5,"train_seed,train_row_group_start,train_length_multiplier",held_out_evaluation_only,Submit GPU jobs to gpumedium; do not use pilot/gpupilot.
fsl_longspan_x200_source5x5_s321_332_20260714_0002_n2-d2-dep4-md320-it324-x1p00-s328-rg0,source_delta_support_process_control,canonical,4,72,64,320,328,324,169869312,524288,16,2048,40,1,L,fsl-longspan-x200-source5x5-s321-332-20260714-0002-n2-d2-dep4-md320-it324-x1p00-s328-rg0,2,2,roihu_delta_support_process_control,4,169869312,524288,Fresh measured 5x5 source union for sealed x200 validation of a long-span Delta support and one-step source-only refinement. Target losses are evaluation-only.,controlled_model_dim_source_prefix_smalln_5x5,15401080.0,15401080.0,0.0,0.162821576719,9,5p_to_3x3_to_4x4_to_5x5_nested,9,1.305337,0,324,169869312,1.0,offline_union_5x5_x200_longspan_prospective,2:2,0:0;0:1;0:2;0:3;0:4;1:0;1:1;1:2;1:3;1:4;2:0;2:1;2:2;2:3;2:4;3:0;3:1;3:2;3:3;3:4;4:0;4:1;4:2;4:3;4:4,longspan_x200_delta_refinement_5x5,"train_seed,train_row_group_start,train_length_multiplier",held_out_evaluation_only,Submit GPU jobs to gpumedium; do not use pilot/gpupilot.
fsl_longspan_x200_source5x5_s321_332_20260714_0002_n2-d2-dep4-md320-it324-x1p00-s329-rg0,source_delta_support_process_control,canonical,4,72,64,320,329,324,169869312,524288,16,2048,40,1,L,fsl-longspan-x200-source5x5-s321-332-20260714-0002-n2-d2-dep4-md320-it324-x1p00-s329-rg0,2,2,roihu_delta_support_process_control,4,169869312,524288,Fresh measured 5x5 source union for sealed x200 validation of a long-span Delta support and one-step source-only refinement. Target losses are evaluation-only.,controlled_model_dim_source_prefix_smalln_5x5,15401080.0,15401080.0,0.0,0.162821576719,9,5p_to_3x3_to_4x4_to_5x5_nested,9,1.305337,0,324,169869312,1.0,offline_union_5x5_x200_longspan_prospective,2:2,0:0;0:1;0:2;0:3;0:4;1:0;1:1;1:2;1:3;1:4;2:0;2:1;2:2;2:3;2:4;3:0;3:1;3:2;3:3;3:4;4:0;4:1;4:2;4:3;4:4,longspan_x200_delta_refinement_5x5,"train_seed,train_row_group_start,train_length_multiplier",held_out_evaluation_only,Submit GPU jobs to gpumedium; do not use pilot/gpupilot.
fsl_longspan_x200_source5x5_s321_332_20260714_0002_n2-d2-dep4-md320-it324-x1p00-s330-rg0,source_delta_support_process_control,canonical,4,72,64,320,330,324,169869312,524288,16,2048,40,1,L,fsl-longspan-x200-source5x5-s321-332-20260714-0002-n2-d2-dep4-md320-it324-x1p00-s330-rg0,2,2,roihu_delta_support_process_control,4,169869312,524288,Fresh measured 5x5 source union for sealed x200 validation of a long-span Delta support and one-step source-only refinement. Target losses are evaluation-only.,controlled_model_dim_source_prefix_smalln_5x5,15401080.0,15401080.0,0.0,0.162821576719,9,5p_to_3x3_to_4x4_to_5x5_nested,9,1.305337,0,324,169869312,1.0,offline_union_5x5_x200_longspan_prospective,2:2,0:0;0:1;0:2;0:3;0:4;1:0;1:1;1:2;1:3;1:4;2:0;2:1;2:2;2:3;2:4;3:0;3:1;3:2;3:3;3:4;4:0;4:1;4:2;4:3;4:4,longspan_x200_delta_refinement_5x5,"train_seed,train_row_group_start,train_length_multiplier",held_out_evaluation_only,Submit GPU jobs to gpumedium; do not use pilot/gpupilot.
fsl_longspan_x200_source5x5_s321_332_20260714_0002_n2-d2-dep4-md320-it324-x1p00-s331-rg0,source_delta_support_process_control,canonical,4,72,64,320,331,324,169869312,524288,16,2048,40,1,L,fsl-longspan-x200-source5x5-s321-332-20260714-0002-n2-d2-dep4-md320-it324-x1p00-s331-rg0,2,2,roihu_delta_support_process_control,4,169869312,524288,Fresh measured 5x5 source union for sealed x200 validation of a long-span Delta support and one-step source-only refinement. Target losses are evaluation-only.,controlled_model_dim_source_prefix_smalln_5x5,15401080.0,15401080.0,0.0,0.162821576719,9,5p_to_3x3_to_4x4_to_5x5_nested,9,1.305337,0,324,169869312,1.0,offline_union_5x5_x200_longspan_prospective,2:2,0:0;0:1;0:2;0:3;0:4;1:0;1:1;1:2;1:3;1:4;2:0;2:1;2:2;2:3;2:4;3:0;3:1;3:2;3:3;3:4;4:0;4:1;4:2;4:3;4:4,longspan_x200_delta_refinement_5x5,"train_seed,train_row_group_start,train_length_multiplier",held_out_evaluation_only,Submit GPU jobs to gpumedium; do not use pilot/gpupilot.
fsl_longspan_x200_source5x5_s321_332_20260714_0002_n2-d2-dep4-md320-it324-x1p00-s332-rg0,source_delta_support_process_control,canonical,4,72,64,320,332,324,169869312,524288,16,2048,40,1,L,fsl-longspan-x200-source5x5-s321-332-20260714-0002-n2-d2-dep4-md320-it324-x1p00-s332-rg0,2,2,roihu_delta_support_process_control,4,169869312,524288,Fresh measured 5x5 source union for sealed x200 validation of a long-span Delta support and one-step source-only refinement. Target losses are evaluation-only.,controlled_model_dim_source_prefix_smalln_5x5,15401080.0,15401080.0,0.0,0.162821576719,9,5p_to_3x3_to_4x4_to_5x5_nested,9,1.305337,0,324,169869312,1.0,offline_union_5x5_x200_longspan_prospective,2:2,0:0;0:1;0:2;0:3;0:4;1:0;1:1;1:2;1:3;1:4;2:0;2:1;2:2;2:3;2:4;3:0;3:1;3:2;3:3;3:4;4:0;4:1;4:2;4:3;4:4,longspan_x200_delta_refinement_5x5,"train_seed,train_row_group_start,train_length_multiplier",held_out_evaluation_only,Submit GPU jobs to gpumedium; do not use pilot/gpupilot.
fsl_longspan_x200_source5x5_s321_332_20260714_0002_n2-d3-dep4-md320-it486-x1p00-s321-rg0,source_delta_support_process_control,canonical,4,72,64,320,321,486,254803968,524288,16,2048,40,1,L,fsl-longspan-x200-source5x5-s321-332-20260714-0002-n2-d3-dep4-md320-it486-x1p00-s321-rg0,2,3,roihu_delta_support_process_control,4,254803968,524288,Fresh measured 5x5 source union for sealed x200 validation of a long-span Delta support and one-step source-only refinement. Target losses are evaluation-only.,controlled_model_dim_source_prefix_smalln_5x5,15401080.0,15401080.0,0.0,0.162821576719,15,5p_to_3x3_to_4x4_to_5x5_nested,16,1.305337,0,486,254803968,1.0,offline_union_5x5_x200_longspan_prospective,2:3,0:0;0:1;0:2;0:3;0:4;1:0;1:1;1:2;1:3;1:4;2:0;2:1;2:2;2:3;2:4;3:0;3:1;3:2;3:3;3:4;4:0;4:1;4:2;4:3;4:4,longspan_x200_delta_refinement_5x5,"train_seed,train_row_group_start,train_length_multiplier",held_out_evaluation_only,Submit GPU jobs to gpumedium; do not use pilot/gpupilot.
fsl_longspan_x200_source5x5_s321_332_20260714_0002_n2-d3-dep4-md320-it486-x1p00-s322-rg0,source_delta_support_process_control,canonical,4,72,64,320,322,486,254803968,524288,16,2048,40,1,L,fsl-longspan-x200-source5x5-s321-332-20260714-0002-n2-d3-dep4-md320-it486-x1p00-s322-rg0,2,3,roihu_delta_support_process_control,4,254803968,524288,Fresh measured 5x5 source union for sealed x200 validation of a long-span Delta support and one-step source-only refinement. Target losses are evaluation-only.,controlled_model_dim_source_prefix_smalln_5x5,15401080.0,15401080.0,0.0,0.162821576719,15,5p_to_3x3_to_4x4_to_5x5_nested,16,1.305337,0,486,254803968,1.0,offline_union_5x5_x200_longspan_prospective,2:3,0:0;0:1;0:2;0:3;0:4;1:0;1:1;1:2;1:3;1:4;2:0;2:1;2:2;2:3;2:4;3:0;3:1;3:2;3:3;3:4;4:0;4:1;4:2;4:3;4:4,longspan_x200_delta_refinement_5x5,"train_seed,train_row_group_start,train_length_multiplier",held_out_evaluation_only,Submit GPU jobs to gpumedium; do not use pilot/gpupilot.
fsl_longspan_x200_source5x5_s321_332_20260714_0002_n2-d3-dep4-md320-it486-x1p00-s323-rg0,source_delta_support_process_control,canonical,4,72,64,320,323,486,254803968,524288,16,2048,40,1,L,fsl-longspan-x200-source5x5-s321-332-20260714-0002-n2-d3-dep4-md320-it486-x1p00-s323-rg0,2,3,roihu_delta_support_process_control,4,254803968,524288,Fresh measured 5x5 source union for sealed x200 validation of a long-span Delta support and one-step source-only refinement. Target losses are evaluation-only.,controlled_model_dim_source_prefix_smalln_5x5,15401080.0,15401080.0,0.0,0.162821576719,15,5p_to_3x3_to_4x4_to_5x5_nested,16,1.305337,0,486,254803968,1.0,offline_union_5x5_x200_longspan_prospective,2:3,0:0;0:1;0:2;0:3;0:4;1:0;1:1;1:2;1:3;1:4;2:0;2:1;2:2;2:3;2:4;3:0;3:1;3:2;3:3;3:4;4:0;4:1;4:2;4:3;4:4,longspan_x200_delta_refinement_5x5,"train_seed,train_row_group_start,train_length_multiplier",held_out_evaluation_only,Submit GPU jobs to gpumedium; do not use pilot/gpupilot.
fsl_longspan_x200_source5x5_s321_332_20260714_0002_n2-d3-dep4-md320-it486-x1p00-s324-rg0,source_delta_support_process_control,canonical,4,72,64,320,324,486,254803968,524288,16,2048,40,1,L,fsl-longspan-x200-source5x5-s321-332-20260714-0002-n2-d3-dep4-md320-it486-x1p00-s324-rg0,2,3,roihu_delta_support_process_control,4,254803968,524288,Fresh measured 5x5 source union for sealed x200 validation of a long-span Delta support and one-step source-only refinement. Target losses are evaluation-only.,controlled_model_dim_source_prefix_smalln_5x5,15401080.0,15401080.0,0.0,0.162821576719,15,5p_to_3x3_to_4x4_to_5x5_nested,16,1.305337,0,486,254803968,1.0,offline_union_5x5_x200_longspan_prospective,2:3,0:0;0:1;0:2;0:3;0:4;1:0;1:1;1:2;1:3;1:4;2:0;2:1;2:2;2:3;2:4;3:0;3:1;3:2;3:3;3:4;4:0;4:1;4:2;4:3;4:4,longspan_x200_delta_refinement_5x5,"train_seed,train_row_group_start,train_length_multiplier",held_out_evaluation_only,Submit GPU jobs to gpumedium; do not use pilot/gpupilot.
fsl_longspan_x200_source5x5_s321_332_20260714_0002_n2-d3-dep4-md320-it486-x1p00-s325-rg0,source_delta_support_process_control,canonical,4,72,64,320,325,486,254803968,524288,16,2048,40,1,L,fsl-longspan-x200-source5x5-s321-332-20260714-0002-n2-d3-dep4-md320-it486-x1p00-s325-rg0,2,3,roihu_delta_support_process_control,4,254803968,524288,Fresh measured 5x5 source union for sealed x200 validation of a long-span Delta support and one-step source-only refinement. Target losses are evaluation-only.,controlled_model_dim_source_prefix_smalln_5x5,15401080.0,15401080.0,0.0,0.162821576719,15,5p_to_3x3_to_4x4_to_5x5_nested,16,1.305337,0,486,254803968,1.0,offline_union_5x5_x200_longspan_prospective,2:3,0:0;0:1;0:2;0:3;0:4;1:0;1:1;1:2;1:3;1:4;2:0;2:1;2:2;2:3;2:4;3:0;3:1;3:2;3:3;3:4;4:0;4:1;4:2;4:3;4:4,longspan_x200_delta_refinement_5x5,"train_seed,train_row_group_start,train_length_multiplier",held_out_evaluation_only,Submit GPU jobs to gpumedium; do not use pilot/gpupilot.
fsl_longspan_x200_source5x5_s321_332_20260714_0002_n2-d3-dep4-md320-it486-x1p00-s326-rg0,source_delta_support_process_control,canonical,4,72,64,320,326,486,254803968,524288,16,2048,40,1,L,fsl-longspan-x200-source5x5-s321-332-20260714-0002-n2-d3-dep4-md320-it486-x1p00-s326-rg0,2,3,roihu_delta_support_process_control,4,254803968,524288,Fresh measured 5x5 source union for sealed x200 validation of a long-span Delta support and one-step source-only refinement. Target losses are evaluation-only.,controlled_model_dim_source_prefix_smalln_5x5,15401080.0,15401080.0,0.0,0.162821576719,15,5p_to_3x3_to_4x4_to_5x5_nested,16,1.305337,0,486,254803968,1.0,offline_union_5x5_x200_longspan_prospective,2:3,0:0;0:1;0:2;0:3;0:4;1:0;1:1;1:2;1:3;1:4;2:0;2:1;2:2;2:3;2:4;3:0;3:1;3:2;3:3;3:4;4:0;4:1;4:2;4:3;4:4,longspan_x200_delta_refinement_5x5,"train_seed,train_row_group_start,train_length_multiplier",held_out_evaluation_only,Submit GPU jobs to gpumedium; do not use pilot/gpupilot.
fsl_longspan_x200_source5x5_s321_332_20260714_0002_n2-d3-dep4-md320-it486-x1p00-s327-rg0,source_delta_support_process_control,canonical,4,72,64,320,327,486,254803968,524288,16,2048,40,1,L,fsl-longspan-x200-source5x5-s321-332-20260714-0002-n2-d3-dep4-md320-it486-x1p00-s327-rg0,2,3,roihu_delta_support_process_control,4,254803968,524288,Fresh measured 5x5 source union for sealed x200 validation of a long-span Delta support and one-step source-only refinement. Target losses are evaluation-only.,controlled_model_dim_source_prefix_smalln_5x5,15401080.0,15401080.0,0.0,0.162821576719,15,5p_to_3x3_to_4x4_to_5x5_nested,16,1.305337,0,486,254803968,1.0,offline_union_5x5_x200_longspan_prospective,2:3,0:0;0:1;0:2;0:3;0:4;1:0;1:1;1:2;1:3;1:4;2:0;2:1;2:2;2:3;2:4;3:0;3:1;3:2;3:3;3:4;4:0;4:1;4:2;4:3;4:4,longspan_x200_delta_refinement_5x5,"train_seed,train_row_group_start,train_length_multiplier",held_out_evaluation_only,Submit GPU jobs to gpumedium; do not use pilot/gpupilot.
fsl_longspan_x200_source5x5_s321_332_20260714_0002_n2-d3-dep4-md320-it486-x1p00-s328-rg0,source_delta_support_process_control,canonical,4,72,64,320,328,486,254803968,524288,16,2048,40,1,L,fsl-longspan-x200-source5x5-s321-332-20260714-0002-n2-d3-dep4-md320-it486-x1p00-s328-rg0,2,3,roihu_delta_support_process_control,4,254803968,524288,Fresh measured 5x5 source union for sealed x200 validation of a long-span Delta support and one-step source-only refinement. Target losses are evaluation-only.,controlled_model_dim_source_prefix_smalln_5x5,15401080.0,15401080.0,0.0,0.162821576719,15,5p_to_3x3_to_4x4_to_5x5_nested,16,1.305337,0,486,254803968,1.0,offline_union_5x5_x200_longspan_prospective,2:3,0:0;0:1;0:2;0:3;0:4;1:0;1:1;1:2;1:3;1:4;2:0;2:1;2:2;2:3;2:4;3:0;3:1;3:2;3:3;3:4;4:0;4:1;4:2;4:3;4:4,longspan_x200_delta_refinement_5x5,"train_seed,train_row_group_start,train_length_multiplier",held_out_evaluation_only,Submit GPU jobs to gpumedium; do not use pilot/gpupilot.
fsl_longspan_x200_source5x5_s321_332_20260714_0002_n2-d3-dep4-md320-it486-x1p00-s329-rg0,source_delta_support_process_control,canonical,4,72,64,320,329,486,254803968,524288,16,2048,40,1,L,fsl-longspan-x200-source5x5-s321-332-20260714-0002-n2-d3-dep4-md320-it486-x1p00-s329-rg0,2,3,roihu_delta_support_process_control,4,254803968,524288,Fresh measured 5x5 source union for sealed x200 validation of a long-span Delta support and one-step source-only refinement. Target losses are evaluation-only.,controlled_model_dim_source_prefix_smalln_5x5,15401080.0,15401080.0,0.0,0.162821576719,15,5p_to_3x3_to_4x4_to_5x5_nested,16,1.305337,0,486,254803968,1.0,offline_union_5x5_x200_longspan_prospective,2:3,0:0;0:1;0:2;0:3;0:4;1:0;1:1;1:2;1:3;1:4;2:0;2:1;2:2;2:3;2:4;3:0;3:1;3:2;3:3;3:4;4:0;4:1;4:2;4:3;4:4,longspan_x200_delta_refinement_5x5,"train_seed,train_row_group_start,train_length_multiplier",held_out_evaluation_only,Submit GPU jobs to gpumedium; do not use pilot/gpupilot.
fsl_longspan_x200_source5x5_s321_332_20260714_0002_n2-d3-dep4-md320-it486-x1p00-s330-rg0,source_delta_support_process_control,canonical,4,72,64,320,330,486,254803968,524288,16,2048,40,1,L,fsl-longspan-x200-source5x5-s321-332-20260714-0002-n2-d3-dep4-md320-it486-x1p00-s330-rg0,2,3,roihu_delta_support_process_control,4,254803968,524288,Fresh measured 5x5 source union for sealed x200 validation of a long-span Delta support and one-step source-only refinement. Target losses are evaluation-only.,controlled_model_dim_source_prefix_smalln_5x5,15401080.0,15401080.0,0.0,0.162821576719,15,5p_to_3x3_to_4x4_to_5x5_nested,16,1.305337,0,486,254803968,1.0,offline_union_5x5_x200_longspan_prospective,2:3,0:0;0:1;0:2;0:3;0:4;1:0;1:1;1:2;1:3;1:4;2:0;2:1;2:2;2:3;2:4;3:0;3:1;3:2;3:3;3:4;4:0;4:1;4:2;4:3;4:4,longspan_x200_delta_refinement_5x5,"train_seed,train_row_group_start,train_length_multiplier",held_out_evaluation_only,Submit GPU jobs to gpumedium; do not use pilot/gpupilot.
fsl_longspan_x200_source5x5_s321_332_20260714_0002_n2-d3-dep4-md320-it486-x1p00-s331-rg0,source_delta_support_process_control,canonical,4,72,64,320,331,486,254803968,524288,16,2048,40,1,L,fsl-longspan-x200-source5x5-s321-332-20260714-0002-n2-d3-dep4-md320-it486-x1p00-s331-rg0,2,3,roihu_delta_support_process_control,4,254803968,524288,Fresh measured 5x5 source union for sealed x200 validation of a long-span Delta support and one-step source-only refinement. Target losses are evaluation-only.,controlled_model_dim_source_prefix_smalln_5x5,15401080.0,15401080.0,0.0,0.162821576719,15,5p_to_3x3_to_4x4_to_5x5_nested,16,1.305337,0,486,254803968,1.0,offline_union_5x5_x200_longspan_prospective,2:3,0:0;0:1;0:2;0:3;0:4;1:0;1:1;1:2;1:3;1:4;2:0;2:1;2:2;2:3;2:4;3:0;3:1;3:2;3:3;3:4;4:0;4:1;4:2;4:3;4:4,longspan_x200_delta_refinement_5x5,"train_seed,train_row_group_start,train_length_multiplier",held_out_evaluation_only,Submit GPU jobs to gpumedium; do not use pilot/gpupilot.
fsl_longspan_x200_source5x5_s321_332_20260714_0002_n2-d3-dep4-md320-it486-x1p00-s332-rg0,source_delta_support_process_control,canonical,4,72,64,320,332,486,254803968,524288,16,2048,40,1,L,fsl-longspan-x200-source5x5-s321-332-20260714-0002-n2-d3-dep4-md320-it486-x1p00-s332-rg0,2,3,roihu_delta_support_process_control,4,254803968,524288,Fresh measured 5x5 source union for sealed x200 validation of a long-span Delta support and one-step source-only refinement. Target losses are evaluation-only.,controlled_model_dim_source_prefix_smalln_5x5,15401080.0,15401080.0,0.0,0.162821576719,15,5p_to_3x3_to_4x4_to_5x5_nested,16,1.305337,0,486,254803968,1.0,offline_union_5x5_x200_longspan_prospective,2:3,0:0;0:1;0:2;0:3;0:4;1:0;1:1;1:2;1:3;1:4;2:0;2:1;2:2;2:3;2:4;3:0;3:1;3:2;3:3;3:4;4:0;4:1;4:2;4:3;4:4,longspan_x200_delta_refinement_5x5,"train_seed,train_row_group_start,train_length_multiplier",held_out_evaluation_only,Submit GPU jobs to gpumedium; do not use pilot/gpupilot.
fsl_longspan_x200_source5x5_s321_332_20260714_0002_n2-d4-dep4-md320-it729-x1p00-s321-rg0,source_delta_support_process_control,canonical,4,72,64,320,321,729,382205952,524288,16,2048,40,1,L,fsl-longspan-x200-source5x5-s321-332-20260714-0002-n2-d4-dep4-md320-it729-x1p00-s321-rg0,2,4,roihu_delta_support_process_control,4,382205952,524288,Fresh measured 5x5 source union for sealed x200 validation of a long-span Delta support and one-step source-only refinement. Target losses are evaluation-only.,controlled_model_dim_source_prefix_smalln_5x5,15401080.0,15401080.0,0.0,0.162821576719,23,5p_to_3x3_to_4x4_to_5x5_nested,25,1.305337,0,729,382205952,1.0,offline_union_5x5_x200_longspan_prospective,2:4,0:0;0:1;0:2;0:3;0:4;1:0;1:1;1:2;1:3;1:4;2:0;2:1;2:2;2:3;2:4;3:0;3:1;3:2;3:3;3:4;4:0;4:1;4:2;4:3;4:4,longspan_x200_delta_refinement_5x5,"train_seed,train_row_group_start,train_length_multiplier",held_out_evaluation_only,Submit GPU jobs to gpumedium; do not use pilot/gpupilot.
fsl_longspan_x200_source5x5_s321_332_20260714_0002_n2-d4-dep4-md320-it729-x1p00-s322-rg0,source_delta_support_process_control,canonical,4,72,64,320,322,729,382205952,524288,16,2048,40,1,L,fsl-longspan-x200-source5x5-s321-332-20260714-0002-n2-d4-dep4-md320-it729-x1p00-s322-rg0,2,4,roihu_delta_support_process_control,4,382205952,524288,Fresh measured 5x5 source union for sealed x200 validation of a long-span Delta support and one-step source-only refinement. Target losses are evaluation-only.,controlled_model_dim_source_prefix_smalln_5x5,15401080.0,15401080.0,0.0,0.162821576719,23,5p_to_3x3_to_4x4_to_5x5_nested,25,1.305337,0,729,382205952,1.0,offline_union_5x5_x200_longspan_prospective,2:4,0:0;0:1;0:2;0:3;0:4;1:0;1:1;1:2;1:3;1:4;2:0;2:1;2:2;2:3;2:4;3:0;3:1;3:2;3:3;3:4;4:0;4:1;4:2;4:3;4:4,longspan_x200_delta_refinement_5x5,"train_seed,train_row_group_start,train_length_multiplier",held_out_evaluation_only,Submit GPU jobs to gpumedium; do not use pilot/gpupilot.
fsl_longspan_x200_source5x5_s321_332_20260714_0002_n2-d4-dep4-md320-it729-x1p00-s323-rg0,source_delta_support_process_control,canonical,4,72,64,320,323,729,382205952,524288,16,2048,40,1,L,fsl-longspan-x200-source5x5-s321-332-20260714-0002-n2-d4-dep4-md320-it729-x1p00-s323-rg0,2,4,roihu_delta_support_process_control,4,382205952,524288,Fresh measured 5x5 source union for sealed x200 validation of a long-span Delta support and one-step source-only refinement. Target losses are evaluation-only.,controlled_model_dim_source_prefix_smalln_5x5,15401080.0,15401080.0,0.0,0.162821576719,23,5p_to_3x3_to_4x4_to_5x5_nested,25,1.305337,0,729,382205952,1.0,offline_union_5x5_x200_longspan_prospective,2:4,0:0;0:1;0:2;0:3;0:4;1:0;1:1;1:2;1:3;1:4;2:0;2:1;2:2;2:3;2:4;3:0;3:1;3:2;3:3;3:4;4:0;4:1;4:2;4:3;4:4,longspan_x200_delta_refinement_5x5,"train_seed,train_row_group_start,train_length_multiplier",held_out_evaluation_only,Submit GPU jobs to gpumedium; do not use pilot/gpupilot.
fsl_longspan_x200_source5x5_s321_332_20260714_0002_n2-d4-dep4-md320-it729-x1p00-s324-rg0,source_delta_support_process_control,canonical,4,72,64,320,324,729,382205952,524288,16,2048,40,1,L,fsl-longspan-x200-source5x5-s321-332-20260714-0002-n2-d4-dep4-md320-it729-x1p00-s324-rg0,2,4,roihu_delta_support_process_control,4,382205952,524288,Fresh measured 5x5 source union for sealed x200 validation of a long-span Delta support and one-step source-only refinement. Target losses are evaluation-only.,controlled_model_dim_source_prefix_smalln_5x5,15401080.0,15401080.0,0.0,0.162821576719,23,5p_to_3x3_to_4x4_to_5x5_nested,25,1.305337,0,729,382205952,1.0,offline_union_5x5_x200_longspan_prospective,2:4,0:0;0:1;0:2;0:3;0:4;1:0;1:1;1:2;1:3;1:4;2:0;2:1;2:2;2:3;2:4;3:0;3:1;3:2;3:3;3:4;4:0;4:1;4:2;4:3;4:4,longspan_x200_delta_refinement_5x5,"train_seed,train_row_group_start,train_length_multiplier",held_out_evaluation_only,Submit GPU jobs to gpumedium; do not use pilot/gpupilot.
fsl_longspan_x200_source5x5_s321_332_20260714_0002_n2-d4-dep4-md320-it729-x1p00-s325-rg0,source_delta_support_process_control,canonical,4,72,64,320,325,729,382205952,524288,16,2048,40,1,L,fsl-longspan-x200-source5x5-s321-332-20260714-0002-n2-d4-dep4-md320-it729-x1p00-s325-rg0,2,4,roihu_delta_support_process_control,4,382205952,524288,Fresh measured 5x5 source union for sealed x200 validation of a long-span Delta support and one-step source-only refinement. Target losses are evaluation-only.,controlled_model_dim_source_prefix_smalln_5x5,15401080.0,15401080.0,0.0,0.162821576719,23,5p_to_3x3_to_4x4_to_5x5_nested,25,1.305337,0,729,382205952,1.0,offline_union_5x5_x200_longspan_prospective,2:4,0:0;0:1;0:2;0:3;0:4;1:0;1:1;1:2;1:3;1:4;2:0;2:1;2:2;2:3;2:4;3:0;3:1;3:2;3:3;3:4;4:0;4:1;4:2;4:3;4:4,longspan_x200_delta_refinement_5x5,"train_seed,train_row_group_start,train_length_multiplier",held_out_evaluation_only,Submit GPU jobs to gpumedium; do not use pilot/gpupilot.
fsl_longspan_x200_source5x5_s321_332_20260714_0002_n2-d4-dep4-md320-it729-x1p00-s326-rg0,source_delta_support_process_control,canonical,4,72,64,320,326,729,382205952,524288,16,2048,40,1,L,fsl-longspan-x200-source5x5-s321-332-20260714-0002-n2-d4-dep4-md320-it729-x1p00-s326-rg0,2,4,roihu_delta_support_process_control,4,382205952,524288,Fresh measured 5x5 source union for sealed x200 validation of a long-span Delta support and one-step source-only refinement. Target losses are evaluation-only.,controlled_model_dim_source_prefix_smalln_5x5,15401080.0,15401080.0,0.0,0.162821576719,23,5p_to_3x3_to_4x4_to_5x5_nested,25,1.305337,0,729,382205952,1.0,offline_union_5x5_x200_longspan_prospective,2:4,0:0;0:1;0:2;0:3;0:4;1:0;1:1;1:2;1:3;1:4;2:0;2:1;2:2;2:3;2:4;3:0;3:1;3:2;3:3;3:4;4:0;4:1;4:2;4:3;4:4,longspan_x200_delta_refinement_5x5,"train_seed,train_row_group_start,train_length_multiplier",held_out_evaluation_only,Submit GPU jobs to gpumedium; do not use pilot/gpupilot.
fsl_longspan_x200_source5x5_s321_332_20260714_0002_n2-d4-dep4-md320-it729-x1p00-s327-rg0,source_delta_support_process_control,canonical,4,72,64,320,327,729,382205952,524288,16,2048,40,1,L,fsl-longspan-x200-source5x5-s321-332-20260714-0002-n2-d4-dep4-md320-it729-x1p00-s327-rg0,2,4,roihu_delta_support_process_control,4,382205952,524288,Fresh measured 5x5 source union for sealed x200 validation of a long-span Delta support and one-step source-only refinement. Target losses are evaluation-only.,controlled_model_dim_source_prefix_smalln_5x5,15401080.0,15401080.0,0.0,0.162821576719,23,5p_to_3x3_to_4x4_to_5x5_nested,25,1.305337,0,729,382205952,1.0,offline_union_5x5_x200_longspan_prospective,2:4,0:0;0:1;0:2;0:3;0:4;1:0;1:1;1:2;1:3;1:4;2:0;2:1;2:2;2:3;2:4;3:0;3:1;3:2;3:3;3:4;4:0;4:1;4:2;4:3;4:4,longspan_x200_delta_refinement_5x5,"train_seed,train_row_group_start,train_length_multiplier",held_out_evaluation_only,Submit GPU jobs to gpumedium; do not use pilot/gpupilot.
fsl_longspan_x200_source5x5_s321_332_20260714_0002_n2-d4-dep4-md320-it729-x1p00-s328-rg0,source_delta_support_process_control,canonical,4,72,64,320,328,729,382205952,524288,16,2048,40,1,L,fsl-longspan-x200-source5x5-s321-332-20260714-0002-n2-d4-dep4-md320-it729-x1p00-s328-rg0,2,4,roihu_delta_support_process_control,4,382205952,524288,Fresh measured 5x5 source union for sealed x200 validation of a long-span Delta support and one-step source-only refinement. Target losses are evaluation-only.,controlled_model_dim_source_prefix_smalln_5x5,15401080.0,15401080.0,0.0,0.162821576719,23,5p_to_3x3_to_4x4_to_5x5_nested,25,1.305337,0,729,382205952,1.0,offline_union_5x5_x200_longspan_prospective,2:4,0:0;0:1;0:2;0:3;0:4;1:0;1:1;1:2;1:3;1:4;2:0;2:1;2:2;2:3;2:4;3:0;3:1;3:2;3:3;3:4;4:0;4:1;4:2;4:3;4:4,longspan_x200_delta_refinement_5x5,"train_seed,train_row_group_start,train_length_multiplier",held_out_evaluation_only,Submit GPU jobs to gpumedium; do not use pilot/gpupilot.
fsl_longspan_x200_source5x5_s321_332_20260714_0002_n2-d4-dep4-md320-it729-x1p00-s329-rg0,source_delta_support_process_control,canonical,4,72,64,320,329,729,382205952,524288,16,2048,40,1,L,fsl-longspan-x200-source5x5-s321-332-20260714-0002-n2-d4-dep4-md320-it729-x1p00-s329-rg0,2,4,roihu_delta_support_process_control,4,382205952,524288,Fresh measured 5x5 source union for sealed x200 validation of a long-span Delta support and one-step source-only refinement. Target losses are evaluation-only.,controlled_model_dim_source_prefix_smalln_5x5,15401080.0,15401080.0,0.0,0.162821576719,23,5p_to_3x3_to_4x4_to_5x5_nested,25,1.305337,0,729,382205952,1.0,offline_union_5x5_x200_longspan_prospective,2:4,0:0;0:1;0:2;0:3;0:4;1:0;1:1;1:2;1:3;1:4;2:0;2:1;2:2;2:3;2:4;3:0;3:1;3:2;3:3;3:4;4:0;4:1;4:2;4:3;4:4,longspan_x200_delta_refinement_5x5,"train_seed,train_row_group_start,train_length_multiplier",held_out_evaluation_only,Submit GPU jobs to gpumedium; do not use pilot/gpupilot.
fsl_longspan_x200_source5x5_s321_332_20260714_0002_n2-d4-dep4-md320-it729-x1p00-s330-rg0,source_delta_support_process_control,canonical,4,72,64,320,330,729,382205952,524288,16,2048,40,1,L,fsl-longspan-x200-source5x5-s321-332-20260714-0002-n2-d4-dep4-md320-it729-x1p00-s330-rg0,2,4,roihu_delta_support_process_control,4,382205952,524288,Fresh measured 5x5 source union for sealed x200 validation of a long-span Delta support and one-step source-only refinement. Target losses are evaluation-only.,controlled_model_dim_source_prefix_smalln_5x5,15401080.0,15401080.0,0.0,0.162821576719,23,5p_to_3x3_to_4x4_to_5x5_nested,25,1.305337,0,729,382205952,1.0,offline_union_5x5_x200_longspan_prospective,2:4,0:0;0:1;0:2;0:3;0:4;1:0;1:1;1:2;1:3;1:4;2:0;2:1;2:2;2:3;2:4;3:0;3:1;3:2;3:3;3:4;4:0;4:1;4:2;4:3;4:4,longspan_x200_delta_refinement_5x5,"train_seed,train_row_group_start,train_length_multiplier",held_out_evaluation_only,Submit GPU jobs to gpumedium; do not use pilot/gpupilot.
fsl_longspan_x200_source5x5_s321_332_20260714_0002_n2-d4-dep4-md320-it729-x1p00-s331-rg0,source_delta_support_process_control,canonical,4,72,64,320,331,729,382205952,524288,16,2048,40,1,L,fsl-longspan-x200-source5x5-s321-332-20260714-0002-n2-d4-dep4-md320-it729-x1p00-s331-rg0,2,4,roihu_delta_support_process_control,4,382205952,524288,Fresh measured 5x5 source union for sealed x200 validation of a long-span Delta support and one-step source-only refinement. Target losses are evaluation-only.,controlled_model_dim_source_prefix_smalln_5x5,15401080.0,15401080.0,0.0,0.162821576719,23,5p_to_3x3_to_4x4_to_5x5_nested,25,1.305337,0,729,382205952,1.0,offline_union_5x5_x200_longspan_prospective,2:4,0:0;0:1;0:2;0:3;0:4;1:0;1:1;1:2;1:3;1:4;2:0;2:1;2:2;2:3;2:4;3:0;3:1;3:2;3:3;3:4;4:0;4:1;4:2;4:3;4:4,longspan_x200_delta_refinement_5x5,"train_seed,train_row_group_start,train_length_multiplier",held_out_evaluation_only,Submit GPU jobs to gpumedium; do not use pilot/gpupilot.
fsl_longspan_x200_source5x5_s321_332_20260714_0002_n2-d4-dep4-md320-it729-x1p00-s332-rg0,source_delta_support_process_control,canonical,4,72,64,320,332,729,382205952,524288,16,2048,40,1,L,fsl-longspan-x200-source5x5-s321-332-20260714-0002-n2-d4-dep4-md320-it729-x1p00-s332-rg0,2,4,roihu_delta_support_process_control,4,382205952,524288,Fresh measured 5x5 source union for sealed x200 validation of a long-span Delta support and one-step source-only refinement. Target losses are evaluation-only.,controlled_model_dim_source_prefix_smalln_5x5,15401080.0,15401080.0,0.0,0.162821576719,23,5p_to_3x3_to_4x4_to_5x5_nested,25,1.305337,0,729,382205952,1.0,offline_union_5x5_x200_longspan_prospective,2:4,0:0;0:1;0:2;0:3;0:4;1:0;1:1;1:2;1:3;1:4;2:0;2:1;2:2;2:3;2:4;3:0;3:1;3:2;3:3;3:4;4:0;4:1;4:2;4:3;4:4,longspan_x200_delta_refinement_5x5,"train_seed,train_row_group_start,train_length_multiplier",held_out_evaluation_only,Submit GPU jobs to gpumedium; do not use pilot/gpupilot.
fsl_longspan_x200_source5x5_s321_332_20260714_0002_n3-d0-dep4-md512-it144-x1p00-s321-rg0,source_delta_support_process_control,canonical,4,72,64,512,321,144,75497472,524288,16,2048,40,1,L,fsl-longspan-x200-source5x5-s321-332-20260714-0002-n3-d0-dep4-md512-it144-x1p00-s321-rg0,3,0,roihu_delta_support_process_control,4,75497472,524288,Fresh measured 5x5 source union for sealed x200 validation of a long-span Delta support and one-step source-only refinement. Target losses are evaluation-only.,controlled_model_dim_source_prefix_smalln_5x5,29360320.0,29360320.0,0.0,0.162821576719,10,5p_to_3x3_to_4x4_to_5x5_nested,16,1.305337,0,144,75497472,1.0,offline_union_5x5_x200_longspan_prospective,3:0,0:0;0:1;0:2;0:3;0:4;1:0;1:1;1:2;1:3;1:4;2:0;2:1;2:2;2:3;2:4;3:0;3:1;3:2;3:3;3:4;4:0;4:1;4:2;4:3;4:4,longspan_x200_delta_refinement_5x5,"train_seed,train_row_group_start,train_length_multiplier",held_out_evaluation_only,Submit GPU jobs to gpumedium; do not use pilot/gpupilot.
fsl_longspan_x200_source5x5_s321_332_20260714_0002_n3-d0-dep4-md512-it144-x1p00-s322-rg0,source_delta_support_process_control,canonical,4,72,64,512,322,144,75497472,524288,16,2048,40,1,L,fsl-longspan-x200-source5x5-s321-332-20260714-0002-n3-d0-dep4-md512-it144-x1p00-s322-rg0,3,0,roihu_delta_support_process_control,4,75497472,524288,Fresh measured 5x5 source union for sealed x200 validation of a long-span Delta support and one-step source-only refinement. Target losses are evaluation-only.,controlled_model_dim_source_prefix_smalln_5x5,29360320.0,29360320.0,0.0,0.162821576719,10,5p_to_3x3_to_4x4_to_5x5_nested,16,1.305337,0,144,75497472,1.0,offline_union_5x5_x200_longspan_prospective,3:0,0:0;0:1;0:2;0:3;0:4;1:0;1:1;1:2;1:3;1:4;2:0;2:1;2:2;2:3;2:4;3:0;3:1;3:2;3:3;3:4;4:0;4:1;4:2;4:3;4:4,longspan_x200_delta_refinement_5x5,"train_seed,train_row_group_start,train_length_multiplier",held_out_evaluation_only,Submit GPU jobs to gpumedium; do not use pilot/gpupilot.
fsl_longspan_x200_source5x5_s321_332_20260714_0002_n3-d0-dep4-md512-it144-x1p00-s323-rg0,source_delta_support_process_control,canonical,4,72,64,512,323,144,75497472,524288,16,2048,40,1,L,fsl-longspan-x200-source5x5-s321-332-20260714-0002-n3-d0-dep4-md512-it144-x1p00-s323-rg0,3,0,roihu_delta_support_process_control,4,75497472,524288,Fresh measured 5x5 source union for sealed x200 validation of a long-span Delta support and one-step source-only refinement. Target losses are evaluation-only.,controlled_model_dim_source_prefix_smalln_5x5,29360320.0,29360320.0,0.0,0.162821576719,10,5p_to_3x3_to_4x4_to_5x5_nested,16,1.305337,0,144,75497472,1.0,offline_union_5x5_x200_longspan_prospective,3:0,0:0;0:1;0:2;0:3;0:4;1:0;1:1;1:2;1:3;1:4;2:0;2:1;2:2;2:3;2:4;3:0;3:1;3:2;3:3;3:4;4:0;4:1;4:2;4:3;4:4,longspan_x200_delta_refinement_5x5,"train_seed,train_row_group_start,train_length_multiplier",held_out_evaluation_only,Submit GPU jobs to gpumedium; do not use pilot/gpupilot.
fsl_longspan_x200_source5x5_s321_332_20260714_0002_n3-d0-dep4-md512-it144-x1p00-s324-rg0,source_delta_support_process_control,canonical,4,72,64,512,324,144,75497472,524288,16,2048,40,1,L,fsl-longspan-x200-source5x5-s321-332-20260714-0002-n3-d0-dep4-md512-it144-x1p00-s324-rg0,3,0,roihu_delta_support_process_control,4,75497472,524288,Fresh measured 5x5 source union for sealed x200 validation of a long-span Delta support and one-step source-only refinement. Target losses are evaluation-only.,controlled_model_dim_source_prefix_smalln_5x5,29360320.0,29360320.0,0.0,0.162821576719,10,5p_to_3x3_to_4x4_to_5x5_nested,16,1.305337,0,144,75497472,1.0,offline_union_5x5_x200_longspan_prospective,3:0,0:0;0:1;0:2;0:3;0:4;1:0;1:1;1:2;1:3;1:4;2:0;2:1;2:2;2:3;2:4;3:0;3:1;3:2;3:3;3:4;4:0;4:1;4:2;4:3;4:4,longspan_x200_delta_refinement_5x5,"train_seed,train_row_group_start,train_length_multiplier",held_out_evaluation_only,Submit GPU jobs to gpumedium; do not use pilot/gpupilot.
fsl_longspan_x200_source5x5_s321_332_20260714_0002_n3-d0-dep4-md512-it144-x1p00-s325-rg0,source_delta_support_process_control,canonical,4,72,64,512,325,144,75497472,524288,16,2048,40,1,L,fsl-longspan-x200-source5x5-s321-332-20260714-0002-n3-d0-dep4-md512-it144-x1p00-s325-rg0,3,0,roihu_delta_support_process_control,4,75497472,524288,Fresh measured 5x5 source union for sealed x200 validation of a long-span Delta support and one-step source-only refinement. Target losses are evaluation-only.,controlled_model_dim_source_prefix_smalln_5x5,29360320.0,29360320.0,0.0,0.162821576719,10,5p_to_3x3_to_4x4_to_5x5_nested,16,1.305337,0,144,75497472,1.0,offline_union_5x5_x200_longspan_prospective,3:0,0:0;0:1;0:2;0:3;0:4;1:0;1:1;1:2;1:3;1:4;2:0;2:1;2:2;2:3;2:4;3:0;3:1;3:2;3:3;3:4;4:0;4:1;4:2;4:3;4:4,longspan_x200_delta_refinement_5x5,"train_seed,train_row_group_start,train_length_multiplier",held_out_evaluation_only,Submit GPU jobs to gpumedium; do not use pilot/gpupilot.
fsl_longspan_x200_source5x5_s321_332_20260714_0002_n3-d0-dep4-md512-it144-x1p00-s326-rg0,source_delta_support_process_control,canonical,4,72,64,512,326,144,75497472,524288,16,2048,40,1,L,fsl-longspan-x200-source5x5-s321-332-20260714-0002-n3-d0-dep4-md512-it144-x1p00-s326-rg0,3,0,roihu_delta_support_process_control,4,75497472,524288,Fresh measured 5x5 source union for sealed x200 validation of a long-span Delta support and one-step source-only refinement. Target losses are evaluation-only.,controlled_model_dim_source_prefix_smalln_5x5,29360320.0,29360320.0,0.0,0.162821576719,10,5p_to_3x3_to_4x4_to_5x5_nested,16,1.305337,0,144,75497472,1.0,offline_union_5x5_x200_longspan_prospective,3:0,0:0;0:1;0:2;0:3;0:4;1:0;1:1;1:2;1:3;1:4;2:0;2:1;2:2;2:3;2:4;3:0;3:1;3:2;3:3;3:4;4:0;4:1;4:2;4:3;4:4,longspan_x200_delta_refinement_5x5,"train_seed,train_row_group_start,train_length_multiplier",held_out_evaluation_only,Submit GPU jobs to gpumedium; do not use pilot/gpupilot.
fsl_longspan_x200_source5x5_s321_332_20260714_0002_n3-d0-dep4-md512-it144-x1p00-s327-rg0,source_delta_support_process_control,canonical,4,72,64,512,327,144,75497472,524288,16,2048,40,1,L,fsl-longspan-x200-source5x5-s321-332-20260714-0002-n3-d0-dep4-md512-it144-x1p00-s327-rg0,3,0,roihu_delta_support_process_control,4,75497472,524288,Fresh measured 5x5 source union for sealed x200 validation of a long-span Delta support and one-step source-only refinement. Target losses are evaluation-only.,controlled_model_dim_source_prefix_smalln_5x5,29360320.0,29360320.0,0.0,0.162821576719,10,5p_to_3x3_to_4x4_to_5x5_nested,16,1.305337,0,144,75497472,1.0,offline_union_5x5_x200_longspan_prospective,3:0,0:0;0:1;0:2;0:3;0:4;1:0;1:1;1:2;1:3;1:4;2:0;2:1;2:2;2:3;2:4;3:0;3:1;3:2;3:3;3:4;4:0;4:1;4:2;4:3;4:4,longspan_x200_delta_refinement_5x5,"train_seed,train_row_group_start,train_length_multiplier",held_out_evaluation_only,Submit GPU jobs to gpumedium; do not use pilot/gpupilot.
fsl_longspan_x200_source5x5_s321_332_20260714_0002_n3-d0-dep4-md512-it144-x1p00-s328-rg0,source_delta_support_process_control,canonical,4,72,64,512,328,144,75497472,524288,16,2048,40,1,L,fsl-longspan-x200-source5x5-s321-332-20260714-0002-n3-d0-dep4-md512-it144-x1p00-s328-rg0,3,0,roihu_delta_support_process_control,4,75497472,524288,Fresh measured 5x5 source union for sealed x200 validation of a long-span Delta support and one-step source-only refinement. Target losses are evaluation-only.,controlled_model_dim_source_prefix_smalln_5x5,29360320.0,29360320.0,0.0,0.162821576719,10,5p_to_3x3_to_4x4_to_5x5_nested,16,1.305337,0,144,75497472,1.0,offline_union_5x5_x200_longspan_prospective,3:0,0:0;0:1;0:2;0:3;0:4;1:0;1:1;1:2;1:3;1:4;2:0;2:1;2:2;2:3;2:4;3:0;3:1;3:2;3:3;3:4;4:0;4:1;4:2;4:3;4:4,longspan_x200_delta_refinement_5x5,"train_seed,train_row_group_start,train_length_multiplier",held_out_evaluation_only,Submit GPU jobs to gpumedium; do not use pilot/gpupilot.
fsl_longspan_x200_source5x5_s321_332_20260714_0002_n3-d0-dep4-md512-it144-x1p00-s329-rg0,source_delta_support_process_control,canonical,4,72,64,512,329,144,75497472,524288,16,2048,40,1,L,fsl-longspan-x200-source5x5-s321-332-20260714-0002-n3-d0-dep4-md512-it144-x1p00-s329-rg0,3,0,roihu_delta_support_process_control,4,75497472,524288,Fresh measured 5x5 source union for sealed x200 validation of a long-span Delta support and one-step source-only refinement. Target losses are evaluation-only.,controlled_model_dim_source_prefix_smalln_5x5,29360320.0,29360320.0,0.0,0.162821576719,10,5p_to_3x3_to_4x4_to_5x5_nested,16,1.305337,0,144,75497472,1.0,offline_union_5x5_x200_longspan_prospective,3:0,0:0;0:1;0:2;0:3;0:4;1:0;1:1;1:2;1:3;1:4;2:0;2:1;2:2;2:3;2:4;3:0;3:1;3:2;3:3;3:4;4:0;4:1;4:2;4:3;4:4,longspan_x200_delta_refinement_5x5,"train_seed,train_row_group_start,train_length_multiplier",held_out_evaluation_only,Submit GPU jobs to gpumedium; do not use pilot/gpupilot.
fsl_longspan_x200_source5x5_s321_332_20260714_0002_n3-d0-dep4-md512-it144-x1p00-s330-rg0,source_delta_support_process_control,canonical,4,72,64,512,330,144,75497472,524288,16,2048,40,1,L,fsl-longspan-x200-source5x5-s321-332-20260714-0002-n3-d0-dep4-md512-it144-x1p00-s330-rg0,3,0,roihu_delta_support_process_control,4,75497472,524288,Fresh measured 5x5 source union for sealed x200 validation of a long-span Delta support and one-step source-only refinement. Target losses are evaluation-only.,controlled_model_dim_source_prefix_smalln_5x5,29360320.0,29360320.0,0.0,0.162821576719,10,5p_to_3x3_to_4x4_to_5x5_nested,16,1.305337,0,144,75497472,1.0,offline_union_5x5_x200_longspan_prospective,3:0,0:0;0:1;0:2;0:3;0:4;1:0;1:1;1:2;1:3;1:4;2:0;2:1;2:2;2:3;2:4;3:0;3:1;3:2;3:3;3:4;4:0;4:1;4:2;4:3;4:4,longspan_x200_delta_refinement_5x5,"train_seed,train_row_group_start,train_length_multiplier",held_out_evaluation_only,Submit GPU jobs to gpumedium; do not use pilot/gpupilot.
fsl_longspan_x200_source5x5_s321_332_20260714_0002_n3-d0-dep4-md512-it144-x1p00-s331-rg0,source_delta_support_process_control,canonical,4,72,64,512,331,144,75497472,524288,16,2048,40,1,L,fsl-longspan-x200-source5x5-s321-332-20260714-0002-n3-d0-dep4-md512-it144-x1p00-s331-rg0,3,0,roihu_delta_support_process_control,4,75497472,524288,Fresh measured 5x5 source union for sealed x200 validation of a long-span Delta support and one-step source-only refinement. Target losses are evaluation-only.,controlled_model_dim_source_prefix_smalln_5x5,29360320.0,29360320.0,0.0,0.162821576719,10,5p_to_3x3_to_4x4_to_5x5_nested,16,1.305337,0,144,75497472,1.0,offline_union_5x5_x200_longspan_prospective,3:0,0:0;0:1;0:2;0:3;0:4;1:0;1:1;1:2;1:3;1:4;2:0;2:1;2:2;2:3;2:4;3:0;3:1;3:2;3:3;3:4;4:0;4:1;4:2;4:3;4:4,longspan_x200_delta_refinement_5x5,"train_seed,train_row_group_start,train_length_multiplier",held_out_evaluation_only,Submit GPU jobs to gpumedium; do not use pilot/gpupilot.
fsl_longspan_x200_source5x5_s321_332_20260714_0002_n3-d0-dep4-md512-it144-x1p00-s332-rg0,source_delta_support_process_control,canonical,4,72,64,512,332,144,75497472,524288,16,2048,40,1,L,fsl-longspan-x200-source5x5-s321-332-20260714-0002-n3-d0-dep4-md512-it144-x1p00-s332-rg0,3,0,roihu_delta_support_process_control,4,75497472,524288,Fresh measured 5x5 source union for sealed x200 validation of a long-span Delta support and one-step source-only refinement. Target losses are evaluation-only.,controlled_model_dim_source_prefix_smalln_5x5,29360320.0,29360320.0,0.0,0.162821576719,10,5p_to_3x3_to_4x4_to_5x5_nested,16,1.305337,0,144,75497472,1.0,offline_union_5x5_x200_longspan_prospective,3:0,0:0;0:1;0:2;0:3;0:4;1:0;1:1;1:2;1:3;1:4;2:0;2:1;2:2;2:3;2:4;3:0;3:1;3:2;3:3;3:4;4:0;4:1;4:2;4:3;4:4,longspan_x200_delta_refinement_5x5,"train_seed,train_row_group_start,train_length_multiplier",held_out_evaluation_only,Submit GPU jobs to gpumedium; do not use pilot/gpupilot.
fsl_longspan_x200_source5x5_s321_332_20260714_0002_n3-d1-dep4-md512-it216-x1p00-s321-rg0,source_delta_support_process_control,canonical,4,72,64,512,321,216,113246208,524288,16,2048,40,1,L,fsl-longspan-x200-source5x5-s321-332-20260714-0002-n3-d1-dep4-md512-it216-x1p00-s321-rg0,3,1,roihu_delta_support_process_control,4,113246208,524288,Fresh measured 5x5 source union for sealed x200 validation of a long-span Delta support and one-step source-only refinement. Target losses are evaluation-only.,controlled_model_dim_source_prefix_smalln_5x5,29360320.0,29360320.0,0.0,0.162821576719,11,5p_to_3x3_to_4x4_to_5x5_nested,16,1.305337,0,216,113246208,1.0,offline_union_5x5_x200_longspan_prospective,3:1,0:0;0:1;0:2;0:3;0:4;1:0;1:1;1:2;1:3;1:4;2:0;2:1;2:2;2:3;2:4;3:0;3:1;3:2;3:3;3:4;4:0;4:1;4:2;4:3;4:4,longspan_x200_delta_refinement_5x5,"train_seed,train_row_group_start,train_length_multiplier",held_out_evaluation_only,Submit GPU jobs to gpumedium; do not use pilot/gpupilot.
fsl_longspan_x200_source5x5_s321_332_20260714_0002_n3-d1-dep4-md512-it216-x1p00-s322-rg0,source_delta_support_process_control,canonical,4,72,64,512,322,216,113246208,524288,16,2048,40,1,L,fsl-longspan-x200-source5x5-s321-332-20260714-0002-n3-d1-dep4-md512-it216-x1p00-s322-rg0,3,1,roihu_delta_support_process_control,4,113246208,524288,Fresh measured 5x5 source union for sealed x200 validation of a long-span Delta support and one-step source-only refinement. Target losses are evaluation-only.,controlled_model_dim_source_prefix_smalln_5x5,29360320.0,29360320.0,0.0,0.162821576719,11,5p_to_3x3_to_4x4_to_5x5_nested,16,1.305337,0,216,113246208,1.0,offline_union_5x5_x200_longspan_prospective,3:1,0:0;0:1;0:2;0:3;0:4;1:0;1:1;1:2;1:3;1:4;2:0;2:1;2:2;2:3;2:4;3:0;3:1;3:2;3:3;3:4;4:0;4:1;4:2;4:3;4:4,longspan_x200_delta_refinement_5x5,"train_seed,train_row_group_start,train_length_multiplier",held_out_evaluation_only,Submit GPU jobs to gpumedium; do not use pilot/gpupilot.
fsl_longspan_x200_source5x5_s321_332_20260714_0002_n3-d1-dep4-md512-it216-x1p00-s323-rg0,source_delta_support_process_control,canonical,4,72,64,512,323,216,113246208,524288,16,2048,40,1,L,fsl-longspan-x200-source5x5-s321-332-20260714-0002-n3-d1-dep4-md512-it216-x1p00-s323-rg0,3,1,roihu_delta_support_process_control,4,113246208,524288,Fresh measured 5x5 source union for sealed x200 validation of a long-span Delta support and one-step source-only refinement. Target losses are evaluation-only.,controlled_model_dim_source_prefix_smalln_5x5,29360320.0,29360320.0,0.0,0.162821576719,11,5p_to_3x3_to_4x4_to_5x5_nested,16,1.305337,0,216,113246208,1.0,offline_union_5x5_x200_longspan_prospective,3:1,0:0;0:1;0:2;0:3;0:4;1:0;1:1;1:2;1:3;1:4;2:0;2:1;2:2;2:3;2:4;3:0;3:1;3:2;3:3;3:4;4:0;4:1;4:2;4:3;4:4,longspan_x200_delta_refinement_5x5,"train_seed,train_row_group_start,train_length_multiplier",held_out_evaluation_only,Submit GPU jobs to gpumedium; do not use pilot/gpupilot.
fsl_longspan_x200_source5x5_s321_332_20260714_0002_n3-d1-dep4-md512-it216-x1p00-s324-rg0,source_delta_support_process_control,canonical,4,72,64,512,324,216,113246208,524288,16,2048,40,1,L,fsl-longspan-x200-source5x5-s321-332-20260714-0002-n3-d1-dep4-md512-it216-x1p00-s324-rg0,3,1,roihu_delta_support_process_control,4,113246208,524288,Fresh measured 5x5 source union for sealed x200 validation of a long-span Delta support and one-step source-only refinement. Target losses are evaluation-only.,controlled_model_dim_source_prefix_smalln_5x5,29360320.0,29360320.0,0.0,0.162821576719,11,5p_to_3x3_to_4x4_to_5x5_nested,16,1.305337,0,216,113246208,1.0,offline_union_5x5_x200_longspan_prospective,3:1,0:0;0:1;0:2;0:3;0:4;1:0;1:1;1:2;1:3;1:4;2:0;2:1;2:2;2:3;2:4;3:0;3:1;3:2;3:3;3:4;4:0;4:1;4:2;4:3;4:4,longspan_x200_delta_refinement_5x5,"train_seed,train_row_group_start,train_length_multiplier",held_out_evaluation_only,Submit GPU jobs to gpumedium; do not use pilot/gpupilot.
fsl_longspan_x200_source5x5_s321_332_20260714_0002_n3-d1-dep4-md512-it216-x1p00-s325-rg0,source_delta_support_process_control,canonical,4,72,64,512,325,216,113246208,524288,16,2048,40,1,L,fsl-longspan-x200-source5x5-s321-332-20260714-0002-n3-d1-dep4-md512-it216-x1p00-s325-rg0,3,1,roihu_delta_support_process_control,4,113246208,524288,Fresh measured 5x5 source union for sealed x200 validation of a long-span Delta support and one-step source-only refinement. Target losses are evaluation-only.,controlled_model_dim_source_prefix_smalln_5x5,29360320.0,29360320.0,0.0,0.162821576719,11,5p_to_3x3_to_4x4_to_5x5_nested,16,1.305337,0,216,113246208,1.0,offline_union_5x5_x200_longspan_prospective,3:1,0:0;0:1;0:2;0:3;0:4;1:0;1:1;1:2;1:3;1:4;2:0;2:1;2:2;2:3;2:4;3:0;3:1;3:2;3:3;3:4;4:0;4:1;4:2;4:3;4:4,longspan_x200_delta_refinement_5x5,"train_seed,train_row_group_start,train_length_multiplier",held_out_evaluation_only,Submit GPU jobs to gpumedium; do not use pilot/gpupilot.
fsl_longspan_x200_source5x5_s321_332_20260714_0002_n3-d1-dep4-md512-it216-x1p00-s326-rg0,source_delta_support_process_control,canonical,4,72,64,512,326,216,113246208,524288,16,2048,40,1,L,fsl-longspan-x200-source5x5-s321-332-20260714-0002-n3-d1-dep4-md512-it216-x1p00-s326-rg0,3,1,roihu_delta_support_process_control,4,113246208,524288,Fresh measured 5x5 source union for sealed x200 validation of a long-span Delta support and one-step source-only refinement. Target losses are evaluation-only.,controlled_model_dim_source_prefix_smalln_5x5,29360320.0,29360320.0,0.0,0.162821576719,11,5p_to_3x3_to_4x4_to_5x5_nested,16,1.305337,0,216,113246208,1.0,offline_union_5x5_x200_longspan_prospective,3:1,0:0;0:1;0:2;0:3;0:4;1:0;1:1;1:2;1:3;1:4;2:0;2:1;2:2;2:3;2:4;3:0;3:1;3:2;3:3;3:4;4:0;4:1;4:2;4:3;4:4,longspan_x200_delta_refinement_5x5,"train_seed,train_row_group_start,train_length_multiplier",held_out_evaluation_only,Submit GPU jobs to gpumedium; do not use pilot/gpupilot.
fsl_longspan_x200_source5x5_s321_332_20260714_0002_n3-d1-dep4-md512-it216-x1p00-s327-rg0,source_delta_support_process_control,canonical,4,72,64,512,327,216,113246208,524288,16,2048,40,1,L,fsl-longspan-x200-source5x5-s321-332-20260714-0002-n3-d1-dep4-md512-it216-x1p00-s327-rg0,3,1,roihu_delta_support_process_control,4,113246208,524288,Fresh measured 5x5 source union for sealed x200 validation of a long-span Delta support and one-step source-only refinement. Target losses are evaluation-only.,controlled_model_dim_source_prefix_smalln_5x5,29360320.0,29360320.0,0.0,0.162821576719,11,5p_to_3x3_to_4x4_to_5x5_nested,16,1.305337,0,216,113246208,1.0,offline_union_5x5_x200_longspan_prospective,3:1,0:0;0:1;0:2;0:3;0:4;1:0;1:1;1:2;1:3;1:4;2:0;2:1;2:2;2:3;2:4;3:0;3:1;3:2;3:3;3:4;4:0;4:1;4:2;4:3;4:4,longspan_x200_delta_refinement_5x5,"train_seed,train_row_group_start,train_length_multiplier",held_out_evaluation_only,Submit GPU jobs to gpumedium; do not use pilot/gpupilot.
fsl_longspan_x200_source5x5_s321_332_20260714_0002_n3-d1-dep4-md512-it216-x1p00-s328-rg0,source_delta_support_process_control,canonical,4,72,64,512,328,216,113246208,524288,16,2048,40,1,L,fsl-longspan-x200-source5x5-s321-332-20260714-0002-n3-d1-dep4-md512-it216-x1p00-s328-rg0,3,1,roihu_delta_support_process_control,4,113246208,524288,Fresh measured 5x5 source union for sealed x200 validation of a long-span Delta support and one-step source-only refinement. Target losses are evaluation-only.,controlled_model_dim_source_prefix_smalln_5x5,29360320.0,29360320.0,0.0,0.162821576719,11,5p_to_3x3_to_4x4_to_5x5_nested,16,1.305337,0,216,113246208,1.0,offline_union_5x5_x200_longspan_prospective,3:1,0:0;0:1;0:2;0:3;0:4;1:0;1:1;1:2;1:3;1:4;2:0;2:1;2:2;2:3;2:4;3:0;3:1;3:2;3:3;3:4;4:0;4:1;4:2;4:3;4:4,longspan_x200_delta_refinement_5x5,"train_seed,train_row_group_start,train_length_multiplier",held_out_evaluation_only,Submit GPU jobs to gpumedium; do not use pilot/gpupilot.
fsl_longspan_x200_source5x5_s321_332_20260714_0002_n3-d1-dep4-md512-it216-x1p00-s329-rg0,source_delta_support_process_control,canonical,4,72,64,512,329,216,113246208,524288,16,2048,40,1,L,fsl-longspan-x200-source5x5-s321-332-20260714-0002-n3-d1-dep4-md512-it216-x1p00-s329-rg0,3,1,roihu_delta_support_process_control,4,113246208,524288,Fresh measured 5x5 source union for sealed x200 validation of a long-span Delta support and one-step source-only refinement. Target losses are evaluation-only.,controlled_model_dim_source_prefix_smalln_5x5,29360320.0,29360320.0,0.0,0.162821576719,11,5p_to_3x3_to_4x4_to_5x5_nested,16,1.305337,0,216,113246208,1.0,offline_union_5x5_x200_longspan_prospective,3:1,0:0;0:1;0:2;0:3;0:4;1:0;1:1;1:2;1:3;1:4;2:0;2:1;2:2;2:3;2:4;3:0;3:1;3:2;3:3;3:4;4:0;4:1;4:2;4:3;4:4,longspan_x200_delta_refinement_5x5,"train_seed,train_row_group_start,train_length_multiplier",held_out_evaluation_only,Submit GPU jobs to gpumedium; do not use pilot/gpupilot.
fsl_longspan_x200_source5x5_s321_332_20260714_0002_n3-d1-dep4-md512-it216-x1p00-s330-rg0,source_delta_support_process_control,canonical,4,72,64,512,330,216,113246208,524288,16,2048,40,1,L,fsl-longspan-x200-source5x5-s321-332-20260714-0002-n3-d1-dep4-md512-it216-x1p00-s330-rg0,3,1,roihu_delta_support_process_control,4,113246208,524288,Fresh measured 5x5 source union for sealed x200 validation of a long-span Delta support and one-step source-only refinement. Target losses are evaluation-only.,controlled_model_dim_source_prefix_smalln_5x5,29360320.0,29360320.0,0.0,0.162821576719,11,5p_to_3x3_to_4x4_to_5x5_nested,16,1.305337,0,216,113246208,1.0,offline_union_5x5_x200_longspan_prospective,3:1,0:0;0:1;0:2;0:3;0:4;1:0;1:1;1:2;1:3;1:4;2:0;2:1;2:2;2:3;2:4;3:0;3:1;3:2;3:3;3:4;4:0;4:1;4:2;4:3;4:4,longspan_x200_delta_refinement_5x5,"train_seed,train_row_group_start,train_length_multiplier",held_out_evaluation_only,Submit GPU jobs to gpumedium; do not use pilot/gpupilot.
fsl_longspan_x200_source5x5_s321_332_20260714_0002_n3-d1-dep4-md512-it216-x1p00-s331-rg0,source_delta_support_process_control,canonical,4,72,64,512,331,216,113246208,524288,16,2048,40,1,L,fsl-longspan-x200-source5x5-s321-332-20260714-0002-n3-d1-dep4-md512-it216-x1p00-s331-rg0,3,1,roihu_delta_support_process_control,4,113246208,524288,Fresh measured 5x5 source union for sealed x200 validation of a long-span Delta support and one-step source-only refinement. Target losses are evaluation-only.,controlled_model_dim_source_prefix_smalln_5x5,29360320.0,29360320.0,0.0,0.162821576719,11,5p_to_3x3_to_4x4_to_5x5_nested,16,1.305337,0,216,113246208,1.0,offline_union_5x5_x200_longspan_prospective,3:1,0:0;0:1;0:2;0:3;0:4;1:0;1:1;1:2;1:3;1:4;2:0;2:1;2:2;2:3;2:4;3:0;3:1;3:2;3:3;3:4;4:0;4:1;4:2;4:3;4:4,longspan_x200_delta_refinement_5x5,"train_seed,train_row_group_start,train_length_multiplier",held_out_evaluation_only,Submit GPU jobs to gpumedium; do not use pilot/gpupilot.
fsl_longspan_x200_source5x5_s321_332_20260714_0002_n3-d1-dep4-md512-it216-x1p00-s332-rg0,source_delta_support_process_control,canonical,4,72,64,512,332,216,113246208,524288,16,2048,40,1,L,fsl-longspan-x200-source5x5-s321-332-20260714-0002-n3-d1-dep4-md512-it216-x1p00-s332-rg0,3,1,roihu_delta_support_process_control,4,113246208,524288,Fresh measured 5x5 source union for sealed x200 validation of a long-span Delta support and one-step source-only refinement. Target losses are evaluation-only.,controlled_model_dim_source_prefix_smalln_5x5,29360320.0,29360320.0,0.0,0.162821576719,11,5p_to_3x3_to_4x4_to_5x5_nested,16,1.305337,0,216,113246208,1.0,offline_union_5x5_x200_longspan_prospective,3:1,0:0;0:1;0:2;0:3;0:4;1:0;1:1;1:2;1:3;1:4;2:0;2:1;2:2;2:3;2:4;3:0;3:1;3:2;3:3;3:4;4:0;4:1;4:2;4:3;4:4,longspan_x200_delta_refinement_5x5,"train_seed,train_row_group_start,train_length_multiplier",held_out_evaluation_only,Submit GPU jobs to gpumedium; do not use pilot/gpupilot.
fsl_longspan_x200_source5x5_s321_332_20260714_0002_n3-d2-dep4-md512-it324-x1p00-s321-rg0,source_delta_support_process_control,canonical,4,72,64,512,321,324,169869312,524288,16,2048,40,1,L,fsl-longspan-x200-source5x5-s321-332-20260714-0002-n3-d2-dep4-md512-it324-x1p00-s321-rg0,3,2,roihu_delta_support_process_control,4,169869312,524288,Fresh measured 5x5 source union for sealed x200 validation of a long-span Delta support and one-step source-only refinement. Target losses are evaluation-only.,controlled_model_dim_source_prefix_smalln_5x5,29360320.0,29360320.0,0.0,0.162821576719,12,5p_to_3x3_to_4x4_to_5x5_nested,16,1.305337,0,324,169869312,1.0,offline_union_5x5_x200_longspan_prospective,3:2,0:0;0:1;0:2;0:3;0:4;1:0;1:1;1:2;1:3;1:4;2:0;2:1;2:2;2:3;2:4;3:0;3:1;3:2;3:3;3:4;4:0;4:1;4:2;4:3;4:4,longspan_x200_delta_refinement_5x5,"train_seed,train_row_group_start,train_length_multiplier",held_out_evaluation_only,Submit GPU jobs to gpumedium; do not use pilot/gpupilot.
fsl_longspan_x200_source5x5_s321_332_20260714_0002_n3-d2-dep4-md512-it324-x1p00-s322-rg0,source_delta_support_process_control,canonical,4,72,64,512,322,324,169869312,524288,16,2048,40,1,L,fsl-longspan-x200-source5x5-s321-332-20260714-0002-n3-d2-dep4-md512-it324-x1p00-s322-rg0,3,2,roihu_delta_support_process_control,4,169869312,524288,Fresh measured 5x5 source union for sealed x200 validation of a long-span Delta support and one-step source-only refinement. Target losses are evaluation-only.,controlled_model_dim_source_prefix_smalln_5x5,29360320.0,29360320.0,0.0,0.162821576719,12,5p_to_3x3_to_4x4_to_5x5_nested,16,1.305337,0,324,169869312,1.0,offline_union_5x5_x200_longspan_prospective,3:2,0:0;0:1;0:2;0:3;0:4;1:0;1:1;1:2;1:3;1:4;2:0;2:1;2:2;2:3;2:4;3:0;3:1;3:2;3:3;3:4;4:0;4:1;4:2;4:3;4:4,longspan_x200_delta_refinement_5x5,"train_seed,train_row_group_start,train_length_multiplier",held_out_evaluation_only,Submit GPU jobs to gpumedium; do not use pilot/gpupilot.
fsl_longspan_x200_source5x5_s321_332_20260714_0002_n3-d2-dep4-md512-it324-x1p00-s323-rg0,source_delta_support_process_control,canonical,4,72,64,512,323,324,169869312,524288,16,2048,40,1,L,fsl-longspan-x200-source5x5-s321-332-20260714-0002-n3-d2-dep4-md512-it324-x1p00-s323-rg0,3,2,roihu_delta_support_process_control,4,169869312,524288,Fresh measured 5x5 source union for sealed x200 validation of a long-span Delta support and one-step source-only refinement. Target losses are evaluation-only.,controlled_model_dim_source_prefix_smalln_5x5,29360320.0,29360320.0,0.0,0.162821576719,12,5p_to_3x3_to_4x4_to_5x5_nested,16,1.305337,0,324,169869312,1.0,offline_union_5x5_x200_longspan_prospective,3:2,0:0;0:1;0:2;0:3;0:4;1:0;1:1;1:2;1:3;1:4;2:0;2:1;2:2;2:3;2:4;3:0;3:1;3:2;3:3;3:4;4:0;4:1;4:2;4:3;4:4,longspan_x200_delta_refinement_5x5,"train_seed,train_row_group_start,train_length_multiplier",held_out_evaluation_only,Submit GPU jobs to gpumedium; do not use pilot/gpupilot.
fsl_longspan_x200_source5x5_s321_332_20260714_0002_n3-d2-dep4-md512-it324-x1p00-s324-rg0,source_delta_support_process_control,canonical,4,72,64,512,324,324,169869312,524288,16,2048,40,1,L,fsl-longspan-x200-source5x5-s321-332-20260714-0002-n3-d2-dep4-md512-it324-x1p00-s324-rg0,3,2,roihu_delta_support_process_control,4,169869312,524288,Fresh measured 5x5 source union for sealed x200 validation of a long-span Delta support and one-step source-only refinement. Target losses are evaluation-only.,controlled_model_dim_source_prefix_smalln_5x5,29360320.0,29360320.0,0.0,0.162821576719,12,5p_to_3x3_to_4x4_to_5x5_nested,16,1.305337,0,324,169869312,1.0,offline_union_5x5_x200_longspan_prospective,3:2,0:0;0:1;0:2;0:3;0:4;1:0;1:1;1:2;1:3;1:4;2:0;2:1;2:2;2:3;2:4;3:0;3:1;3:2;3:3;3:4;4:0;4:1;4:2;4:3;4:4,longspan_x200_delta_refinement_5x5,"train_seed,train_row_group_start,train_length_multiplier",held_out_evaluation_only,Submit GPU jobs to gpumedium; do not use pilot/gpupilot.
fsl_longspan_x200_source5x5_s321_332_20260714_0002_n3-d2-dep4-md512-it324-x1p00-s325-rg0,source_delta_support_process_control,canonical,4,72,64,512,325,324,169869312,524288,16,2048,40,1,L,fsl-longspan-x200-source5x5-s321-332-20260714-0002-n3-d2-dep4-md512-it324-x1p00-s325-rg0,3,2,roihu_delta_support_process_control,4,169869312,524288,Fresh measured 5x5 source union for sealed x200 validation of a long-span Delta support and one-step source-only refinement. Target losses are evaluation-only.,controlled_model_dim_source_prefix_smalln_5x5,29360320.0,29360320.0,0.0,0.162821576719,12,5p_to_3x3_to_4x4_to_5x5_nested,16,1.305337,0,324,169869312,1.0,offline_union_5x5_x200_longspan_prospective,3:2,0:0;0:1;0:2;0:3;0:4;1:0;1:1;1:2;1:3;1:4;2:0;2:1;2:2;2:3;2:4;3:0;3:1;3:2;3:3;3:4;4:0;4:1;4:2;4:3;4:4,longspan_x200_delta_refinement_5x5,"train_seed,train_row_group_start,train_length_multiplier",held_out_evaluation_only,Submit GPU jobs to gpumedium; do not use pilot/gpupilot.
fsl_longspan_x200_source5x5_s321_332_20260714_0002_n3-d2-dep4-md512-it324-x1p00-s326-rg0,source_delta_support_process_control,canonical,4,72,64,512,326,324,169869312,524288,16,2048,40,1,L,fsl-longspan-x200-source5x5-s321-332-20260714-0002-n3-d2-dep4-md512-it324-x1p00-s326-rg0,3,2,roihu_delta_support_process_control,4,169869312,524288,Fresh measured 5x5 source union for sealed x200 validation of a long-span Delta support and one-step source-only refinement. Target losses are evaluation-only.,controlled_model_dim_source_prefix_smalln_5x5,29360320.0,29360320.0,0.0,0.162821576719,12,5p_to_3x3_to_4x4_to_5x5_nested,16,1.305337,0,324,169869312,1.0,offline_union_5x5_x200_longspan_prospective,3:2,0:0;0:1;0:2;0:3;0:4;1:0;1:1;1:2;1:3;1:4;2:0;2:1;2:2;2:3;2:4;3:0;3:1;3:2;3:3;3:4;4:0;4:1;4:2;4:3;4:4,longspan_x200_delta_refinement_5x5,"train_seed,train_row_group_start,train_length_multiplier",held_out_evaluation_only,Submit GPU jobs to gpumedium; do not use pilot/gpupilot.
fsl_longspan_x200_source5x5_s321_332_20260714_0002_n3-d2-dep4-md512-it324-x1p00-s327-rg0,source_delta_support_process_control,canonical,4,72,64,512,327,324,169869312,524288,16,2048,40,1,L,fsl-longspan-x200-source5x5-s321-332-20260714-0002-n3-d2-dep4-md512-it324-x1p00-s327-rg0,3,2,roihu_delta_support_process_control,4,169869312,524288,Fresh measured 5x5 source union for sealed x200 validation of a long-span Delta support and one-step source-only refinement. Target losses are evaluation-only.,controlled_model_dim_source_prefix_smalln_5x5,29360320.0,29360320.0,0.0,0.162821576719,12,5p_to_3x3_to_4x4_to_5x5_nested,16,1.305337,0,324,169869312,1.0,offline_union_5x5_x200_longspan_prospective,3:2,0:0;0:1;0:2;0:3;0:4;1:0;1:1;1:2;1:3;1:4;2:0;2:1;2:2;2:3;2:4;3:0;3:1;3:2;3:3;3:4;4:0;4:1;4:2;4:3;4:4,longspan_x200_delta_refinement_5x5,"train_seed,train_row_group_start,train_length_multiplier",held_out_evaluation_only,Submit GPU jobs to gpumedium; do not use pilot/gpupilot.
fsl_longspan_x200_source5x5_s321_332_20260714_0002_n3-d2-dep4-md512-it324-x1p00-s328-rg0,source_delta_support_process_control,canonical,4,72,64,512,328,324,169869312,524288,16,2048,40,1,L,fsl-longspan-x200-source5x5-s321-332-20260714-0002-n3-d2-dep4-md512-it324-x1p00-s328-rg0,3,2,roihu_delta_support_process_control,4,169869312,524288,Fresh measured 5x5 source union for sealed x200 validation of a long-span Delta support and one-step source-only refinement. Target losses are evaluation-only.,controlled_model_dim_source_prefix_smalln_5x5,29360320.0,29360320.0,0.0,0.162821576719,12,5p_to_3x3_to_4x4_to_5x5_nested,16,1.305337,0,324,169869312,1.0,offline_union_5x5_x200_longspan_prospective,3:2,0:0;0:1;0:2;0:3;0:4;1:0;1:1;1:2;1:3;1:4;2:0;2:1;2:2;2:3;2:4;3:0;3:1;3:2;3:3;3:4;4:0;4:1;4:2;4:3;4:4,longspan_x200_delta_refinement_5x5,"train_seed,train_row_group_start,train_length_multiplier",held_out_evaluation_only,Submit GPU jobs to gpumedium; do not use pilot/gpupilot.
fsl_longspan_x200_source5x5_s321_332_20260714_0002_n3-d2-dep4-md512-it324-x1p00-s329-rg0,source_delta_support_process_control,canonical,4,72,64,512,329,324,169869312,524288,16,2048,40,1,L,fsl-longspan-x200-source5x5-s321-332-20260714-0002-n3-d2-dep4-md512-it324-x1p00-s329-rg0,3,2,roihu_delta_support_process_control,4,169869312,524288,Fresh measured 5x5 source union for sealed x200 validation of a long-span Delta support and one-step source-only refinement. Target losses are evaluation-only.,controlled_model_dim_source_prefix_smalln_5x5,29360320.0,29360320.0,0.0,0.162821576719,12,5p_to_3x3_to_4x4_to_5x5_nested,16,1.305337,0,324,169869312,1.0,offline_union_5x5_x200_longspan_prospective,3:2,0:0;0:1;0:2;0:3;0:4;1:0;1:1;1:2;1:3;1:4;2:0;2:1;2:2;2:3;2:4;3:0;3:1;3:2;3:3;3:4;4:0;4:1;4:2;4:3;4:4,longspan_x200_delta_refinement_5x5,"train_seed,train_row_group_start,train_length_multiplier",held_out_evaluation_only,Submit GPU jobs to gpumedium; do not use pilot/gpupilot.
fsl_longspan_x200_source5x5_s321_332_20260714_0002_n3-d2-dep4-md512-it324-x1p00-s330-rg0,source_delta_support_process_control,canonical,4,72,64,512,330,324,169869312,524288,16,2048,40,1,L,fsl-longspan-x200-source5x5-s321-332-20260714-0002-n3-d2-dep4-md512-it324-x1p00-s330-rg0,3,2,roihu_delta_support_process_control,4,169869312,524288,Fresh measured 5x5 source union for sealed x200 validation of a long-span Delta support and one-step source-only refinement. Target losses are evaluation-only.,controlled_model_dim_source_prefix_smalln_5x5,29360320.0,29360320.0,0.0,0.162821576719,12,5p_to_3x3_to_4x4_to_5x5_nested,16,1.305337,0,324,169869312,1.0,offline_union_5x5_x200_longspan_prospective,3:2,0:0;0:1;0:2;0:3;0:4;1:0;1:1;1:2;1:3;1:4;2:0;2:1;2:2;2:3;2:4;3:0;3:1;3:2;3:3;3:4;4:0;4:1;4:2;4:3;4:4,longspan_x200_delta_refinement_5x5,"train_seed,train_row_group_start,train_length_multiplier",held_out_evaluation_only,Submit GPU jobs to gpumedium; do not use pilot/gpupilot.
fsl_longspan_x200_source5x5_s321_332_20260714_0002_n3-d2-dep4-md512-it324-x1p00-s331-rg0,source_delta_support_process_control,canonical,4,72,64,512,331,324,169869312,524288,16,2048,40,1,L,fsl-longspan-x200-source5x5-s321-332-20260714-0002-n3-d2-dep4-md512-it324-x1p00-s331-rg0,3,2,roihu_delta_support_process_control,4,169869312,524288,Fresh measured 5x5 source union for sealed x200 validation of a long-span Delta support and one-step source-only refinement. Target losses are evaluation-only.,controlled_model_dim_source_prefix_smalln_5x5,29360320.0,29360320.0,0.0,0.162821576719,12,5p_to_3x3_to_4x4_to_5x5_nested,16,1.305337,0,324,169869312,1.0,offline_union_5x5_x200_longspan_prospective,3:2,0:0;0:1;0:2;0:3;0:4;1:0;1:1;1:2;1:3;1:4;2:0;2:1;2:2;2:3;2:4;3:0;3:1;3:2;3:3;3:4;4:0;4:1;4:2;4:3;4:4,longspan_x200_delta_refinement_5x5,"train_seed,train_row_group_start,train_length_multiplier",held_out_evaluation_only,Submit GPU jobs to gpumedium; do not use pilot/gpupilot.
fsl_longspan_x200_source5x5_s321_332_20260714_0002_n3-d2-dep4-md512-it324-x1p00-s332-rg0,source_delta_support_process_control,canonical,4,72,64,512,332,324,169869312,524288,16,2048,40,1,L,fsl-longspan-x200-source5x5-s321-332-20260714-0002-n3-d2-dep4-md512-it324-x1p00-s332-rg0,3,2,roihu_delta_support_process_control,4,169869312,524288,Fresh measured 5x5 source union for sealed x200 validation of a long-span Delta support and one-step source-only refinement. Target losses are evaluation-only.,controlled_model_dim_source_prefix_smalln_5x5,29360320.0,29360320.0,0.0,0.162821576719,12,5p_to_3x3_to_4x4_to_5x5_nested,16,1.305337,0,324,169869312,1.0,offline_union_5x5_x200_longspan_prospective,3:2,0:0;0:1;0:2;0:3;0:4;1:0;1:1;1:2;1:3;1:4;2:0;2:1;2:2;2:3;2:4;3:0;3:1;3:2;3:3;3:4;4:0;4:1;4:2;4:3;4:4,longspan_x200_delta_refinement_5x5,"train_seed,train_row_group_start,train_length_multiplier",held_out_evaluation_only,Submit GPU jobs to gpumedium; do not use pilot/gpupilot.
fsl_longspan_x200_source5x5_s321_332_20260714_0002_n3-d3-dep4-md512-it486-x1p00-s321-rg0,source_delta_support_process_control,canonical,4,72,64,512,321,486,254803968,524288,16,2048,40,1,L,fsl-longspan-x200-source5x5-s321-332-20260714-0002-n3-d3-dep4-md512-it486-x1p00-s321-rg0,3,3,roihu_delta_support_process_control,4,254803968,524288,Fresh measured 5x5 source union for sealed x200 validation of a long-span Delta support and one-step source-only refinement. Target losses are evaluation-only.,controlled_model_dim_source_prefix_smalln_5x5,29360320.0,29360320.0,0.0,0.162821576719,16,5p_to_3x3_to_4x4_to_5x5_nested,16,1.305337,0,486,254803968,1.0,offline_union_5x5_x200_longspan_prospective,3:3,0:0;0:1;0:2;0:3;0:4;1:0;1:1;1:2;1:3;1:4;2:0;2:1;2:2;2:3;2:4;3:0;3:1;3:2;3:3;3:4;4:0;4:1;4:2;4:3;4:4,longspan_x200_delta_refinement_5x5,"train_seed,train_row_group_start,train_length_multiplier",held_out_evaluation_only,Submit GPU jobs to gpumedium; do not use pilot/gpupilot.
fsl_longspan_x200_source5x5_s321_332_20260714_0002_n3-d3-dep4-md512-it486-x1p00-s322-rg0,source_delta_support_process_control,canonical,4,72,64,512,322,486,254803968,524288,16,2048,40,1,L,fsl-longspan-x200-source5x5-s321-332-20260714-0002-n3-d3-dep4-md512-it486-x1p00-s322-rg0,3,3,roihu_delta_support_process_control,4,254803968,524288,Fresh measured 5x5 source union for sealed x200 validation of a long-span Delta support and one-step source-only refinement. Target losses are evaluation-only.,controlled_model_dim_source_prefix_smalln_5x5,29360320.0,29360320.0,0.0,0.162821576719,16,5p_to_3x3_to_4x4_to_5x5_nested,16,1.305337,0,486,254803968,1.0,offline_union_5x5_x200_longspan_prospective,3:3,0:0;0:1;0:2;0:3;0:4;1:0;1:1;1:2;1:3;1:4;2:0;2:1;2:2;2:3;2:4;3:0;3:1;3:2;3:3;3:4;4:0;4:1;4:2;4:3;4:4,longspan_x200_delta_refinement_5x5,"train_seed,train_row_group_start,train_length_multiplier",held_out_evaluation_only,Submit GPU jobs to gpumedium; do not use pilot/gpupilot.
fsl_longspan_x200_source5x5_s321_332_20260714_0002_n3-d3-dep4-md512-it486-x1p00-s323-rg0,source_delta_support_process_control,canonical,4,72,64,512,323,486,254803968,524288,16,2048,40,1,L,fsl-longspan-x200-source5x5-s321-332-20260714-0002-n3-d3-dep4-md512-it486-x1p00-s323-rg0,3,3,roihu_delta_support_process_control,4,254803968,524288,Fresh measured 5x5 source union for sealed x200 validation of a long-span Delta support and one-step source-only refinement. Target losses are evaluation-only.,controlled_model_dim_source_prefix_smalln_5x5,29360320.0,29360320.0,0.0,0.162821576719,16,5p_to_3x3_to_4x4_to_5x5_nested,16,1.305337,0,486,254803968,1.0,offline_union_5x5_x200_longspan_prospective,3:3,0:0;0:1;0:2;0:3;0:4;1:0;1:1;1:2;1:3;1:4;2:0;2:1;2:2;2:3;2:4;3:0;3:1;3:2;3:3;3:4;4:0;4:1;4:2;4:3;4:4,longspan_x200_delta_refinement_5x5,"train_seed,train_row_group_start,train_length_multiplier",held_out_evaluation_only,Submit GPU jobs to gpumedium; do not use pilot/gpupilot.
fsl_longspan_x200_source5x5_s321_332_20260714_0002_n3-d3-dep4-md512-it486-x1p00-s324-rg0,source_delta_support_process_control,canonical,4,72,64,512,324,486,254803968,524288,16,2048,40,1,L,fsl-longspan-x200-source5x5-s321-332-20260714-0002-n3-d3-dep4-md512-it486-x1p00-s324-rg0,3,3,roihu_delta_support_process_control,4,254803968,524288,Fresh measured 5x5 source union for sealed x200 validation of a long-span Delta support and one-step source-only refinement. Target losses are evaluation-only.,controlled_model_dim_source_prefix_smalln_5x5,29360320.0,29360320.0,0.0,0.162821576719,16,5p_to_3x3_to_4x4_to_5x5_nested,16,1.305337,0,486,254803968,1.0,offline_union_5x5_x200_longspan_prospective,3:3,0:0;0:1;0:2;0:3;0:4;1:0;1:1;1:2;1:3;1:4;2:0;2:1;2:2;2:3;2:4;3:0;3:1;3:2;3:3;3:4;4:0;4:1;4:2;4:3;4:4,longspan_x200_delta_refinement_5x5,"train_seed,train_row_group_start,train_length_multiplier",held_out_evaluation_only,Submit GPU jobs to gpumedium; do not use pilot/gpupilot.
fsl_longspan_x200_source5x5_s321_332_20260714_0002_n3-d3-dep4-md512-it486-x1p00-s325-rg0,source_delta_support_process_control,canonical,4,72,64,512,325,486,254803968,524288,16,2048,40,1,L,fsl-longspan-x200-source5x5-s321-332-20260714-0002-n3-d3-dep4-md512-it486-x1p00-s325-rg0,3,3,roihu_delta_support_process_control,4,254803968,524288,Fresh measured 5x5 source union for sealed x200 validation of a long-span Delta support and one-step source-only refinement. Target losses are evaluation-only.,controlled_model_dim_source_prefix_smalln_5x5,29360320.0,29360320.0,0.0,0.162821576719,16,5p_to_3x3_to_4x4_to_5x5_nested,16,1.305337,0,486,254803968,1.0,offline_union_5x5_x200_longspan_prospective,3:3,0:0;0:1;0:2;0:3;0:4;1:0;1:1;1:2;1:3;1:4;2:0;2:1;2:2;2:3;2:4;3:0;3:1;3:2;3:3;3:4;4:0;4:1;4:2;4:3;4:4,longspan_x200_delta_refinement_5x5,"train_seed,train_row_group_start,train_length_multiplier",held_out_evaluation_only,Submit GPU jobs to gpumedium; do not use pilot/gpupilot.
fsl_longspan_x200_source5x5_s321_332_20260714_0002_n3-d3-dep4-md512-it486-x1p00-s326-rg0,source_delta_support_process_control,canonical,4,72,64,512,326,486,254803968,524288,16,2048,40,1,L,fsl-longspan-x200-source5x5-s321-332-20260714-0002-n3-d3-dep4-md512-it486-x1p00-s326-rg0,3,3,roihu_delta_support_process_control,4,254803968,524288,Fresh measured 5x5 source union for sealed x200 validation of a long-span Delta support and one-step source-only refinement. Target losses are evaluation-only.,controlled_model_dim_source_prefix_smalln_5x5,29360320.0,29360320.0,0.0,0.162821576719,16,5p_to_3x3_to_4x4_to_5x5_nested,16,1.305337,0,486,254803968,1.0,offline_union_5x5_x200_longspan_prospective,3:3,0:0;0:1;0:2;0:3;0:4;1:0;1:1;1:2;1:3;1:4;2:0;2:1;2:2;2:3;2:4;3:0;3:1;3:2;3:3;3:4;4:0;4:1;4:2;4:3;4:4,longspan_x200_delta_refinement_5x5,"train_seed,train_row_group_start,train_length_multiplier",held_out_evaluation_only,Submit GPU jobs to gpumedium; do not use pilot/gpupilot.
fsl_longspan_x200_source5x5_s321_332_20260714_0002_n3-d3-dep4-md512-it486-x1p00-s327-rg0,source_delta_support_process_control,canonical,4,72,64,512,327,486,254803968,524288,16,2048,40,1,L,fsl-longspan-x200-source5x5-s321-332-20260714-0002-n3-d3-dep4-md512-it486-x1p00-s327-rg0,3,3,roihu_delta_support_process_control,4,254803968,524288,Fresh measured 5x5 source union for sealed x200 validation of a long-span Delta support and one-step source-only refinement. Target losses are evaluation-only.,controlled_model_dim_source_prefix_smalln_5x5,29360320.0,29360320.0,0.0,0.162821576719,16,5p_to_3x3_to_4x4_to_5x5_nested,16,1.305337,0,486,254803968,1.0,offline_union_5x5_x200_longspan_prospective,3:3,0:0;0:1;0:2;0:3;0:4;1:0;1:1;1:2;1:3;1:4;2:0;2:1;2:2;2:3;2:4;3:0;3:1;3:2;3:3;3:4;4:0;4:1;4:2;4:3;4:4,longspan_x200_delta_refinement_5x5,"train_seed,train_row_group_start,train_length_multiplier",held_out_evaluation_only,Submit GPU jobs to gpumedium; do not use pilot/gpupilot.
fsl_longspan_x200_source5x5_s321_332_20260714_0002_n3-d3-dep4-md512-it486-x1p00-s328-rg0,source_delta_support_process_control,canonical,4,72,64,512,328,486,254803968,524288,16,2048,40,1,L,fsl-longspan-x200-source5x5-s321-332-20260714-0002-n3-d3-dep4-md512-it486-x1p00-s328-rg0,3,3,roihu_delta_support_process_control,4,254803968,524288,Fresh measured 5x5 source union for sealed x200 validation of a long-span Delta support and one-step source-only refinement. Target losses are evaluation-only.,controlled_model_dim_source_prefix_smalln_5x5,29360320.0,29360320.0,0.0,0.162821576719,16,5p_to_3x3_to_4x4_to_5x5_nested,16,1.305337,0,486,254803968,1.0,offline_union_5x5_x200_longspan_prospective,3:3,0:0;0:1;0:2;0:3;0:4;1:0;1:1;1:2;1:3;1:4;2:0;2:1;2:2;2:3;2:4;3:0;3:1;3:2;3:3;3:4;4:0;4:1;4:2;4:3;4:4,longspan_x200_delta_refinement_5x5,"train_seed,train_row_group_start,train_length_multiplier",held_out_evaluation_only,Submit GPU jobs to gpumedium; do not use pilot/gpupilot.
fsl_longspan_x200_source5x5_s321_332_20260714_0002_n3-d3-dep4-md512-it486-x1p00-s329-rg0,source_delta_support_process_control,canonical,4,72,64,512,329,486,254803968,524288,16,2048,40,1,L,fsl-longspan-x200-source5x5-s321-332-20260714-0002-n3-d3-dep4-md512-it486-x1p00-s329-rg0,3,3,roihu_delta_support_process_control,4,254803968,524288,Fresh measured 5x5 source union for sealed x200 validation of a long-span Delta support and one-step source-only refinement. Target losses are evaluation-only.,controlled_model_dim_source_prefix_smalln_5x5,29360320.0,29360320.0,0.0,0.162821576719,16,5p_to_3x3_to_4x4_to_5x5_nested,16,1.305337,0,486,254803968,1.0,offline_union_5x5_x200_longspan_prospective,3:3,0:0;0:1;0:2;0:3;0:4;1:0;1:1;1:2;1:3;1:4;2:0;2:1;2:2;2:3;2:4;3:0;3:1;3:2;3:3;3:4;4:0;4:1;4:2;4:3;4:4,longspan_x200_delta_refinement_5x5,"train_seed,train_row_group_start,train_length_multiplier",held_out_evaluation_only,Submit GPU jobs to gpumedium; do not use pilot/gpupilot.
fsl_longspan_x200_source5x5_s321_332_20260714_0002_n3-d3-dep4-md512-it486-x1p00-s330-rg0,source_delta_support_process_control,canonical,4,72,64,512,330,486,254803968,524288,16,2048,40,1,L,fsl-longspan-x200-source5x5-s321-332-20260714-0002-n3-d3-dep4-md512-it486-x1p00-s330-rg0,3,3,roihu_delta_support_process_control,4,254803968,524288,Fresh measured 5x5 source union for sealed x200 validation of a long-span Delta support and one-step source-only refinement. Target losses are evaluation-only.,controlled_model_dim_source_prefix_smalln_5x5,29360320.0,29360320.0,0.0,0.162821576719,16,5p_to_3x3_to_4x4_to_5x5_nested,16,1.305337,0,486,254803968,1.0,offline_union_5x5_x200_longspan_prospective,3:3,0:0;0:1;0:2;0:3;0:4;1:0;1:1;1:2;1:3;1:4;2:0;2:1;2:2;2:3;2:4;3:0;3:1;3:2;3:3;3:4;4:0;4:1;4:2;4:3;4:4,longspan_x200_delta_refinement_5x5,"train_seed,train_row_group_start,train_length_multiplier",held_out_evaluation_only,Submit GPU jobs to gpumedium; do not use pilot/gpupilot.
fsl_longspan_x200_source5x5_s321_332_20260714_0002_n3-d3-dep4-md512-it486-x1p00-s331-rg0,source_delta_support_process_control,canonical,4,72,64,512,331,486,254803968,524288,16,2048,40,1,L,fsl-longspan-x200-source5x5-s321-332-20260714-0002-n3-d3-dep4-md512-it486-x1p00-s331-rg0,3,3,roihu_delta_support_process_control,4,254803968,524288,Fresh measured 5x5 source union for sealed x200 validation of a long-span Delta support and one-step source-only refinement. Target losses are evaluation-only.,controlled_model_dim_source_prefix_smalln_5x5,29360320.0,29360320.0,0.0,0.162821576719,16,5p_to_3x3_to_4x4_to_5x5_nested,16,1.305337,0,486,254803968,1.0,offline_union_5x5_x200_longspan_prospective,3:3,0:0;0:1;0:2;0:3;0:4;1:0;1:1;1:2;1:3;1:4;2:0;2:1;2:2;2:3;2:4;3:0;3:1;3:2;3:3;3:4;4:0;4:1;4:2;4:3;4:4,longspan_x200_delta_refinement_5x5,"train_seed,train_row_group_start,train_length_multiplier",held_out_evaluation_only,Submit GPU jobs to gpumedium; do not use pilot/gpupilot.
fsl_longspan_x200_source5x5_s321_332_20260714_0002_n3-d3-dep4-md512-it486-x1p00-s332-rg0,source_delta_support_process_control,canonical,4,72,64,512,332,486,254803968,524288,16,2048,40,1,L,fsl-longspan-x200-source5x5-s321-332-20260714-0002-n3-d3-dep4-md512-it486-x1p00-s332-rg0,3,3,roihu_delta_support_process_control,4,254803968,524288,Fresh measured 5x5 source union for sealed x200 validation of a long-span Delta support and one-step source-only refinement. Target losses are evaluation-only.,controlled_model_dim_source_prefix_smalln_5x5,29360320.0,29360320.0,0.0,0.162821576719,16,5p_to_3x3_to_4x4_to_5x5_nested,16,1.305337,0,486,254803968,1.0,offline_union_5x5_x200_longspan_prospective,3:3,0:0;0:1;0:2;0:3;0:4;1:0;1:1;1:2;1:3;1:4;2:0;2:1;2:2;2:3;2:4;3:0;3:1;3:2;3:3;3:4;4:0;4:1;4:2;4:3;4:4,longspan_x200_delta_refinement_5x5,"train_seed,train_row_group_start,train_length_multiplier",held_out_evaluation_only,Submit GPU jobs to gpumedium; do not use pilot/gpupilot.
fsl_longspan_x200_source5x5_s321_332_20260714_0002_n3-d4-dep4-md512-it729-x1p00-s321-rg0,source_delta_support_process_control,canonical,4,72,64,512,321,729,382205952,524288,16,2048,40,1,L,fsl-longspan-x200-source5x5-s321-332-20260714-0002-n3-d4-dep4-md512-it729-x1p00-s321-rg0,3,4,roihu_delta_support_process_control,4,382205952,524288,Fresh measured 5x5 source union for sealed x200 validation of a long-span Delta support and one-step source-only refinement. Target losses are evaluation-only.,controlled_model_dim_source_prefix_smalln_5x5,29360320.0,29360320.0,0.0,0.162821576719,24,5p_to_3x3_to_4x4_to_5x5_nested,25,1.305337,0,729,382205952,1.0,offline_union_5x5_x200_longspan_prospective,3:4,0:0;0:1;0:2;0:3;0:4;1:0;1:1;1:2;1:3;1:4;2:0;2:1;2:2;2:3;2:4;3:0;3:1;3:2;3:3;3:4;4:0;4:1;4:2;4:3;4:4,longspan_x200_delta_refinement_5x5,"train_seed,train_row_group_start,train_length_multiplier",held_out_evaluation_only,Submit GPU jobs to gpumedium; do not use pilot/gpupilot.
fsl_longspan_x200_source5x5_s321_332_20260714_0002_n3-d4-dep4-md512-it729-x1p00-s322-rg0,source_delta_support_process_control,canonical,4,72,64,512,322,729,382205952,524288,16,2048,40,1,L,fsl-longspan-x200-source5x5-s321-332-20260714-0002-n3-d4-dep4-md512-it729-x1p00-s322-rg0,3,4,roihu_delta_support_process_control,4,382205952,524288,Fresh measured 5x5 source union for sealed x200 validation of a long-span Delta support and one-step source-only refinement. Target losses are evaluation-only.,controlled_model_dim_source_prefix_smalln_5x5,29360320.0,29360320.0,0.0,0.162821576719,24,5p_to_3x3_to_4x4_to_5x5_nested,25,1.305337,0,729,382205952,1.0,offline_union_5x5_x200_longspan_prospective,3:4,0:0;0:1;0:2;0:3;0:4;1:0;1:1;1:2;1:3;1:4;2:0;2:1;2:2;2:3;2:4;3:0;3:1;3:2;3:3;3:4;4:0;4:1;4:2;4:3;4:4,longspan_x200_delta_refinement_5x5,"train_seed,train_row_group_start,train_length_multiplier",held_out_evaluation_only,Submit GPU jobs to gpumedium; do not use pilot/gpupilot.
fsl_longspan_x200_source5x5_s321_332_20260714_0002_n3-d4-dep4-md512-it729-x1p00-s323-rg0,source_delta_support_process_control,canonical,4,72,64,512,323,729,382205952,524288,16,2048,40,1,L,fsl-longspan-x200-source5x5-s321-332-20260714-0002-n3-d4-dep4-md512-it729-x1p00-s323-rg0,3,4,roihu_delta_support_process_control,4,382205952,524288,Fresh measured 5x5 source union for sealed x200 validation of a long-span Delta support and one-step source-only refinement. Target losses are evaluation-only.,controlled_model_dim_source_prefix_smalln_5x5,29360320.0,29360320.0,0.0,0.162821576719,24,5p_to_3x3_to_4x4_to_5x5_nested,25,1.305337,0,729,382205952,1.0,offline_union_5x5_x200_longspan_prospective,3:4,0:0;0:1;0:2;0:3;0:4;1:0;1:1;1:2;1:3;1:4;2:0;2:1;2:2;2:3;2:4;3:0;3:1;3:2;3:3;3:4;4:0;4:1;4:2;4:3;4:4,longspan_x200_delta_refinement_5x5,"train_seed,train_row_group_start,train_length_multiplier",held_out_evaluation_only,Submit GPU jobs to gpumedium; do not use pilot/gpupilot.
fsl_longspan_x200_source5x5_s321_332_20260714_0002_n3-d4-dep4-md512-it729-x1p00-s324-rg0,source_delta_support_process_control,canonical,4,72,64,512,324,729,382205952,524288,16,2048,40,1,L,fsl-longspan-x200-source5x5-s321-332-20260714-0002-n3-d4-dep4-md512-it729-x1p00-s324-rg0,3,4,roihu_delta_support_process_control,4,382205952,524288,Fresh measured 5x5 source union for sealed x200 validation of a long-span Delta support and one-step source-only refinement. Target losses are evaluation-only.,controlled_model_dim_source_prefix_smalln_5x5,29360320.0,29360320.0,0.0,0.162821576719,24,5p_to_3x3_to_4x4_to_5x5_nested,25,1.305337,0,729,382205952,1.0,offline_union_5x5_x200_longspan_prospective,3:4,0:0;0:1;0:2;0:3;0:4;1:0;1:1;1:2;1:3;1:4;2:0;2:1;2:2;2:3;2:4;3:0;3:1;3:2;3:3;3:4;4:0;4:1;4:2;4:3;4:4,longspan_x200_delta_refinement_5x5,"train_seed,train_row_group_start,train_length_multiplier",held_out_evaluation_only,Submit GPU jobs to gpumedium; do not use pilot/gpupilot.
fsl_longspan_x200_source5x5_s321_332_20260714_0002_n3-d4-dep4-md512-it729-x1p00-s325-rg0,source_delta_support_process_control,canonical,4,72,64,512,325,729,382205952,524288,16,2048,40,1,L,fsl-longspan-x200-source5x5-s321-332-20260714-0002-n3-d4-dep4-md512-it729-x1p00-s325-rg0,3,4,roihu_delta_support_process_control,4,382205952,524288,Fresh measured 5x5 source union for sealed x200 validation of a long-span Delta support and one-step source-only refinement. Target losses are evaluation-only.,controlled_model_dim_source_prefix_smalln_5x5,29360320.0,29360320.0,0.0,0.162821576719,24,5p_to_3x3_to_4x4_to_5x5_nested,25,1.305337,0,729,382205952,1.0,offline_union_5x5_x200_longspan_prospective,3:4,0:0;0:1;0:2;0:3;0:4;1:0;1:1;1:2;1:3;1:4;2:0;2:1;2:2;2:3;2:4;3:0;3:1;3:2;3:3;3:4;4:0;4:1;4:2;4:3;4:4,longspan_x200_delta_refinement_5x5,"train_seed,train_row_group_start,train_length_multiplier",held_out_evaluation_only,Submit GPU jobs to gpumedium; do not use pilot/gpupilot.
fsl_longspan_x200_source5x5_s321_332_20260714_0002_n3-d4-dep4-md512-it729-x1p00-s326-rg0,source_delta_support_process_control,canonical,4,72,64,512,326,729,382205952,524288,16,2048,40,1,L,fsl-longspan-x200-source5x5-s321-332-20260714-0002-n3-d4-dep4-md512-it729-x1p00-s326-rg0,3,4,roihu_delta_support_process_control,4,382205952,524288,Fresh measured 5x5 source union for sealed x200 validation of a long-span Delta support and one-step source-only refinement. Target losses are evaluation-only.,controlled_model_dim_source_prefix_smalln_5x5,29360320.0,29360320.0,0.0,0.162821576719,24,5p_to_3x3_to_4x4_to_5x5_nested,25,1.305337,0,729,382205952,1.0,offline_union_5x5_x200_longspan_prospective,3:4,0:0;0:1;0:2;0:3;0:4;1:0;1:1;1:2;1:3;1:4;2:0;2:1;2:2;2:3;2:4;3:0;3:1;3:2;3:3;3:4;4:0;4:1;4:2;4:3;4:4,longspan_x200_delta_refinement_5x5,"train_seed,train_row_group_start,train_length_multiplier",held_out_evaluation_only,Submit GPU jobs to gpumedium; do not use pilot/gpupilot.
fsl_longspan_x200_source5x5_s321_332_20260714_0002_n3-d4-dep4-md512-it729-x1p00-s327-rg0,source_delta_support_process_control,canonical,4,72,64,512,327,729,382205952,524288,16,2048,40,1,L,fsl-longspan-x200-source5x5-s321-332-20260714-0002-n3-d4-dep4-md512-it729-x1p00-s327-rg0,3,4,roihu_delta_support_process_control,4,382205952,524288,Fresh measured 5x5 source union for sealed x200 validation of a long-span Delta support and one-step source-only refinement. Target losses are evaluation-only.,controlled_model_dim_source_prefix_smalln_5x5,29360320.0,29360320.0,0.0,0.162821576719,24,5p_to_3x3_to_4x4_to_5x5_nested,25,1.305337,0,729,382205952,1.0,offline_union_5x5_x200_longspan_prospective,3:4,0:0;0:1;0:2;0:3;0:4;1:0;1:1;1:2;1:3;1:4;2:0;2:1;2:2;2:3;2:4;3:0;3:1;3:2;3:3;3:4;4:0;4:1;4:2;4:3;4:4,longspan_x200_delta_refinement_5x5,"train_seed,train_row_group_start,train_length_multiplier",held_out_evaluation_only,Submit GPU jobs to gpumedium; do not use pilot/gpupilot.
fsl_longspan_x200_source5x5_s321_332_20260714_0002_n3-d4-dep4-md512-it729-x1p00-s328-rg0,source_delta_support_process_control,canonical,4,72,64,512,328,729,382205952,524288,16,2048,40,1,L,fsl-longspan-x200-source5x5-s321-332-20260714-0002-n3-d4-dep4-md512-it729-x1p00-s328-rg0,3,4,roihu_delta_support_process_control,4,382205952,524288,Fresh measured 5x5 source union for sealed x200 validation of a long-span Delta support and one-step source-only refinement. Target losses are evaluation-only.,controlled_model_dim_source_prefix_smalln_5x5,29360320.0,29360320.0,0.0,0.162821576719,24,5p_to_3x3_to_4x4_to_5x5_nested,25,1.305337,0,729,382205952,1.0,offline_union_5x5_x200_longspan_prospective,3:4,0:0;0:1;0:2;0:3;0:4;1:0;1:1;1:2;1:3;1:4;2:0;2:1;2:2;2:3;2:4;3:0;3:1;3:2;3:3;3:4;4:0;4:1;4:2;4:3;4:4,longspan_x200_delta_refinement_5x5,"train_seed,train_row_group_start,train_length_multiplier",held_out_evaluation_only,Submit GPU jobs to gpumedium; do not use pilot/gpupilot.
fsl_longspan_x200_source5x5_s321_332_20260714_0002_n3-d4-dep4-md512-it729-x1p00-s329-rg0,source_delta_support_process_control,canonical,4,72,64,512,329,729,382205952,524288,16,2048,40,1,L,fsl-longspan-x200-source5x5-s321-332-20260714-0002-n3-d4-dep4-md512-it729-x1p00-s329-rg0,3,4,roihu_delta_support_process_control,4,382205952,524288,Fresh measured 5x5 source union for sealed x200 validation of a long-span Delta support and one-step source-only refinement. Target losses are evaluation-only.,controlled_model_dim_source_prefix_smalln_5x5,29360320.0,29360320.0,0.0,0.162821576719,24,5p_to_3x3_to_4x4_to_5x5_nested,25,1.305337,0,729,382205952,1.0,offline_union_5x5_x200_longspan_prospective,3:4,0:0;0:1;0:2;0:3;0:4;1:0;1:1;1:2;1:3;1:4;2:0;2:1;2:2;2:3;2:4;3:0;3:1;3:2;3:3;3:4;4:0;4:1;4:2;4:3;4:4,longspan_x200_delta_refinement_5x5,"train_seed,train_row_group_start,train_length_multiplier",held_out_evaluation_only,Submit GPU jobs to gpumedium; do not use pilot/gpupilot.
fsl_longspan_x200_source5x5_s321_332_20260714_0002_n3-d4-dep4-md512-it729-x1p00-s330-rg0,source_delta_support_process_control,canonical,4,72,64,512,330,729,382205952,524288,16,2048,40,1,L,fsl-longspan-x200-source5x5-s321-332-20260714-0002-n3-d4-dep4-md512-it729-x1p00-s330-rg0,3,4,roihu_delta_support_process_control,4,382205952,524288,Fresh measured 5x5 source union for sealed x200 validation of a long-span Delta support and one-step source-only refinement. Target losses are evaluation-only.,controlled_model_dim_source_prefix_smalln_5x5,29360320.0,29360320.0,0.0,0.162821576719,24,5p_to_3x3_to_4x4_to_5x5_nested,25,1.305337,0,729,382205952,1.0,offline_union_5x5_x200_longspan_prospective,3:4,0:0;0:1;0:2;0:3;0:4;1:0;1:1;1:2;1:3;1:4;2:0;2:1;2:2;2:3;2:4;3:0;3:1;3:2;3:3;3:4;4:0;4:1;4:2;4:3;4:4,longspan_x200_delta_refinement_5x5,"train_seed,train_row_group_start,train_length_multiplier",held_out_evaluation_only,Submit GPU jobs to gpumedium; do not use pilot/gpupilot.
fsl_longspan_x200_source5x5_s321_332_20260714_0002_n3-d4-dep4-md512-it729-x1p00-s331-rg0,source_delta_support_process_control,canonical,4,72,64,512,331,729,382205952,524288,16,2048,40,1,L,fsl-longspan-x200-source5x5-s321-332-20260714-0002-n3-d4-dep4-md512-it729-x1p00-s331-rg0,3,4,roihu_delta_support_process_control,4,382205952,524288,Fresh measured 5x5 source union for sealed x200 validation of a long-span Delta support and one-step source-only refinement. Target losses are evaluation-only.,controlled_model_dim_source_prefix_smalln_5x5,29360320.0,29360320.0,0.0,0.162821576719,24,5p_to_3x3_to_4x4_to_5x5_nested,25,1.305337,0,729,382205952,1.0,offline_union_5x5_x200_longspan_prospective,3:4,0:0;0:1;0:2;0:3;0:4;1:0;1:1;1:2;1:3;1:4;2:0;2:1;2:2;2:3;2:4;3:0;3:1;3:2;3:3;3:4;4:0;4:1;4:2;4:3;4:4,longspan_x200_delta_refinement_5x5,"train_seed,train_row_group_start,train_length_multiplier",held_out_evaluation_only,Submit GPU jobs to gpumedium; do not use pilot/gpupilot.
fsl_longspan_x200_source5x5_s321_332_20260714_0002_n3-d4-dep4-md512-it729-x1p00-s332-rg0,source_delta_support_process_control,canonical,4,72,64,512,332,729,382205952,524288,16,2048,40,1,L,fsl-longspan-x200-source5x5-s321-332-20260714-0002-n3-d4-dep4-md512-it729-x1p00-s332-rg0,3,4,roihu_delta_support_process_control,4,382205952,524288,Fresh measured 5x5 source union for sealed x200 validation of a long-span Delta support and one-step source-only refinement. Target losses are evaluation-only.,controlled_model_dim_source_prefix_smalln_5x5,29360320.0,29360320.0,0.0,0.162821576719,24,5p_to_3x3_to_4x4_to_5x5_nested,25,1.305337,0,729,382205952,1.0,offline_union_5x5_x200_longspan_prospective,3:4,0:0;0:1;0:2;0:3;0:4;1:0;1:1;1:2;1:3;1:4;2:0;2:1;2:2;2:3;2:4;3:0;3:1;3:2;3:3;3:4;4:0;4:1;4:2;4:3;4:4,longspan_x200_delta_refinement_5x5,"train_seed,train_row_group_start,train_length_multiplier",held_out_evaluation_only,Submit GPU jobs to gpumedium; do not use pilot/gpupilot.
fsl_longspan_x200_source5x5_s321_332_20260714_0002_n4-d0-dep4-md704-it144-x1p00-s321-rg0,source_delta_support_process_control,canonical,4,72,64,704,321,144,75497472,524288,16,2048,40,1,L,fsl-longspan-x200-source5x5-s321-332-20260714-0002-n4-d0-dep4-md704-it144-x1p00-s321-rg0,4,0,roihu_delta_support_process_control,4,75497472,524288,Fresh measured 5x5 source union for sealed x200 validation of a long-span Delta support and one-step source-only refinement. Target losses are evaluation-only.,controlled_model_dim_source_prefix_smalln_5x5,46858504.0,46858504.0,0.0,0.162821576719,17,5p_to_3x3_to_4x4_to_5x5_nested,25,1.305337,0,144,75497472,1.0,offline_union_5x5_x200_longspan_prospective,4:0,0:0;0:1;0:2;0:3;0:4;1:0;1:1;1:2;1:3;1:4;2:0;2:1;2:2;2:3;2:4;3:0;3:1;3:2;3:3;3:4;4:0;4:1;4:2;4:3;4:4,longspan_x200_delta_refinement_5x5,"train_seed,train_row_group_start,train_length_multiplier",held_out_evaluation_only,Submit GPU jobs to gpumedium; do not use pilot/gpupilot.
fsl_longspan_x200_source5x5_s321_332_20260714_0002_n4-d0-dep4-md704-it144-x1p00-s322-rg0,source_delta_support_process_control,canonical,4,72,64,704,322,144,75497472,524288,16,2048,40,1,L,fsl-longspan-x200-source5x5-s321-332-20260714-0002-n4-d0-dep4-md704-it144-x1p00-s322-rg0,4,0,roihu_delta_support_process_control,4,75497472,524288,Fresh measured 5x5 source union for sealed x200 validation of a long-span Delta support and one-step source-only refinement. Target losses are evaluation-only.,controlled_model_dim_source_prefix_smalln_5x5,46858504.0,46858504.0,0.0,0.162821576719,17,5p_to_3x3_to_4x4_to_5x5_nested,25,1.305337,0,144,75497472,1.0,offline_union_5x5_x200_longspan_prospective,4:0,0:0;0:1;0:2;0:3;0:4;1:0;1:1;1:2;1:3;1:4;2:0;2:1;2:2;2:3;2:4;3:0;3:1;3:2;3:3;3:4;4:0;4:1;4:2;4:3;4:4,longspan_x200_delta_refinement_5x5,"train_seed,train_row_group_start,train_length_multiplier",held_out_evaluation_only,Submit GPU jobs to gpumedium; do not use pilot/gpupilot.
fsl_longspan_x200_source5x5_s321_332_20260714_0002_n4-d0-dep4-md704-it144-x1p00-s323-rg0,source_delta_support_process_control,canonical,4,72,64,704,323,144,75497472,524288,16,2048,40,1,L,fsl-longspan-x200-source5x5-s321-332-20260714-0002-n4-d0-dep4-md704-it144-x1p00-s323-rg0,4,0,roihu_delta_support_process_control,4,75497472,524288,Fresh measured 5x5 source union for sealed x200 validation of a long-span Delta support and one-step source-only refinement. Target losses are evaluation-only.,controlled_model_dim_source_prefix_smalln_5x5,46858504.0,46858504.0,0.0,0.162821576719,17,5p_to_3x3_to_4x4_to_5x5_nested,25,1.305337,0,144,75497472,1.0,offline_union_5x5_x200_longspan_prospective,4:0,0:0;0:1;0:2;0:3;0:4;1:0;1:1;1:2;1:3;1:4;2:0;2:1;2:2;2:3;2:4;3:0;3:1;3:2;3:3;3:4;4:0;4:1;4:2;4:3;4:4,longspan_x200_delta_refinement_5x5,"train_seed,train_row_group_start,train_length_multiplier",held_out_evaluation_only,Submit GPU jobs to gpumedium; do not use pilot/gpupilot.
fsl_longspan_x200_source5x5_s321_332_20260714_0002_n4-d0-dep4-md704-it144-x1p00-s324-rg0,source_delta_support_process_control,canonical,4,72,64,704,324,144,75497472,524288,16,2048,40,1,L,fsl-longspan-x200-source5x5-s321-332-20260714-0002-n4-d0-dep4-md704-it144-x1p00-s324-rg0,4,0,roihu_delta_support_process_control,4,75497472,524288,Fresh measured 5x5 source union for sealed x200 validation of a long-span Delta support and one-step source-only refinement. Target losses are evaluation-only.,controlled_model_dim_source_prefix_smalln_5x5,46858504.0,46858504.0,0.0,0.162821576719,17,5p_to_3x3_to_4x4_to_5x5_nested,25,1.305337,0,144,75497472,1.0,offline_union_5x5_x200_longspan_prospective,4:0,0:0;0:1;0:2;0:3;0:4;1:0;1:1;1:2;1:3;1:4;2:0;2:1;2:2;2:3;2:4;3:0;3:1;3:2;3:3;3:4;4:0;4:1;4:2;4:3;4:4,longspan_x200_delta_refinement_5x5,"train_seed,train_row_group_start,train_length_multiplier",held_out_evaluation_only,Submit GPU jobs to gpumedium; do not use pilot/gpupilot.
fsl_longspan_x200_source5x5_s321_332_20260714_0002_n4-d0-dep4-md704-it144-x1p00-s325-rg0,source_delta_support_process_control,canonical,4,72,64,704,325,144,75497472,524288,16,2048,40,1,L,fsl-longspan-x200-source5x5-s321-332-20260714-0002-n4-d0-dep4-md704-it144-x1p00-s325-rg0,4,0,roihu_delta_support_process_control,4,75497472,524288,Fresh measured 5x5 source union for sealed x200 validation of a long-span Delta support and one-step source-only refinement. Target losses are evaluation-only.,controlled_model_dim_source_prefix_smalln_5x5,46858504.0,46858504.0,0.0,0.162821576719,17,5p_to_3x3_to_4x4_to_5x5_nested,25,1.305337,0,144,75497472,1.0,offline_union_5x5_x200_longspan_prospective,4:0,0:0;0:1;0:2;0:3;0:4;1:0;1:1;1:2;1:3;1:4;2:0;2:1;2:2;2:3;2:4;3:0;3:1;3:2;3:3;3:4;4:0;4:1;4:2;4:3;4:4,longspan_x200_delta_refinement_5x5,"train_seed,train_row_group_start,train_length_multiplier",held_out_evaluation_only,Submit GPU jobs to gpumedium; do not use pilot/gpupilot.
fsl_longspan_x200_source5x5_s321_332_20260714_0002_n4-d0-dep4-md704-it144-x1p00-s326-rg0,source_delta_support_process_control,canonical,4,72,64,704,326,144,75497472,524288,16,2048,40,1,L,fsl-longspan-x200-source5x5-s321-332-20260714-0002-n4-d0-dep4-md704-it144-x1p00-s326-rg0,4,0,roihu_delta_support_process_control,4,75497472,524288,Fresh measured 5x5 source union for sealed x200 validation of a long-span Delta support and one-step source-only refinement. Target losses are evaluation-only.,controlled_model_dim_source_prefix_smalln_5x5,46858504.0,46858504.0,0.0,0.162821576719,17,5p_to_3x3_to_4x4_to_5x5_nested,25,1.305337,0,144,75497472,1.0,offline_union_5x5_x200_longspan_prospective,4:0,0:0;0:1;0:2;0:3;0:4;1:0;1:1;1:2;1:3;1:4;2:0;2:1;2:2;2:3;2:4;3:0;3:1;3:2;3:3;3:4;4:0;4:1;4:2;4:3;4:4,longspan_x200_delta_refinement_5x5,"train_seed,train_row_group_start,train_length_multiplier",held_out_evaluation_only,Submit GPU jobs to gpumedium; do not use pilot/gpupilot.
fsl_longspan_x200_source5x5_s321_332_20260714_0002_n4-d0-dep4-md704-it144-x1p00-s327-rg0,source_delta_support_process_control,canonical,4,72,64,704,327,144,75497472,524288,16,2048,40,1,L,fsl-longspan-x200-source5x5-s321-332-20260714-0002-n4-d0-dep4-md704-it144-x1p00-s327-rg0,4,0,roihu_delta_support_process_control,4,75497472,524288,Fresh measured 5x5 source union for sealed x200 validation of a long-span Delta support and one-step source-only refinement. Target losses are evaluation-only.,controlled_model_dim_source_prefix_smalln_5x5,46858504.0,46858504.0,0.0,0.162821576719,17,5p_to_3x3_to_4x4_to_5x5_nested,25,1.305337,0,144,75497472,1.0,offline_union_5x5_x200_longspan_prospective,4:0,0:0;0:1;0:2;0:3;0:4;1:0;1:1;1:2;1:3;1:4;2:0;2:1;2:2;2:3;2:4;3:0;3:1;3:2;3:3;3:4;4:0;4:1;4:2;4:3;4:4,longspan_x200_delta_refinement_5x5,"train_seed,train_row_group_start,train_length_multiplier",held_out_evaluation_only,Submit GPU jobs to gpumedium; do not use pilot/gpupilot.
fsl_longspan_x200_source5x5_s321_332_20260714_0002_n4-d0-dep4-md704-it144-x1p00-s328-rg0,source_delta_support_process_control,canonical,4,72,64,704,328,144,75497472,524288,16,2048,40,1,L,fsl-longspan-x200-source5x5-s321-332-20260714-0002-n4-d0-dep4-md704-it144-x1p00-s328-rg0,4,0,roihu_delta_support_process_control,4,75497472,524288,Fresh measured 5x5 source union for sealed x200 validation of a long-span Delta support and one-step source-only refinement. Target losses are evaluation-only.,controlled_model_dim_source_prefix_smalln_5x5,46858504.0,46858504.0,0.0,0.162821576719,17,5p_to_3x3_to_4x4_to_5x5_nested,25,1.305337,0,144,75497472,1.0,offline_union_5x5_x200_longspan_prospective,4:0,0:0;0:1;0:2;0:3;0:4;1:0;1:1;1:2;1:3;1:4;2:0;2:1;2:2;2:3;2:4;3:0;3:1;3:2;3:3;3:4;4:0;4:1;4:2;4:3;4:4,longspan_x200_delta_refinement_5x5,"train_seed,train_row_group_start,train_length_multiplier",held_out_evaluation_only,Submit GPU jobs to gpumedium; do not use pilot/gpupilot.
fsl_longspan_x200_source5x5_s321_332_20260714_0002_n4-d0-dep4-md704-it144-x1p00-s329-rg0,source_delta_support_process_control,canonical,4,72,64,704,329,144,75497472,524288,16,2048,40,1,L,fsl-longspan-x200-source5x5-s321-332-20260714-0002-n4-d0-dep4-md704-it144-x1p00-s329-rg0,4,0,roihu_delta_support_process_control,4,75497472,524288,Fresh measured 5x5 source union for sealed x200 validation of a long-span Delta support and one-step source-only refinement. Target losses are evaluation-only.,controlled_model_dim_source_prefix_smalln_5x5,46858504.0,46858504.0,0.0,0.162821576719,17,5p_to_3x3_to_4x4_to_5x5_nested,25,1.305337,0,144,75497472,1.0,offline_union_5x5_x200_longspan_prospective,4:0,0:0;0:1;0:2;0:3;0:4;1:0;1:1;1:2;1:3;1:4;2:0;2:1;2:2;2:3;2:4;3:0;3:1;3:2;3:3;3:4;4:0;4:1;4:2;4:3;4:4,longspan_x200_delta_refinement_5x5,"train_seed,train_row_group_start,train_length_multiplier",held_out_evaluation_only,Submit GPU jobs to gpumedium; do not use pilot/gpupilot.
fsl_longspan_x200_source5x5_s321_332_20260714_0002_n4-d0-dep4-md704-it144-x1p00-s330-rg0,source_delta_support_process_control,canonical,4,72,64,704,330,144,75497472,524288,16,2048,40,1,L,fsl-longspan-x200-source5x5-s321-332-20260714-0002-n4-d0-dep4-md704-it144-x1p00-s330-rg0,4,0,roihu_delta_support_process_control,4,75497472,524288,Fresh measured 5x5 source union for sealed x200 validation of a long-span Delta support and one-step source-only refinement. Target losses are evaluation-only.,controlled_model_dim_source_prefix_smalln_5x5,46858504.0,46858504.0,0.0,0.162821576719,17,5p_to_3x3_to_4x4_to_5x5_nested,25,1.305337,0,144,75497472,1.0,offline_union_5x5_x200_longspan_prospective,4:0,0:0;0:1;0:2;0:3;0:4;1:0;1:1;1:2;1:3;1:4;2:0;2:1;2:2;2:3;2:4;3:0;3:1;3:2;3:3;3:4;4:0;4:1;4:2;4:3;4:4,longspan_x200_delta_refinement_5x5,"train_seed,train_row_group_start,train_length_multiplier",held_out_evaluation_only,Submit GPU jobs to gpumedium; do not use pilot/gpupilot.
fsl_longspan_x200_source5x5_s321_332_20260714_0002_n4-d0-dep4-md704-it144-x1p00-s331-rg0,source_delta_support_process_control,canonical,4,72,64,704,331,144,75497472,524288,16,2048,40,1,L,fsl-longspan-x200-source5x5-s321-332-20260714-0002-n4-d0-dep4-md704-it144-x1p00-s331-rg0,4,0,roihu_delta_support_process_control,4,75497472,524288,Fresh measured 5x5 source union for sealed x200 validation of a long-span Delta support and one-step source-only refinement. Target losses are evaluation-only.,controlled_model_dim_source_prefix_smalln_5x5,46858504.0,46858504.0,0.0,0.162821576719,17,5p_to_3x3_to_4x4_to_5x5_nested,25,1.305337,0,144,75497472,1.0,offline_union_5x5_x200_longspan_prospective,4:0,0:0;0:1;0:2;0:3;0:4;1:0;1:1;1:2;1:3;1:4;2:0;2:1;2:2;2:3;2:4;3:0;3:1;3:2;3:3;3:4;4:0;4:1;4:2;4:3;4:4,longspan_x200_delta_refinement_5x5,"train_seed,train_row_group_start,train_length_multiplier",held_out_evaluation_only,Submit GPU jobs to gpumedium; do not use pilot/gpupilot.
fsl_longspan_x200_source5x5_s321_332_20260714_0002_n4-d0-dep4-md704-it144-x1p00-s332-rg0,source_delta_support_process_control,canonical,4,72,64,704,332,144,75497472,524288,16,2048,40,1,L,fsl-longspan-x200-source5x5-s321-332-20260714-0002-n4-d0-dep4-md704-it144-x1p00-s332-rg0,4,0,roihu_delta_support_process_control,4,75497472,524288,Fresh measured 5x5 source union for sealed x200 validation of a long-span Delta support and one-step source-only refinement. Target losses are evaluation-only.,controlled_model_dim_source_prefix_smalln_5x5,46858504.0,46858504.0,0.0,0.162821576719,17,5p_to_3x3_to_4x4_to_5x5_nested,25,1.305337,0,144,75497472,1.0,offline_union_5x5_x200_longspan_prospective,4:0,0:0;0:1;0:2;0:3;0:4;1:0;1:1;1:2;1:3;1:4;2:0;2:1;2:2;2:3;2:4;3:0;3:1;3:2;3:3;3:4;4:0;4:1;4:2;4:3;4:4,longspan_x200_delta_refinement_5x5,"train_seed,train_row_group_start,train_length_multiplier",held_out_evaluation_only,Submit GPU jobs to gpumedium; do not use pilot/gpupilot.
fsl_longspan_x200_source5x5_s321_332_20260714_0002_n4-d1-dep4-md704-it216-x1p00-s321-rg0,source_delta_support_process_control,canonical,4,72,64,704,321,216,113246208,524288,16,2048,40,1,L,fsl-longspan-x200-source5x5-s321-332-20260714-0002-n4-d1-dep4-md704-it216-x1p00-s321-rg0,4,1,roihu_delta_support_process_control,4,113246208,524288,Fresh measured 5x5 source union for sealed x200 validation of a long-span Delta support and one-step source-only refinement. Target losses are evaluation-only.,controlled_model_dim_source_prefix_smalln_5x5,46858504.0,46858504.0,0.0,0.162821576719,18,5p_to_3x3_to_4x4_to_5x5_nested,25,1.305337,0,216,113246208,1.0,offline_union_5x5_x200_longspan_prospective,4:1,0:0;0:1;0:2;0:3;0:4;1:0;1:1;1:2;1:3;1:4;2:0;2:1;2:2;2:3;2:4;3:0;3:1;3:2;3:3;3:4;4:0;4:1;4:2;4:3;4:4,longspan_x200_delta_refinement_5x5,"train_seed,train_row_group_start,train_length_multiplier",held_out_evaluation_only,Submit GPU jobs to gpumedium; do not use pilot/gpupilot.
fsl_longspan_x200_source5x5_s321_332_20260714_0002_n4-d1-dep4-md704-it216-x1p00-s322-rg0,source_delta_support_process_control,canonical,4,72,64,704,322,216,113246208,524288,16,2048,40,1,L,fsl-longspan-x200-source5x5-s321-332-20260714-0002-n4-d1-dep4-md704-it216-x1p00-s322-rg0,4,1,roihu_delta_support_process_control,4,113246208,524288,Fresh measured 5x5 source union for sealed x200 validation of a long-span Delta support and one-step source-only refinement. Target losses are evaluation-only.,controlled_model_dim_source_prefix_smalln_5x5,46858504.0,46858504.0,0.0,0.162821576719,18,5p_to_3x3_to_4x4_to_5x5_nested,25,1.305337,0,216,113246208,1.0,offline_union_5x5_x200_longspan_prospective,4:1,0:0;0:1;0:2;0:3;0:4;1:0;1:1;1:2;1:3;1:4;2:0;2:1;2:2;2:3;2:4;3:0;3:1;3:2;3:3;3:4;4:0;4:1;4:2;4:3;4:4,longspan_x200_delta_refinement_5x5,"train_seed,train_row_group_start,train_length_multiplier",held_out_evaluation_only,Submit GPU jobs to gpumedium; do not use pilot/gpupilot.
fsl_longspan_x200_source5x5_s321_332_20260714_0002_n4-d1-dep4-md704-it216-x1p00-s323-rg0,source_delta_support_process_control,canonical,4,72,64,704,323,216,113246208,524288,16,2048,40,1,L,fsl-longspan-x200-source5x5-s321-332-20260714-0002-n4-d1-dep4-md704-it216-x1p00-s323-rg0,4,1,roihu_delta_support_process_control,4,113246208,524288,Fresh measured 5x5 source union for sealed x200 validation of a long-span Delta support and one-step source-only refinement. Target losses are evaluation-only.,controlled_model_dim_source_prefix_smalln_5x5,46858504.0,46858504.0,0.0,0.162821576719,18,5p_to_3x3_to_4x4_to_5x5_nested,25,1.305337,0,216,113246208,1.0,offline_union_5x5_x200_longspan_prospective,4:1,0:0;0:1;0:2;0:3;0:4;1:0;1:1;1:2;1:3;1:4;2:0;2:1;2:2;2:3;2:4;3:0;3:1;3:2;3:3;3:4;4:0;4:1;4:2;4:3;4:4,longspan_x200_delta_refinement_5x5,"train_seed,train_row_group_start,train_length_multiplier",held_out_evaluation_only,Submit GPU jobs to gpumedium; do not use pilot/gpupilot.
fsl_longspan_x200_source5x5_s321_332_20260714_0002_n4-d1-dep4-md704-it216-x1p00-s324-rg0,source_delta_support_process_control,canonical,4,72,64,704,324,216,113246208,524288,16,2048,40,1,L,fsl-longspan-x200-source5x5-s321-332-20260714-0002-n4-d1-dep4-md704-it216-x1p00-s324-rg0,4,1,roihu_delta_support_process_control,4,113246208,524288,Fresh measured 5x5 source union for sealed x200 validation of a long-span Delta support and one-step source-only refinement. Target losses are evaluation-only.,controlled_model_dim_source_prefix_smalln_5x5,46858504.0,46858504.0,0.0,0.162821576719,18,5p_to_3x3_to_4x4_to_5x5_nested,25,1.305337,0,216,113246208,1.0,offline_union_5x5_x200_longspan_prospective,4:1,0:0;0:1;0:2;0:3;0:4;1:0;1:1;1:2;1:3;1:4;2:0;2:1;2:2;2:3;2:4;3:0;3:1;3:2;3:3;3:4;4:0;4:1;4:2;4:3;4:4,longspan_x200_delta_refinement_5x5,"train_seed,train_row_group_start,train_length_multiplier",held_out_evaluation_only,Submit GPU jobs to gpumedium; do not use pilot/gpupilot.
fsl_longspan_x200_source5x5_s321_332_20260714_0002_n4-d1-dep4-md704-it216-x1p00-s325-rg0,source_delta_support_process_control,canonical,4,72,64,704,325,216,113246208,524288,16,2048,40,1,L,fsl-longspan-x200-source5x5-s321-332-20260714-0002-n4-d1-dep4-md704-it216-x1p00-s325-rg0,4,1,roihu_delta_support_process_control,4,113246208,524288,Fresh measured 5x5 source union for sealed x200 validation of a long-span Delta support and one-step source-only refinement. Target losses are evaluation-only.,controlled_model_dim_source_prefix_smalln_5x5,46858504.0,46858504.0,0.0,0.162821576719,18,5p_to_3x3_to_4x4_to_5x5_nested,25,1.305337,0,216,113246208,1.0,offline_union_5x5_x200_longspan_prospective,4:1,0:0;0:1;0:2;0:3;0:4;1:0;1:1;1:2;1:3;1:4;2:0;2:1;2:2;2:3;2:4;3:0;3:1;3:2;3:3;3:4;4:0;4:1;4:2;4:3;4:4,longspan_x200_delta_refinement_5x5,"train_seed,train_row_group_start,train_length_multiplier",held_out_evaluation_only,Submit GPU jobs to gpumedium; do not use pilot/gpupilot.
fsl_longspan_x200_source5x5_s321_332_20260714_0002_n4-d1-dep4-md704-it216-x1p00-s326-rg0,source_delta_support_process_control,canonical,4,72,64,704,326,216,113246208,524288,16,2048,40,1,L,fsl-longspan-x200-source5x5-s321-332-20260714-0002-n4-d1-dep4-md704-it216-x1p00-s326-rg0,4,1,roihu_delta_support_process_control,4,113246208,524288,Fresh measured 5x5 source union for sealed x200 validation of a long-span Delta support and one-step source-only refinement. Target losses are evaluation-only.,controlled_model_dim_source_prefix_smalln_5x5,46858504.0,46858504.0,0.0,0.162821576719,18,5p_to_3x3_to_4x4_to_5x5_nested,25,1.305337,0,216,113246208,1.0,offline_union_5x5_x200_longspan_prospective,4:1,0:0;0:1;0:2;0:3;0:4;1:0;1:1;1:2;1:3;1:4;2:0;2:1;2:2;2:3;2:4;3:0;3:1;3:2;3:3;3:4;4:0;4:1;4:2;4:3;4:4,longspan_x200_delta_refinement_5x5,"train_seed,train_row_group_start,train_length_multiplier",held_out_evaluation_only,Submit GPU jobs to gpumedium; do not use pilot/gpupilot.
fsl_longspan_x200_source5x5_s321_332_20260714_0002_n4-d1-dep4-md704-it216-x1p00-s327-rg0,source_delta_support_process_control,canonical,4,72,64,704,327,216,113246208,524288,16,2048,40,1,L,fsl-longspan-x200-source5x5-s321-332-20260714-0002-n4-d1-dep4-md704-it216-x1p00-s327-rg0,4,1,roihu_delta_support_process_control,4,113246208,524288,Fresh measured 5x5 source union for sealed x200 validation of a long-span Delta support and one-step source-only refinement. Target losses are evaluation-only.,controlled_model_dim_source_prefix_smalln_5x5,46858504.0,46858504.0,0.0,0.162821576719,18,5p_to_3x3_to_4x4_to_5x5_nested,25,1.305337,0,216,113246208,1.0,offline_union_5x5_x200_longspan_prospective,4:1,0:0;0:1;0:2;0:3;0:4;1:0;1:1;1:2;1:3;1:4;2:0;2:1;2:2;2:3;2:4;3:0;3:1;3:2;3:3;3:4;4:0;4:1;4:2;4:3;4:4,longspan_x200_delta_refinement_5x5,"train_seed,train_row_group_start,train_length_multiplier",held_out_evaluation_only,Submit GPU jobs to gpumedium; do not use pilot/gpupilot.
fsl_longspan_x200_source5x5_s321_332_20260714_0002_n4-d1-dep4-md704-it216-x1p00-s328-rg0,source_delta_support_process_control,canonical,4,72,64,704,328,216,113246208,524288,16,2048,40,1,L,fsl-longspan-x200-source5x5-s321-332-20260714-0002-n4-d1-dep4-md704-it216-x1p00-s328-rg0,4,1,roihu_delta_support_process_control,4,113246208,524288,Fresh measured 5x5 source union for sealed x200 validation of a long-span Delta support and one-step source-only refinement. Target losses are evaluation-only.,controlled_model_dim_source_prefix_smalln_5x5,46858504.0,46858504.0,0.0,0.162821576719,18,5p_to_3x3_to_4x4_to_5x5_nested,25,1.305337,0,216,113246208,1.0,offline_union_5x5_x200_longspan_prospective,4:1,0:0;0:1;0:2;0:3;0:4;1:0;1:1;1:2;1:3;1:4;2:0;2:1;2:2;2:3;2:4;3:0;3:1;3:2;3:3;3:4;4:0;4:1;4:2;4:3;4:4,longspan_x200_delta_refinement_5x5,"train_seed,train_row_group_start,train_length_multiplier",held_out_evaluation_only,Submit GPU jobs to gpumedium; do not use pilot/gpupilot.
fsl_longspan_x200_source5x5_s321_332_20260714_0002_n4-d1-dep4-md704-it216-x1p00-s329-rg0,source_delta_support_process_control,canonical,4,72,64,704,329,216,113246208,524288,16,2048,40,1,L,fsl-longspan-x200-source5x5-s321-332-20260714-0002-n4-d1-dep4-md704-it216-x1p00-s329-rg0,4,1,roihu_delta_support_process_control,4,113246208,524288,Fresh measured 5x5 source union for sealed x200 validation of a long-span Delta support and one-step source-only refinement. Target losses are evaluation-only.,controlled_model_dim_source_prefix_smalln_5x5,46858504.0,46858504.0,0.0,0.162821576719,18,5p_to_3x3_to_4x4_to_5x5_nested,25,1.305337,0,216,113246208,1.0,offline_union_5x5_x200_longspan_prospective,4:1,0:0;0:1;0:2;0:3;0:4;1:0;1:1;1:2;1:3;1:4;2:0;2:1;2:2;2:3;2:4;3:0;3:1;3:2;3:3;3:4;4:0;4:1;4:2;4:3;4:4,longspan_x200_delta_refinement_5x5,"train_seed,train_row_group_start,train_length_multiplier",held_out_evaluation_only,Submit GPU jobs to gpumedium; do not use pilot/gpupilot.
fsl_longspan_x200_source5x5_s321_332_20260714_0002_n4-d1-dep4-md704-it216-x1p00-s330-rg0,source_delta_support_process_control,canonical,4,72,64,704,330,216,113246208,524288,16,2048,40,1,L,fsl-longspan-x200-source5x5-s321-332-20260714-0002-n4-d1-dep4-md704-it216-x1p00-s330-rg0,4,1,roihu_delta_support_process_control,4,113246208,524288,Fresh measured 5x5 source union for sealed x200 validation of a long-span Delta support and one-step source-only refinement. Target losses are evaluation-only.,controlled_model_dim_source_prefix_smalln_5x5,46858504.0,46858504.0,0.0,0.162821576719,18,5p_to_3x3_to_4x4_to_5x5_nested,25,1.305337,0,216,113246208,1.0,offline_union_5x5_x200_longspan_prospective,4:1,0:0;0:1;0:2;0:3;0:4;1:0;1:1;1:2;1:3;1:4;2:0;2:1;2:2;2:3;2:4;3:0;3:1;3:2;3:3;3:4;4:0;4:1;4:2;4:3;4:4,longspan_x200_delta_refinement_5x5,"train_seed,train_row_group_start,train_length_multiplier",held_out_evaluation_only,Submit GPU jobs to gpumedium; do not use pilot/gpupilot.
fsl_longspan_x200_source5x5_s321_332_20260714_0002_n4-d1-dep4-md704-it216-x1p00-s331-rg0,source_delta_support_process_control,canonical,4,72,64,704,331,216,113246208,524288,16,2048,40,1,L,fsl-longspan-x200-source5x5-s321-332-20260714-0002-n4-d1-dep4-md704-it216-x1p00-s331-rg0,4,1,roihu_delta_support_process_control,4,113246208,524288,Fresh measured 5x5 source union for sealed x200 validation of a long-span Delta support and one-step source-only refinement. Target losses are evaluation-only.,controlled_model_dim_source_prefix_smalln_5x5,46858504.0,46858504.0,0.0,0.162821576719,18,5p_to_3x3_to_4x4_to_5x5_nested,25,1.305337,0,216,113246208,1.0,offline_union_5x5_x200_longspan_prospective,4:1,0:0;0:1;0:2;0:3;0:4;1:0;1:1;1:2;1:3;1:4;2:0;2:1;2:2;2:3;2:4;3:0;3:1;3:2;3:3;3:4;4:0;4:1;4:2;4:3;4:4,longspan_x200_delta_refinement_5x5,"train_seed,train_row_group_start,train_length_multiplier",held_out_evaluation_only,Submit GPU jobs to gpumedium; do not use pilot/gpupilot.
fsl_longspan_x200_source5x5_s321_332_20260714_0002_n4-d1-dep4-md704-it216-x1p00-s332-rg0,source_delta_support_process_control,canonical,4,72,64,704,332,216,113246208,524288,16,2048,40,1,L,fsl-longspan-x200-source5x5-s321-332-20260714-0002-n4-d1-dep4-md704-it216-x1p00-s332-rg0,4,1,roihu_delta_support_process_control,4,113246208,524288,Fresh measured 5x5 source union for sealed x200 validation of a long-span Delta support and one-step source-only refinement. Target losses are evaluation-only.,controlled_model_dim_source_prefix_smalln_5x5,46858504.0,46858504.0,0.0,0.162821576719,18,5p_to_3x3_to_4x4_to_5x5_nested,25,1.305337,0,216,113246208,1.0,offline_union_5x5_x200_longspan_prospective,4:1,0:0;0:1;0:2;0:3;0:4;1:0;1:1;1:2;1:3;1:4;2:0;2:1;2:2;2:3;2:4;3:0;3:1;3:2;3:3;3:4;4:0;4:1;4:2;4:3;4:4,longspan_x200_delta_refinement_5x5,"train_seed,train_row_group_start,train_length_multiplier",held_out_evaluation_only,Submit GPU jobs to gpumedium; do not use pilot/gpupilot.
fsl_longspan_x200_source5x5_s321_332_20260714_0002_n4-d2-dep4-md704-it324-x1p00-s321-rg0,source_delta_support_process_control,canonical,4,72,64,704,321,324,169869312,524288,16,2048,40,1,L,fsl-longspan-x200-source5x5-s321-332-20260714-0002-n4-d2-dep4-md704-it324-x1p00-s321-rg0,4,2,roihu_delta_support_process_control,4,169869312,524288,Fresh measured 5x5 source union for sealed x200 validation of a long-span Delta support and one-step source-only refinement. Target losses are evaluation-only.,controlled_model_dim_source_prefix_smalln_5x5,46858504.0,46858504.0,0.0,0.162821576719,19,5p_to_3x3_to_4x4_to_5x5_nested,25,1.305337,0,324,169869312,1.0,offline_union_5x5_x200_longspan_prospective,4:2,0:0;0:1;0:2;0:3;0:4;1:0;1:1;1:2;1:3;1:4;2:0;2:1;2:2;2:3;2:4;3:0;3:1;3:2;3:3;3:4;4:0;4:1;4:2;4:3;4:4,longspan_x200_delta_refinement_5x5,"train_seed,train_row_group_start,train_length_multiplier",held_out_evaluation_only,Submit GPU jobs to gpumedium; do not use pilot/gpupilot.
fsl_longspan_x200_source5x5_s321_332_20260714_0002_n4-d2-dep4-md704-it324-x1p00-s322-rg0,source_delta_support_process_control,canonical,4,72,64,704,322,324,169869312,524288,16,2048,40,1,L,fsl-longspan-x200-source5x5-s321-332-20260714-0002-n4-d2-dep4-md704-it324-x1p00-s322-rg0,4,2,roihu_delta_support_process_control,4,169869312,524288,Fresh measured 5x5 source union for sealed x200 validation of a long-span Delta support and one-step source-only refinement. Target losses are evaluation-only.,controlled_model_dim_source_prefix_smalln_5x5,46858504.0,46858504.0,0.0,0.162821576719,19,5p_to_3x3_to_4x4_to_5x5_nested,25,1.305337,0,324,169869312,1.0,offline_union_5x5_x200_longspan_prospective,4:2,0:0;0:1;0:2;0:3;0:4;1:0;1:1;1:2;1:3;1:4;2:0;2:1;2:2;2:3;2:4;3:0;3:1;3:2;3:3;3:4;4:0;4:1;4:2;4:3;4:4,longspan_x200_delta_refinement_5x5,"train_seed,train_row_group_start,train_length_multiplier",held_out_evaluation_only,Submit GPU jobs to gpumedium; do not use pilot/gpupilot.
fsl_longspan_x200_source5x5_s321_332_20260714_0002_n4-d2-dep4-md704-it324-x1p00-s323-rg0,source_delta_support_process_control,canonical,4,72,64,704,323,324,169869312,524288,16,2048,40,1,L,fsl-longspan-x200-source5x5-s321-332-20260714-0002-n4-d2-dep4-md704-it324-x1p00-s323-rg0,4,2,roihu_delta_support_process_control,4,169869312,524288,Fresh measured 5x5 source union for sealed x200 validation of a long-span Delta support and one-step source-only refinement. Target losses are evaluation-only.,controlled_model_dim_source_prefix_smalln_5x5,46858504.0,46858504.0,0.0,0.162821576719,19,5p_to_3x3_to_4x4_to_5x5_nested,25,1.305337,0,324,169869312,1.0,offline_union_5x5_x200_longspan_prospective,4:2,0:0;0:1;0:2;0:3;0:4;1:0;1:1;1:2;1:3;1:4;2:0;2:1;2:2;2:3;2:4;3:0;3:1;3:2;3:3;3:4;4:0;4:1;4:2;4:3;4:4,longspan_x200_delta_refinement_5x5,"train_seed,train_row_group_start,train_length_multiplier",held_out_evaluation_only,Submit GPU jobs to gpumedium; do not use pilot/gpupilot.
fsl_longspan_x200_source5x5_s321_332_20260714_0002_n4-d2-dep4-md704-it324-x1p00-s324-rg0,source_delta_support_process_control,canonical,4,72,64,704,324,324,169869312,524288,16,2048,40,1,L,fsl-longspan-x200-source5x5-s321-332-20260714-0002-n4-d2-dep4-md704-it324-x1p00-s324-rg0,4,2,roihu_delta_support_process_control,4,169869312,524288,Fresh measured 5x5 source union for sealed x200 validation of a long-span Delta support and one-step source-only refinement. Target losses are evaluation-only.,controlled_model_dim_source_prefix_smalln_5x5,46858504.0,46858504.0,0.0,0.162821576719,19,5p_to_3x3_to_4x4_to_5x5_nested,25,1.305337,0,324,169869312,1.0,offline_union_5x5_x200_longspan_prospective,4:2,0:0;0:1;0:2;0:3;0:4;1:0;1:1;1:2;1:3;1:4;2:0;2:1;2:2;2:3;2:4;3:0;3:1;3:2;3:3;3:4;4:0;4:1;4:2;4:3;4:4,longspan_x200_delta_refinement_5x5,"train_seed,train_row_group_start,train_length_multiplier",held_out_evaluation_only,Submit GPU jobs to gpumedium; do not use pilot/gpupilot.
fsl_longspan_x200_source5x5_s321_332_20260714_0002_n4-d2-dep4-md704-it324-x1p00-s325-rg0,source_delta_support_process_control,canonical,4,72,64,704,325,324,169869312,524288,16,2048,40,1,L,fsl-longspan-x200-source5x5-s321-332-20260714-0002-n4-d2-dep4-md704-it324-x1p00-s325-rg0,4,2,roihu_delta_support_process_control,4,169869312,524288,Fresh measured 5x5 source union for sealed x200 validation of a long-span Delta support and one-step source-only refinement. Target losses are evaluation-only.,controlled_model_dim_source_prefix_smalln_5x5,46858504.0,46858504.0,0.0,0.162821576719,19,5p_to_3x3_to_4x4_to_5x5_nested,25,1.305337,0,324,169869312,1.0,offline_union_5x5_x200_longspan_prospective,4:2,0:0;0:1;0:2;0:3;0:4;1:0;1:1;1:2;1:3;1:4;2:0;2:1;2:2;2:3;2:4;3:0;3:1;3:2;3:3;3:4;4:0;4:1;4:2;4:3;4:4,longspan_x200_delta_refinement_5x5,"train_seed,train_row_group_start,train_length_multiplier",held_out_evaluation_only,Submit GPU jobs to gpumedium; do not use pilot/gpupilot.
fsl_longspan_x200_source5x5_s321_332_20260714_0002_n4-d2-dep4-md704-it324-x1p00-s326-rg0,source_delta_support_process_control,canonical,4,72,64,704,326,324,169869312,524288,16,2048,40,1,L,fsl-longspan-x200-source5x5-s321-332-20260714-0002-n4-d2-dep4-md704-it324-x1p00-s326-rg0,4,2,roihu_delta_support_process_control,4,169869312,524288,Fresh measured 5x5 source union for sealed x200 validation of a long-span Delta support and one-step source-only refinement. Target losses are evaluation-only.,controlled_model_dim_source_prefix_smalln_5x5,46858504.0,46858504.0,0.0,0.162821576719,19,5p_to_3x3_to_4x4_to_5x5_nested,25,1.305337,0,324,169869312,1.0,offline_union_5x5_x200_longspan_prospective,4:2,0:0;0:1;0:2;0:3;0:4;1:0;1:1;1:2;1:3;1:4;2:0;2:1;2:2;2:3;2:4;3:0;3:1;3:2;3:3;3:4;4:0;4:1;4:2;4:3;4:4,longspan_x200_delta_refinement_5x5,"train_seed,train_row_group_start,train_length_multiplier",held_out_evaluation_only,Submit GPU jobs to gpumedium; do not use pilot/gpupilot.
fsl_longspan_x200_source5x5_s321_332_20260714_0002_n4-d2-dep4-md704-it324-x1p00-s327-rg0,source_delta_support_process_control,canonical,4,72,64,704,327,324,169869312,524288,16,2048,40,1,L,fsl-longspan-x200-source5x5-s321-332-20260714-0002-n4-d2-dep4-md704-it324-x1p00-s327-rg0,4,2,roihu_delta_support_process_control,4,169869312,524288,Fresh measured 5x5 source union for sealed x200 validation of a long-span Delta support and one-step source-only refinement. Target losses are evaluation-only.,controlled_model_dim_source_prefix_smalln_5x5,46858504.0,46858504.0,0.0,0.162821576719,19,5p_to_3x3_to_4x4_to_5x5_nested,25,1.305337,0,324,169869312,1.0,offline_union_5x5_x200_longspan_prospective,4:2,0:0;0:1;0:2;0:3;0:4;1:0;1:1;1:2;1:3;1:4;2:0;2:1;2:2;2:3;2:4;3:0;3:1;3:2;3:3;3:4;4:0;4:1;4:2;4:3;4:4,longspan_x200_delta_refinement_5x5,"train_seed,train_row_group_start,train_length_multiplier",held_out_evaluation_only,Submit GPU jobs to gpumedium; do not use pilot/gpupilot.
fsl_longspan_x200_source5x5_s321_332_20260714_0002_n4-d2-dep4-md704-it324-x1p00-s328-rg0,source_delta_support_process_control,canonical,4,72,64,704,328,324,169869312,524288,16,2048,40,1,L,fsl-longspan-x200-source5x5-s321-332-20260714-0002-n4-d2-dep4-md704-it324-x1p00-s328-rg0,4,2,roihu_delta_support_process_control,4,169869312,524288,Fresh measured 5x5 source union for sealed x200 validation of a long-span Delta support and one-step source-only refinement. Target losses are evaluation-only.,controlled_model_dim_source_prefix_smalln_5x5,46858504.0,46858504.0,0.0,0.162821576719,19,5p_to_3x3_to_4x4_to_5x5_nested,25,1.305337,0,324,169869312,1.0,offline_union_5x5_x200_longspan_prospective,4:2,0:0;0:1;0:2;0:3;0:4;1:0;1:1;1:2;1:3;1:4;2:0;2:1;2:2;2:3;2:4;3:0;3:1;3:2;3:3;3:4;4:0;4:1;4:2;4:3;4:4,longspan_x200_delta_refinement_5x5,"train_seed,train_row_group_start,train_length_multiplier",held_out_evaluation_only,Submit GPU jobs to gpumedium; do not use pilot/gpupilot.
fsl_longspan_x200_source5x5_s321_332_20260714_0002_n4-d2-dep4-md704-it324-x1p00-s329-rg0,source_delta_support_process_control,canonical,4,72,64,704,329,324,169869312,524288,16,2048,40,1,L,fsl-longspan-x200-source5x5-s321-332-20260714-0002-n4-d2-dep4-md704-it324-x1p00-s329-rg0,4,2,roihu_delta_support_process_control,4,169869312,524288,Fresh measured 5x5 source union for sealed x200 validation of a long-span Delta support and one-step source-only refinement. Target losses are evaluation-only.,controlled_model_dim_source_prefix_smalln_5x5,46858504.0,46858504.0,0.0,0.162821576719,19,5p_to_3x3_to_4x4_to_5x5_nested,25,1.305337,0,324,169869312,1.0,offline_union_5x5_x200_longspan_prospective,4:2,0:0;0:1;0:2;0:3;0:4;1:0;1:1;1:2;1:3;1:4;2:0;2:1;2:2;2:3;2:4;3:0;3:1;3:2;3:3;3:4;4:0;4:1;4:2;4:3;4:4,longspan_x200_delta_refinement_5x5,"train_seed,train_row_group_start,train_length_multiplier",held_out_evaluation_only,Submit GPU jobs to gpumedium; do not use pilot/gpupilot.
fsl_longspan_x200_source5x5_s321_332_20260714_0002_n4-d2-dep4-md704-it324-x1p00-s330-rg0,source_delta_support_process_control,canonical,4,72,64,704,330,324,169869312,524288,16,2048,40,1,L,fsl-longspan-x200-source5x5-s321-332-20260714-0002-n4-d2-dep4-md704-it324-x1p00-s330-rg0,4,2,roihu_delta_support_process_control,4,169869312,524288,Fresh measured 5x5 source union for sealed x200 validation of a long-span Delta support and one-step source-only refinement. Target losses are evaluation-only.,controlled_model_dim_source_prefix_smalln_5x5,46858504.0,46858504.0,0.0,0.162821576719,19,5p_to_3x3_to_4x4_to_5x5_nested,25,1.305337,0,324,169869312,1.0,offline_union_5x5_x200_longspan_prospective,4:2,0:0;0:1;0:2;0:3;0:4;1:0;1:1;1:2;1:3;1:4;2:0;2:1;2:2;2:3;2:4;3:0;3:1;3:2;3:3;3:4;4:0;4:1;4:2;4:3;4:4,longspan_x200_delta_refinement_5x5,"train_seed,train_row_group_start,train_length_multiplier",held_out_evaluation_only,Submit GPU jobs to gpumedium; do not use pilot/gpupilot.
fsl_longspan_x200_source5x5_s321_332_20260714_0002_n4-d2-dep4-md704-it324-x1p00-s331-rg0,source_delta_support_process_control,canonical,4,72,64,704,331,324,169869312,524288,16,2048,40,1,L,fsl-longspan-x200-source5x5-s321-332-20260714-0002-n4-d2-dep4-md704-it324-x1p00-s331-rg0,4,2,roihu_delta_support_process_control,4,169869312,524288,Fresh measured 5x5 source union for sealed x200 validation of a long-span Delta support and one-step source-only refinement. Target losses are evaluation-only.,controlled_model_dim_source_prefix_smalln_5x5,46858504.0,46858504.0,0.0,0.162821576719,19,5p_to_3x3_to_4x4_to_5x5_nested,25,1.305337,0,324,169869312,1.0,offline_union_5x5_x200_longspan_prospective,4:2,0:0;0:1;0:2;0:3;0:4;1:0;1:1;1:2;1:3;1:4;2:0;2:1;2:2;2:3;2:4;3:0;3:1;3:2;3:3;3:4;4:0;4:1;4:2;4:3;4:4,longspan_x200_delta_refinement_5x5,"train_seed,train_row_group_start,train_length_multiplier",held_out_evaluation_only,Submit GPU jobs to gpumedium; do not use pilot/gpupilot.
fsl_longspan_x200_source5x5_s321_332_20260714_0002_n4-d2-dep4-md704-it324-x1p00-s332-rg0,source_delta_support_process_control,canonical,4,72,64,704,332,324,169869312,524288,16,2048,40,1,L,fsl-longspan-x200-source5x5-s321-332-20260714-0002-n4-d2-dep4-md704-it324-x1p00-s332-rg0,4,2,roihu_delta_support_process_control,4,169869312,524288,Fresh measured 5x5 source union for sealed x200 validation of a long-span Delta support and one-step source-only refinement. Target losses are evaluation-only.,controlled_model_dim_source_prefix_smalln_5x5,46858504.0,46858504.0,0.0,0.162821576719,19,5p_to_3x3_to_4x4_to_5x5_nested,25,1.305337,0,324,169869312,1.0,offline_union_5x5_x200_longspan_prospective,4:2,0:0;0:1;0:2;0:3;0:4;1:0;1:1;1:2;1:3;1:4;2:0;2:1;2:2;2:3;2:4;3:0;3:1;3:2;3:3;3:4;4:0;4:1;4:2;4:3;4:4,longspan_x200_delta_refinement_5x5,"train_seed,train_row_group_start,train_length_multiplier",held_out_evaluation_only,Submit GPU jobs to gpumedium; do not use pilot/gpupilot.
fsl_longspan_x200_source5x5_s321_332_20260714_0002_n4-d3-dep4-md704-it486-x1p00-s321-rg0,source_delta_support_process_control,canonical,4,72,64,704,321,486,254803968,524288,16,2048,40,1,L,fsl-longspan-x200-source5x5-s321-332-20260714-0002-n4-d3-dep4-md704-it486-x1p00-s321-rg0,4,3,roihu_delta_support_process_control,4,254803968,524288,Fresh measured 5x5 source union for sealed x200 validation of a long-span Delta support and one-step source-only refinement. Target losses are evaluation-only.,controlled_model_dim_source_prefix_smalln_5x5,46858504.0,46858504.0,0.0,0.162821576719,20,5p_to_3x3_to_4x4_to_5x5_nested,25,1.305337,0,486,254803968,1.0,offline_union_5x5_x200_longspan_prospective,4:3,0:0;0:1;0:2;0:3;0:4;1:0;1:1;1:2;1:3;1:4;2:0;2:1;2:2;2:3;2:4;3:0;3:1;3:2;3:3;3:4;4:0;4:1;4:2;4:3;4:4,longspan_x200_delta_refinement_5x5,"train_seed,train_row_group_start,train_length_multiplier",held_out_evaluation_only,Submit GPU jobs to gpumedium; do not use pilot/gpupilot.
fsl_longspan_x200_source5x5_s321_332_20260714_0002_n4-d3-dep4-md704-it486-x1p00-s322-rg0,source_delta_support_process_control,canonical,4,72,64,704,322,486,254803968,524288,16,2048,40,1,L,fsl-longspan-x200-source5x5-s321-332-20260714-0002-n4-d3-dep4-md704-it486-x1p00-s322-rg0,4,3,roihu_delta_support_process_control,4,254803968,524288,Fresh measured 5x5 source union for sealed x200 validation of a long-span Delta support and one-step source-only refinement. Target losses are evaluation-only.,controlled_model_dim_source_prefix_smalln_5x5,46858504.0,46858504.0,0.0,0.162821576719,20,5p_to_3x3_to_4x4_to_5x5_nested,25,1.305337,0,486,254803968,1.0,offline_union_5x5_x200_longspan_prospective,4:3,0:0;0:1;0:2;0:3;0:4;1:0;1:1;1:2;1:3;1:4;2:0;2:1;2:2;2:3;2:4;3:0;3:1;3:2;3:3;3:4;4:0;4:1;4:2;4:3;4:4,longspan_x200_delta_refinement_5x5,"train_seed,train_row_group_start,train_length_multiplier",held_out_evaluation_only,Submit GPU jobs to gpumedium; do not use pilot/gpupilot.
fsl_longspan_x200_source5x5_s321_332_20260714_0002_n4-d3-dep4-md704-it486-x1p00-s323-rg0,source_delta_support_process_control,canonical,4,72,64,704,323,486,254803968,524288,16,2048,40,1,L,fsl-longspan-x200-source5x5-s321-332-20260714-0002-n4-d3-dep4-md704-it486-x1p00-s323-rg0,4,3,roihu_delta_support_process_control,4,254803968,524288,Fresh measured 5x5 source union for sealed x200 validation of a long-span Delta support and one-step source-only refinement. Target losses are evaluation-only.,controlled_model_dim_source_prefix_smalln_5x5,46858504.0,46858504.0,0.0,0.162821576719,20,5p_to_3x3_to_4x4_to_5x5_nested,25,1.305337,0,486,254803968,1.0,offline_union_5x5_x200_longspan_prospective,4:3,0:0;0:1;0:2;0:3;0:4;1:0;1:1;1:2;1:3;1:4;2:0;2:1;2:2;2:3;2:4;3:0;3:1;3:2;3:3;3:4;4:0;4:1;4:2;4:3;4:4,longspan_x200_delta_refinement_5x5,"train_seed,train_row_group_start,train_length_multiplier",held_out_evaluation_only,Submit GPU jobs to gpumedium; do not use pilot/gpupilot.
fsl_longspan_x200_source5x5_s321_332_20260714_0002_n4-d3-dep4-md704-it486-x1p00-s324-rg0,source_delta_support_process_control,canonical,4,72,64,704,324,486,254803968,524288,16,2048,40,1,L,fsl-longspan-x200-source5x5-s321-332-20260714-0002-n4-d3-dep4-md704-it486-x1p00-s324-rg0,4,3,roihu_delta_support_process_control,4,254803968,524288,Fresh measured 5x5 source union for sealed x200 validation of a long-span Delta support and one-step source-only refinement. Target losses are evaluation-only.,controlled_model_dim_source_prefix_smalln_5x5,46858504.0,46858504.0,0.0,0.162821576719,20,5p_to_3x3_to_4x4_to_5x5_nested,25,1.305337,0,486,254803968,1.0,offline_union_5x5_x200_longspan_prospective,4:3,0:0;0:1;0:2;0:3;0:4;1:0;1:1;1:2;1:3;1:4;2:0;2:1;2:2;2:3;2:4;3:0;3:1;3:2;3:3;3:4;4:0;4:1;4:2;4:3;4:4,longspan_x200_delta_refinement_5x5,"train_seed,train_row_group_start,train_length_multiplier",held_out_evaluation_only,Submit GPU jobs to gpumedium; do not use pilot/gpupilot.
fsl_longspan_x200_source5x5_s321_332_20260714_0002_n4-d3-dep4-md704-it486-x1p00-s325-rg0,source_delta_support_process_control,canonical,4,72,64,704,325,486,254803968,524288,16,2048,40,1,L,fsl-longspan-x200-source5x5-s321-332-20260714-0002-n4-d3-dep4-md704-it486-x1p00-s325-rg0,4,3,roihu_delta_support_process_control,4,254803968,524288,Fresh measured 5x5 source union for sealed x200 validation of a long-span Delta support and one-step source-only refinement. Target losses are evaluation-only.,controlled_model_dim_source_prefix_smalln_5x5,46858504.0,46858504.0,0.0,0.162821576719,20,5p_to_3x3_to_4x4_to_5x5_nested,25,1.305337,0,486,254803968,1.0,offline_union_5x5_x200_longspan_prospective,4:3,0:0;0:1;0:2;0:3;0:4;1:0;1:1;1:2;1:3;1:4;2:0;2:1;2:2;2:3;2:4;3:0;3:1;3:2;3:3;3:4;4:0;4:1;4:2;4:3;4:4,longspan_x200_delta_refinement_5x5,"train_seed,train_row_group_start,train_length_multiplier",held_out_evaluation_only,Submit GPU jobs to gpumedium; do not use pilot/gpupilot.
fsl_longspan_x200_source5x5_s321_332_20260714_0002_n4-d3-dep4-md704-it486-x1p00-s326-rg0,source_delta_support_process_control,canonical,4,72,64,704,326,486,254803968,524288,16,2048,40,1,L,fsl-longspan-x200-source5x5-s321-332-20260714-0002-n4-d3-dep4-md704-it486-x1p00-s326-rg0,4,3,roihu_delta_support_process_control,4,254803968,524288,Fresh measured 5x5 source union for sealed x200 validation of a long-span Delta support and one-step source-only refinement. Target losses are evaluation-only.,controlled_model_dim_source_prefix_smalln_5x5,46858504.0,46858504.0,0.0,0.162821576719,20,5p_to_3x3_to_4x4_to_5x5_nested,25,1.305337,0,486,254803968,1.0,offline_union_5x5_x200_longspan_prospective,4:3,0:0;0:1;0:2;0:3;0:4;1:0;1:1;1:2;1:3;1:4;2:0;2:1;2:2;2:3;2:4;3:0;3:1;3:2;3:3;3:4;4:0;4:1;4:2;4:3;4:4,longspan_x200_delta_refinement_5x5,"train_seed,train_row_group_start,train_length_multiplier",held_out_evaluation_only,Submit GPU jobs to gpumedium; do not use pilot/gpupilot.
fsl_longspan_x200_source5x5_s321_332_20260714_0002_n4-d3-dep4-md704-it486-x1p00-s327-rg0,source_delta_support_process_control,canonical,4,72,64,704,327,486,254803968,524288,16,2048,40,1,L,fsl-longspan-x200-source5x5-s321-332-20260714-0002-n4-d3-dep4-md704-it486-x1p00-s327-rg0,4,3,roihu_delta_support_process_control,4,254803968,524288,Fresh measured 5x5 source union for sealed x200 validation of a long-span Delta support and one-step source-only refinement. Target losses are evaluation-only.,controlled_model_dim_source_prefix_smalln_5x5,46858504.0,46858504.0,0.0,0.162821576719,20,5p_to_3x3_to_4x4_to_5x5_nested,25,1.305337,0,486,254803968,1.0,offline_union_5x5_x200_longspan_prospective,4:3,0:0;0:1;0:2;0:3;0:4;1:0;1:1;1:2;1:3;1:4;2:0;2:1;2:2;2:3;2:4;3:0;3:1;3:2;3:3;3:4;4:0;4:1;4:2;4:3;4:4,longspan_x200_delta_refinement_5x5,"train_seed,train_row_group_start,train_length_multiplier",held_out_evaluation_only,Submit GPU jobs to gpumedium; do not use pilot/gpupilot.
fsl_longspan_x200_source5x5_s321_332_20260714_0002_n4-d3-dep4-md704-it486-x1p00-s328-rg0,source_delta_support_process_control,canonical,4,72,64,704,328,486,254803968,524288,16,2048,40,1,L,fsl-longspan-x200-source5x5-s321-332-20260714-0002-n4-d3-dep4-md704-it486-x1p00-s328-rg0,4,3,roihu_delta_support_process_control,4,254803968,524288,Fresh measured 5x5 source union for sealed x200 validation of a long-span Delta support and one-step source-only refinement. Target losses are evaluation-only.,controlled_model_dim_source_prefix_smalln_5x5,46858504.0,46858504.0,0.0,0.162821576719,20,5p_to_3x3_to_4x4_to_5x5_nested,25,1.305337,0,486,254803968,1.0,offline_union_5x5_x200_longspan_prospective,4:3,0:0;0:1;0:2;0:3;0:4;1:0;1:1;1:2;1:3;1:4;2:0;2:1;2:2;2:3;2:4;3:0;3:1;3:2;3:3;3:4;4:0;4:1;4:2;4:3;4:4,longspan_x200_delta_refinement_5x5,"train_seed,train_row_group_start,train_length_multiplier",held_out_evaluation_only,Submit GPU jobs to gpumedium; do not use pilot/gpupilot.
fsl_longspan_x200_source5x5_s321_332_20260714_0002_n4-d3-dep4-md704-it486-x1p00-s329-rg0,source_delta_support_process_control,canonical,4,72,64,704,329,486,254803968,524288,16,2048,40,1,L,fsl-longspan-x200-source5x5-s321-332-20260714-0002-n4-d3-dep4-md704-it486-x1p00-s329-rg0,4,3,roihu_delta_support_process_control,4,254803968,524288,Fresh measured 5x5 source union for sealed x200 validation of a long-span Delta support and one-step source-only refinement. Target losses are evaluation-only.,controlled_model_dim_source_prefix_smalln_5x5,46858504.0,46858504.0,0.0,0.162821576719,20,5p_to_3x3_to_4x4_to_5x5_nested,25,1.305337,0,486,254803968,1.0,offline_union_5x5_x200_longspan_prospective,4:3,0:0;0:1;0:2;0:3;0:4;1:0;1:1;1:2;1:3;1:4;2:0;2:1;2:2;2:3;2:4;3:0;3:1;3:2;3:3;3:4;4:0;4:1;4:2;4:3;4:4,longspan_x200_delta_refinement_5x5,"train_seed,train_row_group_start,train_length_multiplier",held_out_evaluation_only,Submit GPU jobs to gpumedium; do not use pilot/gpupilot.
fsl_longspan_x200_source5x5_s321_332_20260714_0002_n4-d3-dep4-md704-it486-x1p00-s330-rg0,source_delta_support_process_control,canonical,4,72,64,704,330,486,254803968,524288,16,2048,40,1,L,fsl-longspan-x200-source5x5-s321-332-20260714-0002-n4-d3-dep4-md704-it486-x1p00-s330-rg0,4,3,roihu_delta_support_process_control,4,254803968,524288,Fresh measured 5x5 source union for sealed x200 validation of a long-span Delta support and one-step source-only refinement. Target losses are evaluation-only.,controlled_model_dim_source_prefix_smalln_5x5,46858504.0,46858504.0,0.0,0.162821576719,20,5p_to_3x3_to_4x4_to_5x5_nested,25,1.305337,0,486,254803968,1.0,offline_union_5x5_x200_longspan_prospective,4:3,0:0;0:1;0:2;0:3;0:4;1:0;1:1;1:2;1:3;1:4;2:0;2:1;2:2;2:3;2:4;3:0;3:1;3:2;3:3;3:4;4:0;4:1;4:2;4:3;4:4,longspan_x200_delta_refinement_5x5,"train_seed,train_row_group_start,train_length_multiplier",held_out_evaluation_only,Submit GPU jobs to gpumedium; do not use pilot/gpupilot.
fsl_longspan_x200_source5x5_s321_332_20260714_0002_n4-d3-dep4-md704-it486-x1p00-s331-rg0,source_delta_support_process_control,canonical,4,72,64,704,331,486,254803968,524288,16,2048,40,1,L,fsl-longspan-x200-source5x5-s321-332-20260714-0002-n4-d3-dep4-md704-it486-x1p00-s331-rg0,4,3,roihu_delta_support_process_control,4,254803968,524288,Fresh measured 5x5 source union for sealed x200 validation of a long-span Delta support and one-step source-only refinement. Target losses are evaluation-only.,controlled_model_dim_source_prefix_smalln_5x5,46858504.0,46858504.0,0.0,0.162821576719,20,5p_to_3x3_to_4x4_to_5x5_nested,25,1.305337,0,486,254803968,1.0,offline_union_5x5_x200_longspan_prospective,4:3,0:0;0:1;0:2;0:3;0:4;1:0;1:1;1:2;1:3;1:4;2:0;2:1;2:2;2:3;2:4;3:0;3:1;3:2;3:3;3:4;4:0;4:1;4:2;4:3;4:4,longspan_x200_delta_refinement_5x5,"train_seed,train_row_group_start,train_length_multiplier",held_out_evaluation_only,Submit GPU jobs to gpumedium; do not use pilot/gpupilot.
fsl_longspan_x200_source5x5_s321_332_20260714_0002_n4-d3-dep4-md704-it486-x1p00-s332-rg0,source_delta_support_process_control,canonical,4,72,64,704,332,486,254803968,524288,16,2048,40,1,L,fsl-longspan-x200-source5x5-s321-332-20260714-0002-n4-d3-dep4-md704-it486-x1p00-s332-rg0,4,3,roihu_delta_support_process_control,4,254803968,524288,Fresh measured 5x5 source union for sealed x200 validation of a long-span Delta support and one-step source-only refinement. Target losses are evaluation-only.,controlled_model_dim_source_prefix_smalln_5x5,46858504.0,46858504.0,0.0,0.162821576719,20,5p_to_3x3_to_4x4_to_5x5_nested,25,1.305337,0,486,254803968,1.0,offline_union_5x5_x200_longspan_prospective,4:3,0:0;0:1;0:2;0:3;0:4;1:0;1:1;1:2;1:3;1:4;2:0;2:1;2:2;2:3;2:4;3:0;3:1;3:2;3:3;3:4;4:0;4:1;4:2;4:3;4:4,longspan_x200_delta_refinement_5x5,"train_seed,train_row_group_start,train_length_multiplier",held_out_evaluation_only,Submit GPU jobs to gpumedium; do not use pilot/gpupilot.
fsl_longspan_x200_source5x5_s321_332_20260714_0002_n4-d4-dep4-md704-it729-x1p00-s321-rg0,source_delta_support_process_control,canonical,4,72,64,704,321,729,382205952,524288,16,2048,40,1,L,fsl-longspan-x200-source5x5-s321-332-20260714-0002-n4-d4-dep4-md704-it729-x1p00-s321-rg0,4,4,roihu_delta_support_process_control,4,382205952,524288,Fresh measured 5x5 source union for sealed x200 validation of a long-span Delta support and one-step source-only refinement. Target losses are evaluation-only.,controlled_model_dim_source_prefix_smalln_5x5,46858504.0,46858504.0,0.0,0.162821576719,25,5p_to_3x3_to_4x4_to_5x5_nested,25,1.305337,0,729,382205952,1.0,offline_union_5x5_x200_longspan_prospective,4:4,0:0;0:1;0:2;0:3;0:4;1:0;1:1;1:2;1:3;1:4;2:0;2:1;2:2;2:3;2:4;3:0;3:1;3:2;3:3;3:4;4:0;4:1;4:2;4:3;4:4,longspan_x200_delta_refinement_5x5,"train_seed,train_row_group_start,train_length_multiplier",held_out_evaluation_only,Submit GPU jobs to gpumedium; do not use pilot/gpupilot.
fsl_longspan_x200_source5x5_s321_332_20260714_0002_n4-d4-dep4-md704-it729-x1p00-s322-rg0,source_delta_support_process_control,canonical,4,72,64,704,322,729,382205952,524288,16,2048,40,1,L,fsl-longspan-x200-source5x5-s321-332-20260714-0002-n4-d4-dep4-md704-it729-x1p00-s322-rg0,4,4,roihu_delta_support_process_control,4,382205952,524288,Fresh measured 5x5 source union for sealed x200 validation of a long-span Delta support and one-step source-only refinement. Target losses are evaluation-only.,controlled_model_dim_source_prefix_smalln_5x5,46858504.0,46858504.0,0.0,0.162821576719,25,5p_to_3x3_to_4x4_to_5x5_nested,25,1.305337,0,729,382205952,1.0,offline_union_5x5_x200_longspan_prospective,4:4,0:0;0:1;0:2;0:3;0:4;1:0;1:1;1:2;1:3;1:4;2:0;2:1;2:2;2:3;2:4;3:0;3:1;3:2;3:3;3:4;4:0;4:1;4:2;4:3;4:4,longspan_x200_delta_refinement_5x5,"train_seed,train_row_group_start,train_length_multiplier",held_out_evaluation_only,Submit GPU jobs to gpumedium; do not use pilot/gpupilot.
fsl_longspan_x200_source5x5_s321_332_20260714_0002_n4-d4-dep4-md704-it729-x1p00-s323-rg0,source_delta_support_process_control,canonical,4,72,64,704,323,729,382205952,524288,16,2048,40,1,L,fsl-longspan-x200-source5x5-s321-332-20260714-0002-n4-d4-dep4-md704-it729-x1p00-s323-rg0,4,4,roihu_delta_support_process_control,4,382205952,524288,Fresh measured 5x5 source union for sealed x200 validation of a long-span Delta support and one-step source-only refinement. Target losses are evaluation-only.,controlled_model_dim_source_prefix_smalln_5x5,46858504.0,46858504.0,0.0,0.162821576719,25,5p_to_3x3_to_4x4_to_5x5_nested,25,1.305337,0,729,382205952,1.0,offline_union_5x5_x200_longspan_prospective,4:4,0:0;0:1;0:2;0:3;0:4;1:0;1:1;1:2;1:3;1:4;2:0;2:1;2:2;2:3;2:4;3:0;3:1;3:2;3:3;3:4;4:0;4:1;4:2;4:3;4:4,longspan_x200_delta_refinement_5x5,"train_seed,train_row_group_start,train_length_multiplier",held_out_evaluation_only,Submit GPU jobs to gpumedium; do not use pilot/gpupilot.
fsl_longspan_x200_source5x5_s321_332_20260714_0002_n4-d4-dep4-md704-it729-x1p00-s324-rg0,source_delta_support_process_control,canonical,4,72,64,704,324,729,382205952,524288,16,2048,40,1,L,fsl-longspan-x200-source5x5-s321-332-20260714-0002-n4-d4-dep4-md704-it729-x1p00-s324-rg0,4,4,roihu_delta_support_process_control,4,382205952,524288,Fresh measured 5x5 source union for sealed x200 validation of a long-span Delta support and one-step source-only refinement. Target losses are evaluation-only.,controlled_model_dim_source_prefix_smalln_5x5,46858504.0,46858504.0,0.0,0.162821576719,25,5p_to_3x3_to_4x4_to_5x5_nested,25,1.305337,0,729,382205952,1.0,offline_union_5x5_x200_longspan_prospective,4:4,0:0;0:1;0:2;0:3;0:4;1:0;1:1;1:2;1:3;1:4;2:0;2:1;2:2;2:3;2:4;3:0;3:1;3:2;3:3;3:4;4:0;4:1;4:2;4:3;4:4,longspan_x200_delta_refinement_5x5,"train_seed,train_row_group_start,train_length_multiplier",held_out_evaluation_only,Submit GPU jobs to gpumedium; do not use pilot/gpupilot.
fsl_longspan_x200_source5x5_s321_332_20260714_0002_n4-d4-dep4-md704-it729-x1p00-s325-rg0,source_delta_support_process_control,canonical,4,72,64,704,325,729,382205952,524288,16,2048,40,1,L,fsl-longspan-x200-source5x5-s321-332-20260714-0002-n4-d4-dep4-md704-it729-x1p00-s325-rg0,4,4,roihu_delta_support_process_control,4,382205952,524288,Fresh measured 5x5 source union for sealed x200 validation of a long-span Delta support and one-step source-only refinement. Target losses are evaluation-only.,controlled_model_dim_source_prefix_smalln_5x5,46858504.0,46858504.0,0.0,0.162821576719,25,5p_to_3x3_to_4x4_to_5x5_nested,25,1.305337,0,729,382205952,1.0,offline_union_5x5_x200_longspan_prospective,4:4,0:0;0:1;0:2;0:3;0:4;1:0;1:1;1:2;1:3;1:4;2:0;2:1;2:2;2:3;2:4;3:0;3:1;3:2;3:3;3:4;4:0;4:1;4:2;4:3;4:4,longspan_x200_delta_refinement_5x5,"train_seed,train_row_group_start,train_length_multiplier",held_out_evaluation_only,Submit GPU jobs to gpumedium; do not use pilot/gpupilot.
fsl_longspan_x200_source5x5_s321_332_20260714_0002_n4-d4-dep4-md704-it729-x1p00-s326-rg0,source_delta_support_process_control,canonical,4,72,64,704,326,729,382205952,524288,16,2048,40,1,L,fsl-longspan-x200-source5x5-s321-332-20260714-0002-n4-d4-dep4-md704-it729-x1p00-s326-rg0,4,4,roihu_delta_support_process_control,4,382205952,524288,Fresh measured 5x5 source union for sealed x200 validation of a long-span Delta support and one-step source-only refinement. Target losses are evaluation-only.,controlled_model_dim_source_prefix_smalln_5x5,46858504.0,46858504.0,0.0,0.162821576719,25,5p_to_3x3_to_4x4_to_5x5_nested,25,1.305337,0,729,382205952,1.0,offline_union_5x5_x200_longspan_prospective,4:4,0:0;0:1;0:2;0:3;0:4;1:0;1:1;1:2;1:3;1:4;2:0;2:1;2:2;2:3;2:4;3:0;3:1;3:2;3:3;3:4;4:0;4:1;4:2;4:3;4:4,longspan_x200_delta_refinement_5x5,"train_seed,train_row_group_start,train_length_multiplier",held_out_evaluation_only,Submit GPU jobs to gpumedium; do not use pilot/gpupilot.
fsl_longspan_x200_source5x5_s321_332_20260714_0002_n4-d4-dep4-md704-it729-x1p00-s327-rg0,source_delta_support_process_control,canonical,4,72,64,704,327,729,382205952,524288,16,2048,40,1,L,fsl-longspan-x200-source5x5-s321-332-20260714-0002-n4-d4-dep4-md704-it729-x1p00-s327-rg0,4,4,roihu_delta_support_process_control,4,382205952,524288,Fresh measured 5x5 source union for sealed x200 validation of a long-span Delta support and one-step source-only refinement. Target losses are evaluation-only.,controlled_model_dim_source_prefix_smalln_5x5,46858504.0,46858504.0,0.0,0.162821576719,25,5p_to_3x3_to_4x4_to_5x5_nested,25,1.305337,0,729,382205952,1.0,offline_union_5x5_x200_longspan_prospective,4:4,0:0;0:1;0:2;0:3;0:4;1:0;1:1;1:2;1:3;1:4;2:0;2:1;2:2;2:3;2:4;3:0;3:1;3:2;3:3;3:4;4:0;4:1;4:2;4:3;4:4,longspan_x200_delta_refinement_5x5,"train_seed,train_row_group_start,train_length_multiplier",held_out_evaluation_only,Submit GPU jobs to gpumedium; do not use pilot/gpupilot.
fsl_longspan_x200_source5x5_s321_332_20260714_0002_n4-d4-dep4-md704-it729-x1p00-s328-rg0,source_delta_support_process_control,canonical,4,72,64,704,328,729,382205952,524288,16,2048,40,1,L,fsl-longspan-x200-source5x5-s321-332-20260714-0002-n4-d4-dep4-md704-it729-x1p00-s328-rg0,4,4,roihu_delta_support_process_control,4,382205952,524288,Fresh measured 5x5 source union for sealed x200 validation of a long-span Delta support and one-step source-only refinement. Target losses are evaluation-only.,controlled_model_dim_source_prefix_smalln_5x5,46858504.0,46858504.0,0.0,0.162821576719,25,5p_to_3x3_to_4x4_to_5x5_nested,25,1.305337,0,729,382205952,1.0,offline_union_5x5_x200_longspan_prospective,4:4,0:0;0:1;0:2;0:3;0:4;1:0;1:1;1:2;1:3;1:4;2:0;2:1;2:2;2:3;2:4;3:0;3:1;3:2;3:3;3:4;4:0;4:1;4:2;4:3;4:4,longspan_x200_delta_refinement_5x5,"train_seed,train_row_group_start,train_length_multiplier",held_out_evaluation_only,Submit GPU jobs to gpumedium; do not use pilot/gpupilot.
fsl_longspan_x200_source5x5_s321_332_20260714_0002_n4-d4-dep4-md704-it729-x1p00-s329-rg0,source_delta_support_process_control,canonical,4,72,64,704,329,729,382205952,524288,16,2048,40,1,L,fsl-longspan-x200-source5x5-s321-332-20260714-0002-n4-d4-dep4-md704-it729-x1p00-s329-rg0,4,4,roihu_delta_support_process_control,4,382205952,524288,Fresh measured 5x5 source union for sealed x200 validation of a long-span Delta support and one-step source-only refinement. Target losses are evaluation-only.,controlled_model_dim_source_prefix_smalln_5x5,46858504.0,46858504.0,0.0,0.162821576719,25,5p_to_3x3_to_4x4_to_5x5_nested,25,1.305337,0,729,382205952,1.0,offline_union_5x5_x200_longspan_prospective,4:4,0:0;0:1;0:2;0:3;0:4;1:0;1:1;1:2;1:3;1:4;2:0;2:1;2:2;2:3;2:4;3:0;3:1;3:2;3:3;3:4;4:0;4:1;4:2;4:3;4:4,longspan_x200_delta_refinement_5x5,"train_seed,train_row_group_start,train_length_multiplier",held_out_evaluation_only,Submit GPU jobs to gpumedium; do not use pilot/gpupilot.
fsl_longspan_x200_source5x5_s321_332_20260714_0002_n4-d4-dep4-md704-it729-x1p00-s330-rg0,source_delta_support_process_control,canonical,4,72,64,704,330,729,382205952,524288,16,2048,40,1,L,fsl-longspan-x200-source5x5-s321-332-20260714-0002-n4-d4-dep4-md704-it729-x1p00-s330-rg0,4,4,roihu_delta_support_process_control,4,382205952,524288,Fresh measured 5x5 source union for sealed x200 validation of a long-span Delta support and one-step source-only refinement. Target losses are evaluation-only.,controlled_model_dim_source_prefix_smalln_5x5,46858504.0,46858504.0,0.0,0.162821576719,25,5p_to_3x3_to_4x4_to_5x5_nested,25,1.305337,0,729,382205952,1.0,offline_union_5x5_x200_longspan_prospective,4:4,0:0;0:1;0:2;0:3;0:4;1:0;1:1;1:2;1:3;1:4;2:0;2:1;2:2;2:3;2:4;3:0;3:1;3:2;3:3;3:4;4:0;4:1;4:2;4:3;4:4,longspan_x200_delta_refinement_5x5,"train_seed,train_row_group_start,train_length_multiplier",held_out_evaluation_only,Submit GPU jobs to gpumedium; do not use pilot/gpupilot.
fsl_longspan_x200_source5x5_s321_332_20260714_0002_n4-d4-dep4-md704-it729-x1p00-s331-rg0,source_delta_support_process_control,canonical,4,72,64,704,331,729,382205952,524288,16,2048,40,1,L,fsl-longspan-x200-source5x5-s321-332-20260714-0002-n4-d4-dep4-md704-it729-x1p00-s331-rg0,4,4,roihu_delta_support_process_control,4,382205952,524288,Fresh measured 5x5 source union for sealed x200 validation of a long-span Delta support and one-step source-only refinement. Target losses are evaluation-only.,controlled_model_dim_source_prefix_smalln_5x5,46858504.0,46858504.0,0.0,0.162821576719,25,5p_to_3x3_to_4x4_to_5x5_nested,25,1.305337,0,729,382205952,1.0,offline_union_5x5_x200_longspan_prospective,4:4,0:0;0:1;0:2;0:3;0:4;1:0;1:1;1:2;1:3;1:4;2:0;2:1;2:2;2:3;2:4;3:0;3:1;3:2;3:3;3:4;4:0;4:1;4:2;4:3;4:4,longspan_x200_delta_refinement_5x5,"train_seed,train_row_group_start,train_length_multiplier",held_out_evaluation_only,Submit GPU jobs to gpumedium; do not use pilot/gpupilot.
fsl_longspan_x200_source5x5_s321_332_20260714_0002_n4-d4-dep4-md704-it729-x1p00-s332-rg0,source_delta_support_process_control,canonical,4,72,64,704,332,729,382205952,524288,16,2048,40,1,L,fsl-longspan-x200-source5x5-s321-332-20260714-0002-n4-d4-dep4-md704-it729-x1p00-s332-rg0,4,4,roihu_delta_support_process_control,4,382205952,524288,Fresh measured 5x5 source union for sealed x200 validation of a long-span Delta support and one-step source-only refinement. Target losses are evaluation-only.,controlled_model_dim_source_prefix_smalln_5x5,46858504.0,46858504.0,0.0,0.162821576719,25,5p_to_3x3_to_4x4_to_5x5_nested,25,1.305337,0,729,382205952,1.0,offline_union_5x5_x200_longspan_prospective,4:4,0:0;0:1;0:2;0:3;0:4;1:0;1:1;1:2;1:3;1:4;2:0;2:1;2:2;2:3;2:4;3:0;3:1;3:2;3:3;3:4;4:0;4:1;4:2;4:3;4:4,longspan_x200_delta_refinement_5x5,"train_seed,train_row_group_start,train_length_multiplier",held_out_evaluation_only,Submit GPU jobs to gpumedium; do not use pilot/gpupilot.
