stage,split,recipe_band,depth,aspect_ratio,head_dim,model_dim,seed,num_iterations,target_tokens,total_batch_size,device_batch_size,max_seq_len,warmup_steps,fp8,window_pattern,model_tag,n_index,d_index,planned_family,planned_model_depth,planned_data_tokens,planned_total_batch_size,planned_note,sizing_family,target_n_scaling,preflight_n_scaling,target_n_scaling_rel_error,n_geometric_rel_error,source_prefix_order,source_prefix_family,source_prefix_q_hint,target_budget_b,train_row_group_start,base_num_iterations,D_actual,train_length_multiplier,support_policy,support_point_id,support_keys,delta_support_process_family,delta_support_process_repeats,target_line_referee_usage,roihu_partition_note
fsl_x275_factorial_source5x5_s501_512_20260717_1717_n0-d0-dep4-md128-it144-x1p00-s501-rg0,source_sampling_readout_factorial,canonical,4,72,64,128,501,144,75497472,524288,16,2048,40,1,L,fsl-x275-factorial-source5x5-s501-512-20260717-1717-n0-d0-dep4-md128-it144-x1p00-s501-rg0,0,0,x275_sampling_readout_factorial_source,4,75497472,524288,Fresh measured 5x5 source union for a target-sealed sampling/readout factorial. Each replay reads and pays only its selected source-cell union.,controlled_model_dim_source_prefix_smalln_5x5,4980784.0,4980784.0,0.0,0.162821576719,1,x275_factorial_full_5x5_collection,,1.305337,0,144,75497472,1.0,physical_full_5x5_replay_buffer,0:0,0:0;0:1;0:2;0:3;0:4;1:0;1:1;1:2;1:3;1:4;2:0;2:1;2:2;2:3;2:4;3:0;3:1;3:2;3:3;3:4;4:0;4:1;4:2;4:3;4:4,x275_sampling_readout_factorial,paired_train_seed,sealed_evaluation_only,Submit GPU jobs to gpumedium; do not use pilot/gpupilot.
fsl_x275_factorial_source5x5_s501_512_20260717_1717_n0-d1-dep4-md128-it216-x1p00-s501-rg0,source_sampling_readout_factorial,canonical,4,72,64,128,501,216,113246208,524288,16,2048,40,1,L,fsl-x275-factorial-source5x5-s501-512-20260717-1717-n0-d1-dep4-md128-it216-x1p00-s501-rg0,0,1,x275_sampling_readout_factorial_source,4,113246208,524288,Fresh measured 5x5 source union for a target-sealed sampling/readout factorial. Each replay reads and pays only its selected source-cell union.,controlled_model_dim_source_prefix_smalln_5x5,4980784.0,4980784.0,0.0,0.162821576719,2,x275_factorial_full_5x5_collection,,1.305337,0,216,113246208,1.0,physical_full_5x5_replay_buffer,0:1,0:0;0:1;0:2;0:3;0:4;1:0;1:1;1:2;1:3;1:4;2:0;2:1;2:2;2:3;2:4;3:0;3:1;3:2;3:3;3:4;4:0;4:1;4:2;4:3;4:4,x275_sampling_readout_factorial,paired_train_seed,sealed_evaluation_only,Submit GPU jobs to gpumedium; do not use pilot/gpupilot.
fsl_x275_factorial_source5x5_s501_512_20260717_1717_n0-d2-dep4-md128-it324-x1p00-s501-rg0,source_sampling_readout_factorial,canonical,4,72,64,128,501,324,169869312,524288,16,2048,40,1,L,fsl-x275-factorial-source5x5-s501-512-20260717-1717-n0-d2-dep4-md128-it324-x1p00-s501-rg0,0,2,x275_sampling_readout_factorial_source,4,169869312,524288,Fresh measured 5x5 source union for a target-sealed sampling/readout factorial. Each replay reads and pays only its selected source-cell union.,controlled_model_dim_source_prefix_smalln_5x5,4980784.0,4980784.0,0.0,0.162821576719,3,x275_factorial_full_5x5_collection,,1.305337,0,324,169869312,1.0,physical_full_5x5_replay_buffer,0:2,0:0;0:1;0:2;0:3;0:4;1:0;1:1;1:2;1:3;1:4;2:0;2:1;2:2;2:3;2:4;3:0;3:1;3:2;3:3;3:4;4:0;4:1;4:2;4:3;4:4,x275_sampling_readout_factorial,paired_train_seed,sealed_evaluation_only,Submit GPU jobs to gpumedium; do not use pilot/gpupilot.
fsl_x275_factorial_source5x5_s501_512_20260717_1717_n0-d3-dep4-md128-it486-x1p00-s501-rg0,source_sampling_readout_factorial,canonical,4,72,64,128,501,486,254803968,524288,16,2048,40,1,L,fsl-x275-factorial-source5x5-s501-512-20260717-1717-n0-d3-dep4-md128-it486-x1p00-s501-rg0,0,3,x275_sampling_readout_factorial_source,4,254803968,524288,Fresh measured 5x5 source union for a target-sealed sampling/readout factorial. Each replay reads and pays only its selected source-cell union.,controlled_model_dim_source_prefix_smalln_5x5,4980784.0,4980784.0,0.0,0.162821576719,4,x275_factorial_full_5x5_collection,,1.305337,0,486,254803968,1.0,physical_full_5x5_replay_buffer,0:3,0:0;0:1;0:2;0:3;0:4;1:0;1:1;1:2;1:3;1:4;2:0;2:1;2:2;2:3;2:4;3:0;3:1;3:2;3:3;3:4;4:0;4:1;4:2;4:3;4:4,x275_sampling_readout_factorial,paired_train_seed,sealed_evaluation_only,Submit GPU jobs to gpumedium; do not use pilot/gpupilot.
fsl_x275_factorial_source5x5_s501_512_20260717_1717_n0-d4-dep4-md128-it729-x1p00-s501-rg0,source_sampling_readout_factorial,canonical,4,72,64,128,501,729,382205952,524288,16,2048,40,1,L,fsl-x275-factorial-source5x5-s501-512-20260717-1717-n0-d4-dep4-md128-it729-x1p00-s501-rg0,0,4,x275_sampling_readout_factorial_source,4,382205952,524288,Fresh measured 5x5 source union for a target-sealed sampling/readout factorial. Each replay reads and pays only its selected source-cell union.,controlled_model_dim_source_prefix_smalln_5x5,4980784.0,4980784.0,0.0,0.162821576719,5,x275_factorial_full_5x5_collection,,1.305337,0,729,382205952,1.0,physical_full_5x5_replay_buffer,0:4,0:0;0:1;0:2;0:3;0:4;1:0;1:1;1:2;1:3;1:4;2:0;2:1;2:2;2:3;2:4;3:0;3:1;3:2;3:3;3:4;4:0;4:1;4:2;4:3;4:4,x275_sampling_readout_factorial,paired_train_seed,sealed_evaluation_only,Submit GPU jobs to gpumedium; do not use pilot/gpupilot.
fsl_x275_factorial_source5x5_s501_512_20260717_1717_n1-d0-dep4-md192-it144-x1p00-s501-rg0,source_sampling_readout_factorial,canonical,4,72,64,192,501,144,75497472,524288,16,2048,40,1,L,fsl-x275-factorial-source5x5-s501-512-20260717-1717-n1-d0-dep4-md192-it144-x1p00-s501-rg0,1,0,x275_sampling_readout_factorial_source,4,75497472,524288,Fresh measured 5x5 source union for a target-sealed sampling/readout factorial. Each replay reads and pays only its selected source-cell union.,controlled_model_dim_source_prefix_smalln_5x5,8061000.0,8061000.0,0.0,0.162821576719,6,x275_factorial_full_5x5_collection,,1.305337,0,144,75497472,1.0,physical_full_5x5_replay_buffer,1:0,0:0;0:1;0:2;0:3;0:4;1:0;1:1;1:2;1:3;1:4;2:0;2:1;2:2;2:3;2:4;3:0;3:1;3:2;3:3;3:4;4:0;4:1;4:2;4:3;4:4,x275_sampling_readout_factorial,paired_train_seed,sealed_evaluation_only,Submit GPU jobs to gpumedium; do not use pilot/gpupilot.
fsl_x275_factorial_source5x5_s501_512_20260717_1717_n1-d1-dep4-md192-it216-x1p00-s501-rg0,source_sampling_readout_factorial,canonical,4,72,64,192,501,216,113246208,524288,16,2048,40,1,L,fsl-x275-factorial-source5x5-s501-512-20260717-1717-n1-d1-dep4-md192-it216-x1p00-s501-rg0,1,1,x275_sampling_readout_factorial_source,4,113246208,524288,Fresh measured 5x5 source union for a target-sealed sampling/readout factorial. Each replay reads and pays only its selected source-cell union.,controlled_model_dim_source_prefix_smalln_5x5,8061000.0,8061000.0,0.0,0.162821576719,7,x275_factorial_full_5x5_collection,,1.305337,0,216,113246208,1.0,physical_full_5x5_replay_buffer,1:1,0:0;0:1;0:2;0:3;0:4;1:0;1:1;1:2;1:3;1:4;2:0;2:1;2:2;2:3;2:4;3:0;3:1;3:2;3:3;3:4;4:0;4:1;4:2;4:3;4:4,x275_sampling_readout_factorial,paired_train_seed,sealed_evaluation_only,Submit GPU jobs to gpumedium; do not use pilot/gpupilot.
fsl_x275_factorial_source5x5_s501_512_20260717_1717_n1-d2-dep4-md192-it324-x1p00-s501-rg0,source_sampling_readout_factorial,canonical,4,72,64,192,501,324,169869312,524288,16,2048,40,1,L,fsl-x275-factorial-source5x5-s501-512-20260717-1717-n1-d2-dep4-md192-it324-x1p00-s501-rg0,1,2,x275_sampling_readout_factorial_source,4,169869312,524288,Fresh measured 5x5 source union for a target-sealed sampling/readout factorial. Each replay reads and pays only its selected source-cell union.,controlled_model_dim_source_prefix_smalln_5x5,8061000.0,8061000.0,0.0,0.162821576719,8,x275_factorial_full_5x5_collection,,1.305337,0,324,169869312,1.0,physical_full_5x5_replay_buffer,1:2,0:0;0:1;0:2;0:3;0:4;1:0;1:1;1:2;1:3;1:4;2:0;2:1;2:2;2:3;2:4;3:0;3:1;3:2;3:3;3:4;4:0;4:1;4:2;4:3;4:4,x275_sampling_readout_factorial,paired_train_seed,sealed_evaluation_only,Submit GPU jobs to gpumedium; do not use pilot/gpupilot.
fsl_x275_factorial_source5x5_s501_512_20260717_1717_n1-d3-dep4-md192-it486-x1p00-s501-rg0,source_sampling_readout_factorial,canonical,4,72,64,192,501,486,254803968,524288,16,2048,40,1,L,fsl-x275-factorial-source5x5-s501-512-20260717-1717-n1-d3-dep4-md192-it486-x1p00-s501-rg0,1,3,x275_sampling_readout_factorial_source,4,254803968,524288,Fresh measured 5x5 source union for a target-sealed sampling/readout factorial. Each replay reads and pays only its selected source-cell union.,controlled_model_dim_source_prefix_smalln_5x5,8061000.0,8061000.0,0.0,0.162821576719,9,x275_factorial_full_5x5_collection,,1.305337,0,486,254803968,1.0,physical_full_5x5_replay_buffer,1:3,0:0;0:1;0:2;0:3;0:4;1:0;1:1;1:2;1:3;1:4;2:0;2:1;2:2;2:3;2:4;3:0;3:1;3:2;3:3;3:4;4:0;4:1;4:2;4:3;4:4,x275_sampling_readout_factorial,paired_train_seed,sealed_evaluation_only,Submit GPU jobs to gpumedium; do not use pilot/gpupilot.
fsl_x275_factorial_source5x5_s501_512_20260717_1717_n1-d4-dep4-md192-it729-x1p00-s501-rg0,source_sampling_readout_factorial,canonical,4,72,64,192,501,729,382205952,524288,16,2048,40,1,L,fsl-x275-factorial-source5x5-s501-512-20260717-1717-n1-d4-dep4-md192-it729-x1p00-s501-rg0,1,4,x275_sampling_readout_factorial_source,4,382205952,524288,Fresh measured 5x5 source union for a target-sealed sampling/readout factorial. Each replay reads and pays only its selected source-cell union.,controlled_model_dim_source_prefix_smalln_5x5,8061000.0,8061000.0,0.0,0.162821576719,10,x275_factorial_full_5x5_collection,,1.305337,0,729,382205952,1.0,physical_full_5x5_replay_buffer,1:4,0:0;0:1;0:2;0:3;0:4;1:0;1:1;1:2;1:3;1:4;2:0;2:1;2:2;2:3;2:4;3:0;3:1;3:2;3:3;3:4;4:0;4:1;4:2;4:3;4:4,x275_sampling_readout_factorial,paired_train_seed,sealed_evaluation_only,Submit GPU jobs to gpumedium; do not use pilot/gpupilot.
fsl_x275_factorial_source5x5_s501_512_20260717_1717_n2-d0-dep4-md320-it144-x1p00-s501-rg0,source_sampling_readout_factorial,canonical,4,72,64,320,501,144,75497472,524288,16,2048,40,1,L,fsl-x275-factorial-source5x5-s501-512-20260717-1717-n2-d0-dep4-md320-it144-x1p00-s501-rg0,2,0,x275_sampling_readout_factorial_source,4,75497472,524288,Fresh measured 5x5 source union for a target-sealed sampling/readout factorial. Each replay reads and pays only its selected source-cell union.,controlled_model_dim_source_prefix_smalln_5x5,15401080.0,15401080.0,0.0,0.162821576719,11,x275_factorial_full_5x5_collection,,1.305337,0,144,75497472,1.0,physical_full_5x5_replay_buffer,2:0,0:0;0:1;0:2;0:3;0:4;1:0;1:1;1:2;1:3;1:4;2:0;2:1;2:2;2:3;2:4;3:0;3:1;3:2;3:3;3:4;4:0;4:1;4:2;4:3;4:4,x275_sampling_readout_factorial,paired_train_seed,sealed_evaluation_only,Submit GPU jobs to gpumedium; do not use pilot/gpupilot.
fsl_x275_factorial_source5x5_s501_512_20260717_1717_n2-d1-dep4-md320-it216-x1p00-s501-rg0,source_sampling_readout_factorial,canonical,4,72,64,320,501,216,113246208,524288,16,2048,40,1,L,fsl-x275-factorial-source5x5-s501-512-20260717-1717-n2-d1-dep4-md320-it216-x1p00-s501-rg0,2,1,x275_sampling_readout_factorial_source,4,113246208,524288,Fresh measured 5x5 source union for a target-sealed sampling/readout factorial. Each replay reads and pays only its selected source-cell union.,controlled_model_dim_source_prefix_smalln_5x5,15401080.0,15401080.0,0.0,0.162821576719,12,x275_factorial_full_5x5_collection,,1.305337,0,216,113246208,1.0,physical_full_5x5_replay_buffer,2:1,0:0;0:1;0:2;0:3;0:4;1:0;1:1;1:2;1:3;1:4;2:0;2:1;2:2;2:3;2:4;3:0;3:1;3:2;3:3;3:4;4:0;4:1;4:2;4:3;4:4,x275_sampling_readout_factorial,paired_train_seed,sealed_evaluation_only,Submit GPU jobs to gpumedium; do not use pilot/gpupilot.
fsl_x275_factorial_source5x5_s501_512_20260717_1717_n2-d2-dep4-md320-it324-x1p00-s501-rg0,source_sampling_readout_factorial,canonical,4,72,64,320,501,324,169869312,524288,16,2048,40,1,L,fsl-x275-factorial-source5x5-s501-512-20260717-1717-n2-d2-dep4-md320-it324-x1p00-s501-rg0,2,2,x275_sampling_readout_factorial_source,4,169869312,524288,Fresh measured 5x5 source union for a target-sealed sampling/readout factorial. Each replay reads and pays only its selected source-cell union.,controlled_model_dim_source_prefix_smalln_5x5,15401080.0,15401080.0,0.0,0.162821576719,13,x275_factorial_full_5x5_collection,,1.305337,0,324,169869312,1.0,physical_full_5x5_replay_buffer,2:2,0:0;0:1;0:2;0:3;0:4;1:0;1:1;1:2;1:3;1:4;2:0;2:1;2:2;2:3;2:4;3:0;3:1;3:2;3:3;3:4;4:0;4:1;4:2;4:3;4:4,x275_sampling_readout_factorial,paired_train_seed,sealed_evaluation_only,Submit GPU jobs to gpumedium; do not use pilot/gpupilot.
fsl_x275_factorial_source5x5_s501_512_20260717_1717_n2-d3-dep4-md320-it486-x1p00-s501-rg0,source_sampling_readout_factorial,canonical,4,72,64,320,501,486,254803968,524288,16,2048,40,1,L,fsl-x275-factorial-source5x5-s501-512-20260717-1717-n2-d3-dep4-md320-it486-x1p00-s501-rg0,2,3,x275_sampling_readout_factorial_source,4,254803968,524288,Fresh measured 5x5 source union for a target-sealed sampling/readout factorial. Each replay reads and pays only its selected source-cell union.,controlled_model_dim_source_prefix_smalln_5x5,15401080.0,15401080.0,0.0,0.162821576719,14,x275_factorial_full_5x5_collection,,1.305337,0,486,254803968,1.0,physical_full_5x5_replay_buffer,2:3,0:0;0:1;0:2;0:3;0:4;1:0;1:1;1:2;1:3;1:4;2:0;2:1;2:2;2:3;2:4;3:0;3:1;3:2;3:3;3:4;4:0;4:1;4:2;4:3;4:4,x275_sampling_readout_factorial,paired_train_seed,sealed_evaluation_only,Submit GPU jobs to gpumedium; do not use pilot/gpupilot.
fsl_x275_factorial_source5x5_s501_512_20260717_1717_n2-d4-dep4-md320-it729-x1p00-s501-rg0,source_sampling_readout_factorial,canonical,4,72,64,320,501,729,382205952,524288,16,2048,40,1,L,fsl-x275-factorial-source5x5-s501-512-20260717-1717-n2-d4-dep4-md320-it729-x1p00-s501-rg0,2,4,x275_sampling_readout_factorial_source,4,382205952,524288,Fresh measured 5x5 source union for a target-sealed sampling/readout factorial. Each replay reads and pays only its selected source-cell union.,controlled_model_dim_source_prefix_smalln_5x5,15401080.0,15401080.0,0.0,0.162821576719,15,x275_factorial_full_5x5_collection,,1.305337,0,729,382205952,1.0,physical_full_5x5_replay_buffer,2:4,0:0;0:1;0:2;0:3;0:4;1:0;1:1;1:2;1:3;1:4;2:0;2:1;2:2;2:3;2:4;3:0;3:1;3:2;3:3;3:4;4:0;4:1;4:2;4:3;4:4,x275_sampling_readout_factorial,paired_train_seed,sealed_evaluation_only,Submit GPU jobs to gpumedium; do not use pilot/gpupilot.
fsl_x275_factorial_source5x5_s501_512_20260717_1717_n3-d0-dep4-md512-it144-x1p00-s501-rg0,source_sampling_readout_factorial,canonical,4,72,64,512,501,144,75497472,524288,16,2048,40,1,L,fsl-x275-factorial-source5x5-s501-512-20260717-1717-n3-d0-dep4-md512-it144-x1p00-s501-rg0,3,0,x275_sampling_readout_factorial_source,4,75497472,524288,Fresh measured 5x5 source union for a target-sealed sampling/readout factorial. Each replay reads and pays only its selected source-cell union.,controlled_model_dim_source_prefix_smalln_5x5,29360320.0,29360320.0,0.0,0.162821576719,16,x275_factorial_full_5x5_collection,,1.305337,0,144,75497472,1.0,physical_full_5x5_replay_buffer,3:0,0:0;0:1;0:2;0:3;0:4;1:0;1:1;1:2;1:3;1:4;2:0;2:1;2:2;2:3;2:4;3:0;3:1;3:2;3:3;3:4;4:0;4:1;4:2;4:3;4:4,x275_sampling_readout_factorial,paired_train_seed,sealed_evaluation_only,Submit GPU jobs to gpumedium; do not use pilot/gpupilot.
fsl_x275_factorial_source5x5_s501_512_20260717_1717_n3-d1-dep4-md512-it216-x1p00-s501-rg0,source_sampling_readout_factorial,canonical,4,72,64,512,501,216,113246208,524288,16,2048,40,1,L,fsl-x275-factorial-source5x5-s501-512-20260717-1717-n3-d1-dep4-md512-it216-x1p00-s501-rg0,3,1,x275_sampling_readout_factorial_source,4,113246208,524288,Fresh measured 5x5 source union for a target-sealed sampling/readout factorial. Each replay reads and pays only its selected source-cell union.,controlled_model_dim_source_prefix_smalln_5x5,29360320.0,29360320.0,0.0,0.162821576719,17,x275_factorial_full_5x5_collection,,1.305337,0,216,113246208,1.0,physical_full_5x5_replay_buffer,3:1,0:0;0:1;0:2;0:3;0:4;1:0;1:1;1:2;1:3;1:4;2:0;2:1;2:2;2:3;2:4;3:0;3:1;3:2;3:3;3:4;4:0;4:1;4:2;4:3;4:4,x275_sampling_readout_factorial,paired_train_seed,sealed_evaluation_only,Submit GPU jobs to gpumedium; do not use pilot/gpupilot.
fsl_x275_factorial_source5x5_s501_512_20260717_1717_n3-d2-dep4-md512-it324-x1p00-s501-rg0,source_sampling_readout_factorial,canonical,4,72,64,512,501,324,169869312,524288,16,2048,40,1,L,fsl-x275-factorial-source5x5-s501-512-20260717-1717-n3-d2-dep4-md512-it324-x1p00-s501-rg0,3,2,x275_sampling_readout_factorial_source,4,169869312,524288,Fresh measured 5x5 source union for a target-sealed sampling/readout factorial. Each replay reads and pays only its selected source-cell union.,controlled_model_dim_source_prefix_smalln_5x5,29360320.0,29360320.0,0.0,0.162821576719,18,x275_factorial_full_5x5_collection,,1.305337,0,324,169869312,1.0,physical_full_5x5_replay_buffer,3:2,0:0;0:1;0:2;0:3;0:4;1:0;1:1;1:2;1:3;1:4;2:0;2:1;2:2;2:3;2:4;3:0;3:1;3:2;3:3;3:4;4:0;4:1;4:2;4:3;4:4,x275_sampling_readout_factorial,paired_train_seed,sealed_evaluation_only,Submit GPU jobs to gpumedium; do not use pilot/gpupilot.
fsl_x275_factorial_source5x5_s501_512_20260717_1717_n3-d3-dep4-md512-it486-x1p00-s501-rg0,source_sampling_readout_factorial,canonical,4,72,64,512,501,486,254803968,524288,16,2048,40,1,L,fsl-x275-factorial-source5x5-s501-512-20260717-1717-n3-d3-dep4-md512-it486-x1p00-s501-rg0,3,3,x275_sampling_readout_factorial_source,4,254803968,524288,Fresh measured 5x5 source union for a target-sealed sampling/readout factorial. Each replay reads and pays only its selected source-cell union.,controlled_model_dim_source_prefix_smalln_5x5,29360320.0,29360320.0,0.0,0.162821576719,19,x275_factorial_full_5x5_collection,,1.305337,0,486,254803968,1.0,physical_full_5x5_replay_buffer,3:3,0:0;0:1;0:2;0:3;0:4;1:0;1:1;1:2;1:3;1:4;2:0;2:1;2:2;2:3;2:4;3:0;3:1;3:2;3:3;3:4;4:0;4:1;4:2;4:3;4:4,x275_sampling_readout_factorial,paired_train_seed,sealed_evaluation_only,Submit GPU jobs to gpumedium; do not use pilot/gpupilot.
fsl_x275_factorial_source5x5_s501_512_20260717_1717_n3-d4-dep4-md512-it729-x1p00-s501-rg0,source_sampling_readout_factorial,canonical,4,72,64,512,501,729,382205952,524288,16,2048,40,1,L,fsl-x275-factorial-source5x5-s501-512-20260717-1717-n3-d4-dep4-md512-it729-x1p00-s501-rg0,3,4,x275_sampling_readout_factorial_source,4,382205952,524288,Fresh measured 5x5 source union for a target-sealed sampling/readout factorial. Each replay reads and pays only its selected source-cell union.,controlled_model_dim_source_prefix_smalln_5x5,29360320.0,29360320.0,0.0,0.162821576719,20,x275_factorial_full_5x5_collection,,1.305337,0,729,382205952,1.0,physical_full_5x5_replay_buffer,3:4,0:0;0:1;0:2;0:3;0:4;1:0;1:1;1:2;1:3;1:4;2:0;2:1;2:2;2:3;2:4;3:0;3:1;3:2;3:3;3:4;4:0;4:1;4:2;4:3;4:4,x275_sampling_readout_factorial,paired_train_seed,sealed_evaluation_only,Submit GPU jobs to gpumedium; do not use pilot/gpupilot.
fsl_x275_factorial_source5x5_s501_512_20260717_1717_n4-d0-dep4-md704-it144-x1p00-s501-rg0,source_sampling_readout_factorial,canonical,4,72,64,704,501,144,75497472,524288,16,2048,40,1,L,fsl-x275-factorial-source5x5-s501-512-20260717-1717-n4-d0-dep4-md704-it144-x1p00-s501-rg0,4,0,x275_sampling_readout_factorial_source,4,75497472,524288,Fresh measured 5x5 source union for a target-sealed sampling/readout factorial. Each replay reads and pays only its selected source-cell union.,controlled_model_dim_source_prefix_smalln_5x5,46858504.0,46858504.0,0.0,0.162821576719,21,x275_factorial_full_5x5_collection,,1.305337,0,144,75497472,1.0,physical_full_5x5_replay_buffer,4:0,0:0;0:1;0:2;0:3;0:4;1:0;1:1;1:2;1:3;1:4;2:0;2:1;2:2;2:3;2:4;3:0;3:1;3:2;3:3;3:4;4:0;4:1;4:2;4:3;4:4,x275_sampling_readout_factorial,paired_train_seed,sealed_evaluation_only,Submit GPU jobs to gpumedium; do not use pilot/gpupilot.
fsl_x275_factorial_source5x5_s501_512_20260717_1717_n4-d1-dep4-md704-it216-x1p00-s501-rg0,source_sampling_readout_factorial,canonical,4,72,64,704,501,216,113246208,524288,16,2048,40,1,L,fsl-x275-factorial-source5x5-s501-512-20260717-1717-n4-d1-dep4-md704-it216-x1p00-s501-rg0,4,1,x275_sampling_readout_factorial_source,4,113246208,524288,Fresh measured 5x5 source union for a target-sealed sampling/readout factorial. Each replay reads and pays only its selected source-cell union.,controlled_model_dim_source_prefix_smalln_5x5,46858504.0,46858504.0,0.0,0.162821576719,22,x275_factorial_full_5x5_collection,,1.305337,0,216,113246208,1.0,physical_full_5x5_replay_buffer,4:1,0:0;0:1;0:2;0:3;0:4;1:0;1:1;1:2;1:3;1:4;2:0;2:1;2:2;2:3;2:4;3:0;3:1;3:2;3:3;3:4;4:0;4:1;4:2;4:3;4:4,x275_sampling_readout_factorial,paired_train_seed,sealed_evaluation_only,Submit GPU jobs to gpumedium; do not use pilot/gpupilot.
fsl_x275_factorial_source5x5_s501_512_20260717_1717_n4-d2-dep4-md704-it324-x1p00-s501-rg0,source_sampling_readout_factorial,canonical,4,72,64,704,501,324,169869312,524288,16,2048,40,1,L,fsl-x275-factorial-source5x5-s501-512-20260717-1717-n4-d2-dep4-md704-it324-x1p00-s501-rg0,4,2,x275_sampling_readout_factorial_source,4,169869312,524288,Fresh measured 5x5 source union for a target-sealed sampling/readout factorial. Each replay reads and pays only its selected source-cell union.,controlled_model_dim_source_prefix_smalln_5x5,46858504.0,46858504.0,0.0,0.162821576719,23,x275_factorial_full_5x5_collection,,1.305337,0,324,169869312,1.0,physical_full_5x5_replay_buffer,4:2,0:0;0:1;0:2;0:3;0:4;1:0;1:1;1:2;1:3;1:4;2:0;2:1;2:2;2:3;2:4;3:0;3:1;3:2;3:3;3:4;4:0;4:1;4:2;4:3;4:4,x275_sampling_readout_factorial,paired_train_seed,sealed_evaluation_only,Submit GPU jobs to gpumedium; do not use pilot/gpupilot.
fsl_x275_factorial_source5x5_s501_512_20260717_1717_n4-d3-dep4-md704-it486-x1p00-s501-rg0,source_sampling_readout_factorial,canonical,4,72,64,704,501,486,254803968,524288,16,2048,40,1,L,fsl-x275-factorial-source5x5-s501-512-20260717-1717-n4-d3-dep4-md704-it486-x1p00-s501-rg0,4,3,x275_sampling_readout_factorial_source,4,254803968,524288,Fresh measured 5x5 source union for a target-sealed sampling/readout factorial. Each replay reads and pays only its selected source-cell union.,controlled_model_dim_source_prefix_smalln_5x5,46858504.0,46858504.0,0.0,0.162821576719,24,x275_factorial_full_5x5_collection,,1.305337,0,486,254803968,1.0,physical_full_5x5_replay_buffer,4:3,0:0;0:1;0:2;0:3;0:4;1:0;1:1;1:2;1:3;1:4;2:0;2:1;2:2;2:3;2:4;3:0;3:1;3:2;3:3;3:4;4:0;4:1;4:2;4:3;4:4,x275_sampling_readout_factorial,paired_train_seed,sealed_evaluation_only,Submit GPU jobs to gpumedium; do not use pilot/gpupilot.
fsl_x275_factorial_source5x5_s501_512_20260717_1717_n4-d4-dep4-md704-it729-x1p00-s501-rg0,source_sampling_readout_factorial,canonical,4,72,64,704,501,729,382205952,524288,16,2048,40,1,L,fsl-x275-factorial-source5x5-s501-512-20260717-1717-n4-d4-dep4-md704-it729-x1p00-s501-rg0,4,4,x275_sampling_readout_factorial_source,4,382205952,524288,Fresh measured 5x5 source union for a target-sealed sampling/readout factorial. Each replay reads and pays only its selected source-cell union.,controlled_model_dim_source_prefix_smalln_5x5,46858504.0,46858504.0,0.0,0.162821576719,25,x275_factorial_full_5x5_collection,,1.305337,0,729,382205952,1.0,physical_full_5x5_replay_buffer,4:4,0:0;0:1;0:2;0:3;0:4;1:0;1:1;1:2;1:3;1:4;2:0;2:1;2:2;2:3;2:4;3:0;3:1;3:2;3:3;3:4;4:0;4:1;4:2;4:3;4:4,x275_sampling_readout_factorial,paired_train_seed,sealed_evaluation_only,Submit GPU jobs to gpumedium; do not use pilot/gpupilot.
fsl_x275_factorial_source5x5_s501_512_20260717_1717_n0-d0-dep4-md128-it144-x1p00-s502-rg0,source_sampling_readout_factorial,canonical,4,72,64,128,502,144,75497472,524288,16,2048,40,1,L,fsl-x275-factorial-source5x5-s501-512-20260717-1717-n0-d0-dep4-md128-it144-x1p00-s502-rg0,0,0,x275_sampling_readout_factorial_source,4,75497472,524288,Fresh measured 5x5 source union for a target-sealed sampling/readout factorial. Each replay reads and pays only its selected source-cell union.,controlled_model_dim_source_prefix_smalln_5x5,4980784.0,4980784.0,0.0,0.162821576719,1,x275_factorial_full_5x5_collection,,1.305337,0,144,75497472,1.0,physical_full_5x5_replay_buffer,0:0,0:0;0:1;0:2;0:3;0:4;1:0;1:1;1:2;1:3;1:4;2:0;2:1;2:2;2:3;2:4;3:0;3:1;3:2;3:3;3:4;4:0;4:1;4:2;4:3;4:4,x275_sampling_readout_factorial,paired_train_seed,sealed_evaluation_only,Submit GPU jobs to gpumedium; do not use pilot/gpupilot.
fsl_x275_factorial_source5x5_s501_512_20260717_1717_n0-d1-dep4-md128-it216-x1p00-s502-rg0,source_sampling_readout_factorial,canonical,4,72,64,128,502,216,113246208,524288,16,2048,40,1,L,fsl-x275-factorial-source5x5-s501-512-20260717-1717-n0-d1-dep4-md128-it216-x1p00-s502-rg0,0,1,x275_sampling_readout_factorial_source,4,113246208,524288,Fresh measured 5x5 source union for a target-sealed sampling/readout factorial. Each replay reads and pays only its selected source-cell union.,controlled_model_dim_source_prefix_smalln_5x5,4980784.0,4980784.0,0.0,0.162821576719,2,x275_factorial_full_5x5_collection,,1.305337,0,216,113246208,1.0,physical_full_5x5_replay_buffer,0:1,0:0;0:1;0:2;0:3;0:4;1:0;1:1;1:2;1:3;1:4;2:0;2:1;2:2;2:3;2:4;3:0;3:1;3:2;3:3;3:4;4:0;4:1;4:2;4:3;4:4,x275_sampling_readout_factorial,paired_train_seed,sealed_evaluation_only,Submit GPU jobs to gpumedium; do not use pilot/gpupilot.
fsl_x275_factorial_source5x5_s501_512_20260717_1717_n0-d2-dep4-md128-it324-x1p00-s502-rg0,source_sampling_readout_factorial,canonical,4,72,64,128,502,324,169869312,524288,16,2048,40,1,L,fsl-x275-factorial-source5x5-s501-512-20260717-1717-n0-d2-dep4-md128-it324-x1p00-s502-rg0,0,2,x275_sampling_readout_factorial_source,4,169869312,524288,Fresh measured 5x5 source union for a target-sealed sampling/readout factorial. Each replay reads and pays only its selected source-cell union.,controlled_model_dim_source_prefix_smalln_5x5,4980784.0,4980784.0,0.0,0.162821576719,3,x275_factorial_full_5x5_collection,,1.305337,0,324,169869312,1.0,physical_full_5x5_replay_buffer,0:2,0:0;0:1;0:2;0:3;0:4;1:0;1:1;1:2;1:3;1:4;2:0;2:1;2:2;2:3;2:4;3:0;3:1;3:2;3:3;3:4;4:0;4:1;4:2;4:3;4:4,x275_sampling_readout_factorial,paired_train_seed,sealed_evaluation_only,Submit GPU jobs to gpumedium; do not use pilot/gpupilot.
fsl_x275_factorial_source5x5_s501_512_20260717_1717_n0-d3-dep4-md128-it486-x1p00-s502-rg0,source_sampling_readout_factorial,canonical,4,72,64,128,502,486,254803968,524288,16,2048,40,1,L,fsl-x275-factorial-source5x5-s501-512-20260717-1717-n0-d3-dep4-md128-it486-x1p00-s502-rg0,0,3,x275_sampling_readout_factorial_source,4,254803968,524288,Fresh measured 5x5 source union for a target-sealed sampling/readout factorial. Each replay reads and pays only its selected source-cell union.,controlled_model_dim_source_prefix_smalln_5x5,4980784.0,4980784.0,0.0,0.162821576719,4,x275_factorial_full_5x5_collection,,1.305337,0,486,254803968,1.0,physical_full_5x5_replay_buffer,0:3,0:0;0:1;0:2;0:3;0:4;1:0;1:1;1:2;1:3;1:4;2:0;2:1;2:2;2:3;2:4;3:0;3:1;3:2;3:3;3:4;4:0;4:1;4:2;4:3;4:4,x275_sampling_readout_factorial,paired_train_seed,sealed_evaluation_only,Submit GPU jobs to gpumedium; do not use pilot/gpupilot.
fsl_x275_factorial_source5x5_s501_512_20260717_1717_n0-d4-dep4-md128-it729-x1p00-s502-rg0,source_sampling_readout_factorial,canonical,4,72,64,128,502,729,382205952,524288,16,2048,40,1,L,fsl-x275-factorial-source5x5-s501-512-20260717-1717-n0-d4-dep4-md128-it729-x1p00-s502-rg0,0,4,x275_sampling_readout_factorial_source,4,382205952,524288,Fresh measured 5x5 source union for a target-sealed sampling/readout factorial. Each replay reads and pays only its selected source-cell union.,controlled_model_dim_source_prefix_smalln_5x5,4980784.0,4980784.0,0.0,0.162821576719,5,x275_factorial_full_5x5_collection,,1.305337,0,729,382205952,1.0,physical_full_5x5_replay_buffer,0:4,0:0;0:1;0:2;0:3;0:4;1:0;1:1;1:2;1:3;1:4;2:0;2:1;2:2;2:3;2:4;3:0;3:1;3:2;3:3;3:4;4:0;4:1;4:2;4:3;4:4,x275_sampling_readout_factorial,paired_train_seed,sealed_evaluation_only,Submit GPU jobs to gpumedium; do not use pilot/gpupilot.
fsl_x275_factorial_source5x5_s501_512_20260717_1717_n1-d0-dep4-md192-it144-x1p00-s502-rg0,source_sampling_readout_factorial,canonical,4,72,64,192,502,144,75497472,524288,16,2048,40,1,L,fsl-x275-factorial-source5x5-s501-512-20260717-1717-n1-d0-dep4-md192-it144-x1p00-s502-rg0,1,0,x275_sampling_readout_factorial_source,4,75497472,524288,Fresh measured 5x5 source union for a target-sealed sampling/readout factorial. Each replay reads and pays only its selected source-cell union.,controlled_model_dim_source_prefix_smalln_5x5,8061000.0,8061000.0,0.0,0.162821576719,6,x275_factorial_full_5x5_collection,,1.305337,0,144,75497472,1.0,physical_full_5x5_replay_buffer,1:0,0:0;0:1;0:2;0:3;0:4;1:0;1:1;1:2;1:3;1:4;2:0;2:1;2:2;2:3;2:4;3:0;3:1;3:2;3:3;3:4;4:0;4:1;4:2;4:3;4:4,x275_sampling_readout_factorial,paired_train_seed,sealed_evaluation_only,Submit GPU jobs to gpumedium; do not use pilot/gpupilot.
fsl_x275_factorial_source5x5_s501_512_20260717_1717_n1-d1-dep4-md192-it216-x1p00-s502-rg0,source_sampling_readout_factorial,canonical,4,72,64,192,502,216,113246208,524288,16,2048,40,1,L,fsl-x275-factorial-source5x5-s501-512-20260717-1717-n1-d1-dep4-md192-it216-x1p00-s502-rg0,1,1,x275_sampling_readout_factorial_source,4,113246208,524288,Fresh measured 5x5 source union for a target-sealed sampling/readout factorial. Each replay reads and pays only its selected source-cell union.,controlled_model_dim_source_prefix_smalln_5x5,8061000.0,8061000.0,0.0,0.162821576719,7,x275_factorial_full_5x5_collection,,1.305337,0,216,113246208,1.0,physical_full_5x5_replay_buffer,1:1,0:0;0:1;0:2;0:3;0:4;1:0;1:1;1:2;1:3;1:4;2:0;2:1;2:2;2:3;2:4;3:0;3:1;3:2;3:3;3:4;4:0;4:1;4:2;4:3;4:4,x275_sampling_readout_factorial,paired_train_seed,sealed_evaluation_only,Submit GPU jobs to gpumedium; do not use pilot/gpupilot.
fsl_x275_factorial_source5x5_s501_512_20260717_1717_n1-d2-dep4-md192-it324-x1p00-s502-rg0,source_sampling_readout_factorial,canonical,4,72,64,192,502,324,169869312,524288,16,2048,40,1,L,fsl-x275-factorial-source5x5-s501-512-20260717-1717-n1-d2-dep4-md192-it324-x1p00-s502-rg0,1,2,x275_sampling_readout_factorial_source,4,169869312,524288,Fresh measured 5x5 source union for a target-sealed sampling/readout factorial. Each replay reads and pays only its selected source-cell union.,controlled_model_dim_source_prefix_smalln_5x5,8061000.0,8061000.0,0.0,0.162821576719,8,x275_factorial_full_5x5_collection,,1.305337,0,324,169869312,1.0,physical_full_5x5_replay_buffer,1:2,0:0;0:1;0:2;0:3;0:4;1:0;1:1;1:2;1:3;1:4;2:0;2:1;2:2;2:3;2:4;3:0;3:1;3:2;3:3;3:4;4:0;4:1;4:2;4:3;4:4,x275_sampling_readout_factorial,paired_train_seed,sealed_evaluation_only,Submit GPU jobs to gpumedium; do not use pilot/gpupilot.
fsl_x275_factorial_source5x5_s501_512_20260717_1717_n1-d3-dep4-md192-it486-x1p00-s502-rg0,source_sampling_readout_factorial,canonical,4,72,64,192,502,486,254803968,524288,16,2048,40,1,L,fsl-x275-factorial-source5x5-s501-512-20260717-1717-n1-d3-dep4-md192-it486-x1p00-s502-rg0,1,3,x275_sampling_readout_factorial_source,4,254803968,524288,Fresh measured 5x5 source union for a target-sealed sampling/readout factorial. Each replay reads and pays only its selected source-cell union.,controlled_model_dim_source_prefix_smalln_5x5,8061000.0,8061000.0,0.0,0.162821576719,9,x275_factorial_full_5x5_collection,,1.305337,0,486,254803968,1.0,physical_full_5x5_replay_buffer,1:3,0:0;0:1;0:2;0:3;0:4;1:0;1:1;1:2;1:3;1:4;2:0;2:1;2:2;2:3;2:4;3:0;3:1;3:2;3:3;3:4;4:0;4:1;4:2;4:3;4:4,x275_sampling_readout_factorial,paired_train_seed,sealed_evaluation_only,Submit GPU jobs to gpumedium; do not use pilot/gpupilot.
fsl_x275_factorial_source5x5_s501_512_20260717_1717_n1-d4-dep4-md192-it729-x1p00-s502-rg0,source_sampling_readout_factorial,canonical,4,72,64,192,502,729,382205952,524288,16,2048,40,1,L,fsl-x275-factorial-source5x5-s501-512-20260717-1717-n1-d4-dep4-md192-it729-x1p00-s502-rg0,1,4,x275_sampling_readout_factorial_source,4,382205952,524288,Fresh measured 5x5 source union for a target-sealed sampling/readout factorial. Each replay reads and pays only its selected source-cell union.,controlled_model_dim_source_prefix_smalln_5x5,8061000.0,8061000.0,0.0,0.162821576719,10,x275_factorial_full_5x5_collection,,1.305337,0,729,382205952,1.0,physical_full_5x5_replay_buffer,1:4,0:0;0:1;0:2;0:3;0:4;1:0;1:1;1:2;1:3;1:4;2:0;2:1;2:2;2:3;2:4;3:0;3:1;3:2;3:3;3:4;4:0;4:1;4:2;4:3;4:4,x275_sampling_readout_factorial,paired_train_seed,sealed_evaluation_only,Submit GPU jobs to gpumedium; do not use pilot/gpupilot.
fsl_x275_factorial_source5x5_s501_512_20260717_1717_n2-d0-dep4-md320-it144-x1p00-s502-rg0,source_sampling_readout_factorial,canonical,4,72,64,320,502,144,75497472,524288,16,2048,40,1,L,fsl-x275-factorial-source5x5-s501-512-20260717-1717-n2-d0-dep4-md320-it144-x1p00-s502-rg0,2,0,x275_sampling_readout_factorial_source,4,75497472,524288,Fresh measured 5x5 source union for a target-sealed sampling/readout factorial. Each replay reads and pays only its selected source-cell union.,controlled_model_dim_source_prefix_smalln_5x5,15401080.0,15401080.0,0.0,0.162821576719,11,x275_factorial_full_5x5_collection,,1.305337,0,144,75497472,1.0,physical_full_5x5_replay_buffer,2:0,0:0;0:1;0:2;0:3;0:4;1:0;1:1;1:2;1:3;1:4;2:0;2:1;2:2;2:3;2:4;3:0;3:1;3:2;3:3;3:4;4:0;4:1;4:2;4:3;4:4,x275_sampling_readout_factorial,paired_train_seed,sealed_evaluation_only,Submit GPU jobs to gpumedium; do not use pilot/gpupilot.
fsl_x275_factorial_source5x5_s501_512_20260717_1717_n2-d1-dep4-md320-it216-x1p00-s502-rg0,source_sampling_readout_factorial,canonical,4,72,64,320,502,216,113246208,524288,16,2048,40,1,L,fsl-x275-factorial-source5x5-s501-512-20260717-1717-n2-d1-dep4-md320-it216-x1p00-s502-rg0,2,1,x275_sampling_readout_factorial_source,4,113246208,524288,Fresh measured 5x5 source union for a target-sealed sampling/readout factorial. Each replay reads and pays only its selected source-cell union.,controlled_model_dim_source_prefix_smalln_5x5,15401080.0,15401080.0,0.0,0.162821576719,12,x275_factorial_full_5x5_collection,,1.305337,0,216,113246208,1.0,physical_full_5x5_replay_buffer,2:1,0:0;0:1;0:2;0:3;0:4;1:0;1:1;1:2;1:3;1:4;2:0;2:1;2:2;2:3;2:4;3:0;3:1;3:2;3:3;3:4;4:0;4:1;4:2;4:3;4:4,x275_sampling_readout_factorial,paired_train_seed,sealed_evaluation_only,Submit GPU jobs to gpumedium; do not use pilot/gpupilot.
fsl_x275_factorial_source5x5_s501_512_20260717_1717_n2-d2-dep4-md320-it324-x1p00-s502-rg0,source_sampling_readout_factorial,canonical,4,72,64,320,502,324,169869312,524288,16,2048,40,1,L,fsl-x275-factorial-source5x5-s501-512-20260717-1717-n2-d2-dep4-md320-it324-x1p00-s502-rg0,2,2,x275_sampling_readout_factorial_source,4,169869312,524288,Fresh measured 5x5 source union for a target-sealed sampling/readout factorial. Each replay reads and pays only its selected source-cell union.,controlled_model_dim_source_prefix_smalln_5x5,15401080.0,15401080.0,0.0,0.162821576719,13,x275_factorial_full_5x5_collection,,1.305337,0,324,169869312,1.0,physical_full_5x5_replay_buffer,2:2,0:0;0:1;0:2;0:3;0:4;1:0;1:1;1:2;1:3;1:4;2:0;2:1;2:2;2:3;2:4;3:0;3:1;3:2;3:3;3:4;4:0;4:1;4:2;4:3;4:4,x275_sampling_readout_factorial,paired_train_seed,sealed_evaluation_only,Submit GPU jobs to gpumedium; do not use pilot/gpupilot.
fsl_x275_factorial_source5x5_s501_512_20260717_1717_n2-d3-dep4-md320-it486-x1p00-s502-rg0,source_sampling_readout_factorial,canonical,4,72,64,320,502,486,254803968,524288,16,2048,40,1,L,fsl-x275-factorial-source5x5-s501-512-20260717-1717-n2-d3-dep4-md320-it486-x1p00-s502-rg0,2,3,x275_sampling_readout_factorial_source,4,254803968,524288,Fresh measured 5x5 source union for a target-sealed sampling/readout factorial. Each replay reads and pays only its selected source-cell union.,controlled_model_dim_source_prefix_smalln_5x5,15401080.0,15401080.0,0.0,0.162821576719,14,x275_factorial_full_5x5_collection,,1.305337,0,486,254803968,1.0,physical_full_5x5_replay_buffer,2:3,0:0;0:1;0:2;0:3;0:4;1:0;1:1;1:2;1:3;1:4;2:0;2:1;2:2;2:3;2:4;3:0;3:1;3:2;3:3;3:4;4:0;4:1;4:2;4:3;4:4,x275_sampling_readout_factorial,paired_train_seed,sealed_evaluation_only,Submit GPU jobs to gpumedium; do not use pilot/gpupilot.
fsl_x275_factorial_source5x5_s501_512_20260717_1717_n2-d4-dep4-md320-it729-x1p00-s502-rg0,source_sampling_readout_factorial,canonical,4,72,64,320,502,729,382205952,524288,16,2048,40,1,L,fsl-x275-factorial-source5x5-s501-512-20260717-1717-n2-d4-dep4-md320-it729-x1p00-s502-rg0,2,4,x275_sampling_readout_factorial_source,4,382205952,524288,Fresh measured 5x5 source union for a target-sealed sampling/readout factorial. Each replay reads and pays only its selected source-cell union.,controlled_model_dim_source_prefix_smalln_5x5,15401080.0,15401080.0,0.0,0.162821576719,15,x275_factorial_full_5x5_collection,,1.305337,0,729,382205952,1.0,physical_full_5x5_replay_buffer,2:4,0:0;0:1;0:2;0:3;0:4;1:0;1:1;1:2;1:3;1:4;2:0;2:1;2:2;2:3;2:4;3:0;3:1;3:2;3:3;3:4;4:0;4:1;4:2;4:3;4:4,x275_sampling_readout_factorial,paired_train_seed,sealed_evaluation_only,Submit GPU jobs to gpumedium; do not use pilot/gpupilot.
fsl_x275_factorial_source5x5_s501_512_20260717_1717_n3-d0-dep4-md512-it144-x1p00-s502-rg0,source_sampling_readout_factorial,canonical,4,72,64,512,502,144,75497472,524288,16,2048,40,1,L,fsl-x275-factorial-source5x5-s501-512-20260717-1717-n3-d0-dep4-md512-it144-x1p00-s502-rg0,3,0,x275_sampling_readout_factorial_source,4,75497472,524288,Fresh measured 5x5 source union for a target-sealed sampling/readout factorial. Each replay reads and pays only its selected source-cell union.,controlled_model_dim_source_prefix_smalln_5x5,29360320.0,29360320.0,0.0,0.162821576719,16,x275_factorial_full_5x5_collection,,1.305337,0,144,75497472,1.0,physical_full_5x5_replay_buffer,3:0,0:0;0:1;0:2;0:3;0:4;1:0;1:1;1:2;1:3;1:4;2:0;2:1;2:2;2:3;2:4;3:0;3:1;3:2;3:3;3:4;4:0;4:1;4:2;4:3;4:4,x275_sampling_readout_factorial,paired_train_seed,sealed_evaluation_only,Submit GPU jobs to gpumedium; do not use pilot/gpupilot.
fsl_x275_factorial_source5x5_s501_512_20260717_1717_n3-d1-dep4-md512-it216-x1p00-s502-rg0,source_sampling_readout_factorial,canonical,4,72,64,512,502,216,113246208,524288,16,2048,40,1,L,fsl-x275-factorial-source5x5-s501-512-20260717-1717-n3-d1-dep4-md512-it216-x1p00-s502-rg0,3,1,x275_sampling_readout_factorial_source,4,113246208,524288,Fresh measured 5x5 source union for a target-sealed sampling/readout factorial. Each replay reads and pays only its selected source-cell union.,controlled_model_dim_source_prefix_smalln_5x5,29360320.0,29360320.0,0.0,0.162821576719,17,x275_factorial_full_5x5_collection,,1.305337,0,216,113246208,1.0,physical_full_5x5_replay_buffer,3:1,0:0;0:1;0:2;0:3;0:4;1:0;1:1;1:2;1:3;1:4;2:0;2:1;2:2;2:3;2:4;3:0;3:1;3:2;3:3;3:4;4:0;4:1;4:2;4:3;4:4,x275_sampling_readout_factorial,paired_train_seed,sealed_evaluation_only,Submit GPU jobs to gpumedium; do not use pilot/gpupilot.
fsl_x275_factorial_source5x5_s501_512_20260717_1717_n3-d2-dep4-md512-it324-x1p00-s502-rg0,source_sampling_readout_factorial,canonical,4,72,64,512,502,324,169869312,524288,16,2048,40,1,L,fsl-x275-factorial-source5x5-s501-512-20260717-1717-n3-d2-dep4-md512-it324-x1p00-s502-rg0,3,2,x275_sampling_readout_factorial_source,4,169869312,524288,Fresh measured 5x5 source union for a target-sealed sampling/readout factorial. Each replay reads and pays only its selected source-cell union.,controlled_model_dim_source_prefix_smalln_5x5,29360320.0,29360320.0,0.0,0.162821576719,18,x275_factorial_full_5x5_collection,,1.305337,0,324,169869312,1.0,physical_full_5x5_replay_buffer,3:2,0:0;0:1;0:2;0:3;0:4;1:0;1:1;1:2;1:3;1:4;2:0;2:1;2:2;2:3;2:4;3:0;3:1;3:2;3:3;3:4;4:0;4:1;4:2;4:3;4:4,x275_sampling_readout_factorial,paired_train_seed,sealed_evaluation_only,Submit GPU jobs to gpumedium; do not use pilot/gpupilot.
fsl_x275_factorial_source5x5_s501_512_20260717_1717_n3-d3-dep4-md512-it486-x1p00-s502-rg0,source_sampling_readout_factorial,canonical,4,72,64,512,502,486,254803968,524288,16,2048,40,1,L,fsl-x275-factorial-source5x5-s501-512-20260717-1717-n3-d3-dep4-md512-it486-x1p00-s502-rg0,3,3,x275_sampling_readout_factorial_source,4,254803968,524288,Fresh measured 5x5 source union for a target-sealed sampling/readout factorial. Each replay reads and pays only its selected source-cell union.,controlled_model_dim_source_prefix_smalln_5x5,29360320.0,29360320.0,0.0,0.162821576719,19,x275_factorial_full_5x5_collection,,1.305337,0,486,254803968,1.0,physical_full_5x5_replay_buffer,3:3,0:0;0:1;0:2;0:3;0:4;1:0;1:1;1:2;1:3;1:4;2:0;2:1;2:2;2:3;2:4;3:0;3:1;3:2;3:3;3:4;4:0;4:1;4:2;4:3;4:4,x275_sampling_readout_factorial,paired_train_seed,sealed_evaluation_only,Submit GPU jobs to gpumedium; do not use pilot/gpupilot.
fsl_x275_factorial_source5x5_s501_512_20260717_1717_n3-d4-dep4-md512-it729-x1p00-s502-rg0,source_sampling_readout_factorial,canonical,4,72,64,512,502,729,382205952,524288,16,2048,40,1,L,fsl-x275-factorial-source5x5-s501-512-20260717-1717-n3-d4-dep4-md512-it729-x1p00-s502-rg0,3,4,x275_sampling_readout_factorial_source,4,382205952,524288,Fresh measured 5x5 source union for a target-sealed sampling/readout factorial. Each replay reads and pays only its selected source-cell union.,controlled_model_dim_source_prefix_smalln_5x5,29360320.0,29360320.0,0.0,0.162821576719,20,x275_factorial_full_5x5_collection,,1.305337,0,729,382205952,1.0,physical_full_5x5_replay_buffer,3:4,0:0;0:1;0:2;0:3;0:4;1:0;1:1;1:2;1:3;1:4;2:0;2:1;2:2;2:3;2:4;3:0;3:1;3:2;3:3;3:4;4:0;4:1;4:2;4:3;4:4,x275_sampling_readout_factorial,paired_train_seed,sealed_evaluation_only,Submit GPU jobs to gpumedium; do not use pilot/gpupilot.
fsl_x275_factorial_source5x5_s501_512_20260717_1717_n4-d0-dep4-md704-it144-x1p00-s502-rg0,source_sampling_readout_factorial,canonical,4,72,64,704,502,144,75497472,524288,16,2048,40,1,L,fsl-x275-factorial-source5x5-s501-512-20260717-1717-n4-d0-dep4-md704-it144-x1p00-s502-rg0,4,0,x275_sampling_readout_factorial_source,4,75497472,524288,Fresh measured 5x5 source union for a target-sealed sampling/readout factorial. Each replay reads and pays only its selected source-cell union.,controlled_model_dim_source_prefix_smalln_5x5,46858504.0,46858504.0,0.0,0.162821576719,21,x275_factorial_full_5x5_collection,,1.305337,0,144,75497472,1.0,physical_full_5x5_replay_buffer,4:0,0:0;0:1;0:2;0:3;0:4;1:0;1:1;1:2;1:3;1:4;2:0;2:1;2:2;2:3;2:4;3:0;3:1;3:2;3:3;3:4;4:0;4:1;4:2;4:3;4:4,x275_sampling_readout_factorial,paired_train_seed,sealed_evaluation_only,Submit GPU jobs to gpumedium; do not use pilot/gpupilot.
fsl_x275_factorial_source5x5_s501_512_20260717_1717_n4-d1-dep4-md704-it216-x1p00-s502-rg0,source_sampling_readout_factorial,canonical,4,72,64,704,502,216,113246208,524288,16,2048,40,1,L,fsl-x275-factorial-source5x5-s501-512-20260717-1717-n4-d1-dep4-md704-it216-x1p00-s502-rg0,4,1,x275_sampling_readout_factorial_source,4,113246208,524288,Fresh measured 5x5 source union for a target-sealed sampling/readout factorial. Each replay reads and pays only its selected source-cell union.,controlled_model_dim_source_prefix_smalln_5x5,46858504.0,46858504.0,0.0,0.162821576719,22,x275_factorial_full_5x5_collection,,1.305337,0,216,113246208,1.0,physical_full_5x5_replay_buffer,4:1,0:0;0:1;0:2;0:3;0:4;1:0;1:1;1:2;1:3;1:4;2:0;2:1;2:2;2:3;2:4;3:0;3:1;3:2;3:3;3:4;4:0;4:1;4:2;4:3;4:4,x275_sampling_readout_factorial,paired_train_seed,sealed_evaluation_only,Submit GPU jobs to gpumedium; do not use pilot/gpupilot.
fsl_x275_factorial_source5x5_s501_512_20260717_1717_n4-d2-dep4-md704-it324-x1p00-s502-rg0,source_sampling_readout_factorial,canonical,4,72,64,704,502,324,169869312,524288,16,2048,40,1,L,fsl-x275-factorial-source5x5-s501-512-20260717-1717-n4-d2-dep4-md704-it324-x1p00-s502-rg0,4,2,x275_sampling_readout_factorial_source,4,169869312,524288,Fresh measured 5x5 source union for a target-sealed sampling/readout factorial. Each replay reads and pays only its selected source-cell union.,controlled_model_dim_source_prefix_smalln_5x5,46858504.0,46858504.0,0.0,0.162821576719,23,x275_factorial_full_5x5_collection,,1.305337,0,324,169869312,1.0,physical_full_5x5_replay_buffer,4:2,0:0;0:1;0:2;0:3;0:4;1:0;1:1;1:2;1:3;1:4;2:0;2:1;2:2;2:3;2:4;3:0;3:1;3:2;3:3;3:4;4:0;4:1;4:2;4:3;4:4,x275_sampling_readout_factorial,paired_train_seed,sealed_evaluation_only,Submit GPU jobs to gpumedium; do not use pilot/gpupilot.
fsl_x275_factorial_source5x5_s501_512_20260717_1717_n4-d3-dep4-md704-it486-x1p00-s502-rg0,source_sampling_readout_factorial,canonical,4,72,64,704,502,486,254803968,524288,16,2048,40,1,L,fsl-x275-factorial-source5x5-s501-512-20260717-1717-n4-d3-dep4-md704-it486-x1p00-s502-rg0,4,3,x275_sampling_readout_factorial_source,4,254803968,524288,Fresh measured 5x5 source union for a target-sealed sampling/readout factorial. Each replay reads and pays only its selected source-cell union.,controlled_model_dim_source_prefix_smalln_5x5,46858504.0,46858504.0,0.0,0.162821576719,24,x275_factorial_full_5x5_collection,,1.305337,0,486,254803968,1.0,physical_full_5x5_replay_buffer,4:3,0:0;0:1;0:2;0:3;0:4;1:0;1:1;1:2;1:3;1:4;2:0;2:1;2:2;2:3;2:4;3:0;3:1;3:2;3:3;3:4;4:0;4:1;4:2;4:3;4:4,x275_sampling_readout_factorial,paired_train_seed,sealed_evaluation_only,Submit GPU jobs to gpumedium; do not use pilot/gpupilot.
fsl_x275_factorial_source5x5_s501_512_20260717_1717_n4-d4-dep4-md704-it729-x1p00-s502-rg0,source_sampling_readout_factorial,canonical,4,72,64,704,502,729,382205952,524288,16,2048,40,1,L,fsl-x275-factorial-source5x5-s501-512-20260717-1717-n4-d4-dep4-md704-it729-x1p00-s502-rg0,4,4,x275_sampling_readout_factorial_source,4,382205952,524288,Fresh measured 5x5 source union for a target-sealed sampling/readout factorial. Each replay reads and pays only its selected source-cell union.,controlled_model_dim_source_prefix_smalln_5x5,46858504.0,46858504.0,0.0,0.162821576719,25,x275_factorial_full_5x5_collection,,1.305337,0,729,382205952,1.0,physical_full_5x5_replay_buffer,4:4,0:0;0:1;0:2;0:3;0:4;1:0;1:1;1:2;1:3;1:4;2:0;2:1;2:2;2:3;2:4;3:0;3:1;3:2;3:3;3:4;4:0;4:1;4:2;4:3;4:4,x275_sampling_readout_factorial,paired_train_seed,sealed_evaluation_only,Submit GPU jobs to gpumedium; do not use pilot/gpupilot.
fsl_x275_factorial_source5x5_s501_512_20260717_1717_n0-d0-dep4-md128-it144-x1p00-s503-rg0,source_sampling_readout_factorial,canonical,4,72,64,128,503,144,75497472,524288,16,2048,40,1,L,fsl-x275-factorial-source5x5-s501-512-20260717-1717-n0-d0-dep4-md128-it144-x1p00-s503-rg0,0,0,x275_sampling_readout_factorial_source,4,75497472,524288,Fresh measured 5x5 source union for a target-sealed sampling/readout factorial. Each replay reads and pays only its selected source-cell union.,controlled_model_dim_source_prefix_smalln_5x5,4980784.0,4980784.0,0.0,0.162821576719,1,x275_factorial_full_5x5_collection,,1.305337,0,144,75497472,1.0,physical_full_5x5_replay_buffer,0:0,0:0;0:1;0:2;0:3;0:4;1:0;1:1;1:2;1:3;1:4;2:0;2:1;2:2;2:3;2:4;3:0;3:1;3:2;3:3;3:4;4:0;4:1;4:2;4:3;4:4,x275_sampling_readout_factorial,paired_train_seed,sealed_evaluation_only,Submit GPU jobs to gpumedium; do not use pilot/gpupilot.
fsl_x275_factorial_source5x5_s501_512_20260717_1717_n0-d1-dep4-md128-it216-x1p00-s503-rg0,source_sampling_readout_factorial,canonical,4,72,64,128,503,216,113246208,524288,16,2048,40,1,L,fsl-x275-factorial-source5x5-s501-512-20260717-1717-n0-d1-dep4-md128-it216-x1p00-s503-rg0,0,1,x275_sampling_readout_factorial_source,4,113246208,524288,Fresh measured 5x5 source union for a target-sealed sampling/readout factorial. Each replay reads and pays only its selected source-cell union.,controlled_model_dim_source_prefix_smalln_5x5,4980784.0,4980784.0,0.0,0.162821576719,2,x275_factorial_full_5x5_collection,,1.305337,0,216,113246208,1.0,physical_full_5x5_replay_buffer,0:1,0:0;0:1;0:2;0:3;0:4;1:0;1:1;1:2;1:3;1:4;2:0;2:1;2:2;2:3;2:4;3:0;3:1;3:2;3:3;3:4;4:0;4:1;4:2;4:3;4:4,x275_sampling_readout_factorial,paired_train_seed,sealed_evaluation_only,Submit GPU jobs to gpumedium; do not use pilot/gpupilot.
fsl_x275_factorial_source5x5_s501_512_20260717_1717_n0-d2-dep4-md128-it324-x1p00-s503-rg0,source_sampling_readout_factorial,canonical,4,72,64,128,503,324,169869312,524288,16,2048,40,1,L,fsl-x275-factorial-source5x5-s501-512-20260717-1717-n0-d2-dep4-md128-it324-x1p00-s503-rg0,0,2,x275_sampling_readout_factorial_source,4,169869312,524288,Fresh measured 5x5 source union for a target-sealed sampling/readout factorial. Each replay reads and pays only its selected source-cell union.,controlled_model_dim_source_prefix_smalln_5x5,4980784.0,4980784.0,0.0,0.162821576719,3,x275_factorial_full_5x5_collection,,1.305337,0,324,169869312,1.0,physical_full_5x5_replay_buffer,0:2,0:0;0:1;0:2;0:3;0:4;1:0;1:1;1:2;1:3;1:4;2:0;2:1;2:2;2:3;2:4;3:0;3:1;3:2;3:3;3:4;4:0;4:1;4:2;4:3;4:4,x275_sampling_readout_factorial,paired_train_seed,sealed_evaluation_only,Submit GPU jobs to gpumedium; do not use pilot/gpupilot.
fsl_x275_factorial_source5x5_s501_512_20260717_1717_n0-d3-dep4-md128-it486-x1p00-s503-rg0,source_sampling_readout_factorial,canonical,4,72,64,128,503,486,254803968,524288,16,2048,40,1,L,fsl-x275-factorial-source5x5-s501-512-20260717-1717-n0-d3-dep4-md128-it486-x1p00-s503-rg0,0,3,x275_sampling_readout_factorial_source,4,254803968,524288,Fresh measured 5x5 source union for a target-sealed sampling/readout factorial. Each replay reads and pays only its selected source-cell union.,controlled_model_dim_source_prefix_smalln_5x5,4980784.0,4980784.0,0.0,0.162821576719,4,x275_factorial_full_5x5_collection,,1.305337,0,486,254803968,1.0,physical_full_5x5_replay_buffer,0:3,0:0;0:1;0:2;0:3;0:4;1:0;1:1;1:2;1:3;1:4;2:0;2:1;2:2;2:3;2:4;3:0;3:1;3:2;3:3;3:4;4:0;4:1;4:2;4:3;4:4,x275_sampling_readout_factorial,paired_train_seed,sealed_evaluation_only,Submit GPU jobs to gpumedium; do not use pilot/gpupilot.
fsl_x275_factorial_source5x5_s501_512_20260717_1717_n0-d4-dep4-md128-it729-x1p00-s503-rg0,source_sampling_readout_factorial,canonical,4,72,64,128,503,729,382205952,524288,16,2048,40,1,L,fsl-x275-factorial-source5x5-s501-512-20260717-1717-n0-d4-dep4-md128-it729-x1p00-s503-rg0,0,4,x275_sampling_readout_factorial_source,4,382205952,524288,Fresh measured 5x5 source union for a target-sealed sampling/readout factorial. Each replay reads and pays only its selected source-cell union.,controlled_model_dim_source_prefix_smalln_5x5,4980784.0,4980784.0,0.0,0.162821576719,5,x275_factorial_full_5x5_collection,,1.305337,0,729,382205952,1.0,physical_full_5x5_replay_buffer,0:4,0:0;0:1;0:2;0:3;0:4;1:0;1:1;1:2;1:3;1:4;2:0;2:1;2:2;2:3;2:4;3:0;3:1;3:2;3:3;3:4;4:0;4:1;4:2;4:3;4:4,x275_sampling_readout_factorial,paired_train_seed,sealed_evaluation_only,Submit GPU jobs to gpumedium; do not use pilot/gpupilot.
fsl_x275_factorial_source5x5_s501_512_20260717_1717_n1-d0-dep4-md192-it144-x1p00-s503-rg0,source_sampling_readout_factorial,canonical,4,72,64,192,503,144,75497472,524288,16,2048,40,1,L,fsl-x275-factorial-source5x5-s501-512-20260717-1717-n1-d0-dep4-md192-it144-x1p00-s503-rg0,1,0,x275_sampling_readout_factorial_source,4,75497472,524288,Fresh measured 5x5 source union for a target-sealed sampling/readout factorial. Each replay reads and pays only its selected source-cell union.,controlled_model_dim_source_prefix_smalln_5x5,8061000.0,8061000.0,0.0,0.162821576719,6,x275_factorial_full_5x5_collection,,1.305337,0,144,75497472,1.0,physical_full_5x5_replay_buffer,1:0,0:0;0:1;0:2;0:3;0:4;1:0;1:1;1:2;1:3;1:4;2:0;2:1;2:2;2:3;2:4;3:0;3:1;3:2;3:3;3:4;4:0;4:1;4:2;4:3;4:4,x275_sampling_readout_factorial,paired_train_seed,sealed_evaluation_only,Submit GPU jobs to gpumedium; do not use pilot/gpupilot.
fsl_x275_factorial_source5x5_s501_512_20260717_1717_n1-d1-dep4-md192-it216-x1p00-s503-rg0,source_sampling_readout_factorial,canonical,4,72,64,192,503,216,113246208,524288,16,2048,40,1,L,fsl-x275-factorial-source5x5-s501-512-20260717-1717-n1-d1-dep4-md192-it216-x1p00-s503-rg0,1,1,x275_sampling_readout_factorial_source,4,113246208,524288,Fresh measured 5x5 source union for a target-sealed sampling/readout factorial. Each replay reads and pays only its selected source-cell union.,controlled_model_dim_source_prefix_smalln_5x5,8061000.0,8061000.0,0.0,0.162821576719,7,x275_factorial_full_5x5_collection,,1.305337,0,216,113246208,1.0,physical_full_5x5_replay_buffer,1:1,0:0;0:1;0:2;0:3;0:4;1:0;1:1;1:2;1:3;1:4;2:0;2:1;2:2;2:3;2:4;3:0;3:1;3:2;3:3;3:4;4:0;4:1;4:2;4:3;4:4,x275_sampling_readout_factorial,paired_train_seed,sealed_evaluation_only,Submit GPU jobs to gpumedium; do not use pilot/gpupilot.
fsl_x275_factorial_source5x5_s501_512_20260717_1717_n1-d2-dep4-md192-it324-x1p00-s503-rg0,source_sampling_readout_factorial,canonical,4,72,64,192,503,324,169869312,524288,16,2048,40,1,L,fsl-x275-factorial-source5x5-s501-512-20260717-1717-n1-d2-dep4-md192-it324-x1p00-s503-rg0,1,2,x275_sampling_readout_factorial_source,4,169869312,524288,Fresh measured 5x5 source union for a target-sealed sampling/readout factorial. Each replay reads and pays only its selected source-cell union.,controlled_model_dim_source_prefix_smalln_5x5,8061000.0,8061000.0,0.0,0.162821576719,8,x275_factorial_full_5x5_collection,,1.305337,0,324,169869312,1.0,physical_full_5x5_replay_buffer,1:2,0:0;0:1;0:2;0:3;0:4;1:0;1:1;1:2;1:3;1:4;2:0;2:1;2:2;2:3;2:4;3:0;3:1;3:2;3:3;3:4;4:0;4:1;4:2;4:3;4:4,x275_sampling_readout_factorial,paired_train_seed,sealed_evaluation_only,Submit GPU jobs to gpumedium; do not use pilot/gpupilot.
fsl_x275_factorial_source5x5_s501_512_20260717_1717_n1-d3-dep4-md192-it486-x1p00-s503-rg0,source_sampling_readout_factorial,canonical,4,72,64,192,503,486,254803968,524288,16,2048,40,1,L,fsl-x275-factorial-source5x5-s501-512-20260717-1717-n1-d3-dep4-md192-it486-x1p00-s503-rg0,1,3,x275_sampling_readout_factorial_source,4,254803968,524288,Fresh measured 5x5 source union for a target-sealed sampling/readout factorial. Each replay reads and pays only its selected source-cell union.,controlled_model_dim_source_prefix_smalln_5x5,8061000.0,8061000.0,0.0,0.162821576719,9,x275_factorial_full_5x5_collection,,1.305337,0,486,254803968,1.0,physical_full_5x5_replay_buffer,1:3,0:0;0:1;0:2;0:3;0:4;1:0;1:1;1:2;1:3;1:4;2:0;2:1;2:2;2:3;2:4;3:0;3:1;3:2;3:3;3:4;4:0;4:1;4:2;4:3;4:4,x275_sampling_readout_factorial,paired_train_seed,sealed_evaluation_only,Submit GPU jobs to gpumedium; do not use pilot/gpupilot.
fsl_x275_factorial_source5x5_s501_512_20260717_1717_n1-d4-dep4-md192-it729-x1p00-s503-rg0,source_sampling_readout_factorial,canonical,4,72,64,192,503,729,382205952,524288,16,2048,40,1,L,fsl-x275-factorial-source5x5-s501-512-20260717-1717-n1-d4-dep4-md192-it729-x1p00-s503-rg0,1,4,x275_sampling_readout_factorial_source,4,382205952,524288,Fresh measured 5x5 source union for a target-sealed sampling/readout factorial. Each replay reads and pays only its selected source-cell union.,controlled_model_dim_source_prefix_smalln_5x5,8061000.0,8061000.0,0.0,0.162821576719,10,x275_factorial_full_5x5_collection,,1.305337,0,729,382205952,1.0,physical_full_5x5_replay_buffer,1:4,0:0;0:1;0:2;0:3;0:4;1:0;1:1;1:2;1:3;1:4;2:0;2:1;2:2;2:3;2:4;3:0;3:1;3:2;3:3;3:4;4:0;4:1;4:2;4:3;4:4,x275_sampling_readout_factorial,paired_train_seed,sealed_evaluation_only,Submit GPU jobs to gpumedium; do not use pilot/gpupilot.
fsl_x275_factorial_source5x5_s501_512_20260717_1717_n2-d0-dep4-md320-it144-x1p00-s503-rg0,source_sampling_readout_factorial,canonical,4,72,64,320,503,144,75497472,524288,16,2048,40,1,L,fsl-x275-factorial-source5x5-s501-512-20260717-1717-n2-d0-dep4-md320-it144-x1p00-s503-rg0,2,0,x275_sampling_readout_factorial_source,4,75497472,524288,Fresh measured 5x5 source union for a target-sealed sampling/readout factorial. Each replay reads and pays only its selected source-cell union.,controlled_model_dim_source_prefix_smalln_5x5,15401080.0,15401080.0,0.0,0.162821576719,11,x275_factorial_full_5x5_collection,,1.305337,0,144,75497472,1.0,physical_full_5x5_replay_buffer,2:0,0:0;0:1;0:2;0:3;0:4;1:0;1:1;1:2;1:3;1:4;2:0;2:1;2:2;2:3;2:4;3:0;3:1;3:2;3:3;3:4;4:0;4:1;4:2;4:3;4:4,x275_sampling_readout_factorial,paired_train_seed,sealed_evaluation_only,Submit GPU jobs to gpumedium; do not use pilot/gpupilot.
fsl_x275_factorial_source5x5_s501_512_20260717_1717_n2-d1-dep4-md320-it216-x1p00-s503-rg0,source_sampling_readout_factorial,canonical,4,72,64,320,503,216,113246208,524288,16,2048,40,1,L,fsl-x275-factorial-source5x5-s501-512-20260717-1717-n2-d1-dep4-md320-it216-x1p00-s503-rg0,2,1,x275_sampling_readout_factorial_source,4,113246208,524288,Fresh measured 5x5 source union for a target-sealed sampling/readout factorial. Each replay reads and pays only its selected source-cell union.,controlled_model_dim_source_prefix_smalln_5x5,15401080.0,15401080.0,0.0,0.162821576719,12,x275_factorial_full_5x5_collection,,1.305337,0,216,113246208,1.0,physical_full_5x5_replay_buffer,2:1,0:0;0:1;0:2;0:3;0:4;1:0;1:1;1:2;1:3;1:4;2:0;2:1;2:2;2:3;2:4;3:0;3:1;3:2;3:3;3:4;4:0;4:1;4:2;4:3;4:4,x275_sampling_readout_factorial,paired_train_seed,sealed_evaluation_only,Submit GPU jobs to gpumedium; do not use pilot/gpupilot.
fsl_x275_factorial_source5x5_s501_512_20260717_1717_n2-d2-dep4-md320-it324-x1p00-s503-rg0,source_sampling_readout_factorial,canonical,4,72,64,320,503,324,169869312,524288,16,2048,40,1,L,fsl-x275-factorial-source5x5-s501-512-20260717-1717-n2-d2-dep4-md320-it324-x1p00-s503-rg0,2,2,x275_sampling_readout_factorial_source,4,169869312,524288,Fresh measured 5x5 source union for a target-sealed sampling/readout factorial. Each replay reads and pays only its selected source-cell union.,controlled_model_dim_source_prefix_smalln_5x5,15401080.0,15401080.0,0.0,0.162821576719,13,x275_factorial_full_5x5_collection,,1.305337,0,324,169869312,1.0,physical_full_5x5_replay_buffer,2:2,0:0;0:1;0:2;0:3;0:4;1:0;1:1;1:2;1:3;1:4;2:0;2:1;2:2;2:3;2:4;3:0;3:1;3:2;3:3;3:4;4:0;4:1;4:2;4:3;4:4,x275_sampling_readout_factorial,paired_train_seed,sealed_evaluation_only,Submit GPU jobs to gpumedium; do not use pilot/gpupilot.
fsl_x275_factorial_source5x5_s501_512_20260717_1717_n2-d3-dep4-md320-it486-x1p00-s503-rg0,source_sampling_readout_factorial,canonical,4,72,64,320,503,486,254803968,524288,16,2048,40,1,L,fsl-x275-factorial-source5x5-s501-512-20260717-1717-n2-d3-dep4-md320-it486-x1p00-s503-rg0,2,3,x275_sampling_readout_factorial_source,4,254803968,524288,Fresh measured 5x5 source union for a target-sealed sampling/readout factorial. Each replay reads and pays only its selected source-cell union.,controlled_model_dim_source_prefix_smalln_5x5,15401080.0,15401080.0,0.0,0.162821576719,14,x275_factorial_full_5x5_collection,,1.305337,0,486,254803968,1.0,physical_full_5x5_replay_buffer,2:3,0:0;0:1;0:2;0:3;0:4;1:0;1:1;1:2;1:3;1:4;2:0;2:1;2:2;2:3;2:4;3:0;3:1;3:2;3:3;3:4;4:0;4:1;4:2;4:3;4:4,x275_sampling_readout_factorial,paired_train_seed,sealed_evaluation_only,Submit GPU jobs to gpumedium; do not use pilot/gpupilot.
fsl_x275_factorial_source5x5_s501_512_20260717_1717_n2-d4-dep4-md320-it729-x1p00-s503-rg0,source_sampling_readout_factorial,canonical,4,72,64,320,503,729,382205952,524288,16,2048,40,1,L,fsl-x275-factorial-source5x5-s501-512-20260717-1717-n2-d4-dep4-md320-it729-x1p00-s503-rg0,2,4,x275_sampling_readout_factorial_source,4,382205952,524288,Fresh measured 5x5 source union for a target-sealed sampling/readout factorial. Each replay reads and pays only its selected source-cell union.,controlled_model_dim_source_prefix_smalln_5x5,15401080.0,15401080.0,0.0,0.162821576719,15,x275_factorial_full_5x5_collection,,1.305337,0,729,382205952,1.0,physical_full_5x5_replay_buffer,2:4,0:0;0:1;0:2;0:3;0:4;1:0;1:1;1:2;1:3;1:4;2:0;2:1;2:2;2:3;2:4;3:0;3:1;3:2;3:3;3:4;4:0;4:1;4:2;4:3;4:4,x275_sampling_readout_factorial,paired_train_seed,sealed_evaluation_only,Submit GPU jobs to gpumedium; do not use pilot/gpupilot.
fsl_x275_factorial_source5x5_s501_512_20260717_1717_n3-d0-dep4-md512-it144-x1p00-s503-rg0,source_sampling_readout_factorial,canonical,4,72,64,512,503,144,75497472,524288,16,2048,40,1,L,fsl-x275-factorial-source5x5-s501-512-20260717-1717-n3-d0-dep4-md512-it144-x1p00-s503-rg0,3,0,x275_sampling_readout_factorial_source,4,75497472,524288,Fresh measured 5x5 source union for a target-sealed sampling/readout factorial. Each replay reads and pays only its selected source-cell union.,controlled_model_dim_source_prefix_smalln_5x5,29360320.0,29360320.0,0.0,0.162821576719,16,x275_factorial_full_5x5_collection,,1.305337,0,144,75497472,1.0,physical_full_5x5_replay_buffer,3:0,0:0;0:1;0:2;0:3;0:4;1:0;1:1;1:2;1:3;1:4;2:0;2:1;2:2;2:3;2:4;3:0;3:1;3:2;3:3;3:4;4:0;4:1;4:2;4:3;4:4,x275_sampling_readout_factorial,paired_train_seed,sealed_evaluation_only,Submit GPU jobs to gpumedium; do not use pilot/gpupilot.
fsl_x275_factorial_source5x5_s501_512_20260717_1717_n3-d1-dep4-md512-it216-x1p00-s503-rg0,source_sampling_readout_factorial,canonical,4,72,64,512,503,216,113246208,524288,16,2048,40,1,L,fsl-x275-factorial-source5x5-s501-512-20260717-1717-n3-d1-dep4-md512-it216-x1p00-s503-rg0,3,1,x275_sampling_readout_factorial_source,4,113246208,524288,Fresh measured 5x5 source union for a target-sealed sampling/readout factorial. Each replay reads and pays only its selected source-cell union.,controlled_model_dim_source_prefix_smalln_5x5,29360320.0,29360320.0,0.0,0.162821576719,17,x275_factorial_full_5x5_collection,,1.305337,0,216,113246208,1.0,physical_full_5x5_replay_buffer,3:1,0:0;0:1;0:2;0:3;0:4;1:0;1:1;1:2;1:3;1:4;2:0;2:1;2:2;2:3;2:4;3:0;3:1;3:2;3:3;3:4;4:0;4:1;4:2;4:3;4:4,x275_sampling_readout_factorial,paired_train_seed,sealed_evaluation_only,Submit GPU jobs to gpumedium; do not use pilot/gpupilot.
fsl_x275_factorial_source5x5_s501_512_20260717_1717_n3-d2-dep4-md512-it324-x1p00-s503-rg0,source_sampling_readout_factorial,canonical,4,72,64,512,503,324,169869312,524288,16,2048,40,1,L,fsl-x275-factorial-source5x5-s501-512-20260717-1717-n3-d2-dep4-md512-it324-x1p00-s503-rg0,3,2,x275_sampling_readout_factorial_source,4,169869312,524288,Fresh measured 5x5 source union for a target-sealed sampling/readout factorial. Each replay reads and pays only its selected source-cell union.,controlled_model_dim_source_prefix_smalln_5x5,29360320.0,29360320.0,0.0,0.162821576719,18,x275_factorial_full_5x5_collection,,1.305337,0,324,169869312,1.0,physical_full_5x5_replay_buffer,3:2,0:0;0:1;0:2;0:3;0:4;1:0;1:1;1:2;1:3;1:4;2:0;2:1;2:2;2:3;2:4;3:0;3:1;3:2;3:3;3:4;4:0;4:1;4:2;4:3;4:4,x275_sampling_readout_factorial,paired_train_seed,sealed_evaluation_only,Submit GPU jobs to gpumedium; do not use pilot/gpupilot.
fsl_x275_factorial_source5x5_s501_512_20260717_1717_n3-d3-dep4-md512-it486-x1p00-s503-rg0,source_sampling_readout_factorial,canonical,4,72,64,512,503,486,254803968,524288,16,2048,40,1,L,fsl-x275-factorial-source5x5-s501-512-20260717-1717-n3-d3-dep4-md512-it486-x1p00-s503-rg0,3,3,x275_sampling_readout_factorial_source,4,254803968,524288,Fresh measured 5x5 source union for a target-sealed sampling/readout factorial. Each replay reads and pays only its selected source-cell union.,controlled_model_dim_source_prefix_smalln_5x5,29360320.0,29360320.0,0.0,0.162821576719,19,x275_factorial_full_5x5_collection,,1.305337,0,486,254803968,1.0,physical_full_5x5_replay_buffer,3:3,0:0;0:1;0:2;0:3;0:4;1:0;1:1;1:2;1:3;1:4;2:0;2:1;2:2;2:3;2:4;3:0;3:1;3:2;3:3;3:4;4:0;4:1;4:2;4:3;4:4,x275_sampling_readout_factorial,paired_train_seed,sealed_evaluation_only,Submit GPU jobs to gpumedium; do not use pilot/gpupilot.
fsl_x275_factorial_source5x5_s501_512_20260717_1717_n3-d4-dep4-md512-it729-x1p00-s503-rg0,source_sampling_readout_factorial,canonical,4,72,64,512,503,729,382205952,524288,16,2048,40,1,L,fsl-x275-factorial-source5x5-s501-512-20260717-1717-n3-d4-dep4-md512-it729-x1p00-s503-rg0,3,4,x275_sampling_readout_factorial_source,4,382205952,524288,Fresh measured 5x5 source union for a target-sealed sampling/readout factorial. Each replay reads and pays only its selected source-cell union.,controlled_model_dim_source_prefix_smalln_5x5,29360320.0,29360320.0,0.0,0.162821576719,20,x275_factorial_full_5x5_collection,,1.305337,0,729,382205952,1.0,physical_full_5x5_replay_buffer,3:4,0:0;0:1;0:2;0:3;0:4;1:0;1:1;1:2;1:3;1:4;2:0;2:1;2:2;2:3;2:4;3:0;3:1;3:2;3:3;3:4;4:0;4:1;4:2;4:3;4:4,x275_sampling_readout_factorial,paired_train_seed,sealed_evaluation_only,Submit GPU jobs to gpumedium; do not use pilot/gpupilot.
fsl_x275_factorial_source5x5_s501_512_20260717_1717_n4-d0-dep4-md704-it144-x1p00-s503-rg0,source_sampling_readout_factorial,canonical,4,72,64,704,503,144,75497472,524288,16,2048,40,1,L,fsl-x275-factorial-source5x5-s501-512-20260717-1717-n4-d0-dep4-md704-it144-x1p00-s503-rg0,4,0,x275_sampling_readout_factorial_source,4,75497472,524288,Fresh measured 5x5 source union for a target-sealed sampling/readout factorial. Each replay reads and pays only its selected source-cell union.,controlled_model_dim_source_prefix_smalln_5x5,46858504.0,46858504.0,0.0,0.162821576719,21,x275_factorial_full_5x5_collection,,1.305337,0,144,75497472,1.0,physical_full_5x5_replay_buffer,4:0,0:0;0:1;0:2;0:3;0:4;1:0;1:1;1:2;1:3;1:4;2:0;2:1;2:2;2:3;2:4;3:0;3:1;3:2;3:3;3:4;4:0;4:1;4:2;4:3;4:4,x275_sampling_readout_factorial,paired_train_seed,sealed_evaluation_only,Submit GPU jobs to gpumedium; do not use pilot/gpupilot.
fsl_x275_factorial_source5x5_s501_512_20260717_1717_n4-d1-dep4-md704-it216-x1p00-s503-rg0,source_sampling_readout_factorial,canonical,4,72,64,704,503,216,113246208,524288,16,2048,40,1,L,fsl-x275-factorial-source5x5-s501-512-20260717-1717-n4-d1-dep4-md704-it216-x1p00-s503-rg0,4,1,x275_sampling_readout_factorial_source,4,113246208,524288,Fresh measured 5x5 source union for a target-sealed sampling/readout factorial. Each replay reads and pays only its selected source-cell union.,controlled_model_dim_source_prefix_smalln_5x5,46858504.0,46858504.0,0.0,0.162821576719,22,x275_factorial_full_5x5_collection,,1.305337,0,216,113246208,1.0,physical_full_5x5_replay_buffer,4:1,0:0;0:1;0:2;0:3;0:4;1:0;1:1;1:2;1:3;1:4;2:0;2:1;2:2;2:3;2:4;3:0;3:1;3:2;3:3;3:4;4:0;4:1;4:2;4:3;4:4,x275_sampling_readout_factorial,paired_train_seed,sealed_evaluation_only,Submit GPU jobs to gpumedium; do not use pilot/gpupilot.
fsl_x275_factorial_source5x5_s501_512_20260717_1717_n4-d2-dep4-md704-it324-x1p00-s503-rg0,source_sampling_readout_factorial,canonical,4,72,64,704,503,324,169869312,524288,16,2048,40,1,L,fsl-x275-factorial-source5x5-s501-512-20260717-1717-n4-d2-dep4-md704-it324-x1p00-s503-rg0,4,2,x275_sampling_readout_factorial_source,4,169869312,524288,Fresh measured 5x5 source union for a target-sealed sampling/readout factorial. Each replay reads and pays only its selected source-cell union.,controlled_model_dim_source_prefix_smalln_5x5,46858504.0,46858504.0,0.0,0.162821576719,23,x275_factorial_full_5x5_collection,,1.305337,0,324,169869312,1.0,physical_full_5x5_replay_buffer,4:2,0:0;0:1;0:2;0:3;0:4;1:0;1:1;1:2;1:3;1:4;2:0;2:1;2:2;2:3;2:4;3:0;3:1;3:2;3:3;3:4;4:0;4:1;4:2;4:3;4:4,x275_sampling_readout_factorial,paired_train_seed,sealed_evaluation_only,Submit GPU jobs to gpumedium; do not use pilot/gpupilot.
fsl_x275_factorial_source5x5_s501_512_20260717_1717_n4-d3-dep4-md704-it486-x1p00-s503-rg0,source_sampling_readout_factorial,canonical,4,72,64,704,503,486,254803968,524288,16,2048,40,1,L,fsl-x275-factorial-source5x5-s501-512-20260717-1717-n4-d3-dep4-md704-it486-x1p00-s503-rg0,4,3,x275_sampling_readout_factorial_source,4,254803968,524288,Fresh measured 5x5 source union for a target-sealed sampling/readout factorial. Each replay reads and pays only its selected source-cell union.,controlled_model_dim_source_prefix_smalln_5x5,46858504.0,46858504.0,0.0,0.162821576719,24,x275_factorial_full_5x5_collection,,1.305337,0,486,254803968,1.0,physical_full_5x5_replay_buffer,4:3,0:0;0:1;0:2;0:3;0:4;1:0;1:1;1:2;1:3;1:4;2:0;2:1;2:2;2:3;2:4;3:0;3:1;3:2;3:3;3:4;4:0;4:1;4:2;4:3;4:4,x275_sampling_readout_factorial,paired_train_seed,sealed_evaluation_only,Submit GPU jobs to gpumedium; do not use pilot/gpupilot.
fsl_x275_factorial_source5x5_s501_512_20260717_1717_n4-d4-dep4-md704-it729-x1p00-s503-rg0,source_sampling_readout_factorial,canonical,4,72,64,704,503,729,382205952,524288,16,2048,40,1,L,fsl-x275-factorial-source5x5-s501-512-20260717-1717-n4-d4-dep4-md704-it729-x1p00-s503-rg0,4,4,x275_sampling_readout_factorial_source,4,382205952,524288,Fresh measured 5x5 source union for a target-sealed sampling/readout factorial. Each replay reads and pays only its selected source-cell union.,controlled_model_dim_source_prefix_smalln_5x5,46858504.0,46858504.0,0.0,0.162821576719,25,x275_factorial_full_5x5_collection,,1.305337,0,729,382205952,1.0,physical_full_5x5_replay_buffer,4:4,0:0;0:1;0:2;0:3;0:4;1:0;1:1;1:2;1:3;1:4;2:0;2:1;2:2;2:3;2:4;3:0;3:1;3:2;3:3;3:4;4:0;4:1;4:2;4:3;4:4,x275_sampling_readout_factorial,paired_train_seed,sealed_evaluation_only,Submit GPU jobs to gpumedium; do not use pilot/gpupilot.
fsl_x275_factorial_source5x5_s501_512_20260717_1717_n0-d0-dep4-md128-it144-x1p00-s504-rg0,source_sampling_readout_factorial,canonical,4,72,64,128,504,144,75497472,524288,16,2048,40,1,L,fsl-x275-factorial-source5x5-s501-512-20260717-1717-n0-d0-dep4-md128-it144-x1p00-s504-rg0,0,0,x275_sampling_readout_factorial_source,4,75497472,524288,Fresh measured 5x5 source union for a target-sealed sampling/readout factorial. Each replay reads and pays only its selected source-cell union.,controlled_model_dim_source_prefix_smalln_5x5,4980784.0,4980784.0,0.0,0.162821576719,1,x275_factorial_full_5x5_collection,,1.305337,0,144,75497472,1.0,physical_full_5x5_replay_buffer,0:0,0:0;0:1;0:2;0:3;0:4;1:0;1:1;1:2;1:3;1:4;2:0;2:1;2:2;2:3;2:4;3:0;3:1;3:2;3:3;3:4;4:0;4:1;4:2;4:3;4:4,x275_sampling_readout_factorial,paired_train_seed,sealed_evaluation_only,Submit GPU jobs to gpumedium; do not use pilot/gpupilot.
fsl_x275_factorial_source5x5_s501_512_20260717_1717_n0-d1-dep4-md128-it216-x1p00-s504-rg0,source_sampling_readout_factorial,canonical,4,72,64,128,504,216,113246208,524288,16,2048,40,1,L,fsl-x275-factorial-source5x5-s501-512-20260717-1717-n0-d1-dep4-md128-it216-x1p00-s504-rg0,0,1,x275_sampling_readout_factorial_source,4,113246208,524288,Fresh measured 5x5 source union for a target-sealed sampling/readout factorial. Each replay reads and pays only its selected source-cell union.,controlled_model_dim_source_prefix_smalln_5x5,4980784.0,4980784.0,0.0,0.162821576719,2,x275_factorial_full_5x5_collection,,1.305337,0,216,113246208,1.0,physical_full_5x5_replay_buffer,0:1,0:0;0:1;0:2;0:3;0:4;1:0;1:1;1:2;1:3;1:4;2:0;2:1;2:2;2:3;2:4;3:0;3:1;3:2;3:3;3:4;4:0;4:1;4:2;4:3;4:4,x275_sampling_readout_factorial,paired_train_seed,sealed_evaluation_only,Submit GPU jobs to gpumedium; do not use pilot/gpupilot.
fsl_x275_factorial_source5x5_s501_512_20260717_1717_n0-d2-dep4-md128-it324-x1p00-s504-rg0,source_sampling_readout_factorial,canonical,4,72,64,128,504,324,169869312,524288,16,2048,40,1,L,fsl-x275-factorial-source5x5-s501-512-20260717-1717-n0-d2-dep4-md128-it324-x1p00-s504-rg0,0,2,x275_sampling_readout_factorial_source,4,169869312,524288,Fresh measured 5x5 source union for a target-sealed sampling/readout factorial. Each replay reads and pays only its selected source-cell union.,controlled_model_dim_source_prefix_smalln_5x5,4980784.0,4980784.0,0.0,0.162821576719,3,x275_factorial_full_5x5_collection,,1.305337,0,324,169869312,1.0,physical_full_5x5_replay_buffer,0:2,0:0;0:1;0:2;0:3;0:4;1:0;1:1;1:2;1:3;1:4;2:0;2:1;2:2;2:3;2:4;3:0;3:1;3:2;3:3;3:4;4:0;4:1;4:2;4:3;4:4,x275_sampling_readout_factorial,paired_train_seed,sealed_evaluation_only,Submit GPU jobs to gpumedium; do not use pilot/gpupilot.
fsl_x275_factorial_source5x5_s501_512_20260717_1717_n0-d3-dep4-md128-it486-x1p00-s504-rg0,source_sampling_readout_factorial,canonical,4,72,64,128,504,486,254803968,524288,16,2048,40,1,L,fsl-x275-factorial-source5x5-s501-512-20260717-1717-n0-d3-dep4-md128-it486-x1p00-s504-rg0,0,3,x275_sampling_readout_factorial_source,4,254803968,524288,Fresh measured 5x5 source union for a target-sealed sampling/readout factorial. Each replay reads and pays only its selected source-cell union.,controlled_model_dim_source_prefix_smalln_5x5,4980784.0,4980784.0,0.0,0.162821576719,4,x275_factorial_full_5x5_collection,,1.305337,0,486,254803968,1.0,physical_full_5x5_replay_buffer,0:3,0:0;0:1;0:2;0:3;0:4;1:0;1:1;1:2;1:3;1:4;2:0;2:1;2:2;2:3;2:4;3:0;3:1;3:2;3:3;3:4;4:0;4:1;4:2;4:3;4:4,x275_sampling_readout_factorial,paired_train_seed,sealed_evaluation_only,Submit GPU jobs to gpumedium; do not use pilot/gpupilot.
fsl_x275_factorial_source5x5_s501_512_20260717_1717_n0-d4-dep4-md128-it729-x1p00-s504-rg0,source_sampling_readout_factorial,canonical,4,72,64,128,504,729,382205952,524288,16,2048,40,1,L,fsl-x275-factorial-source5x5-s501-512-20260717-1717-n0-d4-dep4-md128-it729-x1p00-s504-rg0,0,4,x275_sampling_readout_factorial_source,4,382205952,524288,Fresh measured 5x5 source union for a target-sealed sampling/readout factorial. Each replay reads and pays only its selected source-cell union.,controlled_model_dim_source_prefix_smalln_5x5,4980784.0,4980784.0,0.0,0.162821576719,5,x275_factorial_full_5x5_collection,,1.305337,0,729,382205952,1.0,physical_full_5x5_replay_buffer,0:4,0:0;0:1;0:2;0:3;0:4;1:0;1:1;1:2;1:3;1:4;2:0;2:1;2:2;2:3;2:4;3:0;3:1;3:2;3:3;3:4;4:0;4:1;4:2;4:3;4:4,x275_sampling_readout_factorial,paired_train_seed,sealed_evaluation_only,Submit GPU jobs to gpumedium; do not use pilot/gpupilot.
fsl_x275_factorial_source5x5_s501_512_20260717_1717_n1-d0-dep4-md192-it144-x1p00-s504-rg0,source_sampling_readout_factorial,canonical,4,72,64,192,504,144,75497472,524288,16,2048,40,1,L,fsl-x275-factorial-source5x5-s501-512-20260717-1717-n1-d0-dep4-md192-it144-x1p00-s504-rg0,1,0,x275_sampling_readout_factorial_source,4,75497472,524288,Fresh measured 5x5 source union for a target-sealed sampling/readout factorial. Each replay reads and pays only its selected source-cell union.,controlled_model_dim_source_prefix_smalln_5x5,8061000.0,8061000.0,0.0,0.162821576719,6,x275_factorial_full_5x5_collection,,1.305337,0,144,75497472,1.0,physical_full_5x5_replay_buffer,1:0,0:0;0:1;0:2;0:3;0:4;1:0;1:1;1:2;1:3;1:4;2:0;2:1;2:2;2:3;2:4;3:0;3:1;3:2;3:3;3:4;4:0;4:1;4:2;4:3;4:4,x275_sampling_readout_factorial,paired_train_seed,sealed_evaluation_only,Submit GPU jobs to gpumedium; do not use pilot/gpupilot.
fsl_x275_factorial_source5x5_s501_512_20260717_1717_n1-d1-dep4-md192-it216-x1p00-s504-rg0,source_sampling_readout_factorial,canonical,4,72,64,192,504,216,113246208,524288,16,2048,40,1,L,fsl-x275-factorial-source5x5-s501-512-20260717-1717-n1-d1-dep4-md192-it216-x1p00-s504-rg0,1,1,x275_sampling_readout_factorial_source,4,113246208,524288,Fresh measured 5x5 source union for a target-sealed sampling/readout factorial. Each replay reads and pays only its selected source-cell union.,controlled_model_dim_source_prefix_smalln_5x5,8061000.0,8061000.0,0.0,0.162821576719,7,x275_factorial_full_5x5_collection,,1.305337,0,216,113246208,1.0,physical_full_5x5_replay_buffer,1:1,0:0;0:1;0:2;0:3;0:4;1:0;1:1;1:2;1:3;1:4;2:0;2:1;2:2;2:3;2:4;3:0;3:1;3:2;3:3;3:4;4:0;4:1;4:2;4:3;4:4,x275_sampling_readout_factorial,paired_train_seed,sealed_evaluation_only,Submit GPU jobs to gpumedium; do not use pilot/gpupilot.
fsl_x275_factorial_source5x5_s501_512_20260717_1717_n1-d2-dep4-md192-it324-x1p00-s504-rg0,source_sampling_readout_factorial,canonical,4,72,64,192,504,324,169869312,524288,16,2048,40,1,L,fsl-x275-factorial-source5x5-s501-512-20260717-1717-n1-d2-dep4-md192-it324-x1p00-s504-rg0,1,2,x275_sampling_readout_factorial_source,4,169869312,524288,Fresh measured 5x5 source union for a target-sealed sampling/readout factorial. Each replay reads and pays only its selected source-cell union.,controlled_model_dim_source_prefix_smalln_5x5,8061000.0,8061000.0,0.0,0.162821576719,8,x275_factorial_full_5x5_collection,,1.305337,0,324,169869312,1.0,physical_full_5x5_replay_buffer,1:2,0:0;0:1;0:2;0:3;0:4;1:0;1:1;1:2;1:3;1:4;2:0;2:1;2:2;2:3;2:4;3:0;3:1;3:2;3:3;3:4;4:0;4:1;4:2;4:3;4:4,x275_sampling_readout_factorial,paired_train_seed,sealed_evaluation_only,Submit GPU jobs to gpumedium; do not use pilot/gpupilot.
fsl_x275_factorial_source5x5_s501_512_20260717_1717_n1-d3-dep4-md192-it486-x1p00-s504-rg0,source_sampling_readout_factorial,canonical,4,72,64,192,504,486,254803968,524288,16,2048,40,1,L,fsl-x275-factorial-source5x5-s501-512-20260717-1717-n1-d3-dep4-md192-it486-x1p00-s504-rg0,1,3,x275_sampling_readout_factorial_source,4,254803968,524288,Fresh measured 5x5 source union for a target-sealed sampling/readout factorial. Each replay reads and pays only its selected source-cell union.,controlled_model_dim_source_prefix_smalln_5x5,8061000.0,8061000.0,0.0,0.162821576719,9,x275_factorial_full_5x5_collection,,1.305337,0,486,254803968,1.0,physical_full_5x5_replay_buffer,1:3,0:0;0:1;0:2;0:3;0:4;1:0;1:1;1:2;1:3;1:4;2:0;2:1;2:2;2:3;2:4;3:0;3:1;3:2;3:3;3:4;4:0;4:1;4:2;4:3;4:4,x275_sampling_readout_factorial,paired_train_seed,sealed_evaluation_only,Submit GPU jobs to gpumedium; do not use pilot/gpupilot.
fsl_x275_factorial_source5x5_s501_512_20260717_1717_n1-d4-dep4-md192-it729-x1p00-s504-rg0,source_sampling_readout_factorial,canonical,4,72,64,192,504,729,382205952,524288,16,2048,40,1,L,fsl-x275-factorial-source5x5-s501-512-20260717-1717-n1-d4-dep4-md192-it729-x1p00-s504-rg0,1,4,x275_sampling_readout_factorial_source,4,382205952,524288,Fresh measured 5x5 source union for a target-sealed sampling/readout factorial. Each replay reads and pays only its selected source-cell union.,controlled_model_dim_source_prefix_smalln_5x5,8061000.0,8061000.0,0.0,0.162821576719,10,x275_factorial_full_5x5_collection,,1.305337,0,729,382205952,1.0,physical_full_5x5_replay_buffer,1:4,0:0;0:1;0:2;0:3;0:4;1:0;1:1;1:2;1:3;1:4;2:0;2:1;2:2;2:3;2:4;3:0;3:1;3:2;3:3;3:4;4:0;4:1;4:2;4:3;4:4,x275_sampling_readout_factorial,paired_train_seed,sealed_evaluation_only,Submit GPU jobs to gpumedium; do not use pilot/gpupilot.
fsl_x275_factorial_source5x5_s501_512_20260717_1717_n2-d0-dep4-md320-it144-x1p00-s504-rg0,source_sampling_readout_factorial,canonical,4,72,64,320,504,144,75497472,524288,16,2048,40,1,L,fsl-x275-factorial-source5x5-s501-512-20260717-1717-n2-d0-dep4-md320-it144-x1p00-s504-rg0,2,0,x275_sampling_readout_factorial_source,4,75497472,524288,Fresh measured 5x5 source union for a target-sealed sampling/readout factorial. Each replay reads and pays only its selected source-cell union.,controlled_model_dim_source_prefix_smalln_5x5,15401080.0,15401080.0,0.0,0.162821576719,11,x275_factorial_full_5x5_collection,,1.305337,0,144,75497472,1.0,physical_full_5x5_replay_buffer,2:0,0:0;0:1;0:2;0:3;0:4;1:0;1:1;1:2;1:3;1:4;2:0;2:1;2:2;2:3;2:4;3:0;3:1;3:2;3:3;3:4;4:0;4:1;4:2;4:3;4:4,x275_sampling_readout_factorial,paired_train_seed,sealed_evaluation_only,Submit GPU jobs to gpumedium; do not use pilot/gpupilot.
fsl_x275_factorial_source5x5_s501_512_20260717_1717_n2-d1-dep4-md320-it216-x1p00-s504-rg0,source_sampling_readout_factorial,canonical,4,72,64,320,504,216,113246208,524288,16,2048,40,1,L,fsl-x275-factorial-source5x5-s501-512-20260717-1717-n2-d1-dep4-md320-it216-x1p00-s504-rg0,2,1,x275_sampling_readout_factorial_source,4,113246208,524288,Fresh measured 5x5 source union for a target-sealed sampling/readout factorial. Each replay reads and pays only its selected source-cell union.,controlled_model_dim_source_prefix_smalln_5x5,15401080.0,15401080.0,0.0,0.162821576719,12,x275_factorial_full_5x5_collection,,1.305337,0,216,113246208,1.0,physical_full_5x5_replay_buffer,2:1,0:0;0:1;0:2;0:3;0:4;1:0;1:1;1:2;1:3;1:4;2:0;2:1;2:2;2:3;2:4;3:0;3:1;3:2;3:3;3:4;4:0;4:1;4:2;4:3;4:4,x275_sampling_readout_factorial,paired_train_seed,sealed_evaluation_only,Submit GPU jobs to gpumedium; do not use pilot/gpupilot.
fsl_x275_factorial_source5x5_s501_512_20260717_1717_n2-d2-dep4-md320-it324-x1p00-s504-rg0,source_sampling_readout_factorial,canonical,4,72,64,320,504,324,169869312,524288,16,2048,40,1,L,fsl-x275-factorial-source5x5-s501-512-20260717-1717-n2-d2-dep4-md320-it324-x1p00-s504-rg0,2,2,x275_sampling_readout_factorial_source,4,169869312,524288,Fresh measured 5x5 source union for a target-sealed sampling/readout factorial. Each replay reads and pays only its selected source-cell union.,controlled_model_dim_source_prefix_smalln_5x5,15401080.0,15401080.0,0.0,0.162821576719,13,x275_factorial_full_5x5_collection,,1.305337,0,324,169869312,1.0,physical_full_5x5_replay_buffer,2:2,0:0;0:1;0:2;0:3;0:4;1:0;1:1;1:2;1:3;1:4;2:0;2:1;2:2;2:3;2:4;3:0;3:1;3:2;3:3;3:4;4:0;4:1;4:2;4:3;4:4,x275_sampling_readout_factorial,paired_train_seed,sealed_evaluation_only,Submit GPU jobs to gpumedium; do not use pilot/gpupilot.
fsl_x275_factorial_source5x5_s501_512_20260717_1717_n2-d3-dep4-md320-it486-x1p00-s504-rg0,source_sampling_readout_factorial,canonical,4,72,64,320,504,486,254803968,524288,16,2048,40,1,L,fsl-x275-factorial-source5x5-s501-512-20260717-1717-n2-d3-dep4-md320-it486-x1p00-s504-rg0,2,3,x275_sampling_readout_factorial_source,4,254803968,524288,Fresh measured 5x5 source union for a target-sealed sampling/readout factorial. Each replay reads and pays only its selected source-cell union.,controlled_model_dim_source_prefix_smalln_5x5,15401080.0,15401080.0,0.0,0.162821576719,14,x275_factorial_full_5x5_collection,,1.305337,0,486,254803968,1.0,physical_full_5x5_replay_buffer,2:3,0:0;0:1;0:2;0:3;0:4;1:0;1:1;1:2;1:3;1:4;2:0;2:1;2:2;2:3;2:4;3:0;3:1;3:2;3:3;3:4;4:0;4:1;4:2;4:3;4:4,x275_sampling_readout_factorial,paired_train_seed,sealed_evaluation_only,Submit GPU jobs to gpumedium; do not use pilot/gpupilot.
fsl_x275_factorial_source5x5_s501_512_20260717_1717_n2-d4-dep4-md320-it729-x1p00-s504-rg0,source_sampling_readout_factorial,canonical,4,72,64,320,504,729,382205952,524288,16,2048,40,1,L,fsl-x275-factorial-source5x5-s501-512-20260717-1717-n2-d4-dep4-md320-it729-x1p00-s504-rg0,2,4,x275_sampling_readout_factorial_source,4,382205952,524288,Fresh measured 5x5 source union for a target-sealed sampling/readout factorial. Each replay reads and pays only its selected source-cell union.,controlled_model_dim_source_prefix_smalln_5x5,15401080.0,15401080.0,0.0,0.162821576719,15,x275_factorial_full_5x5_collection,,1.305337,0,729,382205952,1.0,physical_full_5x5_replay_buffer,2:4,0:0;0:1;0:2;0:3;0:4;1:0;1:1;1:2;1:3;1:4;2:0;2:1;2:2;2:3;2:4;3:0;3:1;3:2;3:3;3:4;4:0;4:1;4:2;4:3;4:4,x275_sampling_readout_factorial,paired_train_seed,sealed_evaluation_only,Submit GPU jobs to gpumedium; do not use pilot/gpupilot.
fsl_x275_factorial_source5x5_s501_512_20260717_1717_n3-d0-dep4-md512-it144-x1p00-s504-rg0,source_sampling_readout_factorial,canonical,4,72,64,512,504,144,75497472,524288,16,2048,40,1,L,fsl-x275-factorial-source5x5-s501-512-20260717-1717-n3-d0-dep4-md512-it144-x1p00-s504-rg0,3,0,x275_sampling_readout_factorial_source,4,75497472,524288,Fresh measured 5x5 source union for a target-sealed sampling/readout factorial. Each replay reads and pays only its selected source-cell union.,controlled_model_dim_source_prefix_smalln_5x5,29360320.0,29360320.0,0.0,0.162821576719,16,x275_factorial_full_5x5_collection,,1.305337,0,144,75497472,1.0,physical_full_5x5_replay_buffer,3:0,0:0;0:1;0:2;0:3;0:4;1:0;1:1;1:2;1:3;1:4;2:0;2:1;2:2;2:3;2:4;3:0;3:1;3:2;3:3;3:4;4:0;4:1;4:2;4:3;4:4,x275_sampling_readout_factorial,paired_train_seed,sealed_evaluation_only,Submit GPU jobs to gpumedium; do not use pilot/gpupilot.
fsl_x275_factorial_source5x5_s501_512_20260717_1717_n3-d1-dep4-md512-it216-x1p00-s504-rg0,source_sampling_readout_factorial,canonical,4,72,64,512,504,216,113246208,524288,16,2048,40,1,L,fsl-x275-factorial-source5x5-s501-512-20260717-1717-n3-d1-dep4-md512-it216-x1p00-s504-rg0,3,1,x275_sampling_readout_factorial_source,4,113246208,524288,Fresh measured 5x5 source union for a target-sealed sampling/readout factorial. Each replay reads and pays only its selected source-cell union.,controlled_model_dim_source_prefix_smalln_5x5,29360320.0,29360320.0,0.0,0.162821576719,17,x275_factorial_full_5x5_collection,,1.305337,0,216,113246208,1.0,physical_full_5x5_replay_buffer,3:1,0:0;0:1;0:2;0:3;0:4;1:0;1:1;1:2;1:3;1:4;2:0;2:1;2:2;2:3;2:4;3:0;3:1;3:2;3:3;3:4;4:0;4:1;4:2;4:3;4:4,x275_sampling_readout_factorial,paired_train_seed,sealed_evaluation_only,Submit GPU jobs to gpumedium; do not use pilot/gpupilot.
fsl_x275_factorial_source5x5_s501_512_20260717_1717_n3-d2-dep4-md512-it324-x1p00-s504-rg0,source_sampling_readout_factorial,canonical,4,72,64,512,504,324,169869312,524288,16,2048,40,1,L,fsl-x275-factorial-source5x5-s501-512-20260717-1717-n3-d2-dep4-md512-it324-x1p00-s504-rg0,3,2,x275_sampling_readout_factorial_source,4,169869312,524288,Fresh measured 5x5 source union for a target-sealed sampling/readout factorial. Each replay reads and pays only its selected source-cell union.,controlled_model_dim_source_prefix_smalln_5x5,29360320.0,29360320.0,0.0,0.162821576719,18,x275_factorial_full_5x5_collection,,1.305337,0,324,169869312,1.0,physical_full_5x5_replay_buffer,3:2,0:0;0:1;0:2;0:3;0:4;1:0;1:1;1:2;1:3;1:4;2:0;2:1;2:2;2:3;2:4;3:0;3:1;3:2;3:3;3:4;4:0;4:1;4:2;4:3;4:4,x275_sampling_readout_factorial,paired_train_seed,sealed_evaluation_only,Submit GPU jobs to gpumedium; do not use pilot/gpupilot.
fsl_x275_factorial_source5x5_s501_512_20260717_1717_n3-d3-dep4-md512-it486-x1p00-s504-rg0,source_sampling_readout_factorial,canonical,4,72,64,512,504,486,254803968,524288,16,2048,40,1,L,fsl-x275-factorial-source5x5-s501-512-20260717-1717-n3-d3-dep4-md512-it486-x1p00-s504-rg0,3,3,x275_sampling_readout_factorial_source,4,254803968,524288,Fresh measured 5x5 source union for a target-sealed sampling/readout factorial. Each replay reads and pays only its selected source-cell union.,controlled_model_dim_source_prefix_smalln_5x5,29360320.0,29360320.0,0.0,0.162821576719,19,x275_factorial_full_5x5_collection,,1.305337,0,486,254803968,1.0,physical_full_5x5_replay_buffer,3:3,0:0;0:1;0:2;0:3;0:4;1:0;1:1;1:2;1:3;1:4;2:0;2:1;2:2;2:3;2:4;3:0;3:1;3:2;3:3;3:4;4:0;4:1;4:2;4:3;4:4,x275_sampling_readout_factorial,paired_train_seed,sealed_evaluation_only,Submit GPU jobs to gpumedium; do not use pilot/gpupilot.
fsl_x275_factorial_source5x5_s501_512_20260717_1717_n3-d4-dep4-md512-it729-x1p00-s504-rg0,source_sampling_readout_factorial,canonical,4,72,64,512,504,729,382205952,524288,16,2048,40,1,L,fsl-x275-factorial-source5x5-s501-512-20260717-1717-n3-d4-dep4-md512-it729-x1p00-s504-rg0,3,4,x275_sampling_readout_factorial_source,4,382205952,524288,Fresh measured 5x5 source union for a target-sealed sampling/readout factorial. Each replay reads and pays only its selected source-cell union.,controlled_model_dim_source_prefix_smalln_5x5,29360320.0,29360320.0,0.0,0.162821576719,20,x275_factorial_full_5x5_collection,,1.305337,0,729,382205952,1.0,physical_full_5x5_replay_buffer,3:4,0:0;0:1;0:2;0:3;0:4;1:0;1:1;1:2;1:3;1:4;2:0;2:1;2:2;2:3;2:4;3:0;3:1;3:2;3:3;3:4;4:0;4:1;4:2;4:3;4:4,x275_sampling_readout_factorial,paired_train_seed,sealed_evaluation_only,Submit GPU jobs to gpumedium; do not use pilot/gpupilot.
fsl_x275_factorial_source5x5_s501_512_20260717_1717_n4-d0-dep4-md704-it144-x1p00-s504-rg0,source_sampling_readout_factorial,canonical,4,72,64,704,504,144,75497472,524288,16,2048,40,1,L,fsl-x275-factorial-source5x5-s501-512-20260717-1717-n4-d0-dep4-md704-it144-x1p00-s504-rg0,4,0,x275_sampling_readout_factorial_source,4,75497472,524288,Fresh measured 5x5 source union for a target-sealed sampling/readout factorial. Each replay reads and pays only its selected source-cell union.,controlled_model_dim_source_prefix_smalln_5x5,46858504.0,46858504.0,0.0,0.162821576719,21,x275_factorial_full_5x5_collection,,1.305337,0,144,75497472,1.0,physical_full_5x5_replay_buffer,4:0,0:0;0:1;0:2;0:3;0:4;1:0;1:1;1:2;1:3;1:4;2:0;2:1;2:2;2:3;2:4;3:0;3:1;3:2;3:3;3:4;4:0;4:1;4:2;4:3;4:4,x275_sampling_readout_factorial,paired_train_seed,sealed_evaluation_only,Submit GPU jobs to gpumedium; do not use pilot/gpupilot.
fsl_x275_factorial_source5x5_s501_512_20260717_1717_n4-d1-dep4-md704-it216-x1p00-s504-rg0,source_sampling_readout_factorial,canonical,4,72,64,704,504,216,113246208,524288,16,2048,40,1,L,fsl-x275-factorial-source5x5-s501-512-20260717-1717-n4-d1-dep4-md704-it216-x1p00-s504-rg0,4,1,x275_sampling_readout_factorial_source,4,113246208,524288,Fresh measured 5x5 source union for a target-sealed sampling/readout factorial. Each replay reads and pays only its selected source-cell union.,controlled_model_dim_source_prefix_smalln_5x5,46858504.0,46858504.0,0.0,0.162821576719,22,x275_factorial_full_5x5_collection,,1.305337,0,216,113246208,1.0,physical_full_5x5_replay_buffer,4:1,0:0;0:1;0:2;0:3;0:4;1:0;1:1;1:2;1:3;1:4;2:0;2:1;2:2;2:3;2:4;3:0;3:1;3:2;3:3;3:4;4:0;4:1;4:2;4:3;4:4,x275_sampling_readout_factorial,paired_train_seed,sealed_evaluation_only,Submit GPU jobs to gpumedium; do not use pilot/gpupilot.
fsl_x275_factorial_source5x5_s501_512_20260717_1717_n4-d2-dep4-md704-it324-x1p00-s504-rg0,source_sampling_readout_factorial,canonical,4,72,64,704,504,324,169869312,524288,16,2048,40,1,L,fsl-x275-factorial-source5x5-s501-512-20260717-1717-n4-d2-dep4-md704-it324-x1p00-s504-rg0,4,2,x275_sampling_readout_factorial_source,4,169869312,524288,Fresh measured 5x5 source union for a target-sealed sampling/readout factorial. Each replay reads and pays only its selected source-cell union.,controlled_model_dim_source_prefix_smalln_5x5,46858504.0,46858504.0,0.0,0.162821576719,23,x275_factorial_full_5x5_collection,,1.305337,0,324,169869312,1.0,physical_full_5x5_replay_buffer,4:2,0:0;0:1;0:2;0:3;0:4;1:0;1:1;1:2;1:3;1:4;2:0;2:1;2:2;2:3;2:4;3:0;3:1;3:2;3:3;3:4;4:0;4:1;4:2;4:3;4:4,x275_sampling_readout_factorial,paired_train_seed,sealed_evaluation_only,Submit GPU jobs to gpumedium; do not use pilot/gpupilot.
fsl_x275_factorial_source5x5_s501_512_20260717_1717_n4-d3-dep4-md704-it486-x1p00-s504-rg0,source_sampling_readout_factorial,canonical,4,72,64,704,504,486,254803968,524288,16,2048,40,1,L,fsl-x275-factorial-source5x5-s501-512-20260717-1717-n4-d3-dep4-md704-it486-x1p00-s504-rg0,4,3,x275_sampling_readout_factorial_source,4,254803968,524288,Fresh measured 5x5 source union for a target-sealed sampling/readout factorial. Each replay reads and pays only its selected source-cell union.,controlled_model_dim_source_prefix_smalln_5x5,46858504.0,46858504.0,0.0,0.162821576719,24,x275_factorial_full_5x5_collection,,1.305337,0,486,254803968,1.0,physical_full_5x5_replay_buffer,4:3,0:0;0:1;0:2;0:3;0:4;1:0;1:1;1:2;1:3;1:4;2:0;2:1;2:2;2:3;2:4;3:0;3:1;3:2;3:3;3:4;4:0;4:1;4:2;4:3;4:4,x275_sampling_readout_factorial,paired_train_seed,sealed_evaluation_only,Submit GPU jobs to gpumedium; do not use pilot/gpupilot.
fsl_x275_factorial_source5x5_s501_512_20260717_1717_n4-d4-dep4-md704-it729-x1p00-s504-rg0,source_sampling_readout_factorial,canonical,4,72,64,704,504,729,382205952,524288,16,2048,40,1,L,fsl-x275-factorial-source5x5-s501-512-20260717-1717-n4-d4-dep4-md704-it729-x1p00-s504-rg0,4,4,x275_sampling_readout_factorial_source,4,382205952,524288,Fresh measured 5x5 source union for a target-sealed sampling/readout factorial. Each replay reads and pays only its selected source-cell union.,controlled_model_dim_source_prefix_smalln_5x5,46858504.0,46858504.0,0.0,0.162821576719,25,x275_factorial_full_5x5_collection,,1.305337,0,729,382205952,1.0,physical_full_5x5_replay_buffer,4:4,0:0;0:1;0:2;0:3;0:4;1:0;1:1;1:2;1:3;1:4;2:0;2:1;2:2;2:3;2:4;3:0;3:1;3:2;3:3;3:4;4:0;4:1;4:2;4:3;4:4,x275_sampling_readout_factorial,paired_train_seed,sealed_evaluation_only,Submit GPU jobs to gpumedium; do not use pilot/gpupilot.
fsl_x275_factorial_source5x5_s501_512_20260717_1717_n0-d0-dep4-md128-it144-x1p00-s505-rg0,source_sampling_readout_factorial,canonical,4,72,64,128,505,144,75497472,524288,16,2048,40,1,L,fsl-x275-factorial-source5x5-s501-512-20260717-1717-n0-d0-dep4-md128-it144-x1p00-s505-rg0,0,0,x275_sampling_readout_factorial_source,4,75497472,524288,Fresh measured 5x5 source union for a target-sealed sampling/readout factorial. Each replay reads and pays only its selected source-cell union.,controlled_model_dim_source_prefix_smalln_5x5,4980784.0,4980784.0,0.0,0.162821576719,1,x275_factorial_full_5x5_collection,,1.305337,0,144,75497472,1.0,physical_full_5x5_replay_buffer,0:0,0:0;0:1;0:2;0:3;0:4;1:0;1:1;1:2;1:3;1:4;2:0;2:1;2:2;2:3;2:4;3:0;3:1;3:2;3:3;3:4;4:0;4:1;4:2;4:3;4:4,x275_sampling_readout_factorial,paired_train_seed,sealed_evaluation_only,Submit GPU jobs to gpumedium; do not use pilot/gpupilot.
fsl_x275_factorial_source5x5_s501_512_20260717_1717_n0-d1-dep4-md128-it216-x1p00-s505-rg0,source_sampling_readout_factorial,canonical,4,72,64,128,505,216,113246208,524288,16,2048,40,1,L,fsl-x275-factorial-source5x5-s501-512-20260717-1717-n0-d1-dep4-md128-it216-x1p00-s505-rg0,0,1,x275_sampling_readout_factorial_source,4,113246208,524288,Fresh measured 5x5 source union for a target-sealed sampling/readout factorial. Each replay reads and pays only its selected source-cell union.,controlled_model_dim_source_prefix_smalln_5x5,4980784.0,4980784.0,0.0,0.162821576719,2,x275_factorial_full_5x5_collection,,1.305337,0,216,113246208,1.0,physical_full_5x5_replay_buffer,0:1,0:0;0:1;0:2;0:3;0:4;1:0;1:1;1:2;1:3;1:4;2:0;2:1;2:2;2:3;2:4;3:0;3:1;3:2;3:3;3:4;4:0;4:1;4:2;4:3;4:4,x275_sampling_readout_factorial,paired_train_seed,sealed_evaluation_only,Submit GPU jobs to gpumedium; do not use pilot/gpupilot.
fsl_x275_factorial_source5x5_s501_512_20260717_1717_n0-d2-dep4-md128-it324-x1p00-s505-rg0,source_sampling_readout_factorial,canonical,4,72,64,128,505,324,169869312,524288,16,2048,40,1,L,fsl-x275-factorial-source5x5-s501-512-20260717-1717-n0-d2-dep4-md128-it324-x1p00-s505-rg0,0,2,x275_sampling_readout_factorial_source,4,169869312,524288,Fresh measured 5x5 source union for a target-sealed sampling/readout factorial. Each replay reads and pays only its selected source-cell union.,controlled_model_dim_source_prefix_smalln_5x5,4980784.0,4980784.0,0.0,0.162821576719,3,x275_factorial_full_5x5_collection,,1.305337,0,324,169869312,1.0,physical_full_5x5_replay_buffer,0:2,0:0;0:1;0:2;0:3;0:4;1:0;1:1;1:2;1:3;1:4;2:0;2:1;2:2;2:3;2:4;3:0;3:1;3:2;3:3;3:4;4:0;4:1;4:2;4:3;4:4,x275_sampling_readout_factorial,paired_train_seed,sealed_evaluation_only,Submit GPU jobs to gpumedium; do not use pilot/gpupilot.
fsl_x275_factorial_source5x5_s501_512_20260717_1717_n0-d3-dep4-md128-it486-x1p00-s505-rg0,source_sampling_readout_factorial,canonical,4,72,64,128,505,486,254803968,524288,16,2048,40,1,L,fsl-x275-factorial-source5x5-s501-512-20260717-1717-n0-d3-dep4-md128-it486-x1p00-s505-rg0,0,3,x275_sampling_readout_factorial_source,4,254803968,524288,Fresh measured 5x5 source union for a target-sealed sampling/readout factorial. Each replay reads and pays only its selected source-cell union.,controlled_model_dim_source_prefix_smalln_5x5,4980784.0,4980784.0,0.0,0.162821576719,4,x275_factorial_full_5x5_collection,,1.305337,0,486,254803968,1.0,physical_full_5x5_replay_buffer,0:3,0:0;0:1;0:2;0:3;0:4;1:0;1:1;1:2;1:3;1:4;2:0;2:1;2:2;2:3;2:4;3:0;3:1;3:2;3:3;3:4;4:0;4:1;4:2;4:3;4:4,x275_sampling_readout_factorial,paired_train_seed,sealed_evaluation_only,Submit GPU jobs to gpumedium; do not use pilot/gpupilot.
fsl_x275_factorial_source5x5_s501_512_20260717_1717_n0-d4-dep4-md128-it729-x1p00-s505-rg0,source_sampling_readout_factorial,canonical,4,72,64,128,505,729,382205952,524288,16,2048,40,1,L,fsl-x275-factorial-source5x5-s501-512-20260717-1717-n0-d4-dep4-md128-it729-x1p00-s505-rg0,0,4,x275_sampling_readout_factorial_source,4,382205952,524288,Fresh measured 5x5 source union for a target-sealed sampling/readout factorial. Each replay reads and pays only its selected source-cell union.,controlled_model_dim_source_prefix_smalln_5x5,4980784.0,4980784.0,0.0,0.162821576719,5,x275_factorial_full_5x5_collection,,1.305337,0,729,382205952,1.0,physical_full_5x5_replay_buffer,0:4,0:0;0:1;0:2;0:3;0:4;1:0;1:1;1:2;1:3;1:4;2:0;2:1;2:2;2:3;2:4;3:0;3:1;3:2;3:3;3:4;4:0;4:1;4:2;4:3;4:4,x275_sampling_readout_factorial,paired_train_seed,sealed_evaluation_only,Submit GPU jobs to gpumedium; do not use pilot/gpupilot.
fsl_x275_factorial_source5x5_s501_512_20260717_1717_n1-d0-dep4-md192-it144-x1p00-s505-rg0,source_sampling_readout_factorial,canonical,4,72,64,192,505,144,75497472,524288,16,2048,40,1,L,fsl-x275-factorial-source5x5-s501-512-20260717-1717-n1-d0-dep4-md192-it144-x1p00-s505-rg0,1,0,x275_sampling_readout_factorial_source,4,75497472,524288,Fresh measured 5x5 source union for a target-sealed sampling/readout factorial. Each replay reads and pays only its selected source-cell union.,controlled_model_dim_source_prefix_smalln_5x5,8061000.0,8061000.0,0.0,0.162821576719,6,x275_factorial_full_5x5_collection,,1.305337,0,144,75497472,1.0,physical_full_5x5_replay_buffer,1:0,0:0;0:1;0:2;0:3;0:4;1:0;1:1;1:2;1:3;1:4;2:0;2:1;2:2;2:3;2:4;3:0;3:1;3:2;3:3;3:4;4:0;4:1;4:2;4:3;4:4,x275_sampling_readout_factorial,paired_train_seed,sealed_evaluation_only,Submit GPU jobs to gpumedium; do not use pilot/gpupilot.
fsl_x275_factorial_source5x5_s501_512_20260717_1717_n1-d1-dep4-md192-it216-x1p00-s505-rg0,source_sampling_readout_factorial,canonical,4,72,64,192,505,216,113246208,524288,16,2048,40,1,L,fsl-x275-factorial-source5x5-s501-512-20260717-1717-n1-d1-dep4-md192-it216-x1p00-s505-rg0,1,1,x275_sampling_readout_factorial_source,4,113246208,524288,Fresh measured 5x5 source union for a target-sealed sampling/readout factorial. Each replay reads and pays only its selected source-cell union.,controlled_model_dim_source_prefix_smalln_5x5,8061000.0,8061000.0,0.0,0.162821576719,7,x275_factorial_full_5x5_collection,,1.305337,0,216,113246208,1.0,physical_full_5x5_replay_buffer,1:1,0:0;0:1;0:2;0:3;0:4;1:0;1:1;1:2;1:3;1:4;2:0;2:1;2:2;2:3;2:4;3:0;3:1;3:2;3:3;3:4;4:0;4:1;4:2;4:3;4:4,x275_sampling_readout_factorial,paired_train_seed,sealed_evaluation_only,Submit GPU jobs to gpumedium; do not use pilot/gpupilot.
fsl_x275_factorial_source5x5_s501_512_20260717_1717_n1-d2-dep4-md192-it324-x1p00-s505-rg0,source_sampling_readout_factorial,canonical,4,72,64,192,505,324,169869312,524288,16,2048,40,1,L,fsl-x275-factorial-source5x5-s501-512-20260717-1717-n1-d2-dep4-md192-it324-x1p00-s505-rg0,1,2,x275_sampling_readout_factorial_source,4,169869312,524288,Fresh measured 5x5 source union for a target-sealed sampling/readout factorial. Each replay reads and pays only its selected source-cell union.,controlled_model_dim_source_prefix_smalln_5x5,8061000.0,8061000.0,0.0,0.162821576719,8,x275_factorial_full_5x5_collection,,1.305337,0,324,169869312,1.0,physical_full_5x5_replay_buffer,1:2,0:0;0:1;0:2;0:3;0:4;1:0;1:1;1:2;1:3;1:4;2:0;2:1;2:2;2:3;2:4;3:0;3:1;3:2;3:3;3:4;4:0;4:1;4:2;4:3;4:4,x275_sampling_readout_factorial,paired_train_seed,sealed_evaluation_only,Submit GPU jobs to gpumedium; do not use pilot/gpupilot.
fsl_x275_factorial_source5x5_s501_512_20260717_1717_n1-d3-dep4-md192-it486-x1p00-s505-rg0,source_sampling_readout_factorial,canonical,4,72,64,192,505,486,254803968,524288,16,2048,40,1,L,fsl-x275-factorial-source5x5-s501-512-20260717-1717-n1-d3-dep4-md192-it486-x1p00-s505-rg0,1,3,x275_sampling_readout_factorial_source,4,254803968,524288,Fresh measured 5x5 source union for a target-sealed sampling/readout factorial. Each replay reads and pays only its selected source-cell union.,controlled_model_dim_source_prefix_smalln_5x5,8061000.0,8061000.0,0.0,0.162821576719,9,x275_factorial_full_5x5_collection,,1.305337,0,486,254803968,1.0,physical_full_5x5_replay_buffer,1:3,0:0;0:1;0:2;0:3;0:4;1:0;1:1;1:2;1:3;1:4;2:0;2:1;2:2;2:3;2:4;3:0;3:1;3:2;3:3;3:4;4:0;4:1;4:2;4:3;4:4,x275_sampling_readout_factorial,paired_train_seed,sealed_evaluation_only,Submit GPU jobs to gpumedium; do not use pilot/gpupilot.
fsl_x275_factorial_source5x5_s501_512_20260717_1717_n1-d4-dep4-md192-it729-x1p00-s505-rg0,source_sampling_readout_factorial,canonical,4,72,64,192,505,729,382205952,524288,16,2048,40,1,L,fsl-x275-factorial-source5x5-s501-512-20260717-1717-n1-d4-dep4-md192-it729-x1p00-s505-rg0,1,4,x275_sampling_readout_factorial_source,4,382205952,524288,Fresh measured 5x5 source union for a target-sealed sampling/readout factorial. Each replay reads and pays only its selected source-cell union.,controlled_model_dim_source_prefix_smalln_5x5,8061000.0,8061000.0,0.0,0.162821576719,10,x275_factorial_full_5x5_collection,,1.305337,0,729,382205952,1.0,physical_full_5x5_replay_buffer,1:4,0:0;0:1;0:2;0:3;0:4;1:0;1:1;1:2;1:3;1:4;2:0;2:1;2:2;2:3;2:4;3:0;3:1;3:2;3:3;3:4;4:0;4:1;4:2;4:3;4:4,x275_sampling_readout_factorial,paired_train_seed,sealed_evaluation_only,Submit GPU jobs to gpumedium; do not use pilot/gpupilot.
fsl_x275_factorial_source5x5_s501_512_20260717_1717_n2-d0-dep4-md320-it144-x1p00-s505-rg0,source_sampling_readout_factorial,canonical,4,72,64,320,505,144,75497472,524288,16,2048,40,1,L,fsl-x275-factorial-source5x5-s501-512-20260717-1717-n2-d0-dep4-md320-it144-x1p00-s505-rg0,2,0,x275_sampling_readout_factorial_source,4,75497472,524288,Fresh measured 5x5 source union for a target-sealed sampling/readout factorial. Each replay reads and pays only its selected source-cell union.,controlled_model_dim_source_prefix_smalln_5x5,15401080.0,15401080.0,0.0,0.162821576719,11,x275_factorial_full_5x5_collection,,1.305337,0,144,75497472,1.0,physical_full_5x5_replay_buffer,2:0,0:0;0:1;0:2;0:3;0:4;1:0;1:1;1:2;1:3;1:4;2:0;2:1;2:2;2:3;2:4;3:0;3:1;3:2;3:3;3:4;4:0;4:1;4:2;4:3;4:4,x275_sampling_readout_factorial,paired_train_seed,sealed_evaluation_only,Submit GPU jobs to gpumedium; do not use pilot/gpupilot.
fsl_x275_factorial_source5x5_s501_512_20260717_1717_n2-d1-dep4-md320-it216-x1p00-s505-rg0,source_sampling_readout_factorial,canonical,4,72,64,320,505,216,113246208,524288,16,2048,40,1,L,fsl-x275-factorial-source5x5-s501-512-20260717-1717-n2-d1-dep4-md320-it216-x1p00-s505-rg0,2,1,x275_sampling_readout_factorial_source,4,113246208,524288,Fresh measured 5x5 source union for a target-sealed sampling/readout factorial. Each replay reads and pays only its selected source-cell union.,controlled_model_dim_source_prefix_smalln_5x5,15401080.0,15401080.0,0.0,0.162821576719,12,x275_factorial_full_5x5_collection,,1.305337,0,216,113246208,1.0,physical_full_5x5_replay_buffer,2:1,0:0;0:1;0:2;0:3;0:4;1:0;1:1;1:2;1:3;1:4;2:0;2:1;2:2;2:3;2:4;3:0;3:1;3:2;3:3;3:4;4:0;4:1;4:2;4:3;4:4,x275_sampling_readout_factorial,paired_train_seed,sealed_evaluation_only,Submit GPU jobs to gpumedium; do not use pilot/gpupilot.
fsl_x275_factorial_source5x5_s501_512_20260717_1717_n2-d2-dep4-md320-it324-x1p00-s505-rg0,source_sampling_readout_factorial,canonical,4,72,64,320,505,324,169869312,524288,16,2048,40,1,L,fsl-x275-factorial-source5x5-s501-512-20260717-1717-n2-d2-dep4-md320-it324-x1p00-s505-rg0,2,2,x275_sampling_readout_factorial_source,4,169869312,524288,Fresh measured 5x5 source union for a target-sealed sampling/readout factorial. Each replay reads and pays only its selected source-cell union.,controlled_model_dim_source_prefix_smalln_5x5,15401080.0,15401080.0,0.0,0.162821576719,13,x275_factorial_full_5x5_collection,,1.305337,0,324,169869312,1.0,physical_full_5x5_replay_buffer,2:2,0:0;0:1;0:2;0:3;0:4;1:0;1:1;1:2;1:3;1:4;2:0;2:1;2:2;2:3;2:4;3:0;3:1;3:2;3:3;3:4;4:0;4:1;4:2;4:3;4:4,x275_sampling_readout_factorial,paired_train_seed,sealed_evaluation_only,Submit GPU jobs to gpumedium; do not use pilot/gpupilot.
fsl_x275_factorial_source5x5_s501_512_20260717_1717_n2-d3-dep4-md320-it486-x1p00-s505-rg0,source_sampling_readout_factorial,canonical,4,72,64,320,505,486,254803968,524288,16,2048,40,1,L,fsl-x275-factorial-source5x5-s501-512-20260717-1717-n2-d3-dep4-md320-it486-x1p00-s505-rg0,2,3,x275_sampling_readout_factorial_source,4,254803968,524288,Fresh measured 5x5 source union for a target-sealed sampling/readout factorial. Each replay reads and pays only its selected source-cell union.,controlled_model_dim_source_prefix_smalln_5x5,15401080.0,15401080.0,0.0,0.162821576719,14,x275_factorial_full_5x5_collection,,1.305337,0,486,254803968,1.0,physical_full_5x5_replay_buffer,2:3,0:0;0:1;0:2;0:3;0:4;1:0;1:1;1:2;1:3;1:4;2:0;2:1;2:2;2:3;2:4;3:0;3:1;3:2;3:3;3:4;4:0;4:1;4:2;4:3;4:4,x275_sampling_readout_factorial,paired_train_seed,sealed_evaluation_only,Submit GPU jobs to gpumedium; do not use pilot/gpupilot.
fsl_x275_factorial_source5x5_s501_512_20260717_1717_n2-d4-dep4-md320-it729-x1p00-s505-rg0,source_sampling_readout_factorial,canonical,4,72,64,320,505,729,382205952,524288,16,2048,40,1,L,fsl-x275-factorial-source5x5-s501-512-20260717-1717-n2-d4-dep4-md320-it729-x1p00-s505-rg0,2,4,x275_sampling_readout_factorial_source,4,382205952,524288,Fresh measured 5x5 source union for a target-sealed sampling/readout factorial. Each replay reads and pays only its selected source-cell union.,controlled_model_dim_source_prefix_smalln_5x5,15401080.0,15401080.0,0.0,0.162821576719,15,x275_factorial_full_5x5_collection,,1.305337,0,729,382205952,1.0,physical_full_5x5_replay_buffer,2:4,0:0;0:1;0:2;0:3;0:4;1:0;1:1;1:2;1:3;1:4;2:0;2:1;2:2;2:3;2:4;3:0;3:1;3:2;3:3;3:4;4:0;4:1;4:2;4:3;4:4,x275_sampling_readout_factorial,paired_train_seed,sealed_evaluation_only,Submit GPU jobs to gpumedium; do not use pilot/gpupilot.
fsl_x275_factorial_source5x5_s501_512_20260717_1717_n3-d0-dep4-md512-it144-x1p00-s505-rg0,source_sampling_readout_factorial,canonical,4,72,64,512,505,144,75497472,524288,16,2048,40,1,L,fsl-x275-factorial-source5x5-s501-512-20260717-1717-n3-d0-dep4-md512-it144-x1p00-s505-rg0,3,0,x275_sampling_readout_factorial_source,4,75497472,524288,Fresh measured 5x5 source union for a target-sealed sampling/readout factorial. Each replay reads and pays only its selected source-cell union.,controlled_model_dim_source_prefix_smalln_5x5,29360320.0,29360320.0,0.0,0.162821576719,16,x275_factorial_full_5x5_collection,,1.305337,0,144,75497472,1.0,physical_full_5x5_replay_buffer,3:0,0:0;0:1;0:2;0:3;0:4;1:0;1:1;1:2;1:3;1:4;2:0;2:1;2:2;2:3;2:4;3:0;3:1;3:2;3:3;3:4;4:0;4:1;4:2;4:3;4:4,x275_sampling_readout_factorial,paired_train_seed,sealed_evaluation_only,Submit GPU jobs to gpumedium; do not use pilot/gpupilot.
fsl_x275_factorial_source5x5_s501_512_20260717_1717_n3-d1-dep4-md512-it216-x1p00-s505-rg0,source_sampling_readout_factorial,canonical,4,72,64,512,505,216,113246208,524288,16,2048,40,1,L,fsl-x275-factorial-source5x5-s501-512-20260717-1717-n3-d1-dep4-md512-it216-x1p00-s505-rg0,3,1,x275_sampling_readout_factorial_source,4,113246208,524288,Fresh measured 5x5 source union for a target-sealed sampling/readout factorial. Each replay reads and pays only its selected source-cell union.,controlled_model_dim_source_prefix_smalln_5x5,29360320.0,29360320.0,0.0,0.162821576719,17,x275_factorial_full_5x5_collection,,1.305337,0,216,113246208,1.0,physical_full_5x5_replay_buffer,3:1,0:0;0:1;0:2;0:3;0:4;1:0;1:1;1:2;1:3;1:4;2:0;2:1;2:2;2:3;2:4;3:0;3:1;3:2;3:3;3:4;4:0;4:1;4:2;4:3;4:4,x275_sampling_readout_factorial,paired_train_seed,sealed_evaluation_only,Submit GPU jobs to gpumedium; do not use pilot/gpupilot.
fsl_x275_factorial_source5x5_s501_512_20260717_1717_n3-d2-dep4-md512-it324-x1p00-s505-rg0,source_sampling_readout_factorial,canonical,4,72,64,512,505,324,169869312,524288,16,2048,40,1,L,fsl-x275-factorial-source5x5-s501-512-20260717-1717-n3-d2-dep4-md512-it324-x1p00-s505-rg0,3,2,x275_sampling_readout_factorial_source,4,169869312,524288,Fresh measured 5x5 source union for a target-sealed sampling/readout factorial. Each replay reads and pays only its selected source-cell union.,controlled_model_dim_source_prefix_smalln_5x5,29360320.0,29360320.0,0.0,0.162821576719,18,x275_factorial_full_5x5_collection,,1.305337,0,324,169869312,1.0,physical_full_5x5_replay_buffer,3:2,0:0;0:1;0:2;0:3;0:4;1:0;1:1;1:2;1:3;1:4;2:0;2:1;2:2;2:3;2:4;3:0;3:1;3:2;3:3;3:4;4:0;4:1;4:2;4:3;4:4,x275_sampling_readout_factorial,paired_train_seed,sealed_evaluation_only,Submit GPU jobs to gpumedium; do not use pilot/gpupilot.
fsl_x275_factorial_source5x5_s501_512_20260717_1717_n3-d3-dep4-md512-it486-x1p00-s505-rg0,source_sampling_readout_factorial,canonical,4,72,64,512,505,486,254803968,524288,16,2048,40,1,L,fsl-x275-factorial-source5x5-s501-512-20260717-1717-n3-d3-dep4-md512-it486-x1p00-s505-rg0,3,3,x275_sampling_readout_factorial_source,4,254803968,524288,Fresh measured 5x5 source union for a target-sealed sampling/readout factorial. Each replay reads and pays only its selected source-cell union.,controlled_model_dim_source_prefix_smalln_5x5,29360320.0,29360320.0,0.0,0.162821576719,19,x275_factorial_full_5x5_collection,,1.305337,0,486,254803968,1.0,physical_full_5x5_replay_buffer,3:3,0:0;0:1;0:2;0:3;0:4;1:0;1:1;1:2;1:3;1:4;2:0;2:1;2:2;2:3;2:4;3:0;3:1;3:2;3:3;3:4;4:0;4:1;4:2;4:3;4:4,x275_sampling_readout_factorial,paired_train_seed,sealed_evaluation_only,Submit GPU jobs to gpumedium; do not use pilot/gpupilot.
fsl_x275_factorial_source5x5_s501_512_20260717_1717_n3-d4-dep4-md512-it729-x1p00-s505-rg0,source_sampling_readout_factorial,canonical,4,72,64,512,505,729,382205952,524288,16,2048,40,1,L,fsl-x275-factorial-source5x5-s501-512-20260717-1717-n3-d4-dep4-md512-it729-x1p00-s505-rg0,3,4,x275_sampling_readout_factorial_source,4,382205952,524288,Fresh measured 5x5 source union for a target-sealed sampling/readout factorial. Each replay reads and pays only its selected source-cell union.,controlled_model_dim_source_prefix_smalln_5x5,29360320.0,29360320.0,0.0,0.162821576719,20,x275_factorial_full_5x5_collection,,1.305337,0,729,382205952,1.0,physical_full_5x5_replay_buffer,3:4,0:0;0:1;0:2;0:3;0:4;1:0;1:1;1:2;1:3;1:4;2:0;2:1;2:2;2:3;2:4;3:0;3:1;3:2;3:3;3:4;4:0;4:1;4:2;4:3;4:4,x275_sampling_readout_factorial,paired_train_seed,sealed_evaluation_only,Submit GPU jobs to gpumedium; do not use pilot/gpupilot.
fsl_x275_factorial_source5x5_s501_512_20260717_1717_n4-d0-dep4-md704-it144-x1p00-s505-rg0,source_sampling_readout_factorial,canonical,4,72,64,704,505,144,75497472,524288,16,2048,40,1,L,fsl-x275-factorial-source5x5-s501-512-20260717-1717-n4-d0-dep4-md704-it144-x1p00-s505-rg0,4,0,x275_sampling_readout_factorial_source,4,75497472,524288,Fresh measured 5x5 source union for a target-sealed sampling/readout factorial. Each replay reads and pays only its selected source-cell union.,controlled_model_dim_source_prefix_smalln_5x5,46858504.0,46858504.0,0.0,0.162821576719,21,x275_factorial_full_5x5_collection,,1.305337,0,144,75497472,1.0,physical_full_5x5_replay_buffer,4:0,0:0;0:1;0:2;0:3;0:4;1:0;1:1;1:2;1:3;1:4;2:0;2:1;2:2;2:3;2:4;3:0;3:1;3:2;3:3;3:4;4:0;4:1;4:2;4:3;4:4,x275_sampling_readout_factorial,paired_train_seed,sealed_evaluation_only,Submit GPU jobs to gpumedium; do not use pilot/gpupilot.
fsl_x275_factorial_source5x5_s501_512_20260717_1717_n4-d1-dep4-md704-it216-x1p00-s505-rg0,source_sampling_readout_factorial,canonical,4,72,64,704,505,216,113246208,524288,16,2048,40,1,L,fsl-x275-factorial-source5x5-s501-512-20260717-1717-n4-d1-dep4-md704-it216-x1p00-s505-rg0,4,1,x275_sampling_readout_factorial_source,4,113246208,524288,Fresh measured 5x5 source union for a target-sealed sampling/readout factorial. Each replay reads and pays only its selected source-cell union.,controlled_model_dim_source_prefix_smalln_5x5,46858504.0,46858504.0,0.0,0.162821576719,22,x275_factorial_full_5x5_collection,,1.305337,0,216,113246208,1.0,physical_full_5x5_replay_buffer,4:1,0:0;0:1;0:2;0:3;0:4;1:0;1:1;1:2;1:3;1:4;2:0;2:1;2:2;2:3;2:4;3:0;3:1;3:2;3:3;3:4;4:0;4:1;4:2;4:3;4:4,x275_sampling_readout_factorial,paired_train_seed,sealed_evaluation_only,Submit GPU jobs to gpumedium; do not use pilot/gpupilot.
fsl_x275_factorial_source5x5_s501_512_20260717_1717_n4-d2-dep4-md704-it324-x1p00-s505-rg0,source_sampling_readout_factorial,canonical,4,72,64,704,505,324,169869312,524288,16,2048,40,1,L,fsl-x275-factorial-source5x5-s501-512-20260717-1717-n4-d2-dep4-md704-it324-x1p00-s505-rg0,4,2,x275_sampling_readout_factorial_source,4,169869312,524288,Fresh measured 5x5 source union for a target-sealed sampling/readout factorial. Each replay reads and pays only its selected source-cell union.,controlled_model_dim_source_prefix_smalln_5x5,46858504.0,46858504.0,0.0,0.162821576719,23,x275_factorial_full_5x5_collection,,1.305337,0,324,169869312,1.0,physical_full_5x5_replay_buffer,4:2,0:0;0:1;0:2;0:3;0:4;1:0;1:1;1:2;1:3;1:4;2:0;2:1;2:2;2:3;2:4;3:0;3:1;3:2;3:3;3:4;4:0;4:1;4:2;4:3;4:4,x275_sampling_readout_factorial,paired_train_seed,sealed_evaluation_only,Submit GPU jobs to gpumedium; do not use pilot/gpupilot.
fsl_x275_factorial_source5x5_s501_512_20260717_1717_n4-d3-dep4-md704-it486-x1p00-s505-rg0,source_sampling_readout_factorial,canonical,4,72,64,704,505,486,254803968,524288,16,2048,40,1,L,fsl-x275-factorial-source5x5-s501-512-20260717-1717-n4-d3-dep4-md704-it486-x1p00-s505-rg0,4,3,x275_sampling_readout_factorial_source,4,254803968,524288,Fresh measured 5x5 source union for a target-sealed sampling/readout factorial. Each replay reads and pays only its selected source-cell union.,controlled_model_dim_source_prefix_smalln_5x5,46858504.0,46858504.0,0.0,0.162821576719,24,x275_factorial_full_5x5_collection,,1.305337,0,486,254803968,1.0,physical_full_5x5_replay_buffer,4:3,0:0;0:1;0:2;0:3;0:4;1:0;1:1;1:2;1:3;1:4;2:0;2:1;2:2;2:3;2:4;3:0;3:1;3:2;3:3;3:4;4:0;4:1;4:2;4:3;4:4,x275_sampling_readout_factorial,paired_train_seed,sealed_evaluation_only,Submit GPU jobs to gpumedium; do not use pilot/gpupilot.
fsl_x275_factorial_source5x5_s501_512_20260717_1717_n4-d4-dep4-md704-it729-x1p00-s505-rg0,source_sampling_readout_factorial,canonical,4,72,64,704,505,729,382205952,524288,16,2048,40,1,L,fsl-x275-factorial-source5x5-s501-512-20260717-1717-n4-d4-dep4-md704-it729-x1p00-s505-rg0,4,4,x275_sampling_readout_factorial_source,4,382205952,524288,Fresh measured 5x5 source union for a target-sealed sampling/readout factorial. Each replay reads and pays only its selected source-cell union.,controlled_model_dim_source_prefix_smalln_5x5,46858504.0,46858504.0,0.0,0.162821576719,25,x275_factorial_full_5x5_collection,,1.305337,0,729,382205952,1.0,physical_full_5x5_replay_buffer,4:4,0:0;0:1;0:2;0:3;0:4;1:0;1:1;1:2;1:3;1:4;2:0;2:1;2:2;2:3;2:4;3:0;3:1;3:2;3:3;3:4;4:0;4:1;4:2;4:3;4:4,x275_sampling_readout_factorial,paired_train_seed,sealed_evaluation_only,Submit GPU jobs to gpumedium; do not use pilot/gpupilot.
fsl_x275_factorial_source5x5_s501_512_20260717_1717_n0-d0-dep4-md128-it144-x1p00-s506-rg0,source_sampling_readout_factorial,canonical,4,72,64,128,506,144,75497472,524288,16,2048,40,1,L,fsl-x275-factorial-source5x5-s501-512-20260717-1717-n0-d0-dep4-md128-it144-x1p00-s506-rg0,0,0,x275_sampling_readout_factorial_source,4,75497472,524288,Fresh measured 5x5 source union for a target-sealed sampling/readout factorial. Each replay reads and pays only its selected source-cell union.,controlled_model_dim_source_prefix_smalln_5x5,4980784.0,4980784.0,0.0,0.162821576719,1,x275_factorial_full_5x5_collection,,1.305337,0,144,75497472,1.0,physical_full_5x5_replay_buffer,0:0,0:0;0:1;0:2;0:3;0:4;1:0;1:1;1:2;1:3;1:4;2:0;2:1;2:2;2:3;2:4;3:0;3:1;3:2;3:3;3:4;4:0;4:1;4:2;4:3;4:4,x275_sampling_readout_factorial,paired_train_seed,sealed_evaluation_only,Submit GPU jobs to gpumedium; do not use pilot/gpupilot.
fsl_x275_factorial_source5x5_s501_512_20260717_1717_n0-d1-dep4-md128-it216-x1p00-s506-rg0,source_sampling_readout_factorial,canonical,4,72,64,128,506,216,113246208,524288,16,2048,40,1,L,fsl-x275-factorial-source5x5-s501-512-20260717-1717-n0-d1-dep4-md128-it216-x1p00-s506-rg0,0,1,x275_sampling_readout_factorial_source,4,113246208,524288,Fresh measured 5x5 source union for a target-sealed sampling/readout factorial. Each replay reads and pays only its selected source-cell union.,controlled_model_dim_source_prefix_smalln_5x5,4980784.0,4980784.0,0.0,0.162821576719,2,x275_factorial_full_5x5_collection,,1.305337,0,216,113246208,1.0,physical_full_5x5_replay_buffer,0:1,0:0;0:1;0:2;0:3;0:4;1:0;1:1;1:2;1:3;1:4;2:0;2:1;2:2;2:3;2:4;3:0;3:1;3:2;3:3;3:4;4:0;4:1;4:2;4:3;4:4,x275_sampling_readout_factorial,paired_train_seed,sealed_evaluation_only,Submit GPU jobs to gpumedium; do not use pilot/gpupilot.
fsl_x275_factorial_source5x5_s501_512_20260717_1717_n0-d2-dep4-md128-it324-x1p00-s506-rg0,source_sampling_readout_factorial,canonical,4,72,64,128,506,324,169869312,524288,16,2048,40,1,L,fsl-x275-factorial-source5x5-s501-512-20260717-1717-n0-d2-dep4-md128-it324-x1p00-s506-rg0,0,2,x275_sampling_readout_factorial_source,4,169869312,524288,Fresh measured 5x5 source union for a target-sealed sampling/readout factorial. Each replay reads and pays only its selected source-cell union.,controlled_model_dim_source_prefix_smalln_5x5,4980784.0,4980784.0,0.0,0.162821576719,3,x275_factorial_full_5x5_collection,,1.305337,0,324,169869312,1.0,physical_full_5x5_replay_buffer,0:2,0:0;0:1;0:2;0:3;0:4;1:0;1:1;1:2;1:3;1:4;2:0;2:1;2:2;2:3;2:4;3:0;3:1;3:2;3:3;3:4;4:0;4:1;4:2;4:3;4:4,x275_sampling_readout_factorial,paired_train_seed,sealed_evaluation_only,Submit GPU jobs to gpumedium; do not use pilot/gpupilot.
fsl_x275_factorial_source5x5_s501_512_20260717_1717_n0-d3-dep4-md128-it486-x1p00-s506-rg0,source_sampling_readout_factorial,canonical,4,72,64,128,506,486,254803968,524288,16,2048,40,1,L,fsl-x275-factorial-source5x5-s501-512-20260717-1717-n0-d3-dep4-md128-it486-x1p00-s506-rg0,0,3,x275_sampling_readout_factorial_source,4,254803968,524288,Fresh measured 5x5 source union for a target-sealed sampling/readout factorial. Each replay reads and pays only its selected source-cell union.,controlled_model_dim_source_prefix_smalln_5x5,4980784.0,4980784.0,0.0,0.162821576719,4,x275_factorial_full_5x5_collection,,1.305337,0,486,254803968,1.0,physical_full_5x5_replay_buffer,0:3,0:0;0:1;0:2;0:3;0:4;1:0;1:1;1:2;1:3;1:4;2:0;2:1;2:2;2:3;2:4;3:0;3:1;3:2;3:3;3:4;4:0;4:1;4:2;4:3;4:4,x275_sampling_readout_factorial,paired_train_seed,sealed_evaluation_only,Submit GPU jobs to gpumedium; do not use pilot/gpupilot.
fsl_x275_factorial_source5x5_s501_512_20260717_1717_n0-d4-dep4-md128-it729-x1p00-s506-rg0,source_sampling_readout_factorial,canonical,4,72,64,128,506,729,382205952,524288,16,2048,40,1,L,fsl-x275-factorial-source5x5-s501-512-20260717-1717-n0-d4-dep4-md128-it729-x1p00-s506-rg0,0,4,x275_sampling_readout_factorial_source,4,382205952,524288,Fresh measured 5x5 source union for a target-sealed sampling/readout factorial. Each replay reads and pays only its selected source-cell union.,controlled_model_dim_source_prefix_smalln_5x5,4980784.0,4980784.0,0.0,0.162821576719,5,x275_factorial_full_5x5_collection,,1.305337,0,729,382205952,1.0,physical_full_5x5_replay_buffer,0:4,0:0;0:1;0:2;0:3;0:4;1:0;1:1;1:2;1:3;1:4;2:0;2:1;2:2;2:3;2:4;3:0;3:1;3:2;3:3;3:4;4:0;4:1;4:2;4:3;4:4,x275_sampling_readout_factorial,paired_train_seed,sealed_evaluation_only,Submit GPU jobs to gpumedium; do not use pilot/gpupilot.
fsl_x275_factorial_source5x5_s501_512_20260717_1717_n1-d0-dep4-md192-it144-x1p00-s506-rg0,source_sampling_readout_factorial,canonical,4,72,64,192,506,144,75497472,524288,16,2048,40,1,L,fsl-x275-factorial-source5x5-s501-512-20260717-1717-n1-d0-dep4-md192-it144-x1p00-s506-rg0,1,0,x275_sampling_readout_factorial_source,4,75497472,524288,Fresh measured 5x5 source union for a target-sealed sampling/readout factorial. Each replay reads and pays only its selected source-cell union.,controlled_model_dim_source_prefix_smalln_5x5,8061000.0,8061000.0,0.0,0.162821576719,6,x275_factorial_full_5x5_collection,,1.305337,0,144,75497472,1.0,physical_full_5x5_replay_buffer,1:0,0:0;0:1;0:2;0:3;0:4;1:0;1:1;1:2;1:3;1:4;2:0;2:1;2:2;2:3;2:4;3:0;3:1;3:2;3:3;3:4;4:0;4:1;4:2;4:3;4:4,x275_sampling_readout_factorial,paired_train_seed,sealed_evaluation_only,Submit GPU jobs to gpumedium; do not use pilot/gpupilot.
fsl_x275_factorial_source5x5_s501_512_20260717_1717_n1-d1-dep4-md192-it216-x1p00-s506-rg0,source_sampling_readout_factorial,canonical,4,72,64,192,506,216,113246208,524288,16,2048,40,1,L,fsl-x275-factorial-source5x5-s501-512-20260717-1717-n1-d1-dep4-md192-it216-x1p00-s506-rg0,1,1,x275_sampling_readout_factorial_source,4,113246208,524288,Fresh measured 5x5 source union for a target-sealed sampling/readout factorial. Each replay reads and pays only its selected source-cell union.,controlled_model_dim_source_prefix_smalln_5x5,8061000.0,8061000.0,0.0,0.162821576719,7,x275_factorial_full_5x5_collection,,1.305337,0,216,113246208,1.0,physical_full_5x5_replay_buffer,1:1,0:0;0:1;0:2;0:3;0:4;1:0;1:1;1:2;1:3;1:4;2:0;2:1;2:2;2:3;2:4;3:0;3:1;3:2;3:3;3:4;4:0;4:1;4:2;4:3;4:4,x275_sampling_readout_factorial,paired_train_seed,sealed_evaluation_only,Submit GPU jobs to gpumedium; do not use pilot/gpupilot.
fsl_x275_factorial_source5x5_s501_512_20260717_1717_n1-d2-dep4-md192-it324-x1p00-s506-rg0,source_sampling_readout_factorial,canonical,4,72,64,192,506,324,169869312,524288,16,2048,40,1,L,fsl-x275-factorial-source5x5-s501-512-20260717-1717-n1-d2-dep4-md192-it324-x1p00-s506-rg0,1,2,x275_sampling_readout_factorial_source,4,169869312,524288,Fresh measured 5x5 source union for a target-sealed sampling/readout factorial. Each replay reads and pays only its selected source-cell union.,controlled_model_dim_source_prefix_smalln_5x5,8061000.0,8061000.0,0.0,0.162821576719,8,x275_factorial_full_5x5_collection,,1.305337,0,324,169869312,1.0,physical_full_5x5_replay_buffer,1:2,0:0;0:1;0:2;0:3;0:4;1:0;1:1;1:2;1:3;1:4;2:0;2:1;2:2;2:3;2:4;3:0;3:1;3:2;3:3;3:4;4:0;4:1;4:2;4:3;4:4,x275_sampling_readout_factorial,paired_train_seed,sealed_evaluation_only,Submit GPU jobs to gpumedium; do not use pilot/gpupilot.
fsl_x275_factorial_source5x5_s501_512_20260717_1717_n1-d3-dep4-md192-it486-x1p00-s506-rg0,source_sampling_readout_factorial,canonical,4,72,64,192,506,486,254803968,524288,16,2048,40,1,L,fsl-x275-factorial-source5x5-s501-512-20260717-1717-n1-d3-dep4-md192-it486-x1p00-s506-rg0,1,3,x275_sampling_readout_factorial_source,4,254803968,524288,Fresh measured 5x5 source union for a target-sealed sampling/readout factorial. Each replay reads and pays only its selected source-cell union.,controlled_model_dim_source_prefix_smalln_5x5,8061000.0,8061000.0,0.0,0.162821576719,9,x275_factorial_full_5x5_collection,,1.305337,0,486,254803968,1.0,physical_full_5x5_replay_buffer,1:3,0:0;0:1;0:2;0:3;0:4;1:0;1:1;1:2;1:3;1:4;2:0;2:1;2:2;2:3;2:4;3:0;3:1;3:2;3:3;3:4;4:0;4:1;4:2;4:3;4:4,x275_sampling_readout_factorial,paired_train_seed,sealed_evaluation_only,Submit GPU jobs to gpumedium; do not use pilot/gpupilot.
fsl_x275_factorial_source5x5_s501_512_20260717_1717_n1-d4-dep4-md192-it729-x1p00-s506-rg0,source_sampling_readout_factorial,canonical,4,72,64,192,506,729,382205952,524288,16,2048,40,1,L,fsl-x275-factorial-source5x5-s501-512-20260717-1717-n1-d4-dep4-md192-it729-x1p00-s506-rg0,1,4,x275_sampling_readout_factorial_source,4,382205952,524288,Fresh measured 5x5 source union for a target-sealed sampling/readout factorial. Each replay reads and pays only its selected source-cell union.,controlled_model_dim_source_prefix_smalln_5x5,8061000.0,8061000.0,0.0,0.162821576719,10,x275_factorial_full_5x5_collection,,1.305337,0,729,382205952,1.0,physical_full_5x5_replay_buffer,1:4,0:0;0:1;0:2;0:3;0:4;1:0;1:1;1:2;1:3;1:4;2:0;2:1;2:2;2:3;2:4;3:0;3:1;3:2;3:3;3:4;4:0;4:1;4:2;4:3;4:4,x275_sampling_readout_factorial,paired_train_seed,sealed_evaluation_only,Submit GPU jobs to gpumedium; do not use pilot/gpupilot.
fsl_x275_factorial_source5x5_s501_512_20260717_1717_n2-d0-dep4-md320-it144-x1p00-s506-rg0,source_sampling_readout_factorial,canonical,4,72,64,320,506,144,75497472,524288,16,2048,40,1,L,fsl-x275-factorial-source5x5-s501-512-20260717-1717-n2-d0-dep4-md320-it144-x1p00-s506-rg0,2,0,x275_sampling_readout_factorial_source,4,75497472,524288,Fresh measured 5x5 source union for a target-sealed sampling/readout factorial. Each replay reads and pays only its selected source-cell union.,controlled_model_dim_source_prefix_smalln_5x5,15401080.0,15401080.0,0.0,0.162821576719,11,x275_factorial_full_5x5_collection,,1.305337,0,144,75497472,1.0,physical_full_5x5_replay_buffer,2:0,0:0;0:1;0:2;0:3;0:4;1:0;1:1;1:2;1:3;1:4;2:0;2:1;2:2;2:3;2:4;3:0;3:1;3:2;3:3;3:4;4:0;4:1;4:2;4:3;4:4,x275_sampling_readout_factorial,paired_train_seed,sealed_evaluation_only,Submit GPU jobs to gpumedium; do not use pilot/gpupilot.
fsl_x275_factorial_source5x5_s501_512_20260717_1717_n2-d1-dep4-md320-it216-x1p00-s506-rg0,source_sampling_readout_factorial,canonical,4,72,64,320,506,216,113246208,524288,16,2048,40,1,L,fsl-x275-factorial-source5x5-s501-512-20260717-1717-n2-d1-dep4-md320-it216-x1p00-s506-rg0,2,1,x275_sampling_readout_factorial_source,4,113246208,524288,Fresh measured 5x5 source union for a target-sealed sampling/readout factorial. Each replay reads and pays only its selected source-cell union.,controlled_model_dim_source_prefix_smalln_5x5,15401080.0,15401080.0,0.0,0.162821576719,12,x275_factorial_full_5x5_collection,,1.305337,0,216,113246208,1.0,physical_full_5x5_replay_buffer,2:1,0:0;0:1;0:2;0:3;0:4;1:0;1:1;1:2;1:3;1:4;2:0;2:1;2:2;2:3;2:4;3:0;3:1;3:2;3:3;3:4;4:0;4:1;4:2;4:3;4:4,x275_sampling_readout_factorial,paired_train_seed,sealed_evaluation_only,Submit GPU jobs to gpumedium; do not use pilot/gpupilot.
fsl_x275_factorial_source5x5_s501_512_20260717_1717_n2-d2-dep4-md320-it324-x1p00-s506-rg0,source_sampling_readout_factorial,canonical,4,72,64,320,506,324,169869312,524288,16,2048,40,1,L,fsl-x275-factorial-source5x5-s501-512-20260717-1717-n2-d2-dep4-md320-it324-x1p00-s506-rg0,2,2,x275_sampling_readout_factorial_source,4,169869312,524288,Fresh measured 5x5 source union for a target-sealed sampling/readout factorial. Each replay reads and pays only its selected source-cell union.,controlled_model_dim_source_prefix_smalln_5x5,15401080.0,15401080.0,0.0,0.162821576719,13,x275_factorial_full_5x5_collection,,1.305337,0,324,169869312,1.0,physical_full_5x5_replay_buffer,2:2,0:0;0:1;0:2;0:3;0:4;1:0;1:1;1:2;1:3;1:4;2:0;2:1;2:2;2:3;2:4;3:0;3:1;3:2;3:3;3:4;4:0;4:1;4:2;4:3;4:4,x275_sampling_readout_factorial,paired_train_seed,sealed_evaluation_only,Submit GPU jobs to gpumedium; do not use pilot/gpupilot.
fsl_x275_factorial_source5x5_s501_512_20260717_1717_n2-d3-dep4-md320-it486-x1p00-s506-rg0,source_sampling_readout_factorial,canonical,4,72,64,320,506,486,254803968,524288,16,2048,40,1,L,fsl-x275-factorial-source5x5-s501-512-20260717-1717-n2-d3-dep4-md320-it486-x1p00-s506-rg0,2,3,x275_sampling_readout_factorial_source,4,254803968,524288,Fresh measured 5x5 source union for a target-sealed sampling/readout factorial. Each replay reads and pays only its selected source-cell union.,controlled_model_dim_source_prefix_smalln_5x5,15401080.0,15401080.0,0.0,0.162821576719,14,x275_factorial_full_5x5_collection,,1.305337,0,486,254803968,1.0,physical_full_5x5_replay_buffer,2:3,0:0;0:1;0:2;0:3;0:4;1:0;1:1;1:2;1:3;1:4;2:0;2:1;2:2;2:3;2:4;3:0;3:1;3:2;3:3;3:4;4:0;4:1;4:2;4:3;4:4,x275_sampling_readout_factorial,paired_train_seed,sealed_evaluation_only,Submit GPU jobs to gpumedium; do not use pilot/gpupilot.
fsl_x275_factorial_source5x5_s501_512_20260717_1717_n2-d4-dep4-md320-it729-x1p00-s506-rg0,source_sampling_readout_factorial,canonical,4,72,64,320,506,729,382205952,524288,16,2048,40,1,L,fsl-x275-factorial-source5x5-s501-512-20260717-1717-n2-d4-dep4-md320-it729-x1p00-s506-rg0,2,4,x275_sampling_readout_factorial_source,4,382205952,524288,Fresh measured 5x5 source union for a target-sealed sampling/readout factorial. Each replay reads and pays only its selected source-cell union.,controlled_model_dim_source_prefix_smalln_5x5,15401080.0,15401080.0,0.0,0.162821576719,15,x275_factorial_full_5x5_collection,,1.305337,0,729,382205952,1.0,physical_full_5x5_replay_buffer,2:4,0:0;0:1;0:2;0:3;0:4;1:0;1:1;1:2;1:3;1:4;2:0;2:1;2:2;2:3;2:4;3:0;3:1;3:2;3:3;3:4;4:0;4:1;4:2;4:3;4:4,x275_sampling_readout_factorial,paired_train_seed,sealed_evaluation_only,Submit GPU jobs to gpumedium; do not use pilot/gpupilot.
fsl_x275_factorial_source5x5_s501_512_20260717_1717_n3-d0-dep4-md512-it144-x1p00-s506-rg0,source_sampling_readout_factorial,canonical,4,72,64,512,506,144,75497472,524288,16,2048,40,1,L,fsl-x275-factorial-source5x5-s501-512-20260717-1717-n3-d0-dep4-md512-it144-x1p00-s506-rg0,3,0,x275_sampling_readout_factorial_source,4,75497472,524288,Fresh measured 5x5 source union for a target-sealed sampling/readout factorial. Each replay reads and pays only its selected source-cell union.,controlled_model_dim_source_prefix_smalln_5x5,29360320.0,29360320.0,0.0,0.162821576719,16,x275_factorial_full_5x5_collection,,1.305337,0,144,75497472,1.0,physical_full_5x5_replay_buffer,3:0,0:0;0:1;0:2;0:3;0:4;1:0;1:1;1:2;1:3;1:4;2:0;2:1;2:2;2:3;2:4;3:0;3:1;3:2;3:3;3:4;4:0;4:1;4:2;4:3;4:4,x275_sampling_readout_factorial,paired_train_seed,sealed_evaluation_only,Submit GPU jobs to gpumedium; do not use pilot/gpupilot.
fsl_x275_factorial_source5x5_s501_512_20260717_1717_n3-d1-dep4-md512-it216-x1p00-s506-rg0,source_sampling_readout_factorial,canonical,4,72,64,512,506,216,113246208,524288,16,2048,40,1,L,fsl-x275-factorial-source5x5-s501-512-20260717-1717-n3-d1-dep4-md512-it216-x1p00-s506-rg0,3,1,x275_sampling_readout_factorial_source,4,113246208,524288,Fresh measured 5x5 source union for a target-sealed sampling/readout factorial. Each replay reads and pays only its selected source-cell union.,controlled_model_dim_source_prefix_smalln_5x5,29360320.0,29360320.0,0.0,0.162821576719,17,x275_factorial_full_5x5_collection,,1.305337,0,216,113246208,1.0,physical_full_5x5_replay_buffer,3:1,0:0;0:1;0:2;0:3;0:4;1:0;1:1;1:2;1:3;1:4;2:0;2:1;2:2;2:3;2:4;3:0;3:1;3:2;3:3;3:4;4:0;4:1;4:2;4:3;4:4,x275_sampling_readout_factorial,paired_train_seed,sealed_evaluation_only,Submit GPU jobs to gpumedium; do not use pilot/gpupilot.
fsl_x275_factorial_source5x5_s501_512_20260717_1717_n3-d2-dep4-md512-it324-x1p00-s506-rg0,source_sampling_readout_factorial,canonical,4,72,64,512,506,324,169869312,524288,16,2048,40,1,L,fsl-x275-factorial-source5x5-s501-512-20260717-1717-n3-d2-dep4-md512-it324-x1p00-s506-rg0,3,2,x275_sampling_readout_factorial_source,4,169869312,524288,Fresh measured 5x5 source union for a target-sealed sampling/readout factorial. Each replay reads and pays only its selected source-cell union.,controlled_model_dim_source_prefix_smalln_5x5,29360320.0,29360320.0,0.0,0.162821576719,18,x275_factorial_full_5x5_collection,,1.305337,0,324,169869312,1.0,physical_full_5x5_replay_buffer,3:2,0:0;0:1;0:2;0:3;0:4;1:0;1:1;1:2;1:3;1:4;2:0;2:1;2:2;2:3;2:4;3:0;3:1;3:2;3:3;3:4;4:0;4:1;4:2;4:3;4:4,x275_sampling_readout_factorial,paired_train_seed,sealed_evaluation_only,Submit GPU jobs to gpumedium; do not use pilot/gpupilot.
fsl_x275_factorial_source5x5_s501_512_20260717_1717_n3-d3-dep4-md512-it486-x1p00-s506-rg0,source_sampling_readout_factorial,canonical,4,72,64,512,506,486,254803968,524288,16,2048,40,1,L,fsl-x275-factorial-source5x5-s501-512-20260717-1717-n3-d3-dep4-md512-it486-x1p00-s506-rg0,3,3,x275_sampling_readout_factorial_source,4,254803968,524288,Fresh measured 5x5 source union for a target-sealed sampling/readout factorial. Each replay reads and pays only its selected source-cell union.,controlled_model_dim_source_prefix_smalln_5x5,29360320.0,29360320.0,0.0,0.162821576719,19,x275_factorial_full_5x5_collection,,1.305337,0,486,254803968,1.0,physical_full_5x5_replay_buffer,3:3,0:0;0:1;0:2;0:3;0:4;1:0;1:1;1:2;1:3;1:4;2:0;2:1;2:2;2:3;2:4;3:0;3:1;3:2;3:3;3:4;4:0;4:1;4:2;4:3;4:4,x275_sampling_readout_factorial,paired_train_seed,sealed_evaluation_only,Submit GPU jobs to gpumedium; do not use pilot/gpupilot.
fsl_x275_factorial_source5x5_s501_512_20260717_1717_n3-d4-dep4-md512-it729-x1p00-s506-rg0,source_sampling_readout_factorial,canonical,4,72,64,512,506,729,382205952,524288,16,2048,40,1,L,fsl-x275-factorial-source5x5-s501-512-20260717-1717-n3-d4-dep4-md512-it729-x1p00-s506-rg0,3,4,x275_sampling_readout_factorial_source,4,382205952,524288,Fresh measured 5x5 source union for a target-sealed sampling/readout factorial. Each replay reads and pays only its selected source-cell union.,controlled_model_dim_source_prefix_smalln_5x5,29360320.0,29360320.0,0.0,0.162821576719,20,x275_factorial_full_5x5_collection,,1.305337,0,729,382205952,1.0,physical_full_5x5_replay_buffer,3:4,0:0;0:1;0:2;0:3;0:4;1:0;1:1;1:2;1:3;1:4;2:0;2:1;2:2;2:3;2:4;3:0;3:1;3:2;3:3;3:4;4:0;4:1;4:2;4:3;4:4,x275_sampling_readout_factorial,paired_train_seed,sealed_evaluation_only,Submit GPU jobs to gpumedium; do not use pilot/gpupilot.
fsl_x275_factorial_source5x5_s501_512_20260717_1717_n4-d0-dep4-md704-it144-x1p00-s506-rg0,source_sampling_readout_factorial,canonical,4,72,64,704,506,144,75497472,524288,16,2048,40,1,L,fsl-x275-factorial-source5x5-s501-512-20260717-1717-n4-d0-dep4-md704-it144-x1p00-s506-rg0,4,0,x275_sampling_readout_factorial_source,4,75497472,524288,Fresh measured 5x5 source union for a target-sealed sampling/readout factorial. Each replay reads and pays only its selected source-cell union.,controlled_model_dim_source_prefix_smalln_5x5,46858504.0,46858504.0,0.0,0.162821576719,21,x275_factorial_full_5x5_collection,,1.305337,0,144,75497472,1.0,physical_full_5x5_replay_buffer,4:0,0:0;0:1;0:2;0:3;0:4;1:0;1:1;1:2;1:3;1:4;2:0;2:1;2:2;2:3;2:4;3:0;3:1;3:2;3:3;3:4;4:0;4:1;4:2;4:3;4:4,x275_sampling_readout_factorial,paired_train_seed,sealed_evaluation_only,Submit GPU jobs to gpumedium; do not use pilot/gpupilot.
fsl_x275_factorial_source5x5_s501_512_20260717_1717_n4-d1-dep4-md704-it216-x1p00-s506-rg0,source_sampling_readout_factorial,canonical,4,72,64,704,506,216,113246208,524288,16,2048,40,1,L,fsl-x275-factorial-source5x5-s501-512-20260717-1717-n4-d1-dep4-md704-it216-x1p00-s506-rg0,4,1,x275_sampling_readout_factorial_source,4,113246208,524288,Fresh measured 5x5 source union for a target-sealed sampling/readout factorial. Each replay reads and pays only its selected source-cell union.,controlled_model_dim_source_prefix_smalln_5x5,46858504.0,46858504.0,0.0,0.162821576719,22,x275_factorial_full_5x5_collection,,1.305337,0,216,113246208,1.0,physical_full_5x5_replay_buffer,4:1,0:0;0:1;0:2;0:3;0:4;1:0;1:1;1:2;1:3;1:4;2:0;2:1;2:2;2:3;2:4;3:0;3:1;3:2;3:3;3:4;4:0;4:1;4:2;4:3;4:4,x275_sampling_readout_factorial,paired_train_seed,sealed_evaluation_only,Submit GPU jobs to gpumedium; do not use pilot/gpupilot.
fsl_x275_factorial_source5x5_s501_512_20260717_1717_n4-d2-dep4-md704-it324-x1p00-s506-rg0,source_sampling_readout_factorial,canonical,4,72,64,704,506,324,169869312,524288,16,2048,40,1,L,fsl-x275-factorial-source5x5-s501-512-20260717-1717-n4-d2-dep4-md704-it324-x1p00-s506-rg0,4,2,x275_sampling_readout_factorial_source,4,169869312,524288,Fresh measured 5x5 source union for a target-sealed sampling/readout factorial. Each replay reads and pays only its selected source-cell union.,controlled_model_dim_source_prefix_smalln_5x5,46858504.0,46858504.0,0.0,0.162821576719,23,x275_factorial_full_5x5_collection,,1.305337,0,324,169869312,1.0,physical_full_5x5_replay_buffer,4:2,0:0;0:1;0:2;0:3;0:4;1:0;1:1;1:2;1:3;1:4;2:0;2:1;2:2;2:3;2:4;3:0;3:1;3:2;3:3;3:4;4:0;4:1;4:2;4:3;4:4,x275_sampling_readout_factorial,paired_train_seed,sealed_evaluation_only,Submit GPU jobs to gpumedium; do not use pilot/gpupilot.
fsl_x275_factorial_source5x5_s501_512_20260717_1717_n4-d3-dep4-md704-it486-x1p00-s506-rg0,source_sampling_readout_factorial,canonical,4,72,64,704,506,486,254803968,524288,16,2048,40,1,L,fsl-x275-factorial-source5x5-s501-512-20260717-1717-n4-d3-dep4-md704-it486-x1p00-s506-rg0,4,3,x275_sampling_readout_factorial_source,4,254803968,524288,Fresh measured 5x5 source union for a target-sealed sampling/readout factorial. Each replay reads and pays only its selected source-cell union.,controlled_model_dim_source_prefix_smalln_5x5,46858504.0,46858504.0,0.0,0.162821576719,24,x275_factorial_full_5x5_collection,,1.305337,0,486,254803968,1.0,physical_full_5x5_replay_buffer,4:3,0:0;0:1;0:2;0:3;0:4;1:0;1:1;1:2;1:3;1:4;2:0;2:1;2:2;2:3;2:4;3:0;3:1;3:2;3:3;3:4;4:0;4:1;4:2;4:3;4:4,x275_sampling_readout_factorial,paired_train_seed,sealed_evaluation_only,Submit GPU jobs to gpumedium; do not use pilot/gpupilot.
fsl_x275_factorial_source5x5_s501_512_20260717_1717_n4-d4-dep4-md704-it729-x1p00-s506-rg0,source_sampling_readout_factorial,canonical,4,72,64,704,506,729,382205952,524288,16,2048,40,1,L,fsl-x275-factorial-source5x5-s501-512-20260717-1717-n4-d4-dep4-md704-it729-x1p00-s506-rg0,4,4,x275_sampling_readout_factorial_source,4,382205952,524288,Fresh measured 5x5 source union for a target-sealed sampling/readout factorial. Each replay reads and pays only its selected source-cell union.,controlled_model_dim_source_prefix_smalln_5x5,46858504.0,46858504.0,0.0,0.162821576719,25,x275_factorial_full_5x5_collection,,1.305337,0,729,382205952,1.0,physical_full_5x5_replay_buffer,4:4,0:0;0:1;0:2;0:3;0:4;1:0;1:1;1:2;1:3;1:4;2:0;2:1;2:2;2:3;2:4;3:0;3:1;3:2;3:3;3:4;4:0;4:1;4:2;4:3;4:4,x275_sampling_readout_factorial,paired_train_seed,sealed_evaluation_only,Submit GPU jobs to gpumedium; do not use pilot/gpupilot.
fsl_x275_factorial_source5x5_s501_512_20260717_1717_n0-d0-dep4-md128-it144-x1p00-s507-rg0,source_sampling_readout_factorial,canonical,4,72,64,128,507,144,75497472,524288,16,2048,40,1,L,fsl-x275-factorial-source5x5-s501-512-20260717-1717-n0-d0-dep4-md128-it144-x1p00-s507-rg0,0,0,x275_sampling_readout_factorial_source,4,75497472,524288,Fresh measured 5x5 source union for a target-sealed sampling/readout factorial. Each replay reads and pays only its selected source-cell union.,controlled_model_dim_source_prefix_smalln_5x5,4980784.0,4980784.0,0.0,0.162821576719,1,x275_factorial_full_5x5_collection,,1.305337,0,144,75497472,1.0,physical_full_5x5_replay_buffer,0:0,0:0;0:1;0:2;0:3;0:4;1:0;1:1;1:2;1:3;1:4;2:0;2:1;2:2;2:3;2:4;3:0;3:1;3:2;3:3;3:4;4:0;4:1;4:2;4:3;4:4,x275_sampling_readout_factorial,paired_train_seed,sealed_evaluation_only,Submit GPU jobs to gpumedium; do not use pilot/gpupilot.
fsl_x275_factorial_source5x5_s501_512_20260717_1717_n0-d1-dep4-md128-it216-x1p00-s507-rg0,source_sampling_readout_factorial,canonical,4,72,64,128,507,216,113246208,524288,16,2048,40,1,L,fsl-x275-factorial-source5x5-s501-512-20260717-1717-n0-d1-dep4-md128-it216-x1p00-s507-rg0,0,1,x275_sampling_readout_factorial_source,4,113246208,524288,Fresh measured 5x5 source union for a target-sealed sampling/readout factorial. Each replay reads and pays only its selected source-cell union.,controlled_model_dim_source_prefix_smalln_5x5,4980784.0,4980784.0,0.0,0.162821576719,2,x275_factorial_full_5x5_collection,,1.305337,0,216,113246208,1.0,physical_full_5x5_replay_buffer,0:1,0:0;0:1;0:2;0:3;0:4;1:0;1:1;1:2;1:3;1:4;2:0;2:1;2:2;2:3;2:4;3:0;3:1;3:2;3:3;3:4;4:0;4:1;4:2;4:3;4:4,x275_sampling_readout_factorial,paired_train_seed,sealed_evaluation_only,Submit GPU jobs to gpumedium; do not use pilot/gpupilot.
fsl_x275_factorial_source5x5_s501_512_20260717_1717_n0-d2-dep4-md128-it324-x1p00-s507-rg0,source_sampling_readout_factorial,canonical,4,72,64,128,507,324,169869312,524288,16,2048,40,1,L,fsl-x275-factorial-source5x5-s501-512-20260717-1717-n0-d2-dep4-md128-it324-x1p00-s507-rg0,0,2,x275_sampling_readout_factorial_source,4,169869312,524288,Fresh measured 5x5 source union for a target-sealed sampling/readout factorial. Each replay reads and pays only its selected source-cell union.,controlled_model_dim_source_prefix_smalln_5x5,4980784.0,4980784.0,0.0,0.162821576719,3,x275_factorial_full_5x5_collection,,1.305337,0,324,169869312,1.0,physical_full_5x5_replay_buffer,0:2,0:0;0:1;0:2;0:3;0:4;1:0;1:1;1:2;1:3;1:4;2:0;2:1;2:2;2:3;2:4;3:0;3:1;3:2;3:3;3:4;4:0;4:1;4:2;4:3;4:4,x275_sampling_readout_factorial,paired_train_seed,sealed_evaluation_only,Submit GPU jobs to gpumedium; do not use pilot/gpupilot.
fsl_x275_factorial_source5x5_s501_512_20260717_1717_n0-d3-dep4-md128-it486-x1p00-s507-rg0,source_sampling_readout_factorial,canonical,4,72,64,128,507,486,254803968,524288,16,2048,40,1,L,fsl-x275-factorial-source5x5-s501-512-20260717-1717-n0-d3-dep4-md128-it486-x1p00-s507-rg0,0,3,x275_sampling_readout_factorial_source,4,254803968,524288,Fresh measured 5x5 source union for a target-sealed sampling/readout factorial. Each replay reads and pays only its selected source-cell union.,controlled_model_dim_source_prefix_smalln_5x5,4980784.0,4980784.0,0.0,0.162821576719,4,x275_factorial_full_5x5_collection,,1.305337,0,486,254803968,1.0,physical_full_5x5_replay_buffer,0:3,0:0;0:1;0:2;0:3;0:4;1:0;1:1;1:2;1:3;1:4;2:0;2:1;2:2;2:3;2:4;3:0;3:1;3:2;3:3;3:4;4:0;4:1;4:2;4:3;4:4,x275_sampling_readout_factorial,paired_train_seed,sealed_evaluation_only,Submit GPU jobs to gpumedium; do not use pilot/gpupilot.
fsl_x275_factorial_source5x5_s501_512_20260717_1717_n0-d4-dep4-md128-it729-x1p00-s507-rg0,source_sampling_readout_factorial,canonical,4,72,64,128,507,729,382205952,524288,16,2048,40,1,L,fsl-x275-factorial-source5x5-s501-512-20260717-1717-n0-d4-dep4-md128-it729-x1p00-s507-rg0,0,4,x275_sampling_readout_factorial_source,4,382205952,524288,Fresh measured 5x5 source union for a target-sealed sampling/readout factorial. Each replay reads and pays only its selected source-cell union.,controlled_model_dim_source_prefix_smalln_5x5,4980784.0,4980784.0,0.0,0.162821576719,5,x275_factorial_full_5x5_collection,,1.305337,0,729,382205952,1.0,physical_full_5x5_replay_buffer,0:4,0:0;0:1;0:2;0:3;0:4;1:0;1:1;1:2;1:3;1:4;2:0;2:1;2:2;2:3;2:4;3:0;3:1;3:2;3:3;3:4;4:0;4:1;4:2;4:3;4:4,x275_sampling_readout_factorial,paired_train_seed,sealed_evaluation_only,Submit GPU jobs to gpumedium; do not use pilot/gpupilot.
fsl_x275_factorial_source5x5_s501_512_20260717_1717_n1-d0-dep4-md192-it144-x1p00-s507-rg0,source_sampling_readout_factorial,canonical,4,72,64,192,507,144,75497472,524288,16,2048,40,1,L,fsl-x275-factorial-source5x5-s501-512-20260717-1717-n1-d0-dep4-md192-it144-x1p00-s507-rg0,1,0,x275_sampling_readout_factorial_source,4,75497472,524288,Fresh measured 5x5 source union for a target-sealed sampling/readout factorial. Each replay reads and pays only its selected source-cell union.,controlled_model_dim_source_prefix_smalln_5x5,8061000.0,8061000.0,0.0,0.162821576719,6,x275_factorial_full_5x5_collection,,1.305337,0,144,75497472,1.0,physical_full_5x5_replay_buffer,1:0,0:0;0:1;0:2;0:3;0:4;1:0;1:1;1:2;1:3;1:4;2:0;2:1;2:2;2:3;2:4;3:0;3:1;3:2;3:3;3:4;4:0;4:1;4:2;4:3;4:4,x275_sampling_readout_factorial,paired_train_seed,sealed_evaluation_only,Submit GPU jobs to gpumedium; do not use pilot/gpupilot.
fsl_x275_factorial_source5x5_s501_512_20260717_1717_n1-d1-dep4-md192-it216-x1p00-s507-rg0,source_sampling_readout_factorial,canonical,4,72,64,192,507,216,113246208,524288,16,2048,40,1,L,fsl-x275-factorial-source5x5-s501-512-20260717-1717-n1-d1-dep4-md192-it216-x1p00-s507-rg0,1,1,x275_sampling_readout_factorial_source,4,113246208,524288,Fresh measured 5x5 source union for a target-sealed sampling/readout factorial. Each replay reads and pays only its selected source-cell union.,controlled_model_dim_source_prefix_smalln_5x5,8061000.0,8061000.0,0.0,0.162821576719,7,x275_factorial_full_5x5_collection,,1.305337,0,216,113246208,1.0,physical_full_5x5_replay_buffer,1:1,0:0;0:1;0:2;0:3;0:4;1:0;1:1;1:2;1:3;1:4;2:0;2:1;2:2;2:3;2:4;3:0;3:1;3:2;3:3;3:4;4:0;4:1;4:2;4:3;4:4,x275_sampling_readout_factorial,paired_train_seed,sealed_evaluation_only,Submit GPU jobs to gpumedium; do not use pilot/gpupilot.
fsl_x275_factorial_source5x5_s501_512_20260717_1717_n1-d2-dep4-md192-it324-x1p00-s507-rg0,source_sampling_readout_factorial,canonical,4,72,64,192,507,324,169869312,524288,16,2048,40,1,L,fsl-x275-factorial-source5x5-s501-512-20260717-1717-n1-d2-dep4-md192-it324-x1p00-s507-rg0,1,2,x275_sampling_readout_factorial_source,4,169869312,524288,Fresh measured 5x5 source union for a target-sealed sampling/readout factorial. Each replay reads and pays only its selected source-cell union.,controlled_model_dim_source_prefix_smalln_5x5,8061000.0,8061000.0,0.0,0.162821576719,8,x275_factorial_full_5x5_collection,,1.305337,0,324,169869312,1.0,physical_full_5x5_replay_buffer,1:2,0:0;0:1;0:2;0:3;0:4;1:0;1:1;1:2;1:3;1:4;2:0;2:1;2:2;2:3;2:4;3:0;3:1;3:2;3:3;3:4;4:0;4:1;4:2;4:3;4:4,x275_sampling_readout_factorial,paired_train_seed,sealed_evaluation_only,Submit GPU jobs to gpumedium; do not use pilot/gpupilot.
fsl_x275_factorial_source5x5_s501_512_20260717_1717_n1-d3-dep4-md192-it486-x1p00-s507-rg0,source_sampling_readout_factorial,canonical,4,72,64,192,507,486,254803968,524288,16,2048,40,1,L,fsl-x275-factorial-source5x5-s501-512-20260717-1717-n1-d3-dep4-md192-it486-x1p00-s507-rg0,1,3,x275_sampling_readout_factorial_source,4,254803968,524288,Fresh measured 5x5 source union for a target-sealed sampling/readout factorial. Each replay reads and pays only its selected source-cell union.,controlled_model_dim_source_prefix_smalln_5x5,8061000.0,8061000.0,0.0,0.162821576719,9,x275_factorial_full_5x5_collection,,1.305337,0,486,254803968,1.0,physical_full_5x5_replay_buffer,1:3,0:0;0:1;0:2;0:3;0:4;1:0;1:1;1:2;1:3;1:4;2:0;2:1;2:2;2:3;2:4;3:0;3:1;3:2;3:3;3:4;4:0;4:1;4:2;4:3;4:4,x275_sampling_readout_factorial,paired_train_seed,sealed_evaluation_only,Submit GPU jobs to gpumedium; do not use pilot/gpupilot.
fsl_x275_factorial_source5x5_s501_512_20260717_1717_n1-d4-dep4-md192-it729-x1p00-s507-rg0,source_sampling_readout_factorial,canonical,4,72,64,192,507,729,382205952,524288,16,2048,40,1,L,fsl-x275-factorial-source5x5-s501-512-20260717-1717-n1-d4-dep4-md192-it729-x1p00-s507-rg0,1,4,x275_sampling_readout_factorial_source,4,382205952,524288,Fresh measured 5x5 source union for a target-sealed sampling/readout factorial. Each replay reads and pays only its selected source-cell union.,controlled_model_dim_source_prefix_smalln_5x5,8061000.0,8061000.0,0.0,0.162821576719,10,x275_factorial_full_5x5_collection,,1.305337,0,729,382205952,1.0,physical_full_5x5_replay_buffer,1:4,0:0;0:1;0:2;0:3;0:4;1:0;1:1;1:2;1:3;1:4;2:0;2:1;2:2;2:3;2:4;3:0;3:1;3:2;3:3;3:4;4:0;4:1;4:2;4:3;4:4,x275_sampling_readout_factorial,paired_train_seed,sealed_evaluation_only,Submit GPU jobs to gpumedium; do not use pilot/gpupilot.
fsl_x275_factorial_source5x5_s501_512_20260717_1717_n2-d0-dep4-md320-it144-x1p00-s507-rg0,source_sampling_readout_factorial,canonical,4,72,64,320,507,144,75497472,524288,16,2048,40,1,L,fsl-x275-factorial-source5x5-s501-512-20260717-1717-n2-d0-dep4-md320-it144-x1p00-s507-rg0,2,0,x275_sampling_readout_factorial_source,4,75497472,524288,Fresh measured 5x5 source union for a target-sealed sampling/readout factorial. Each replay reads and pays only its selected source-cell union.,controlled_model_dim_source_prefix_smalln_5x5,15401080.0,15401080.0,0.0,0.162821576719,11,x275_factorial_full_5x5_collection,,1.305337,0,144,75497472,1.0,physical_full_5x5_replay_buffer,2:0,0:0;0:1;0:2;0:3;0:4;1:0;1:1;1:2;1:3;1:4;2:0;2:1;2:2;2:3;2:4;3:0;3:1;3:2;3:3;3:4;4:0;4:1;4:2;4:3;4:4,x275_sampling_readout_factorial,paired_train_seed,sealed_evaluation_only,Submit GPU jobs to gpumedium; do not use pilot/gpupilot.
fsl_x275_factorial_source5x5_s501_512_20260717_1717_n2-d1-dep4-md320-it216-x1p00-s507-rg0,source_sampling_readout_factorial,canonical,4,72,64,320,507,216,113246208,524288,16,2048,40,1,L,fsl-x275-factorial-source5x5-s501-512-20260717-1717-n2-d1-dep4-md320-it216-x1p00-s507-rg0,2,1,x275_sampling_readout_factorial_source,4,113246208,524288,Fresh measured 5x5 source union for a target-sealed sampling/readout factorial. Each replay reads and pays only its selected source-cell union.,controlled_model_dim_source_prefix_smalln_5x5,15401080.0,15401080.0,0.0,0.162821576719,12,x275_factorial_full_5x5_collection,,1.305337,0,216,113246208,1.0,physical_full_5x5_replay_buffer,2:1,0:0;0:1;0:2;0:3;0:4;1:0;1:1;1:2;1:3;1:4;2:0;2:1;2:2;2:3;2:4;3:0;3:1;3:2;3:3;3:4;4:0;4:1;4:2;4:3;4:4,x275_sampling_readout_factorial,paired_train_seed,sealed_evaluation_only,Submit GPU jobs to gpumedium; do not use pilot/gpupilot.
fsl_x275_factorial_source5x5_s501_512_20260717_1717_n2-d2-dep4-md320-it324-x1p00-s507-rg0,source_sampling_readout_factorial,canonical,4,72,64,320,507,324,169869312,524288,16,2048,40,1,L,fsl-x275-factorial-source5x5-s501-512-20260717-1717-n2-d2-dep4-md320-it324-x1p00-s507-rg0,2,2,x275_sampling_readout_factorial_source,4,169869312,524288,Fresh measured 5x5 source union for a target-sealed sampling/readout factorial. Each replay reads and pays only its selected source-cell union.,controlled_model_dim_source_prefix_smalln_5x5,15401080.0,15401080.0,0.0,0.162821576719,13,x275_factorial_full_5x5_collection,,1.305337,0,324,169869312,1.0,physical_full_5x5_replay_buffer,2:2,0:0;0:1;0:2;0:3;0:4;1:0;1:1;1:2;1:3;1:4;2:0;2:1;2:2;2:3;2:4;3:0;3:1;3:2;3:3;3:4;4:0;4:1;4:2;4:3;4:4,x275_sampling_readout_factorial,paired_train_seed,sealed_evaluation_only,Submit GPU jobs to gpumedium; do not use pilot/gpupilot.
fsl_x275_factorial_source5x5_s501_512_20260717_1717_n2-d3-dep4-md320-it486-x1p00-s507-rg0,source_sampling_readout_factorial,canonical,4,72,64,320,507,486,254803968,524288,16,2048,40,1,L,fsl-x275-factorial-source5x5-s501-512-20260717-1717-n2-d3-dep4-md320-it486-x1p00-s507-rg0,2,3,x275_sampling_readout_factorial_source,4,254803968,524288,Fresh measured 5x5 source union for a target-sealed sampling/readout factorial. Each replay reads and pays only its selected source-cell union.,controlled_model_dim_source_prefix_smalln_5x5,15401080.0,15401080.0,0.0,0.162821576719,14,x275_factorial_full_5x5_collection,,1.305337,0,486,254803968,1.0,physical_full_5x5_replay_buffer,2:3,0:0;0:1;0:2;0:3;0:4;1:0;1:1;1:2;1:3;1:4;2:0;2:1;2:2;2:3;2:4;3:0;3:1;3:2;3:3;3:4;4:0;4:1;4:2;4:3;4:4,x275_sampling_readout_factorial,paired_train_seed,sealed_evaluation_only,Submit GPU jobs to gpumedium; do not use pilot/gpupilot.
fsl_x275_factorial_source5x5_s501_512_20260717_1717_n2-d4-dep4-md320-it729-x1p00-s507-rg0,source_sampling_readout_factorial,canonical,4,72,64,320,507,729,382205952,524288,16,2048,40,1,L,fsl-x275-factorial-source5x5-s501-512-20260717-1717-n2-d4-dep4-md320-it729-x1p00-s507-rg0,2,4,x275_sampling_readout_factorial_source,4,382205952,524288,Fresh measured 5x5 source union for a target-sealed sampling/readout factorial. Each replay reads and pays only its selected source-cell union.,controlled_model_dim_source_prefix_smalln_5x5,15401080.0,15401080.0,0.0,0.162821576719,15,x275_factorial_full_5x5_collection,,1.305337,0,729,382205952,1.0,physical_full_5x5_replay_buffer,2:4,0:0;0:1;0:2;0:3;0:4;1:0;1:1;1:2;1:3;1:4;2:0;2:1;2:2;2:3;2:4;3:0;3:1;3:2;3:3;3:4;4:0;4:1;4:2;4:3;4:4,x275_sampling_readout_factorial,paired_train_seed,sealed_evaluation_only,Submit GPU jobs to gpumedium; do not use pilot/gpupilot.
fsl_x275_factorial_source5x5_s501_512_20260717_1717_n3-d0-dep4-md512-it144-x1p00-s507-rg0,source_sampling_readout_factorial,canonical,4,72,64,512,507,144,75497472,524288,16,2048,40,1,L,fsl-x275-factorial-source5x5-s501-512-20260717-1717-n3-d0-dep4-md512-it144-x1p00-s507-rg0,3,0,x275_sampling_readout_factorial_source,4,75497472,524288,Fresh measured 5x5 source union for a target-sealed sampling/readout factorial. Each replay reads and pays only its selected source-cell union.,controlled_model_dim_source_prefix_smalln_5x5,29360320.0,29360320.0,0.0,0.162821576719,16,x275_factorial_full_5x5_collection,,1.305337,0,144,75497472,1.0,physical_full_5x5_replay_buffer,3:0,0:0;0:1;0:2;0:3;0:4;1:0;1:1;1:2;1:3;1:4;2:0;2:1;2:2;2:3;2:4;3:0;3:1;3:2;3:3;3:4;4:0;4:1;4:2;4:3;4:4,x275_sampling_readout_factorial,paired_train_seed,sealed_evaluation_only,Submit GPU jobs to gpumedium; do not use pilot/gpupilot.
fsl_x275_factorial_source5x5_s501_512_20260717_1717_n3-d1-dep4-md512-it216-x1p00-s507-rg0,source_sampling_readout_factorial,canonical,4,72,64,512,507,216,113246208,524288,16,2048,40,1,L,fsl-x275-factorial-source5x5-s501-512-20260717-1717-n3-d1-dep4-md512-it216-x1p00-s507-rg0,3,1,x275_sampling_readout_factorial_source,4,113246208,524288,Fresh measured 5x5 source union for a target-sealed sampling/readout factorial. Each replay reads and pays only its selected source-cell union.,controlled_model_dim_source_prefix_smalln_5x5,29360320.0,29360320.0,0.0,0.162821576719,17,x275_factorial_full_5x5_collection,,1.305337,0,216,113246208,1.0,physical_full_5x5_replay_buffer,3:1,0:0;0:1;0:2;0:3;0:4;1:0;1:1;1:2;1:3;1:4;2:0;2:1;2:2;2:3;2:4;3:0;3:1;3:2;3:3;3:4;4:0;4:1;4:2;4:3;4:4,x275_sampling_readout_factorial,paired_train_seed,sealed_evaluation_only,Submit GPU jobs to gpumedium; do not use pilot/gpupilot.
fsl_x275_factorial_source5x5_s501_512_20260717_1717_n3-d2-dep4-md512-it324-x1p00-s507-rg0,source_sampling_readout_factorial,canonical,4,72,64,512,507,324,169869312,524288,16,2048,40,1,L,fsl-x275-factorial-source5x5-s501-512-20260717-1717-n3-d2-dep4-md512-it324-x1p00-s507-rg0,3,2,x275_sampling_readout_factorial_source,4,169869312,524288,Fresh measured 5x5 source union for a target-sealed sampling/readout factorial. Each replay reads and pays only its selected source-cell union.,controlled_model_dim_source_prefix_smalln_5x5,29360320.0,29360320.0,0.0,0.162821576719,18,x275_factorial_full_5x5_collection,,1.305337,0,324,169869312,1.0,physical_full_5x5_replay_buffer,3:2,0:0;0:1;0:2;0:3;0:4;1:0;1:1;1:2;1:3;1:4;2:0;2:1;2:2;2:3;2:4;3:0;3:1;3:2;3:3;3:4;4:0;4:1;4:2;4:3;4:4,x275_sampling_readout_factorial,paired_train_seed,sealed_evaluation_only,Submit GPU jobs to gpumedium; do not use pilot/gpupilot.
fsl_x275_factorial_source5x5_s501_512_20260717_1717_n3-d3-dep4-md512-it486-x1p00-s507-rg0,source_sampling_readout_factorial,canonical,4,72,64,512,507,486,254803968,524288,16,2048,40,1,L,fsl-x275-factorial-source5x5-s501-512-20260717-1717-n3-d3-dep4-md512-it486-x1p00-s507-rg0,3,3,x275_sampling_readout_factorial_source,4,254803968,524288,Fresh measured 5x5 source union for a target-sealed sampling/readout factorial. Each replay reads and pays only its selected source-cell union.,controlled_model_dim_source_prefix_smalln_5x5,29360320.0,29360320.0,0.0,0.162821576719,19,x275_factorial_full_5x5_collection,,1.305337,0,486,254803968,1.0,physical_full_5x5_replay_buffer,3:3,0:0;0:1;0:2;0:3;0:4;1:0;1:1;1:2;1:3;1:4;2:0;2:1;2:2;2:3;2:4;3:0;3:1;3:2;3:3;3:4;4:0;4:1;4:2;4:3;4:4,x275_sampling_readout_factorial,paired_train_seed,sealed_evaluation_only,Submit GPU jobs to gpumedium; do not use pilot/gpupilot.
fsl_x275_factorial_source5x5_s501_512_20260717_1717_n3-d4-dep4-md512-it729-x1p00-s507-rg0,source_sampling_readout_factorial,canonical,4,72,64,512,507,729,382205952,524288,16,2048,40,1,L,fsl-x275-factorial-source5x5-s501-512-20260717-1717-n3-d4-dep4-md512-it729-x1p00-s507-rg0,3,4,x275_sampling_readout_factorial_source,4,382205952,524288,Fresh measured 5x5 source union for a target-sealed sampling/readout factorial. Each replay reads and pays only its selected source-cell union.,controlled_model_dim_source_prefix_smalln_5x5,29360320.0,29360320.0,0.0,0.162821576719,20,x275_factorial_full_5x5_collection,,1.305337,0,729,382205952,1.0,physical_full_5x5_replay_buffer,3:4,0:0;0:1;0:2;0:3;0:4;1:0;1:1;1:2;1:3;1:4;2:0;2:1;2:2;2:3;2:4;3:0;3:1;3:2;3:3;3:4;4:0;4:1;4:2;4:3;4:4,x275_sampling_readout_factorial,paired_train_seed,sealed_evaluation_only,Submit GPU jobs to gpumedium; do not use pilot/gpupilot.
fsl_x275_factorial_source5x5_s501_512_20260717_1717_n4-d0-dep4-md704-it144-x1p00-s507-rg0,source_sampling_readout_factorial,canonical,4,72,64,704,507,144,75497472,524288,16,2048,40,1,L,fsl-x275-factorial-source5x5-s501-512-20260717-1717-n4-d0-dep4-md704-it144-x1p00-s507-rg0,4,0,x275_sampling_readout_factorial_source,4,75497472,524288,Fresh measured 5x5 source union for a target-sealed sampling/readout factorial. Each replay reads and pays only its selected source-cell union.,controlled_model_dim_source_prefix_smalln_5x5,46858504.0,46858504.0,0.0,0.162821576719,21,x275_factorial_full_5x5_collection,,1.305337,0,144,75497472,1.0,physical_full_5x5_replay_buffer,4:0,0:0;0:1;0:2;0:3;0:4;1:0;1:1;1:2;1:3;1:4;2:0;2:1;2:2;2:3;2:4;3:0;3:1;3:2;3:3;3:4;4:0;4:1;4:2;4:3;4:4,x275_sampling_readout_factorial,paired_train_seed,sealed_evaluation_only,Submit GPU jobs to gpumedium; do not use pilot/gpupilot.
fsl_x275_factorial_source5x5_s501_512_20260717_1717_n4-d1-dep4-md704-it216-x1p00-s507-rg0,source_sampling_readout_factorial,canonical,4,72,64,704,507,216,113246208,524288,16,2048,40,1,L,fsl-x275-factorial-source5x5-s501-512-20260717-1717-n4-d1-dep4-md704-it216-x1p00-s507-rg0,4,1,x275_sampling_readout_factorial_source,4,113246208,524288,Fresh measured 5x5 source union for a target-sealed sampling/readout factorial. Each replay reads and pays only its selected source-cell union.,controlled_model_dim_source_prefix_smalln_5x5,46858504.0,46858504.0,0.0,0.162821576719,22,x275_factorial_full_5x5_collection,,1.305337,0,216,113246208,1.0,physical_full_5x5_replay_buffer,4:1,0:0;0:1;0:2;0:3;0:4;1:0;1:1;1:2;1:3;1:4;2:0;2:1;2:2;2:3;2:4;3:0;3:1;3:2;3:3;3:4;4:0;4:1;4:2;4:3;4:4,x275_sampling_readout_factorial,paired_train_seed,sealed_evaluation_only,Submit GPU jobs to gpumedium; do not use pilot/gpupilot.
fsl_x275_factorial_source5x5_s501_512_20260717_1717_n4-d2-dep4-md704-it324-x1p00-s507-rg0,source_sampling_readout_factorial,canonical,4,72,64,704,507,324,169869312,524288,16,2048,40,1,L,fsl-x275-factorial-source5x5-s501-512-20260717-1717-n4-d2-dep4-md704-it324-x1p00-s507-rg0,4,2,x275_sampling_readout_factorial_source,4,169869312,524288,Fresh measured 5x5 source union for a target-sealed sampling/readout factorial. Each replay reads and pays only its selected source-cell union.,controlled_model_dim_source_prefix_smalln_5x5,46858504.0,46858504.0,0.0,0.162821576719,23,x275_factorial_full_5x5_collection,,1.305337,0,324,169869312,1.0,physical_full_5x5_replay_buffer,4:2,0:0;0:1;0:2;0:3;0:4;1:0;1:1;1:2;1:3;1:4;2:0;2:1;2:2;2:3;2:4;3:0;3:1;3:2;3:3;3:4;4:0;4:1;4:2;4:3;4:4,x275_sampling_readout_factorial,paired_train_seed,sealed_evaluation_only,Submit GPU jobs to gpumedium; do not use pilot/gpupilot.
fsl_x275_factorial_source5x5_s501_512_20260717_1717_n4-d3-dep4-md704-it486-x1p00-s507-rg0,source_sampling_readout_factorial,canonical,4,72,64,704,507,486,254803968,524288,16,2048,40,1,L,fsl-x275-factorial-source5x5-s501-512-20260717-1717-n4-d3-dep4-md704-it486-x1p00-s507-rg0,4,3,x275_sampling_readout_factorial_source,4,254803968,524288,Fresh measured 5x5 source union for a target-sealed sampling/readout factorial. Each replay reads and pays only its selected source-cell union.,controlled_model_dim_source_prefix_smalln_5x5,46858504.0,46858504.0,0.0,0.162821576719,24,x275_factorial_full_5x5_collection,,1.305337,0,486,254803968,1.0,physical_full_5x5_replay_buffer,4:3,0:0;0:1;0:2;0:3;0:4;1:0;1:1;1:2;1:3;1:4;2:0;2:1;2:2;2:3;2:4;3:0;3:1;3:2;3:3;3:4;4:0;4:1;4:2;4:3;4:4,x275_sampling_readout_factorial,paired_train_seed,sealed_evaluation_only,Submit GPU jobs to gpumedium; do not use pilot/gpupilot.
fsl_x275_factorial_source5x5_s501_512_20260717_1717_n4-d4-dep4-md704-it729-x1p00-s507-rg0,source_sampling_readout_factorial,canonical,4,72,64,704,507,729,382205952,524288,16,2048,40,1,L,fsl-x275-factorial-source5x5-s501-512-20260717-1717-n4-d4-dep4-md704-it729-x1p00-s507-rg0,4,4,x275_sampling_readout_factorial_source,4,382205952,524288,Fresh measured 5x5 source union for a target-sealed sampling/readout factorial. Each replay reads and pays only its selected source-cell union.,controlled_model_dim_source_prefix_smalln_5x5,46858504.0,46858504.0,0.0,0.162821576719,25,x275_factorial_full_5x5_collection,,1.305337,0,729,382205952,1.0,physical_full_5x5_replay_buffer,4:4,0:0;0:1;0:2;0:3;0:4;1:0;1:1;1:2;1:3;1:4;2:0;2:1;2:2;2:3;2:4;3:0;3:1;3:2;3:3;3:4;4:0;4:1;4:2;4:3;4:4,x275_sampling_readout_factorial,paired_train_seed,sealed_evaluation_only,Submit GPU jobs to gpumedium; do not use pilot/gpupilot.
fsl_x275_factorial_source5x5_s501_512_20260717_1717_n0-d0-dep4-md128-it144-x1p00-s508-rg0,source_sampling_readout_factorial,canonical,4,72,64,128,508,144,75497472,524288,16,2048,40,1,L,fsl-x275-factorial-source5x5-s501-512-20260717-1717-n0-d0-dep4-md128-it144-x1p00-s508-rg0,0,0,x275_sampling_readout_factorial_source,4,75497472,524288,Fresh measured 5x5 source union for a target-sealed sampling/readout factorial. Each replay reads and pays only its selected source-cell union.,controlled_model_dim_source_prefix_smalln_5x5,4980784.0,4980784.0,0.0,0.162821576719,1,x275_factorial_full_5x5_collection,,1.305337,0,144,75497472,1.0,physical_full_5x5_replay_buffer,0:0,0:0;0:1;0:2;0:3;0:4;1:0;1:1;1:2;1:3;1:4;2:0;2:1;2:2;2:3;2:4;3:0;3:1;3:2;3:3;3:4;4:0;4:1;4:2;4:3;4:4,x275_sampling_readout_factorial,paired_train_seed,sealed_evaluation_only,Submit GPU jobs to gpumedium; do not use pilot/gpupilot.
fsl_x275_factorial_source5x5_s501_512_20260717_1717_n0-d1-dep4-md128-it216-x1p00-s508-rg0,source_sampling_readout_factorial,canonical,4,72,64,128,508,216,113246208,524288,16,2048,40,1,L,fsl-x275-factorial-source5x5-s501-512-20260717-1717-n0-d1-dep4-md128-it216-x1p00-s508-rg0,0,1,x275_sampling_readout_factorial_source,4,113246208,524288,Fresh measured 5x5 source union for a target-sealed sampling/readout factorial. Each replay reads and pays only its selected source-cell union.,controlled_model_dim_source_prefix_smalln_5x5,4980784.0,4980784.0,0.0,0.162821576719,2,x275_factorial_full_5x5_collection,,1.305337,0,216,113246208,1.0,physical_full_5x5_replay_buffer,0:1,0:0;0:1;0:2;0:3;0:4;1:0;1:1;1:2;1:3;1:4;2:0;2:1;2:2;2:3;2:4;3:0;3:1;3:2;3:3;3:4;4:0;4:1;4:2;4:3;4:4,x275_sampling_readout_factorial,paired_train_seed,sealed_evaluation_only,Submit GPU jobs to gpumedium; do not use pilot/gpupilot.
fsl_x275_factorial_source5x5_s501_512_20260717_1717_n0-d2-dep4-md128-it324-x1p00-s508-rg0,source_sampling_readout_factorial,canonical,4,72,64,128,508,324,169869312,524288,16,2048,40,1,L,fsl-x275-factorial-source5x5-s501-512-20260717-1717-n0-d2-dep4-md128-it324-x1p00-s508-rg0,0,2,x275_sampling_readout_factorial_source,4,169869312,524288,Fresh measured 5x5 source union for a target-sealed sampling/readout factorial. Each replay reads and pays only its selected source-cell union.,controlled_model_dim_source_prefix_smalln_5x5,4980784.0,4980784.0,0.0,0.162821576719,3,x275_factorial_full_5x5_collection,,1.305337,0,324,169869312,1.0,physical_full_5x5_replay_buffer,0:2,0:0;0:1;0:2;0:3;0:4;1:0;1:1;1:2;1:3;1:4;2:0;2:1;2:2;2:3;2:4;3:0;3:1;3:2;3:3;3:4;4:0;4:1;4:2;4:3;4:4,x275_sampling_readout_factorial,paired_train_seed,sealed_evaluation_only,Submit GPU jobs to gpumedium; do not use pilot/gpupilot.
fsl_x275_factorial_source5x5_s501_512_20260717_1717_n0-d3-dep4-md128-it486-x1p00-s508-rg0,source_sampling_readout_factorial,canonical,4,72,64,128,508,486,254803968,524288,16,2048,40,1,L,fsl-x275-factorial-source5x5-s501-512-20260717-1717-n0-d3-dep4-md128-it486-x1p00-s508-rg0,0,3,x275_sampling_readout_factorial_source,4,254803968,524288,Fresh measured 5x5 source union for a target-sealed sampling/readout factorial. Each replay reads and pays only its selected source-cell union.,controlled_model_dim_source_prefix_smalln_5x5,4980784.0,4980784.0,0.0,0.162821576719,4,x275_factorial_full_5x5_collection,,1.305337,0,486,254803968,1.0,physical_full_5x5_replay_buffer,0:3,0:0;0:1;0:2;0:3;0:4;1:0;1:1;1:2;1:3;1:4;2:0;2:1;2:2;2:3;2:4;3:0;3:1;3:2;3:3;3:4;4:0;4:1;4:2;4:3;4:4,x275_sampling_readout_factorial,paired_train_seed,sealed_evaluation_only,Submit GPU jobs to gpumedium; do not use pilot/gpupilot.
fsl_x275_factorial_source5x5_s501_512_20260717_1717_n0-d4-dep4-md128-it729-x1p00-s508-rg0,source_sampling_readout_factorial,canonical,4,72,64,128,508,729,382205952,524288,16,2048,40,1,L,fsl-x275-factorial-source5x5-s501-512-20260717-1717-n0-d4-dep4-md128-it729-x1p00-s508-rg0,0,4,x275_sampling_readout_factorial_source,4,382205952,524288,Fresh measured 5x5 source union for a target-sealed sampling/readout factorial. Each replay reads and pays only its selected source-cell union.,controlled_model_dim_source_prefix_smalln_5x5,4980784.0,4980784.0,0.0,0.162821576719,5,x275_factorial_full_5x5_collection,,1.305337,0,729,382205952,1.0,physical_full_5x5_replay_buffer,0:4,0:0;0:1;0:2;0:3;0:4;1:0;1:1;1:2;1:3;1:4;2:0;2:1;2:2;2:3;2:4;3:0;3:1;3:2;3:3;3:4;4:0;4:1;4:2;4:3;4:4,x275_sampling_readout_factorial,paired_train_seed,sealed_evaluation_only,Submit GPU jobs to gpumedium; do not use pilot/gpupilot.
fsl_x275_factorial_source5x5_s501_512_20260717_1717_n1-d0-dep4-md192-it144-x1p00-s508-rg0,source_sampling_readout_factorial,canonical,4,72,64,192,508,144,75497472,524288,16,2048,40,1,L,fsl-x275-factorial-source5x5-s501-512-20260717-1717-n1-d0-dep4-md192-it144-x1p00-s508-rg0,1,0,x275_sampling_readout_factorial_source,4,75497472,524288,Fresh measured 5x5 source union for a target-sealed sampling/readout factorial. Each replay reads and pays only its selected source-cell union.,controlled_model_dim_source_prefix_smalln_5x5,8061000.0,8061000.0,0.0,0.162821576719,6,x275_factorial_full_5x5_collection,,1.305337,0,144,75497472,1.0,physical_full_5x5_replay_buffer,1:0,0:0;0:1;0:2;0:3;0:4;1:0;1:1;1:2;1:3;1:4;2:0;2:1;2:2;2:3;2:4;3:0;3:1;3:2;3:3;3:4;4:0;4:1;4:2;4:3;4:4,x275_sampling_readout_factorial,paired_train_seed,sealed_evaluation_only,Submit GPU jobs to gpumedium; do not use pilot/gpupilot.
fsl_x275_factorial_source5x5_s501_512_20260717_1717_n1-d1-dep4-md192-it216-x1p00-s508-rg0,source_sampling_readout_factorial,canonical,4,72,64,192,508,216,113246208,524288,16,2048,40,1,L,fsl-x275-factorial-source5x5-s501-512-20260717-1717-n1-d1-dep4-md192-it216-x1p00-s508-rg0,1,1,x275_sampling_readout_factorial_source,4,113246208,524288,Fresh measured 5x5 source union for a target-sealed sampling/readout factorial. Each replay reads and pays only its selected source-cell union.,controlled_model_dim_source_prefix_smalln_5x5,8061000.0,8061000.0,0.0,0.162821576719,7,x275_factorial_full_5x5_collection,,1.305337,0,216,113246208,1.0,physical_full_5x5_replay_buffer,1:1,0:0;0:1;0:2;0:3;0:4;1:0;1:1;1:2;1:3;1:4;2:0;2:1;2:2;2:3;2:4;3:0;3:1;3:2;3:3;3:4;4:0;4:1;4:2;4:3;4:4,x275_sampling_readout_factorial,paired_train_seed,sealed_evaluation_only,Submit GPU jobs to gpumedium; do not use pilot/gpupilot.
fsl_x275_factorial_source5x5_s501_512_20260717_1717_n1-d2-dep4-md192-it324-x1p00-s508-rg0,source_sampling_readout_factorial,canonical,4,72,64,192,508,324,169869312,524288,16,2048,40,1,L,fsl-x275-factorial-source5x5-s501-512-20260717-1717-n1-d2-dep4-md192-it324-x1p00-s508-rg0,1,2,x275_sampling_readout_factorial_source,4,169869312,524288,Fresh measured 5x5 source union for a target-sealed sampling/readout factorial. Each replay reads and pays only its selected source-cell union.,controlled_model_dim_source_prefix_smalln_5x5,8061000.0,8061000.0,0.0,0.162821576719,8,x275_factorial_full_5x5_collection,,1.305337,0,324,169869312,1.0,physical_full_5x5_replay_buffer,1:2,0:0;0:1;0:2;0:3;0:4;1:0;1:1;1:2;1:3;1:4;2:0;2:1;2:2;2:3;2:4;3:0;3:1;3:2;3:3;3:4;4:0;4:1;4:2;4:3;4:4,x275_sampling_readout_factorial,paired_train_seed,sealed_evaluation_only,Submit GPU jobs to gpumedium; do not use pilot/gpupilot.
fsl_x275_factorial_source5x5_s501_512_20260717_1717_n1-d3-dep4-md192-it486-x1p00-s508-rg0,source_sampling_readout_factorial,canonical,4,72,64,192,508,486,254803968,524288,16,2048,40,1,L,fsl-x275-factorial-source5x5-s501-512-20260717-1717-n1-d3-dep4-md192-it486-x1p00-s508-rg0,1,3,x275_sampling_readout_factorial_source,4,254803968,524288,Fresh measured 5x5 source union for a target-sealed sampling/readout factorial. Each replay reads and pays only its selected source-cell union.,controlled_model_dim_source_prefix_smalln_5x5,8061000.0,8061000.0,0.0,0.162821576719,9,x275_factorial_full_5x5_collection,,1.305337,0,486,254803968,1.0,physical_full_5x5_replay_buffer,1:3,0:0;0:1;0:2;0:3;0:4;1:0;1:1;1:2;1:3;1:4;2:0;2:1;2:2;2:3;2:4;3:0;3:1;3:2;3:3;3:4;4:0;4:1;4:2;4:3;4:4,x275_sampling_readout_factorial,paired_train_seed,sealed_evaluation_only,Submit GPU jobs to gpumedium; do not use pilot/gpupilot.
fsl_x275_factorial_source5x5_s501_512_20260717_1717_n1-d4-dep4-md192-it729-x1p00-s508-rg0,source_sampling_readout_factorial,canonical,4,72,64,192,508,729,382205952,524288,16,2048,40,1,L,fsl-x275-factorial-source5x5-s501-512-20260717-1717-n1-d4-dep4-md192-it729-x1p00-s508-rg0,1,4,x275_sampling_readout_factorial_source,4,382205952,524288,Fresh measured 5x5 source union for a target-sealed sampling/readout factorial. Each replay reads and pays only its selected source-cell union.,controlled_model_dim_source_prefix_smalln_5x5,8061000.0,8061000.0,0.0,0.162821576719,10,x275_factorial_full_5x5_collection,,1.305337,0,729,382205952,1.0,physical_full_5x5_replay_buffer,1:4,0:0;0:1;0:2;0:3;0:4;1:0;1:1;1:2;1:3;1:4;2:0;2:1;2:2;2:3;2:4;3:0;3:1;3:2;3:3;3:4;4:0;4:1;4:2;4:3;4:4,x275_sampling_readout_factorial,paired_train_seed,sealed_evaluation_only,Submit GPU jobs to gpumedium; do not use pilot/gpupilot.
fsl_x275_factorial_source5x5_s501_512_20260717_1717_n2-d0-dep4-md320-it144-x1p00-s508-rg0,source_sampling_readout_factorial,canonical,4,72,64,320,508,144,75497472,524288,16,2048,40,1,L,fsl-x275-factorial-source5x5-s501-512-20260717-1717-n2-d0-dep4-md320-it144-x1p00-s508-rg0,2,0,x275_sampling_readout_factorial_source,4,75497472,524288,Fresh measured 5x5 source union for a target-sealed sampling/readout factorial. Each replay reads and pays only its selected source-cell union.,controlled_model_dim_source_prefix_smalln_5x5,15401080.0,15401080.0,0.0,0.162821576719,11,x275_factorial_full_5x5_collection,,1.305337,0,144,75497472,1.0,physical_full_5x5_replay_buffer,2:0,0:0;0:1;0:2;0:3;0:4;1:0;1:1;1:2;1:3;1:4;2:0;2:1;2:2;2:3;2:4;3:0;3:1;3:2;3:3;3:4;4:0;4:1;4:2;4:3;4:4,x275_sampling_readout_factorial,paired_train_seed,sealed_evaluation_only,Submit GPU jobs to gpumedium; do not use pilot/gpupilot.
fsl_x275_factorial_source5x5_s501_512_20260717_1717_n2-d1-dep4-md320-it216-x1p00-s508-rg0,source_sampling_readout_factorial,canonical,4,72,64,320,508,216,113246208,524288,16,2048,40,1,L,fsl-x275-factorial-source5x5-s501-512-20260717-1717-n2-d1-dep4-md320-it216-x1p00-s508-rg0,2,1,x275_sampling_readout_factorial_source,4,113246208,524288,Fresh measured 5x5 source union for a target-sealed sampling/readout factorial. Each replay reads and pays only its selected source-cell union.,controlled_model_dim_source_prefix_smalln_5x5,15401080.0,15401080.0,0.0,0.162821576719,12,x275_factorial_full_5x5_collection,,1.305337,0,216,113246208,1.0,physical_full_5x5_replay_buffer,2:1,0:0;0:1;0:2;0:3;0:4;1:0;1:1;1:2;1:3;1:4;2:0;2:1;2:2;2:3;2:4;3:0;3:1;3:2;3:3;3:4;4:0;4:1;4:2;4:3;4:4,x275_sampling_readout_factorial,paired_train_seed,sealed_evaluation_only,Submit GPU jobs to gpumedium; do not use pilot/gpupilot.
fsl_x275_factorial_source5x5_s501_512_20260717_1717_n2-d2-dep4-md320-it324-x1p00-s508-rg0,source_sampling_readout_factorial,canonical,4,72,64,320,508,324,169869312,524288,16,2048,40,1,L,fsl-x275-factorial-source5x5-s501-512-20260717-1717-n2-d2-dep4-md320-it324-x1p00-s508-rg0,2,2,x275_sampling_readout_factorial_source,4,169869312,524288,Fresh measured 5x5 source union for a target-sealed sampling/readout factorial. Each replay reads and pays only its selected source-cell union.,controlled_model_dim_source_prefix_smalln_5x5,15401080.0,15401080.0,0.0,0.162821576719,13,x275_factorial_full_5x5_collection,,1.305337,0,324,169869312,1.0,physical_full_5x5_replay_buffer,2:2,0:0;0:1;0:2;0:3;0:4;1:0;1:1;1:2;1:3;1:4;2:0;2:1;2:2;2:3;2:4;3:0;3:1;3:2;3:3;3:4;4:0;4:1;4:2;4:3;4:4,x275_sampling_readout_factorial,paired_train_seed,sealed_evaluation_only,Submit GPU jobs to gpumedium; do not use pilot/gpupilot.
fsl_x275_factorial_source5x5_s501_512_20260717_1717_n2-d3-dep4-md320-it486-x1p00-s508-rg0,source_sampling_readout_factorial,canonical,4,72,64,320,508,486,254803968,524288,16,2048,40,1,L,fsl-x275-factorial-source5x5-s501-512-20260717-1717-n2-d3-dep4-md320-it486-x1p00-s508-rg0,2,3,x275_sampling_readout_factorial_source,4,254803968,524288,Fresh measured 5x5 source union for a target-sealed sampling/readout factorial. Each replay reads and pays only its selected source-cell union.,controlled_model_dim_source_prefix_smalln_5x5,15401080.0,15401080.0,0.0,0.162821576719,14,x275_factorial_full_5x5_collection,,1.305337,0,486,254803968,1.0,physical_full_5x5_replay_buffer,2:3,0:0;0:1;0:2;0:3;0:4;1:0;1:1;1:2;1:3;1:4;2:0;2:1;2:2;2:3;2:4;3:0;3:1;3:2;3:3;3:4;4:0;4:1;4:2;4:3;4:4,x275_sampling_readout_factorial,paired_train_seed,sealed_evaluation_only,Submit GPU jobs to gpumedium; do not use pilot/gpupilot.
fsl_x275_factorial_source5x5_s501_512_20260717_1717_n2-d4-dep4-md320-it729-x1p00-s508-rg0,source_sampling_readout_factorial,canonical,4,72,64,320,508,729,382205952,524288,16,2048,40,1,L,fsl-x275-factorial-source5x5-s501-512-20260717-1717-n2-d4-dep4-md320-it729-x1p00-s508-rg0,2,4,x275_sampling_readout_factorial_source,4,382205952,524288,Fresh measured 5x5 source union for a target-sealed sampling/readout factorial. Each replay reads and pays only its selected source-cell union.,controlled_model_dim_source_prefix_smalln_5x5,15401080.0,15401080.0,0.0,0.162821576719,15,x275_factorial_full_5x5_collection,,1.305337,0,729,382205952,1.0,physical_full_5x5_replay_buffer,2:4,0:0;0:1;0:2;0:3;0:4;1:0;1:1;1:2;1:3;1:4;2:0;2:1;2:2;2:3;2:4;3:0;3:1;3:2;3:3;3:4;4:0;4:1;4:2;4:3;4:4,x275_sampling_readout_factorial,paired_train_seed,sealed_evaluation_only,Submit GPU jobs to gpumedium; do not use pilot/gpupilot.
fsl_x275_factorial_source5x5_s501_512_20260717_1717_n3-d0-dep4-md512-it144-x1p00-s508-rg0,source_sampling_readout_factorial,canonical,4,72,64,512,508,144,75497472,524288,16,2048,40,1,L,fsl-x275-factorial-source5x5-s501-512-20260717-1717-n3-d0-dep4-md512-it144-x1p00-s508-rg0,3,0,x275_sampling_readout_factorial_source,4,75497472,524288,Fresh measured 5x5 source union for a target-sealed sampling/readout factorial. Each replay reads and pays only its selected source-cell union.,controlled_model_dim_source_prefix_smalln_5x5,29360320.0,29360320.0,0.0,0.162821576719,16,x275_factorial_full_5x5_collection,,1.305337,0,144,75497472,1.0,physical_full_5x5_replay_buffer,3:0,0:0;0:1;0:2;0:3;0:4;1:0;1:1;1:2;1:3;1:4;2:0;2:1;2:2;2:3;2:4;3:0;3:1;3:2;3:3;3:4;4:0;4:1;4:2;4:3;4:4,x275_sampling_readout_factorial,paired_train_seed,sealed_evaluation_only,Submit GPU jobs to gpumedium; do not use pilot/gpupilot.
fsl_x275_factorial_source5x5_s501_512_20260717_1717_n3-d1-dep4-md512-it216-x1p00-s508-rg0,source_sampling_readout_factorial,canonical,4,72,64,512,508,216,113246208,524288,16,2048,40,1,L,fsl-x275-factorial-source5x5-s501-512-20260717-1717-n3-d1-dep4-md512-it216-x1p00-s508-rg0,3,1,x275_sampling_readout_factorial_source,4,113246208,524288,Fresh measured 5x5 source union for a target-sealed sampling/readout factorial. Each replay reads and pays only its selected source-cell union.,controlled_model_dim_source_prefix_smalln_5x5,29360320.0,29360320.0,0.0,0.162821576719,17,x275_factorial_full_5x5_collection,,1.305337,0,216,113246208,1.0,physical_full_5x5_replay_buffer,3:1,0:0;0:1;0:2;0:3;0:4;1:0;1:1;1:2;1:3;1:4;2:0;2:1;2:2;2:3;2:4;3:0;3:1;3:2;3:3;3:4;4:0;4:1;4:2;4:3;4:4,x275_sampling_readout_factorial,paired_train_seed,sealed_evaluation_only,Submit GPU jobs to gpumedium; do not use pilot/gpupilot.
fsl_x275_factorial_source5x5_s501_512_20260717_1717_n3-d2-dep4-md512-it324-x1p00-s508-rg0,source_sampling_readout_factorial,canonical,4,72,64,512,508,324,169869312,524288,16,2048,40,1,L,fsl-x275-factorial-source5x5-s501-512-20260717-1717-n3-d2-dep4-md512-it324-x1p00-s508-rg0,3,2,x275_sampling_readout_factorial_source,4,169869312,524288,Fresh measured 5x5 source union for a target-sealed sampling/readout factorial. Each replay reads and pays only its selected source-cell union.,controlled_model_dim_source_prefix_smalln_5x5,29360320.0,29360320.0,0.0,0.162821576719,18,x275_factorial_full_5x5_collection,,1.305337,0,324,169869312,1.0,physical_full_5x5_replay_buffer,3:2,0:0;0:1;0:2;0:3;0:4;1:0;1:1;1:2;1:3;1:4;2:0;2:1;2:2;2:3;2:4;3:0;3:1;3:2;3:3;3:4;4:0;4:1;4:2;4:3;4:4,x275_sampling_readout_factorial,paired_train_seed,sealed_evaluation_only,Submit GPU jobs to gpumedium; do not use pilot/gpupilot.
fsl_x275_factorial_source5x5_s501_512_20260717_1717_n3-d3-dep4-md512-it486-x1p00-s508-rg0,source_sampling_readout_factorial,canonical,4,72,64,512,508,486,254803968,524288,16,2048,40,1,L,fsl-x275-factorial-source5x5-s501-512-20260717-1717-n3-d3-dep4-md512-it486-x1p00-s508-rg0,3,3,x275_sampling_readout_factorial_source,4,254803968,524288,Fresh measured 5x5 source union for a target-sealed sampling/readout factorial. Each replay reads and pays only its selected source-cell union.,controlled_model_dim_source_prefix_smalln_5x5,29360320.0,29360320.0,0.0,0.162821576719,19,x275_factorial_full_5x5_collection,,1.305337,0,486,254803968,1.0,physical_full_5x5_replay_buffer,3:3,0:0;0:1;0:2;0:3;0:4;1:0;1:1;1:2;1:3;1:4;2:0;2:1;2:2;2:3;2:4;3:0;3:1;3:2;3:3;3:4;4:0;4:1;4:2;4:3;4:4,x275_sampling_readout_factorial,paired_train_seed,sealed_evaluation_only,Submit GPU jobs to gpumedium; do not use pilot/gpupilot.
fsl_x275_factorial_source5x5_s501_512_20260717_1717_n3-d4-dep4-md512-it729-x1p00-s508-rg0,source_sampling_readout_factorial,canonical,4,72,64,512,508,729,382205952,524288,16,2048,40,1,L,fsl-x275-factorial-source5x5-s501-512-20260717-1717-n3-d4-dep4-md512-it729-x1p00-s508-rg0,3,4,x275_sampling_readout_factorial_source,4,382205952,524288,Fresh measured 5x5 source union for a target-sealed sampling/readout factorial. Each replay reads and pays only its selected source-cell union.,controlled_model_dim_source_prefix_smalln_5x5,29360320.0,29360320.0,0.0,0.162821576719,20,x275_factorial_full_5x5_collection,,1.305337,0,729,382205952,1.0,physical_full_5x5_replay_buffer,3:4,0:0;0:1;0:2;0:3;0:4;1:0;1:1;1:2;1:3;1:4;2:0;2:1;2:2;2:3;2:4;3:0;3:1;3:2;3:3;3:4;4:0;4:1;4:2;4:3;4:4,x275_sampling_readout_factorial,paired_train_seed,sealed_evaluation_only,Submit GPU jobs to gpumedium; do not use pilot/gpupilot.
fsl_x275_factorial_source5x5_s501_512_20260717_1717_n4-d0-dep4-md704-it144-x1p00-s508-rg0,source_sampling_readout_factorial,canonical,4,72,64,704,508,144,75497472,524288,16,2048,40,1,L,fsl-x275-factorial-source5x5-s501-512-20260717-1717-n4-d0-dep4-md704-it144-x1p00-s508-rg0,4,0,x275_sampling_readout_factorial_source,4,75497472,524288,Fresh measured 5x5 source union for a target-sealed sampling/readout factorial. Each replay reads and pays only its selected source-cell union.,controlled_model_dim_source_prefix_smalln_5x5,46858504.0,46858504.0,0.0,0.162821576719,21,x275_factorial_full_5x5_collection,,1.305337,0,144,75497472,1.0,physical_full_5x5_replay_buffer,4:0,0:0;0:1;0:2;0:3;0:4;1:0;1:1;1:2;1:3;1:4;2:0;2:1;2:2;2:3;2:4;3:0;3:1;3:2;3:3;3:4;4:0;4:1;4:2;4:3;4:4,x275_sampling_readout_factorial,paired_train_seed,sealed_evaluation_only,Submit GPU jobs to gpumedium; do not use pilot/gpupilot.
fsl_x275_factorial_source5x5_s501_512_20260717_1717_n4-d1-dep4-md704-it216-x1p00-s508-rg0,source_sampling_readout_factorial,canonical,4,72,64,704,508,216,113246208,524288,16,2048,40,1,L,fsl-x275-factorial-source5x5-s501-512-20260717-1717-n4-d1-dep4-md704-it216-x1p00-s508-rg0,4,1,x275_sampling_readout_factorial_source,4,113246208,524288,Fresh measured 5x5 source union for a target-sealed sampling/readout factorial. Each replay reads and pays only its selected source-cell union.,controlled_model_dim_source_prefix_smalln_5x5,46858504.0,46858504.0,0.0,0.162821576719,22,x275_factorial_full_5x5_collection,,1.305337,0,216,113246208,1.0,physical_full_5x5_replay_buffer,4:1,0:0;0:1;0:2;0:3;0:4;1:0;1:1;1:2;1:3;1:4;2:0;2:1;2:2;2:3;2:4;3:0;3:1;3:2;3:3;3:4;4:0;4:1;4:2;4:3;4:4,x275_sampling_readout_factorial,paired_train_seed,sealed_evaluation_only,Submit GPU jobs to gpumedium; do not use pilot/gpupilot.
fsl_x275_factorial_source5x5_s501_512_20260717_1717_n4-d2-dep4-md704-it324-x1p00-s508-rg0,source_sampling_readout_factorial,canonical,4,72,64,704,508,324,169869312,524288,16,2048,40,1,L,fsl-x275-factorial-source5x5-s501-512-20260717-1717-n4-d2-dep4-md704-it324-x1p00-s508-rg0,4,2,x275_sampling_readout_factorial_source,4,169869312,524288,Fresh measured 5x5 source union for a target-sealed sampling/readout factorial. Each replay reads and pays only its selected source-cell union.,controlled_model_dim_source_prefix_smalln_5x5,46858504.0,46858504.0,0.0,0.162821576719,23,x275_factorial_full_5x5_collection,,1.305337,0,324,169869312,1.0,physical_full_5x5_replay_buffer,4:2,0:0;0:1;0:2;0:3;0:4;1:0;1:1;1:2;1:3;1:4;2:0;2:1;2:2;2:3;2:4;3:0;3:1;3:2;3:3;3:4;4:0;4:1;4:2;4:3;4:4,x275_sampling_readout_factorial,paired_train_seed,sealed_evaluation_only,Submit GPU jobs to gpumedium; do not use pilot/gpupilot.
fsl_x275_factorial_source5x5_s501_512_20260717_1717_n4-d3-dep4-md704-it486-x1p00-s508-rg0,source_sampling_readout_factorial,canonical,4,72,64,704,508,486,254803968,524288,16,2048,40,1,L,fsl-x275-factorial-source5x5-s501-512-20260717-1717-n4-d3-dep4-md704-it486-x1p00-s508-rg0,4,3,x275_sampling_readout_factorial_source,4,254803968,524288,Fresh measured 5x5 source union for a target-sealed sampling/readout factorial. Each replay reads and pays only its selected source-cell union.,controlled_model_dim_source_prefix_smalln_5x5,46858504.0,46858504.0,0.0,0.162821576719,24,x275_factorial_full_5x5_collection,,1.305337,0,486,254803968,1.0,physical_full_5x5_replay_buffer,4:3,0:0;0:1;0:2;0:3;0:4;1:0;1:1;1:2;1:3;1:4;2:0;2:1;2:2;2:3;2:4;3:0;3:1;3:2;3:3;3:4;4:0;4:1;4:2;4:3;4:4,x275_sampling_readout_factorial,paired_train_seed,sealed_evaluation_only,Submit GPU jobs to gpumedium; do not use pilot/gpupilot.
fsl_x275_factorial_source5x5_s501_512_20260717_1717_n4-d4-dep4-md704-it729-x1p00-s508-rg0,source_sampling_readout_factorial,canonical,4,72,64,704,508,729,382205952,524288,16,2048,40,1,L,fsl-x275-factorial-source5x5-s501-512-20260717-1717-n4-d4-dep4-md704-it729-x1p00-s508-rg0,4,4,x275_sampling_readout_factorial_source,4,382205952,524288,Fresh measured 5x5 source union for a target-sealed sampling/readout factorial. Each replay reads and pays only its selected source-cell union.,controlled_model_dim_source_prefix_smalln_5x5,46858504.0,46858504.0,0.0,0.162821576719,25,x275_factorial_full_5x5_collection,,1.305337,0,729,382205952,1.0,physical_full_5x5_replay_buffer,4:4,0:0;0:1;0:2;0:3;0:4;1:0;1:1;1:2;1:3;1:4;2:0;2:1;2:2;2:3;2:4;3:0;3:1;3:2;3:3;3:4;4:0;4:1;4:2;4:3;4:4,x275_sampling_readout_factorial,paired_train_seed,sealed_evaluation_only,Submit GPU jobs to gpumedium; do not use pilot/gpupilot.
fsl_x275_factorial_source5x5_s501_512_20260717_1717_n0-d0-dep4-md128-it144-x1p00-s509-rg0,source_sampling_readout_factorial,canonical,4,72,64,128,509,144,75497472,524288,16,2048,40,1,L,fsl-x275-factorial-source5x5-s501-512-20260717-1717-n0-d0-dep4-md128-it144-x1p00-s509-rg0,0,0,x275_sampling_readout_factorial_source,4,75497472,524288,Fresh measured 5x5 source union for a target-sealed sampling/readout factorial. Each replay reads and pays only its selected source-cell union.,controlled_model_dim_source_prefix_smalln_5x5,4980784.0,4980784.0,0.0,0.162821576719,1,x275_factorial_full_5x5_collection,,1.305337,0,144,75497472,1.0,physical_full_5x5_replay_buffer,0:0,0:0;0:1;0:2;0:3;0:4;1:0;1:1;1:2;1:3;1:4;2:0;2:1;2:2;2:3;2:4;3:0;3:1;3:2;3:3;3:4;4:0;4:1;4:2;4:3;4:4,x275_sampling_readout_factorial,paired_train_seed,sealed_evaluation_only,Submit GPU jobs to gpumedium; do not use pilot/gpupilot.
fsl_x275_factorial_source5x5_s501_512_20260717_1717_n0-d1-dep4-md128-it216-x1p00-s509-rg0,source_sampling_readout_factorial,canonical,4,72,64,128,509,216,113246208,524288,16,2048,40,1,L,fsl-x275-factorial-source5x5-s501-512-20260717-1717-n0-d1-dep4-md128-it216-x1p00-s509-rg0,0,1,x275_sampling_readout_factorial_source,4,113246208,524288,Fresh measured 5x5 source union for a target-sealed sampling/readout factorial. Each replay reads and pays only its selected source-cell union.,controlled_model_dim_source_prefix_smalln_5x5,4980784.0,4980784.0,0.0,0.162821576719,2,x275_factorial_full_5x5_collection,,1.305337,0,216,113246208,1.0,physical_full_5x5_replay_buffer,0:1,0:0;0:1;0:2;0:3;0:4;1:0;1:1;1:2;1:3;1:4;2:0;2:1;2:2;2:3;2:4;3:0;3:1;3:2;3:3;3:4;4:0;4:1;4:2;4:3;4:4,x275_sampling_readout_factorial,paired_train_seed,sealed_evaluation_only,Submit GPU jobs to gpumedium; do not use pilot/gpupilot.
fsl_x275_factorial_source5x5_s501_512_20260717_1717_n0-d2-dep4-md128-it324-x1p00-s509-rg0,source_sampling_readout_factorial,canonical,4,72,64,128,509,324,169869312,524288,16,2048,40,1,L,fsl-x275-factorial-source5x5-s501-512-20260717-1717-n0-d2-dep4-md128-it324-x1p00-s509-rg0,0,2,x275_sampling_readout_factorial_source,4,169869312,524288,Fresh measured 5x5 source union for a target-sealed sampling/readout factorial. Each replay reads and pays only its selected source-cell union.,controlled_model_dim_source_prefix_smalln_5x5,4980784.0,4980784.0,0.0,0.162821576719,3,x275_factorial_full_5x5_collection,,1.305337,0,324,169869312,1.0,physical_full_5x5_replay_buffer,0:2,0:0;0:1;0:2;0:3;0:4;1:0;1:1;1:2;1:3;1:4;2:0;2:1;2:2;2:3;2:4;3:0;3:1;3:2;3:3;3:4;4:0;4:1;4:2;4:3;4:4,x275_sampling_readout_factorial,paired_train_seed,sealed_evaluation_only,Submit GPU jobs to gpumedium; do not use pilot/gpupilot.
fsl_x275_factorial_source5x5_s501_512_20260717_1717_n0-d3-dep4-md128-it486-x1p00-s509-rg0,source_sampling_readout_factorial,canonical,4,72,64,128,509,486,254803968,524288,16,2048,40,1,L,fsl-x275-factorial-source5x5-s501-512-20260717-1717-n0-d3-dep4-md128-it486-x1p00-s509-rg0,0,3,x275_sampling_readout_factorial_source,4,254803968,524288,Fresh measured 5x5 source union for a target-sealed sampling/readout factorial. Each replay reads and pays only its selected source-cell union.,controlled_model_dim_source_prefix_smalln_5x5,4980784.0,4980784.0,0.0,0.162821576719,4,x275_factorial_full_5x5_collection,,1.305337,0,486,254803968,1.0,physical_full_5x5_replay_buffer,0:3,0:0;0:1;0:2;0:3;0:4;1:0;1:1;1:2;1:3;1:4;2:0;2:1;2:2;2:3;2:4;3:0;3:1;3:2;3:3;3:4;4:0;4:1;4:2;4:3;4:4,x275_sampling_readout_factorial,paired_train_seed,sealed_evaluation_only,Submit GPU jobs to gpumedium; do not use pilot/gpupilot.
fsl_x275_factorial_source5x5_s501_512_20260717_1717_n0-d4-dep4-md128-it729-x1p00-s509-rg0,source_sampling_readout_factorial,canonical,4,72,64,128,509,729,382205952,524288,16,2048,40,1,L,fsl-x275-factorial-source5x5-s501-512-20260717-1717-n0-d4-dep4-md128-it729-x1p00-s509-rg0,0,4,x275_sampling_readout_factorial_source,4,382205952,524288,Fresh measured 5x5 source union for a target-sealed sampling/readout factorial. Each replay reads and pays only its selected source-cell union.,controlled_model_dim_source_prefix_smalln_5x5,4980784.0,4980784.0,0.0,0.162821576719,5,x275_factorial_full_5x5_collection,,1.305337,0,729,382205952,1.0,physical_full_5x5_replay_buffer,0:4,0:0;0:1;0:2;0:3;0:4;1:0;1:1;1:2;1:3;1:4;2:0;2:1;2:2;2:3;2:4;3:0;3:1;3:2;3:3;3:4;4:0;4:1;4:2;4:3;4:4,x275_sampling_readout_factorial,paired_train_seed,sealed_evaluation_only,Submit GPU jobs to gpumedium; do not use pilot/gpupilot.
fsl_x275_factorial_source5x5_s501_512_20260717_1717_n1-d0-dep4-md192-it144-x1p00-s509-rg0,source_sampling_readout_factorial,canonical,4,72,64,192,509,144,75497472,524288,16,2048,40,1,L,fsl-x275-factorial-source5x5-s501-512-20260717-1717-n1-d0-dep4-md192-it144-x1p00-s509-rg0,1,0,x275_sampling_readout_factorial_source,4,75497472,524288,Fresh measured 5x5 source union for a target-sealed sampling/readout factorial. Each replay reads and pays only its selected source-cell union.,controlled_model_dim_source_prefix_smalln_5x5,8061000.0,8061000.0,0.0,0.162821576719,6,x275_factorial_full_5x5_collection,,1.305337,0,144,75497472,1.0,physical_full_5x5_replay_buffer,1:0,0:0;0:1;0:2;0:3;0:4;1:0;1:1;1:2;1:3;1:4;2:0;2:1;2:2;2:3;2:4;3:0;3:1;3:2;3:3;3:4;4:0;4:1;4:2;4:3;4:4,x275_sampling_readout_factorial,paired_train_seed,sealed_evaluation_only,Submit GPU jobs to gpumedium; do not use pilot/gpupilot.
fsl_x275_factorial_source5x5_s501_512_20260717_1717_n1-d1-dep4-md192-it216-x1p00-s509-rg0,source_sampling_readout_factorial,canonical,4,72,64,192,509,216,113246208,524288,16,2048,40,1,L,fsl-x275-factorial-source5x5-s501-512-20260717-1717-n1-d1-dep4-md192-it216-x1p00-s509-rg0,1,1,x275_sampling_readout_factorial_source,4,113246208,524288,Fresh measured 5x5 source union for a target-sealed sampling/readout factorial. Each replay reads and pays only its selected source-cell union.,controlled_model_dim_source_prefix_smalln_5x5,8061000.0,8061000.0,0.0,0.162821576719,7,x275_factorial_full_5x5_collection,,1.305337,0,216,113246208,1.0,physical_full_5x5_replay_buffer,1:1,0:0;0:1;0:2;0:3;0:4;1:0;1:1;1:2;1:3;1:4;2:0;2:1;2:2;2:3;2:4;3:0;3:1;3:2;3:3;3:4;4:0;4:1;4:2;4:3;4:4,x275_sampling_readout_factorial,paired_train_seed,sealed_evaluation_only,Submit GPU jobs to gpumedium; do not use pilot/gpupilot.
fsl_x275_factorial_source5x5_s501_512_20260717_1717_n1-d2-dep4-md192-it324-x1p00-s509-rg0,source_sampling_readout_factorial,canonical,4,72,64,192,509,324,169869312,524288,16,2048,40,1,L,fsl-x275-factorial-source5x5-s501-512-20260717-1717-n1-d2-dep4-md192-it324-x1p00-s509-rg0,1,2,x275_sampling_readout_factorial_source,4,169869312,524288,Fresh measured 5x5 source union for a target-sealed sampling/readout factorial. Each replay reads and pays only its selected source-cell union.,controlled_model_dim_source_prefix_smalln_5x5,8061000.0,8061000.0,0.0,0.162821576719,8,x275_factorial_full_5x5_collection,,1.305337,0,324,169869312,1.0,physical_full_5x5_replay_buffer,1:2,0:0;0:1;0:2;0:3;0:4;1:0;1:1;1:2;1:3;1:4;2:0;2:1;2:2;2:3;2:4;3:0;3:1;3:2;3:3;3:4;4:0;4:1;4:2;4:3;4:4,x275_sampling_readout_factorial,paired_train_seed,sealed_evaluation_only,Submit GPU jobs to gpumedium; do not use pilot/gpupilot.
fsl_x275_factorial_source5x5_s501_512_20260717_1717_n1-d3-dep4-md192-it486-x1p00-s509-rg0,source_sampling_readout_factorial,canonical,4,72,64,192,509,486,254803968,524288,16,2048,40,1,L,fsl-x275-factorial-source5x5-s501-512-20260717-1717-n1-d3-dep4-md192-it486-x1p00-s509-rg0,1,3,x275_sampling_readout_factorial_source,4,254803968,524288,Fresh measured 5x5 source union for a target-sealed sampling/readout factorial. Each replay reads and pays only its selected source-cell union.,controlled_model_dim_source_prefix_smalln_5x5,8061000.0,8061000.0,0.0,0.162821576719,9,x275_factorial_full_5x5_collection,,1.305337,0,486,254803968,1.0,physical_full_5x5_replay_buffer,1:3,0:0;0:1;0:2;0:3;0:4;1:0;1:1;1:2;1:3;1:4;2:0;2:1;2:2;2:3;2:4;3:0;3:1;3:2;3:3;3:4;4:0;4:1;4:2;4:3;4:4,x275_sampling_readout_factorial,paired_train_seed,sealed_evaluation_only,Submit GPU jobs to gpumedium; do not use pilot/gpupilot.
fsl_x275_factorial_source5x5_s501_512_20260717_1717_n1-d4-dep4-md192-it729-x1p00-s509-rg0,source_sampling_readout_factorial,canonical,4,72,64,192,509,729,382205952,524288,16,2048,40,1,L,fsl-x275-factorial-source5x5-s501-512-20260717-1717-n1-d4-dep4-md192-it729-x1p00-s509-rg0,1,4,x275_sampling_readout_factorial_source,4,382205952,524288,Fresh measured 5x5 source union for a target-sealed sampling/readout factorial. Each replay reads and pays only its selected source-cell union.,controlled_model_dim_source_prefix_smalln_5x5,8061000.0,8061000.0,0.0,0.162821576719,10,x275_factorial_full_5x5_collection,,1.305337,0,729,382205952,1.0,physical_full_5x5_replay_buffer,1:4,0:0;0:1;0:2;0:3;0:4;1:0;1:1;1:2;1:3;1:4;2:0;2:1;2:2;2:3;2:4;3:0;3:1;3:2;3:3;3:4;4:0;4:1;4:2;4:3;4:4,x275_sampling_readout_factorial,paired_train_seed,sealed_evaluation_only,Submit GPU jobs to gpumedium; do not use pilot/gpupilot.
fsl_x275_factorial_source5x5_s501_512_20260717_1717_n2-d0-dep4-md320-it144-x1p00-s509-rg0,source_sampling_readout_factorial,canonical,4,72,64,320,509,144,75497472,524288,16,2048,40,1,L,fsl-x275-factorial-source5x5-s501-512-20260717-1717-n2-d0-dep4-md320-it144-x1p00-s509-rg0,2,0,x275_sampling_readout_factorial_source,4,75497472,524288,Fresh measured 5x5 source union for a target-sealed sampling/readout factorial. Each replay reads and pays only its selected source-cell union.,controlled_model_dim_source_prefix_smalln_5x5,15401080.0,15401080.0,0.0,0.162821576719,11,x275_factorial_full_5x5_collection,,1.305337,0,144,75497472,1.0,physical_full_5x5_replay_buffer,2:0,0:0;0:1;0:2;0:3;0:4;1:0;1:1;1:2;1:3;1:4;2:0;2:1;2:2;2:3;2:4;3:0;3:1;3:2;3:3;3:4;4:0;4:1;4:2;4:3;4:4,x275_sampling_readout_factorial,paired_train_seed,sealed_evaluation_only,Submit GPU jobs to gpumedium; do not use pilot/gpupilot.
fsl_x275_factorial_source5x5_s501_512_20260717_1717_n2-d1-dep4-md320-it216-x1p00-s509-rg0,source_sampling_readout_factorial,canonical,4,72,64,320,509,216,113246208,524288,16,2048,40,1,L,fsl-x275-factorial-source5x5-s501-512-20260717-1717-n2-d1-dep4-md320-it216-x1p00-s509-rg0,2,1,x275_sampling_readout_factorial_source,4,113246208,524288,Fresh measured 5x5 source union for a target-sealed sampling/readout factorial. Each replay reads and pays only its selected source-cell union.,controlled_model_dim_source_prefix_smalln_5x5,15401080.0,15401080.0,0.0,0.162821576719,12,x275_factorial_full_5x5_collection,,1.305337,0,216,113246208,1.0,physical_full_5x5_replay_buffer,2:1,0:0;0:1;0:2;0:3;0:4;1:0;1:1;1:2;1:3;1:4;2:0;2:1;2:2;2:3;2:4;3:0;3:1;3:2;3:3;3:4;4:0;4:1;4:2;4:3;4:4,x275_sampling_readout_factorial,paired_train_seed,sealed_evaluation_only,Submit GPU jobs to gpumedium; do not use pilot/gpupilot.
fsl_x275_factorial_source5x5_s501_512_20260717_1717_n2-d2-dep4-md320-it324-x1p00-s509-rg0,source_sampling_readout_factorial,canonical,4,72,64,320,509,324,169869312,524288,16,2048,40,1,L,fsl-x275-factorial-source5x5-s501-512-20260717-1717-n2-d2-dep4-md320-it324-x1p00-s509-rg0,2,2,x275_sampling_readout_factorial_source,4,169869312,524288,Fresh measured 5x5 source union for a target-sealed sampling/readout factorial. Each replay reads and pays only its selected source-cell union.,controlled_model_dim_source_prefix_smalln_5x5,15401080.0,15401080.0,0.0,0.162821576719,13,x275_factorial_full_5x5_collection,,1.305337,0,324,169869312,1.0,physical_full_5x5_replay_buffer,2:2,0:0;0:1;0:2;0:3;0:4;1:0;1:1;1:2;1:3;1:4;2:0;2:1;2:2;2:3;2:4;3:0;3:1;3:2;3:3;3:4;4:0;4:1;4:2;4:3;4:4,x275_sampling_readout_factorial,paired_train_seed,sealed_evaluation_only,Submit GPU jobs to gpumedium; do not use pilot/gpupilot.
fsl_x275_factorial_source5x5_s501_512_20260717_1717_n2-d3-dep4-md320-it486-x1p00-s509-rg0,source_sampling_readout_factorial,canonical,4,72,64,320,509,486,254803968,524288,16,2048,40,1,L,fsl-x275-factorial-source5x5-s501-512-20260717-1717-n2-d3-dep4-md320-it486-x1p00-s509-rg0,2,3,x275_sampling_readout_factorial_source,4,254803968,524288,Fresh measured 5x5 source union for a target-sealed sampling/readout factorial. Each replay reads and pays only its selected source-cell union.,controlled_model_dim_source_prefix_smalln_5x5,15401080.0,15401080.0,0.0,0.162821576719,14,x275_factorial_full_5x5_collection,,1.305337,0,486,254803968,1.0,physical_full_5x5_replay_buffer,2:3,0:0;0:1;0:2;0:3;0:4;1:0;1:1;1:2;1:3;1:4;2:0;2:1;2:2;2:3;2:4;3:0;3:1;3:2;3:3;3:4;4:0;4:1;4:2;4:3;4:4,x275_sampling_readout_factorial,paired_train_seed,sealed_evaluation_only,Submit GPU jobs to gpumedium; do not use pilot/gpupilot.
fsl_x275_factorial_source5x5_s501_512_20260717_1717_n2-d4-dep4-md320-it729-x1p00-s509-rg0,source_sampling_readout_factorial,canonical,4,72,64,320,509,729,382205952,524288,16,2048,40,1,L,fsl-x275-factorial-source5x5-s501-512-20260717-1717-n2-d4-dep4-md320-it729-x1p00-s509-rg0,2,4,x275_sampling_readout_factorial_source,4,382205952,524288,Fresh measured 5x5 source union for a target-sealed sampling/readout factorial. Each replay reads and pays only its selected source-cell union.,controlled_model_dim_source_prefix_smalln_5x5,15401080.0,15401080.0,0.0,0.162821576719,15,x275_factorial_full_5x5_collection,,1.305337,0,729,382205952,1.0,physical_full_5x5_replay_buffer,2:4,0:0;0:1;0:2;0:3;0:4;1:0;1:1;1:2;1:3;1:4;2:0;2:1;2:2;2:3;2:4;3:0;3:1;3:2;3:3;3:4;4:0;4:1;4:2;4:3;4:4,x275_sampling_readout_factorial,paired_train_seed,sealed_evaluation_only,Submit GPU jobs to gpumedium; do not use pilot/gpupilot.
fsl_x275_factorial_source5x5_s501_512_20260717_1717_n3-d0-dep4-md512-it144-x1p00-s509-rg0,source_sampling_readout_factorial,canonical,4,72,64,512,509,144,75497472,524288,16,2048,40,1,L,fsl-x275-factorial-source5x5-s501-512-20260717-1717-n3-d0-dep4-md512-it144-x1p00-s509-rg0,3,0,x275_sampling_readout_factorial_source,4,75497472,524288,Fresh measured 5x5 source union for a target-sealed sampling/readout factorial. Each replay reads and pays only its selected source-cell union.,controlled_model_dim_source_prefix_smalln_5x5,29360320.0,29360320.0,0.0,0.162821576719,16,x275_factorial_full_5x5_collection,,1.305337,0,144,75497472,1.0,physical_full_5x5_replay_buffer,3:0,0:0;0:1;0:2;0:3;0:4;1:0;1:1;1:2;1:3;1:4;2:0;2:1;2:2;2:3;2:4;3:0;3:1;3:2;3:3;3:4;4:0;4:1;4:2;4:3;4:4,x275_sampling_readout_factorial,paired_train_seed,sealed_evaluation_only,Submit GPU jobs to gpumedium; do not use pilot/gpupilot.
fsl_x275_factorial_source5x5_s501_512_20260717_1717_n3-d1-dep4-md512-it216-x1p00-s509-rg0,source_sampling_readout_factorial,canonical,4,72,64,512,509,216,113246208,524288,16,2048,40,1,L,fsl-x275-factorial-source5x5-s501-512-20260717-1717-n3-d1-dep4-md512-it216-x1p00-s509-rg0,3,1,x275_sampling_readout_factorial_source,4,113246208,524288,Fresh measured 5x5 source union for a target-sealed sampling/readout factorial. Each replay reads and pays only its selected source-cell union.,controlled_model_dim_source_prefix_smalln_5x5,29360320.0,29360320.0,0.0,0.162821576719,17,x275_factorial_full_5x5_collection,,1.305337,0,216,113246208,1.0,physical_full_5x5_replay_buffer,3:1,0:0;0:1;0:2;0:3;0:4;1:0;1:1;1:2;1:3;1:4;2:0;2:1;2:2;2:3;2:4;3:0;3:1;3:2;3:3;3:4;4:0;4:1;4:2;4:3;4:4,x275_sampling_readout_factorial,paired_train_seed,sealed_evaluation_only,Submit GPU jobs to gpumedium; do not use pilot/gpupilot.
fsl_x275_factorial_source5x5_s501_512_20260717_1717_n3-d2-dep4-md512-it324-x1p00-s509-rg0,source_sampling_readout_factorial,canonical,4,72,64,512,509,324,169869312,524288,16,2048,40,1,L,fsl-x275-factorial-source5x5-s501-512-20260717-1717-n3-d2-dep4-md512-it324-x1p00-s509-rg0,3,2,x275_sampling_readout_factorial_source,4,169869312,524288,Fresh measured 5x5 source union for a target-sealed sampling/readout factorial. Each replay reads and pays only its selected source-cell union.,controlled_model_dim_source_prefix_smalln_5x5,29360320.0,29360320.0,0.0,0.162821576719,18,x275_factorial_full_5x5_collection,,1.305337,0,324,169869312,1.0,physical_full_5x5_replay_buffer,3:2,0:0;0:1;0:2;0:3;0:4;1:0;1:1;1:2;1:3;1:4;2:0;2:1;2:2;2:3;2:4;3:0;3:1;3:2;3:3;3:4;4:0;4:1;4:2;4:3;4:4,x275_sampling_readout_factorial,paired_train_seed,sealed_evaluation_only,Submit GPU jobs to gpumedium; do not use pilot/gpupilot.
fsl_x275_factorial_source5x5_s501_512_20260717_1717_n3-d3-dep4-md512-it486-x1p00-s509-rg0,source_sampling_readout_factorial,canonical,4,72,64,512,509,486,254803968,524288,16,2048,40,1,L,fsl-x275-factorial-source5x5-s501-512-20260717-1717-n3-d3-dep4-md512-it486-x1p00-s509-rg0,3,3,x275_sampling_readout_factorial_source,4,254803968,524288,Fresh measured 5x5 source union for a target-sealed sampling/readout factorial. Each replay reads and pays only its selected source-cell union.,controlled_model_dim_source_prefix_smalln_5x5,29360320.0,29360320.0,0.0,0.162821576719,19,x275_factorial_full_5x5_collection,,1.305337,0,486,254803968,1.0,physical_full_5x5_replay_buffer,3:3,0:0;0:1;0:2;0:3;0:4;1:0;1:1;1:2;1:3;1:4;2:0;2:1;2:2;2:3;2:4;3:0;3:1;3:2;3:3;3:4;4:0;4:1;4:2;4:3;4:4,x275_sampling_readout_factorial,paired_train_seed,sealed_evaluation_only,Submit GPU jobs to gpumedium; do not use pilot/gpupilot.
fsl_x275_factorial_source5x5_s501_512_20260717_1717_n3-d4-dep4-md512-it729-x1p00-s509-rg0,source_sampling_readout_factorial,canonical,4,72,64,512,509,729,382205952,524288,16,2048,40,1,L,fsl-x275-factorial-source5x5-s501-512-20260717-1717-n3-d4-dep4-md512-it729-x1p00-s509-rg0,3,4,x275_sampling_readout_factorial_source,4,382205952,524288,Fresh measured 5x5 source union for a target-sealed sampling/readout factorial. Each replay reads and pays only its selected source-cell union.,controlled_model_dim_source_prefix_smalln_5x5,29360320.0,29360320.0,0.0,0.162821576719,20,x275_factorial_full_5x5_collection,,1.305337,0,729,382205952,1.0,physical_full_5x5_replay_buffer,3:4,0:0;0:1;0:2;0:3;0:4;1:0;1:1;1:2;1:3;1:4;2:0;2:1;2:2;2:3;2:4;3:0;3:1;3:2;3:3;3:4;4:0;4:1;4:2;4:3;4:4,x275_sampling_readout_factorial,paired_train_seed,sealed_evaluation_only,Submit GPU jobs to gpumedium; do not use pilot/gpupilot.
fsl_x275_factorial_source5x5_s501_512_20260717_1717_n4-d0-dep4-md704-it144-x1p00-s509-rg0,source_sampling_readout_factorial,canonical,4,72,64,704,509,144,75497472,524288,16,2048,40,1,L,fsl-x275-factorial-source5x5-s501-512-20260717-1717-n4-d0-dep4-md704-it144-x1p00-s509-rg0,4,0,x275_sampling_readout_factorial_source,4,75497472,524288,Fresh measured 5x5 source union for a target-sealed sampling/readout factorial. Each replay reads and pays only its selected source-cell union.,controlled_model_dim_source_prefix_smalln_5x5,46858504.0,46858504.0,0.0,0.162821576719,21,x275_factorial_full_5x5_collection,,1.305337,0,144,75497472,1.0,physical_full_5x5_replay_buffer,4:0,0:0;0:1;0:2;0:3;0:4;1:0;1:1;1:2;1:3;1:4;2:0;2:1;2:2;2:3;2:4;3:0;3:1;3:2;3:3;3:4;4:0;4:1;4:2;4:3;4:4,x275_sampling_readout_factorial,paired_train_seed,sealed_evaluation_only,Submit GPU jobs to gpumedium; do not use pilot/gpupilot.
fsl_x275_factorial_source5x5_s501_512_20260717_1717_n4-d1-dep4-md704-it216-x1p00-s509-rg0,source_sampling_readout_factorial,canonical,4,72,64,704,509,216,113246208,524288,16,2048,40,1,L,fsl-x275-factorial-source5x5-s501-512-20260717-1717-n4-d1-dep4-md704-it216-x1p00-s509-rg0,4,1,x275_sampling_readout_factorial_source,4,113246208,524288,Fresh measured 5x5 source union for a target-sealed sampling/readout factorial. Each replay reads and pays only its selected source-cell union.,controlled_model_dim_source_prefix_smalln_5x5,46858504.0,46858504.0,0.0,0.162821576719,22,x275_factorial_full_5x5_collection,,1.305337,0,216,113246208,1.0,physical_full_5x5_replay_buffer,4:1,0:0;0:1;0:2;0:3;0:4;1:0;1:1;1:2;1:3;1:4;2:0;2:1;2:2;2:3;2:4;3:0;3:1;3:2;3:3;3:4;4:0;4:1;4:2;4:3;4:4,x275_sampling_readout_factorial,paired_train_seed,sealed_evaluation_only,Submit GPU jobs to gpumedium; do not use pilot/gpupilot.
fsl_x275_factorial_source5x5_s501_512_20260717_1717_n4-d2-dep4-md704-it324-x1p00-s509-rg0,source_sampling_readout_factorial,canonical,4,72,64,704,509,324,169869312,524288,16,2048,40,1,L,fsl-x275-factorial-source5x5-s501-512-20260717-1717-n4-d2-dep4-md704-it324-x1p00-s509-rg0,4,2,x275_sampling_readout_factorial_source,4,169869312,524288,Fresh measured 5x5 source union for a target-sealed sampling/readout factorial. Each replay reads and pays only its selected source-cell union.,controlled_model_dim_source_prefix_smalln_5x5,46858504.0,46858504.0,0.0,0.162821576719,23,x275_factorial_full_5x5_collection,,1.305337,0,324,169869312,1.0,physical_full_5x5_replay_buffer,4:2,0:0;0:1;0:2;0:3;0:4;1:0;1:1;1:2;1:3;1:4;2:0;2:1;2:2;2:3;2:4;3:0;3:1;3:2;3:3;3:4;4:0;4:1;4:2;4:3;4:4,x275_sampling_readout_factorial,paired_train_seed,sealed_evaluation_only,Submit GPU jobs to gpumedium; do not use pilot/gpupilot.
fsl_x275_factorial_source5x5_s501_512_20260717_1717_n4-d3-dep4-md704-it486-x1p00-s509-rg0,source_sampling_readout_factorial,canonical,4,72,64,704,509,486,254803968,524288,16,2048,40,1,L,fsl-x275-factorial-source5x5-s501-512-20260717-1717-n4-d3-dep4-md704-it486-x1p00-s509-rg0,4,3,x275_sampling_readout_factorial_source,4,254803968,524288,Fresh measured 5x5 source union for a target-sealed sampling/readout factorial. Each replay reads and pays only its selected source-cell union.,controlled_model_dim_source_prefix_smalln_5x5,46858504.0,46858504.0,0.0,0.162821576719,24,x275_factorial_full_5x5_collection,,1.305337,0,486,254803968,1.0,physical_full_5x5_replay_buffer,4:3,0:0;0:1;0:2;0:3;0:4;1:0;1:1;1:2;1:3;1:4;2:0;2:1;2:2;2:3;2:4;3:0;3:1;3:2;3:3;3:4;4:0;4:1;4:2;4:3;4:4,x275_sampling_readout_factorial,paired_train_seed,sealed_evaluation_only,Submit GPU jobs to gpumedium; do not use pilot/gpupilot.
fsl_x275_factorial_source5x5_s501_512_20260717_1717_n4-d4-dep4-md704-it729-x1p00-s509-rg0,source_sampling_readout_factorial,canonical,4,72,64,704,509,729,382205952,524288,16,2048,40,1,L,fsl-x275-factorial-source5x5-s501-512-20260717-1717-n4-d4-dep4-md704-it729-x1p00-s509-rg0,4,4,x275_sampling_readout_factorial_source,4,382205952,524288,Fresh measured 5x5 source union for a target-sealed sampling/readout factorial. Each replay reads and pays only its selected source-cell union.,controlled_model_dim_source_prefix_smalln_5x5,46858504.0,46858504.0,0.0,0.162821576719,25,x275_factorial_full_5x5_collection,,1.305337,0,729,382205952,1.0,physical_full_5x5_replay_buffer,4:4,0:0;0:1;0:2;0:3;0:4;1:0;1:1;1:2;1:3;1:4;2:0;2:1;2:2;2:3;2:4;3:0;3:1;3:2;3:3;3:4;4:0;4:1;4:2;4:3;4:4,x275_sampling_readout_factorial,paired_train_seed,sealed_evaluation_only,Submit GPU jobs to gpumedium; do not use pilot/gpupilot.
fsl_x275_factorial_source5x5_s501_512_20260717_1717_n0-d0-dep4-md128-it144-x1p00-s510-rg0,source_sampling_readout_factorial,canonical,4,72,64,128,510,144,75497472,524288,16,2048,40,1,L,fsl-x275-factorial-source5x5-s501-512-20260717-1717-n0-d0-dep4-md128-it144-x1p00-s510-rg0,0,0,x275_sampling_readout_factorial_source,4,75497472,524288,Fresh measured 5x5 source union for a target-sealed sampling/readout factorial. Each replay reads and pays only its selected source-cell union.,controlled_model_dim_source_prefix_smalln_5x5,4980784.0,4980784.0,0.0,0.162821576719,1,x275_factorial_full_5x5_collection,,1.305337,0,144,75497472,1.0,physical_full_5x5_replay_buffer,0:0,0:0;0:1;0:2;0:3;0:4;1:0;1:1;1:2;1:3;1:4;2:0;2:1;2:2;2:3;2:4;3:0;3:1;3:2;3:3;3:4;4:0;4:1;4:2;4:3;4:4,x275_sampling_readout_factorial,paired_train_seed,sealed_evaluation_only,Submit GPU jobs to gpumedium; do not use pilot/gpupilot.
fsl_x275_factorial_source5x5_s501_512_20260717_1717_n0-d1-dep4-md128-it216-x1p00-s510-rg0,source_sampling_readout_factorial,canonical,4,72,64,128,510,216,113246208,524288,16,2048,40,1,L,fsl-x275-factorial-source5x5-s501-512-20260717-1717-n0-d1-dep4-md128-it216-x1p00-s510-rg0,0,1,x275_sampling_readout_factorial_source,4,113246208,524288,Fresh measured 5x5 source union for a target-sealed sampling/readout factorial. Each replay reads and pays only its selected source-cell union.,controlled_model_dim_source_prefix_smalln_5x5,4980784.0,4980784.0,0.0,0.162821576719,2,x275_factorial_full_5x5_collection,,1.305337,0,216,113246208,1.0,physical_full_5x5_replay_buffer,0:1,0:0;0:1;0:2;0:3;0:4;1:0;1:1;1:2;1:3;1:4;2:0;2:1;2:2;2:3;2:4;3:0;3:1;3:2;3:3;3:4;4:0;4:1;4:2;4:3;4:4,x275_sampling_readout_factorial,paired_train_seed,sealed_evaluation_only,Submit GPU jobs to gpumedium; do not use pilot/gpupilot.
fsl_x275_factorial_source5x5_s501_512_20260717_1717_n0-d2-dep4-md128-it324-x1p00-s510-rg0,source_sampling_readout_factorial,canonical,4,72,64,128,510,324,169869312,524288,16,2048,40,1,L,fsl-x275-factorial-source5x5-s501-512-20260717-1717-n0-d2-dep4-md128-it324-x1p00-s510-rg0,0,2,x275_sampling_readout_factorial_source,4,169869312,524288,Fresh measured 5x5 source union for a target-sealed sampling/readout factorial. Each replay reads and pays only its selected source-cell union.,controlled_model_dim_source_prefix_smalln_5x5,4980784.0,4980784.0,0.0,0.162821576719,3,x275_factorial_full_5x5_collection,,1.305337,0,324,169869312,1.0,physical_full_5x5_replay_buffer,0:2,0:0;0:1;0:2;0:3;0:4;1:0;1:1;1:2;1:3;1:4;2:0;2:1;2:2;2:3;2:4;3:0;3:1;3:2;3:3;3:4;4:0;4:1;4:2;4:3;4:4,x275_sampling_readout_factorial,paired_train_seed,sealed_evaluation_only,Submit GPU jobs to gpumedium; do not use pilot/gpupilot.
fsl_x275_factorial_source5x5_s501_512_20260717_1717_n0-d3-dep4-md128-it486-x1p00-s510-rg0,source_sampling_readout_factorial,canonical,4,72,64,128,510,486,254803968,524288,16,2048,40,1,L,fsl-x275-factorial-source5x5-s501-512-20260717-1717-n0-d3-dep4-md128-it486-x1p00-s510-rg0,0,3,x275_sampling_readout_factorial_source,4,254803968,524288,Fresh measured 5x5 source union for a target-sealed sampling/readout factorial. Each replay reads and pays only its selected source-cell union.,controlled_model_dim_source_prefix_smalln_5x5,4980784.0,4980784.0,0.0,0.162821576719,4,x275_factorial_full_5x5_collection,,1.305337,0,486,254803968,1.0,physical_full_5x5_replay_buffer,0:3,0:0;0:1;0:2;0:3;0:4;1:0;1:1;1:2;1:3;1:4;2:0;2:1;2:2;2:3;2:4;3:0;3:1;3:2;3:3;3:4;4:0;4:1;4:2;4:3;4:4,x275_sampling_readout_factorial,paired_train_seed,sealed_evaluation_only,Submit GPU jobs to gpumedium; do not use pilot/gpupilot.
fsl_x275_factorial_source5x5_s501_512_20260717_1717_n0-d4-dep4-md128-it729-x1p00-s510-rg0,source_sampling_readout_factorial,canonical,4,72,64,128,510,729,382205952,524288,16,2048,40,1,L,fsl-x275-factorial-source5x5-s501-512-20260717-1717-n0-d4-dep4-md128-it729-x1p00-s510-rg0,0,4,x275_sampling_readout_factorial_source,4,382205952,524288,Fresh measured 5x5 source union for a target-sealed sampling/readout factorial. Each replay reads and pays only its selected source-cell union.,controlled_model_dim_source_prefix_smalln_5x5,4980784.0,4980784.0,0.0,0.162821576719,5,x275_factorial_full_5x5_collection,,1.305337,0,729,382205952,1.0,physical_full_5x5_replay_buffer,0:4,0:0;0:1;0:2;0:3;0:4;1:0;1:1;1:2;1:3;1:4;2:0;2:1;2:2;2:3;2:4;3:0;3:1;3:2;3:3;3:4;4:0;4:1;4:2;4:3;4:4,x275_sampling_readout_factorial,paired_train_seed,sealed_evaluation_only,Submit GPU jobs to gpumedium; do not use pilot/gpupilot.
fsl_x275_factorial_source5x5_s501_512_20260717_1717_n1-d0-dep4-md192-it144-x1p00-s510-rg0,source_sampling_readout_factorial,canonical,4,72,64,192,510,144,75497472,524288,16,2048,40,1,L,fsl-x275-factorial-source5x5-s501-512-20260717-1717-n1-d0-dep4-md192-it144-x1p00-s510-rg0,1,0,x275_sampling_readout_factorial_source,4,75497472,524288,Fresh measured 5x5 source union for a target-sealed sampling/readout factorial. Each replay reads and pays only its selected source-cell union.,controlled_model_dim_source_prefix_smalln_5x5,8061000.0,8061000.0,0.0,0.162821576719,6,x275_factorial_full_5x5_collection,,1.305337,0,144,75497472,1.0,physical_full_5x5_replay_buffer,1:0,0:0;0:1;0:2;0:3;0:4;1:0;1:1;1:2;1:3;1:4;2:0;2:1;2:2;2:3;2:4;3:0;3:1;3:2;3:3;3:4;4:0;4:1;4:2;4:3;4:4,x275_sampling_readout_factorial,paired_train_seed,sealed_evaluation_only,Submit GPU jobs to gpumedium; do not use pilot/gpupilot.
fsl_x275_factorial_source5x5_s501_512_20260717_1717_n1-d1-dep4-md192-it216-x1p00-s510-rg0,source_sampling_readout_factorial,canonical,4,72,64,192,510,216,113246208,524288,16,2048,40,1,L,fsl-x275-factorial-source5x5-s501-512-20260717-1717-n1-d1-dep4-md192-it216-x1p00-s510-rg0,1,1,x275_sampling_readout_factorial_source,4,113246208,524288,Fresh measured 5x5 source union for a target-sealed sampling/readout factorial. Each replay reads and pays only its selected source-cell union.,controlled_model_dim_source_prefix_smalln_5x5,8061000.0,8061000.0,0.0,0.162821576719,7,x275_factorial_full_5x5_collection,,1.305337,0,216,113246208,1.0,physical_full_5x5_replay_buffer,1:1,0:0;0:1;0:2;0:3;0:4;1:0;1:1;1:2;1:3;1:4;2:0;2:1;2:2;2:3;2:4;3:0;3:1;3:2;3:3;3:4;4:0;4:1;4:2;4:3;4:4,x275_sampling_readout_factorial,paired_train_seed,sealed_evaluation_only,Submit GPU jobs to gpumedium; do not use pilot/gpupilot.
fsl_x275_factorial_source5x5_s501_512_20260717_1717_n1-d2-dep4-md192-it324-x1p00-s510-rg0,source_sampling_readout_factorial,canonical,4,72,64,192,510,324,169869312,524288,16,2048,40,1,L,fsl-x275-factorial-source5x5-s501-512-20260717-1717-n1-d2-dep4-md192-it324-x1p00-s510-rg0,1,2,x275_sampling_readout_factorial_source,4,169869312,524288,Fresh measured 5x5 source union for a target-sealed sampling/readout factorial. Each replay reads and pays only its selected source-cell union.,controlled_model_dim_source_prefix_smalln_5x5,8061000.0,8061000.0,0.0,0.162821576719,8,x275_factorial_full_5x5_collection,,1.305337,0,324,169869312,1.0,physical_full_5x5_replay_buffer,1:2,0:0;0:1;0:2;0:3;0:4;1:0;1:1;1:2;1:3;1:4;2:0;2:1;2:2;2:3;2:4;3:0;3:1;3:2;3:3;3:4;4:0;4:1;4:2;4:3;4:4,x275_sampling_readout_factorial,paired_train_seed,sealed_evaluation_only,Submit GPU jobs to gpumedium; do not use pilot/gpupilot.
fsl_x275_factorial_source5x5_s501_512_20260717_1717_n1-d3-dep4-md192-it486-x1p00-s510-rg0,source_sampling_readout_factorial,canonical,4,72,64,192,510,486,254803968,524288,16,2048,40,1,L,fsl-x275-factorial-source5x5-s501-512-20260717-1717-n1-d3-dep4-md192-it486-x1p00-s510-rg0,1,3,x275_sampling_readout_factorial_source,4,254803968,524288,Fresh measured 5x5 source union for a target-sealed sampling/readout factorial. Each replay reads and pays only its selected source-cell union.,controlled_model_dim_source_prefix_smalln_5x5,8061000.0,8061000.0,0.0,0.162821576719,9,x275_factorial_full_5x5_collection,,1.305337,0,486,254803968,1.0,physical_full_5x5_replay_buffer,1:3,0:0;0:1;0:2;0:3;0:4;1:0;1:1;1:2;1:3;1:4;2:0;2:1;2:2;2:3;2:4;3:0;3:1;3:2;3:3;3:4;4:0;4:1;4:2;4:3;4:4,x275_sampling_readout_factorial,paired_train_seed,sealed_evaluation_only,Submit GPU jobs to gpumedium; do not use pilot/gpupilot.
fsl_x275_factorial_source5x5_s501_512_20260717_1717_n1-d4-dep4-md192-it729-x1p00-s510-rg0,source_sampling_readout_factorial,canonical,4,72,64,192,510,729,382205952,524288,16,2048,40,1,L,fsl-x275-factorial-source5x5-s501-512-20260717-1717-n1-d4-dep4-md192-it729-x1p00-s510-rg0,1,4,x275_sampling_readout_factorial_source,4,382205952,524288,Fresh measured 5x5 source union for a target-sealed sampling/readout factorial. Each replay reads and pays only its selected source-cell union.,controlled_model_dim_source_prefix_smalln_5x5,8061000.0,8061000.0,0.0,0.162821576719,10,x275_factorial_full_5x5_collection,,1.305337,0,729,382205952,1.0,physical_full_5x5_replay_buffer,1:4,0:0;0:1;0:2;0:3;0:4;1:0;1:1;1:2;1:3;1:4;2:0;2:1;2:2;2:3;2:4;3:0;3:1;3:2;3:3;3:4;4:0;4:1;4:2;4:3;4:4,x275_sampling_readout_factorial,paired_train_seed,sealed_evaluation_only,Submit GPU jobs to gpumedium; do not use pilot/gpupilot.
fsl_x275_factorial_source5x5_s501_512_20260717_1717_n2-d0-dep4-md320-it144-x1p00-s510-rg0,source_sampling_readout_factorial,canonical,4,72,64,320,510,144,75497472,524288,16,2048,40,1,L,fsl-x275-factorial-source5x5-s501-512-20260717-1717-n2-d0-dep4-md320-it144-x1p00-s510-rg0,2,0,x275_sampling_readout_factorial_source,4,75497472,524288,Fresh measured 5x5 source union for a target-sealed sampling/readout factorial. Each replay reads and pays only its selected source-cell union.,controlled_model_dim_source_prefix_smalln_5x5,15401080.0,15401080.0,0.0,0.162821576719,11,x275_factorial_full_5x5_collection,,1.305337,0,144,75497472,1.0,physical_full_5x5_replay_buffer,2:0,0:0;0:1;0:2;0:3;0:4;1:0;1:1;1:2;1:3;1:4;2:0;2:1;2:2;2:3;2:4;3:0;3:1;3:2;3:3;3:4;4:0;4:1;4:2;4:3;4:4,x275_sampling_readout_factorial,paired_train_seed,sealed_evaluation_only,Submit GPU jobs to gpumedium; do not use pilot/gpupilot.
fsl_x275_factorial_source5x5_s501_512_20260717_1717_n2-d1-dep4-md320-it216-x1p00-s510-rg0,source_sampling_readout_factorial,canonical,4,72,64,320,510,216,113246208,524288,16,2048,40,1,L,fsl-x275-factorial-source5x5-s501-512-20260717-1717-n2-d1-dep4-md320-it216-x1p00-s510-rg0,2,1,x275_sampling_readout_factorial_source,4,113246208,524288,Fresh measured 5x5 source union for a target-sealed sampling/readout factorial. Each replay reads and pays only its selected source-cell union.,controlled_model_dim_source_prefix_smalln_5x5,15401080.0,15401080.0,0.0,0.162821576719,12,x275_factorial_full_5x5_collection,,1.305337,0,216,113246208,1.0,physical_full_5x5_replay_buffer,2:1,0:0;0:1;0:2;0:3;0:4;1:0;1:1;1:2;1:3;1:4;2:0;2:1;2:2;2:3;2:4;3:0;3:1;3:2;3:3;3:4;4:0;4:1;4:2;4:3;4:4,x275_sampling_readout_factorial,paired_train_seed,sealed_evaluation_only,Submit GPU jobs to gpumedium; do not use pilot/gpupilot.
fsl_x275_factorial_source5x5_s501_512_20260717_1717_n2-d2-dep4-md320-it324-x1p00-s510-rg0,source_sampling_readout_factorial,canonical,4,72,64,320,510,324,169869312,524288,16,2048,40,1,L,fsl-x275-factorial-source5x5-s501-512-20260717-1717-n2-d2-dep4-md320-it324-x1p00-s510-rg0,2,2,x275_sampling_readout_factorial_source,4,169869312,524288,Fresh measured 5x5 source union for a target-sealed sampling/readout factorial. Each replay reads and pays only its selected source-cell union.,controlled_model_dim_source_prefix_smalln_5x5,15401080.0,15401080.0,0.0,0.162821576719,13,x275_factorial_full_5x5_collection,,1.305337,0,324,169869312,1.0,physical_full_5x5_replay_buffer,2:2,0:0;0:1;0:2;0:3;0:4;1:0;1:1;1:2;1:3;1:4;2:0;2:1;2:2;2:3;2:4;3:0;3:1;3:2;3:3;3:4;4:0;4:1;4:2;4:3;4:4,x275_sampling_readout_factorial,paired_train_seed,sealed_evaluation_only,Submit GPU jobs to gpumedium; do not use pilot/gpupilot.
fsl_x275_factorial_source5x5_s501_512_20260717_1717_n2-d3-dep4-md320-it486-x1p00-s510-rg0,source_sampling_readout_factorial,canonical,4,72,64,320,510,486,254803968,524288,16,2048,40,1,L,fsl-x275-factorial-source5x5-s501-512-20260717-1717-n2-d3-dep4-md320-it486-x1p00-s510-rg0,2,3,x275_sampling_readout_factorial_source,4,254803968,524288,Fresh measured 5x5 source union for a target-sealed sampling/readout factorial. Each replay reads and pays only its selected source-cell union.,controlled_model_dim_source_prefix_smalln_5x5,15401080.0,15401080.0,0.0,0.162821576719,14,x275_factorial_full_5x5_collection,,1.305337,0,486,254803968,1.0,physical_full_5x5_replay_buffer,2:3,0:0;0:1;0:2;0:3;0:4;1:0;1:1;1:2;1:3;1:4;2:0;2:1;2:2;2:3;2:4;3:0;3:1;3:2;3:3;3:4;4:0;4:1;4:2;4:3;4:4,x275_sampling_readout_factorial,paired_train_seed,sealed_evaluation_only,Submit GPU jobs to gpumedium; do not use pilot/gpupilot.
fsl_x275_factorial_source5x5_s501_512_20260717_1717_n2-d4-dep4-md320-it729-x1p00-s510-rg0,source_sampling_readout_factorial,canonical,4,72,64,320,510,729,382205952,524288,16,2048,40,1,L,fsl-x275-factorial-source5x5-s501-512-20260717-1717-n2-d4-dep4-md320-it729-x1p00-s510-rg0,2,4,x275_sampling_readout_factorial_source,4,382205952,524288,Fresh measured 5x5 source union for a target-sealed sampling/readout factorial. Each replay reads and pays only its selected source-cell union.,controlled_model_dim_source_prefix_smalln_5x5,15401080.0,15401080.0,0.0,0.162821576719,15,x275_factorial_full_5x5_collection,,1.305337,0,729,382205952,1.0,physical_full_5x5_replay_buffer,2:4,0:0;0:1;0:2;0:3;0:4;1:0;1:1;1:2;1:3;1:4;2:0;2:1;2:2;2:3;2:4;3:0;3:1;3:2;3:3;3:4;4:0;4:1;4:2;4:3;4:4,x275_sampling_readout_factorial,paired_train_seed,sealed_evaluation_only,Submit GPU jobs to gpumedium; do not use pilot/gpupilot.
fsl_x275_factorial_source5x5_s501_512_20260717_1717_n3-d0-dep4-md512-it144-x1p00-s510-rg0,source_sampling_readout_factorial,canonical,4,72,64,512,510,144,75497472,524288,16,2048,40,1,L,fsl-x275-factorial-source5x5-s501-512-20260717-1717-n3-d0-dep4-md512-it144-x1p00-s510-rg0,3,0,x275_sampling_readout_factorial_source,4,75497472,524288,Fresh measured 5x5 source union for a target-sealed sampling/readout factorial. Each replay reads and pays only its selected source-cell union.,controlled_model_dim_source_prefix_smalln_5x5,29360320.0,29360320.0,0.0,0.162821576719,16,x275_factorial_full_5x5_collection,,1.305337,0,144,75497472,1.0,physical_full_5x5_replay_buffer,3:0,0:0;0:1;0:2;0:3;0:4;1:0;1:1;1:2;1:3;1:4;2:0;2:1;2:2;2:3;2:4;3:0;3:1;3:2;3:3;3:4;4:0;4:1;4:2;4:3;4:4,x275_sampling_readout_factorial,paired_train_seed,sealed_evaluation_only,Submit GPU jobs to gpumedium; do not use pilot/gpupilot.
fsl_x275_factorial_source5x5_s501_512_20260717_1717_n3-d1-dep4-md512-it216-x1p00-s510-rg0,source_sampling_readout_factorial,canonical,4,72,64,512,510,216,113246208,524288,16,2048,40,1,L,fsl-x275-factorial-source5x5-s501-512-20260717-1717-n3-d1-dep4-md512-it216-x1p00-s510-rg0,3,1,x275_sampling_readout_factorial_source,4,113246208,524288,Fresh measured 5x5 source union for a target-sealed sampling/readout factorial. Each replay reads and pays only its selected source-cell union.,controlled_model_dim_source_prefix_smalln_5x5,29360320.0,29360320.0,0.0,0.162821576719,17,x275_factorial_full_5x5_collection,,1.305337,0,216,113246208,1.0,physical_full_5x5_replay_buffer,3:1,0:0;0:1;0:2;0:3;0:4;1:0;1:1;1:2;1:3;1:4;2:0;2:1;2:2;2:3;2:4;3:0;3:1;3:2;3:3;3:4;4:0;4:1;4:2;4:3;4:4,x275_sampling_readout_factorial,paired_train_seed,sealed_evaluation_only,Submit GPU jobs to gpumedium; do not use pilot/gpupilot.
fsl_x275_factorial_source5x5_s501_512_20260717_1717_n3-d2-dep4-md512-it324-x1p00-s510-rg0,source_sampling_readout_factorial,canonical,4,72,64,512,510,324,169869312,524288,16,2048,40,1,L,fsl-x275-factorial-source5x5-s501-512-20260717-1717-n3-d2-dep4-md512-it324-x1p00-s510-rg0,3,2,x275_sampling_readout_factorial_source,4,169869312,524288,Fresh measured 5x5 source union for a target-sealed sampling/readout factorial. Each replay reads and pays only its selected source-cell union.,controlled_model_dim_source_prefix_smalln_5x5,29360320.0,29360320.0,0.0,0.162821576719,18,x275_factorial_full_5x5_collection,,1.305337,0,324,169869312,1.0,physical_full_5x5_replay_buffer,3:2,0:0;0:1;0:2;0:3;0:4;1:0;1:1;1:2;1:3;1:4;2:0;2:1;2:2;2:3;2:4;3:0;3:1;3:2;3:3;3:4;4:0;4:1;4:2;4:3;4:4,x275_sampling_readout_factorial,paired_train_seed,sealed_evaluation_only,Submit GPU jobs to gpumedium; do not use pilot/gpupilot.
fsl_x275_factorial_source5x5_s501_512_20260717_1717_n3-d3-dep4-md512-it486-x1p00-s510-rg0,source_sampling_readout_factorial,canonical,4,72,64,512,510,486,254803968,524288,16,2048,40,1,L,fsl-x275-factorial-source5x5-s501-512-20260717-1717-n3-d3-dep4-md512-it486-x1p00-s510-rg0,3,3,x275_sampling_readout_factorial_source,4,254803968,524288,Fresh measured 5x5 source union for a target-sealed sampling/readout factorial. Each replay reads and pays only its selected source-cell union.,controlled_model_dim_source_prefix_smalln_5x5,29360320.0,29360320.0,0.0,0.162821576719,19,x275_factorial_full_5x5_collection,,1.305337,0,486,254803968,1.0,physical_full_5x5_replay_buffer,3:3,0:0;0:1;0:2;0:3;0:4;1:0;1:1;1:2;1:3;1:4;2:0;2:1;2:2;2:3;2:4;3:0;3:1;3:2;3:3;3:4;4:0;4:1;4:2;4:3;4:4,x275_sampling_readout_factorial,paired_train_seed,sealed_evaluation_only,Submit GPU jobs to gpumedium; do not use pilot/gpupilot.
fsl_x275_factorial_source5x5_s501_512_20260717_1717_n3-d4-dep4-md512-it729-x1p00-s510-rg0,source_sampling_readout_factorial,canonical,4,72,64,512,510,729,382205952,524288,16,2048,40,1,L,fsl-x275-factorial-source5x5-s501-512-20260717-1717-n3-d4-dep4-md512-it729-x1p00-s510-rg0,3,4,x275_sampling_readout_factorial_source,4,382205952,524288,Fresh measured 5x5 source union for a target-sealed sampling/readout factorial. Each replay reads and pays only its selected source-cell union.,controlled_model_dim_source_prefix_smalln_5x5,29360320.0,29360320.0,0.0,0.162821576719,20,x275_factorial_full_5x5_collection,,1.305337,0,729,382205952,1.0,physical_full_5x5_replay_buffer,3:4,0:0;0:1;0:2;0:3;0:4;1:0;1:1;1:2;1:3;1:4;2:0;2:1;2:2;2:3;2:4;3:0;3:1;3:2;3:3;3:4;4:0;4:1;4:2;4:3;4:4,x275_sampling_readout_factorial,paired_train_seed,sealed_evaluation_only,Submit GPU jobs to gpumedium; do not use pilot/gpupilot.
fsl_x275_factorial_source5x5_s501_512_20260717_1717_n4-d0-dep4-md704-it144-x1p00-s510-rg0,source_sampling_readout_factorial,canonical,4,72,64,704,510,144,75497472,524288,16,2048,40,1,L,fsl-x275-factorial-source5x5-s501-512-20260717-1717-n4-d0-dep4-md704-it144-x1p00-s510-rg0,4,0,x275_sampling_readout_factorial_source,4,75497472,524288,Fresh measured 5x5 source union for a target-sealed sampling/readout factorial. Each replay reads and pays only its selected source-cell union.,controlled_model_dim_source_prefix_smalln_5x5,46858504.0,46858504.0,0.0,0.162821576719,21,x275_factorial_full_5x5_collection,,1.305337,0,144,75497472,1.0,physical_full_5x5_replay_buffer,4:0,0:0;0:1;0:2;0:3;0:4;1:0;1:1;1:2;1:3;1:4;2:0;2:1;2:2;2:3;2:4;3:0;3:1;3:2;3:3;3:4;4:0;4:1;4:2;4:3;4:4,x275_sampling_readout_factorial,paired_train_seed,sealed_evaluation_only,Submit GPU jobs to gpumedium; do not use pilot/gpupilot.
fsl_x275_factorial_source5x5_s501_512_20260717_1717_n4-d1-dep4-md704-it216-x1p00-s510-rg0,source_sampling_readout_factorial,canonical,4,72,64,704,510,216,113246208,524288,16,2048,40,1,L,fsl-x275-factorial-source5x5-s501-512-20260717-1717-n4-d1-dep4-md704-it216-x1p00-s510-rg0,4,1,x275_sampling_readout_factorial_source,4,113246208,524288,Fresh measured 5x5 source union for a target-sealed sampling/readout factorial. Each replay reads and pays only its selected source-cell union.,controlled_model_dim_source_prefix_smalln_5x5,46858504.0,46858504.0,0.0,0.162821576719,22,x275_factorial_full_5x5_collection,,1.305337,0,216,113246208,1.0,physical_full_5x5_replay_buffer,4:1,0:0;0:1;0:2;0:3;0:4;1:0;1:1;1:2;1:3;1:4;2:0;2:1;2:2;2:3;2:4;3:0;3:1;3:2;3:3;3:4;4:0;4:1;4:2;4:3;4:4,x275_sampling_readout_factorial,paired_train_seed,sealed_evaluation_only,Submit GPU jobs to gpumedium; do not use pilot/gpupilot.
fsl_x275_factorial_source5x5_s501_512_20260717_1717_n4-d2-dep4-md704-it324-x1p00-s510-rg0,source_sampling_readout_factorial,canonical,4,72,64,704,510,324,169869312,524288,16,2048,40,1,L,fsl-x275-factorial-source5x5-s501-512-20260717-1717-n4-d2-dep4-md704-it324-x1p00-s510-rg0,4,2,x275_sampling_readout_factorial_source,4,169869312,524288,Fresh measured 5x5 source union for a target-sealed sampling/readout factorial. Each replay reads and pays only its selected source-cell union.,controlled_model_dim_source_prefix_smalln_5x5,46858504.0,46858504.0,0.0,0.162821576719,23,x275_factorial_full_5x5_collection,,1.305337,0,324,169869312,1.0,physical_full_5x5_replay_buffer,4:2,0:0;0:1;0:2;0:3;0:4;1:0;1:1;1:2;1:3;1:4;2:0;2:1;2:2;2:3;2:4;3:0;3:1;3:2;3:3;3:4;4:0;4:1;4:2;4:3;4:4,x275_sampling_readout_factorial,paired_train_seed,sealed_evaluation_only,Submit GPU jobs to gpumedium; do not use pilot/gpupilot.
fsl_x275_factorial_source5x5_s501_512_20260717_1717_n4-d3-dep4-md704-it486-x1p00-s510-rg0,source_sampling_readout_factorial,canonical,4,72,64,704,510,486,254803968,524288,16,2048,40,1,L,fsl-x275-factorial-source5x5-s501-512-20260717-1717-n4-d3-dep4-md704-it486-x1p00-s510-rg0,4,3,x275_sampling_readout_factorial_source,4,254803968,524288,Fresh measured 5x5 source union for a target-sealed sampling/readout factorial. Each replay reads and pays only its selected source-cell union.,controlled_model_dim_source_prefix_smalln_5x5,46858504.0,46858504.0,0.0,0.162821576719,24,x275_factorial_full_5x5_collection,,1.305337,0,486,254803968,1.0,physical_full_5x5_replay_buffer,4:3,0:0;0:1;0:2;0:3;0:4;1:0;1:1;1:2;1:3;1:4;2:0;2:1;2:2;2:3;2:4;3:0;3:1;3:2;3:3;3:4;4:0;4:1;4:2;4:3;4:4,x275_sampling_readout_factorial,paired_train_seed,sealed_evaluation_only,Submit GPU jobs to gpumedium; do not use pilot/gpupilot.
fsl_x275_factorial_source5x5_s501_512_20260717_1717_n4-d4-dep4-md704-it729-x1p00-s510-rg0,source_sampling_readout_factorial,canonical,4,72,64,704,510,729,382205952,524288,16,2048,40,1,L,fsl-x275-factorial-source5x5-s501-512-20260717-1717-n4-d4-dep4-md704-it729-x1p00-s510-rg0,4,4,x275_sampling_readout_factorial_source,4,382205952,524288,Fresh measured 5x5 source union for a target-sealed sampling/readout factorial. Each replay reads and pays only its selected source-cell union.,controlled_model_dim_source_prefix_smalln_5x5,46858504.0,46858504.0,0.0,0.162821576719,25,x275_factorial_full_5x5_collection,,1.305337,0,729,382205952,1.0,physical_full_5x5_replay_buffer,4:4,0:0;0:1;0:2;0:3;0:4;1:0;1:1;1:2;1:3;1:4;2:0;2:1;2:2;2:3;2:4;3:0;3:1;3:2;3:3;3:4;4:0;4:1;4:2;4:3;4:4,x275_sampling_readout_factorial,paired_train_seed,sealed_evaluation_only,Submit GPU jobs to gpumedium; do not use pilot/gpupilot.
fsl_x275_factorial_source5x5_s501_512_20260717_1717_n0-d0-dep4-md128-it144-x1p00-s511-rg0,source_sampling_readout_factorial,canonical,4,72,64,128,511,144,75497472,524288,16,2048,40,1,L,fsl-x275-factorial-source5x5-s501-512-20260717-1717-n0-d0-dep4-md128-it144-x1p00-s511-rg0,0,0,x275_sampling_readout_factorial_source,4,75497472,524288,Fresh measured 5x5 source union for a target-sealed sampling/readout factorial. Each replay reads and pays only its selected source-cell union.,controlled_model_dim_source_prefix_smalln_5x5,4980784.0,4980784.0,0.0,0.162821576719,1,x275_factorial_full_5x5_collection,,1.305337,0,144,75497472,1.0,physical_full_5x5_replay_buffer,0:0,0:0;0:1;0:2;0:3;0:4;1:0;1:1;1:2;1:3;1:4;2:0;2:1;2:2;2:3;2:4;3:0;3:1;3:2;3:3;3:4;4:0;4:1;4:2;4:3;4:4,x275_sampling_readout_factorial,paired_train_seed,sealed_evaluation_only,Submit GPU jobs to gpumedium; do not use pilot/gpupilot.
fsl_x275_factorial_source5x5_s501_512_20260717_1717_n0-d1-dep4-md128-it216-x1p00-s511-rg0,source_sampling_readout_factorial,canonical,4,72,64,128,511,216,113246208,524288,16,2048,40,1,L,fsl-x275-factorial-source5x5-s501-512-20260717-1717-n0-d1-dep4-md128-it216-x1p00-s511-rg0,0,1,x275_sampling_readout_factorial_source,4,113246208,524288,Fresh measured 5x5 source union for a target-sealed sampling/readout factorial. Each replay reads and pays only its selected source-cell union.,controlled_model_dim_source_prefix_smalln_5x5,4980784.0,4980784.0,0.0,0.162821576719,2,x275_factorial_full_5x5_collection,,1.305337,0,216,113246208,1.0,physical_full_5x5_replay_buffer,0:1,0:0;0:1;0:2;0:3;0:4;1:0;1:1;1:2;1:3;1:4;2:0;2:1;2:2;2:3;2:4;3:0;3:1;3:2;3:3;3:4;4:0;4:1;4:2;4:3;4:4,x275_sampling_readout_factorial,paired_train_seed,sealed_evaluation_only,Submit GPU jobs to gpumedium; do not use pilot/gpupilot.
fsl_x275_factorial_source5x5_s501_512_20260717_1717_n0-d2-dep4-md128-it324-x1p00-s511-rg0,source_sampling_readout_factorial,canonical,4,72,64,128,511,324,169869312,524288,16,2048,40,1,L,fsl-x275-factorial-source5x5-s501-512-20260717-1717-n0-d2-dep4-md128-it324-x1p00-s511-rg0,0,2,x275_sampling_readout_factorial_source,4,169869312,524288,Fresh measured 5x5 source union for a target-sealed sampling/readout factorial. Each replay reads and pays only its selected source-cell union.,controlled_model_dim_source_prefix_smalln_5x5,4980784.0,4980784.0,0.0,0.162821576719,3,x275_factorial_full_5x5_collection,,1.305337,0,324,169869312,1.0,physical_full_5x5_replay_buffer,0:2,0:0;0:1;0:2;0:3;0:4;1:0;1:1;1:2;1:3;1:4;2:0;2:1;2:2;2:3;2:4;3:0;3:1;3:2;3:3;3:4;4:0;4:1;4:2;4:3;4:4,x275_sampling_readout_factorial,paired_train_seed,sealed_evaluation_only,Submit GPU jobs to gpumedium; do not use pilot/gpupilot.
fsl_x275_factorial_source5x5_s501_512_20260717_1717_n0-d3-dep4-md128-it486-x1p00-s511-rg0,source_sampling_readout_factorial,canonical,4,72,64,128,511,486,254803968,524288,16,2048,40,1,L,fsl-x275-factorial-source5x5-s501-512-20260717-1717-n0-d3-dep4-md128-it486-x1p00-s511-rg0,0,3,x275_sampling_readout_factorial_source,4,254803968,524288,Fresh measured 5x5 source union for a target-sealed sampling/readout factorial. Each replay reads and pays only its selected source-cell union.,controlled_model_dim_source_prefix_smalln_5x5,4980784.0,4980784.0,0.0,0.162821576719,4,x275_factorial_full_5x5_collection,,1.305337,0,486,254803968,1.0,physical_full_5x5_replay_buffer,0:3,0:0;0:1;0:2;0:3;0:4;1:0;1:1;1:2;1:3;1:4;2:0;2:1;2:2;2:3;2:4;3:0;3:1;3:2;3:3;3:4;4:0;4:1;4:2;4:3;4:4,x275_sampling_readout_factorial,paired_train_seed,sealed_evaluation_only,Submit GPU jobs to gpumedium; do not use pilot/gpupilot.
fsl_x275_factorial_source5x5_s501_512_20260717_1717_n0-d4-dep4-md128-it729-x1p00-s511-rg0,source_sampling_readout_factorial,canonical,4,72,64,128,511,729,382205952,524288,16,2048,40,1,L,fsl-x275-factorial-source5x5-s501-512-20260717-1717-n0-d4-dep4-md128-it729-x1p00-s511-rg0,0,4,x275_sampling_readout_factorial_source,4,382205952,524288,Fresh measured 5x5 source union for a target-sealed sampling/readout factorial. Each replay reads and pays only its selected source-cell union.,controlled_model_dim_source_prefix_smalln_5x5,4980784.0,4980784.0,0.0,0.162821576719,5,x275_factorial_full_5x5_collection,,1.305337,0,729,382205952,1.0,physical_full_5x5_replay_buffer,0:4,0:0;0:1;0:2;0:3;0:4;1:0;1:1;1:2;1:3;1:4;2:0;2:1;2:2;2:3;2:4;3:0;3:1;3:2;3:3;3:4;4:0;4:1;4:2;4:3;4:4,x275_sampling_readout_factorial,paired_train_seed,sealed_evaluation_only,Submit GPU jobs to gpumedium; do not use pilot/gpupilot.
fsl_x275_factorial_source5x5_s501_512_20260717_1717_n1-d0-dep4-md192-it144-x1p00-s511-rg0,source_sampling_readout_factorial,canonical,4,72,64,192,511,144,75497472,524288,16,2048,40,1,L,fsl-x275-factorial-source5x5-s501-512-20260717-1717-n1-d0-dep4-md192-it144-x1p00-s511-rg0,1,0,x275_sampling_readout_factorial_source,4,75497472,524288,Fresh measured 5x5 source union for a target-sealed sampling/readout factorial. Each replay reads and pays only its selected source-cell union.,controlled_model_dim_source_prefix_smalln_5x5,8061000.0,8061000.0,0.0,0.162821576719,6,x275_factorial_full_5x5_collection,,1.305337,0,144,75497472,1.0,physical_full_5x5_replay_buffer,1:0,0:0;0:1;0:2;0:3;0:4;1:0;1:1;1:2;1:3;1:4;2:0;2:1;2:2;2:3;2:4;3:0;3:1;3:2;3:3;3:4;4:0;4:1;4:2;4:3;4:4,x275_sampling_readout_factorial,paired_train_seed,sealed_evaluation_only,Submit GPU jobs to gpumedium; do not use pilot/gpupilot.
fsl_x275_factorial_source5x5_s501_512_20260717_1717_n1-d1-dep4-md192-it216-x1p00-s511-rg0,source_sampling_readout_factorial,canonical,4,72,64,192,511,216,113246208,524288,16,2048,40,1,L,fsl-x275-factorial-source5x5-s501-512-20260717-1717-n1-d1-dep4-md192-it216-x1p00-s511-rg0,1,1,x275_sampling_readout_factorial_source,4,113246208,524288,Fresh measured 5x5 source union for a target-sealed sampling/readout factorial. Each replay reads and pays only its selected source-cell union.,controlled_model_dim_source_prefix_smalln_5x5,8061000.0,8061000.0,0.0,0.162821576719,7,x275_factorial_full_5x5_collection,,1.305337,0,216,113246208,1.0,physical_full_5x5_replay_buffer,1:1,0:0;0:1;0:2;0:3;0:4;1:0;1:1;1:2;1:3;1:4;2:0;2:1;2:2;2:3;2:4;3:0;3:1;3:2;3:3;3:4;4:0;4:1;4:2;4:3;4:4,x275_sampling_readout_factorial,paired_train_seed,sealed_evaluation_only,Submit GPU jobs to gpumedium; do not use pilot/gpupilot.
fsl_x275_factorial_source5x5_s501_512_20260717_1717_n1-d2-dep4-md192-it324-x1p00-s511-rg0,source_sampling_readout_factorial,canonical,4,72,64,192,511,324,169869312,524288,16,2048,40,1,L,fsl-x275-factorial-source5x5-s501-512-20260717-1717-n1-d2-dep4-md192-it324-x1p00-s511-rg0,1,2,x275_sampling_readout_factorial_source,4,169869312,524288,Fresh measured 5x5 source union for a target-sealed sampling/readout factorial. Each replay reads and pays only its selected source-cell union.,controlled_model_dim_source_prefix_smalln_5x5,8061000.0,8061000.0,0.0,0.162821576719,8,x275_factorial_full_5x5_collection,,1.305337,0,324,169869312,1.0,physical_full_5x5_replay_buffer,1:2,0:0;0:1;0:2;0:3;0:4;1:0;1:1;1:2;1:3;1:4;2:0;2:1;2:2;2:3;2:4;3:0;3:1;3:2;3:3;3:4;4:0;4:1;4:2;4:3;4:4,x275_sampling_readout_factorial,paired_train_seed,sealed_evaluation_only,Submit GPU jobs to gpumedium; do not use pilot/gpupilot.
fsl_x275_factorial_source5x5_s501_512_20260717_1717_n1-d3-dep4-md192-it486-x1p00-s511-rg0,source_sampling_readout_factorial,canonical,4,72,64,192,511,486,254803968,524288,16,2048,40,1,L,fsl-x275-factorial-source5x5-s501-512-20260717-1717-n1-d3-dep4-md192-it486-x1p00-s511-rg0,1,3,x275_sampling_readout_factorial_source,4,254803968,524288,Fresh measured 5x5 source union for a target-sealed sampling/readout factorial. Each replay reads and pays only its selected source-cell union.,controlled_model_dim_source_prefix_smalln_5x5,8061000.0,8061000.0,0.0,0.162821576719,9,x275_factorial_full_5x5_collection,,1.305337,0,486,254803968,1.0,physical_full_5x5_replay_buffer,1:3,0:0;0:1;0:2;0:3;0:4;1:0;1:1;1:2;1:3;1:4;2:0;2:1;2:2;2:3;2:4;3:0;3:1;3:2;3:3;3:4;4:0;4:1;4:2;4:3;4:4,x275_sampling_readout_factorial,paired_train_seed,sealed_evaluation_only,Submit GPU jobs to gpumedium; do not use pilot/gpupilot.
fsl_x275_factorial_source5x5_s501_512_20260717_1717_n1-d4-dep4-md192-it729-x1p00-s511-rg0,source_sampling_readout_factorial,canonical,4,72,64,192,511,729,382205952,524288,16,2048,40,1,L,fsl-x275-factorial-source5x5-s501-512-20260717-1717-n1-d4-dep4-md192-it729-x1p00-s511-rg0,1,4,x275_sampling_readout_factorial_source,4,382205952,524288,Fresh measured 5x5 source union for a target-sealed sampling/readout factorial. Each replay reads and pays only its selected source-cell union.,controlled_model_dim_source_prefix_smalln_5x5,8061000.0,8061000.0,0.0,0.162821576719,10,x275_factorial_full_5x5_collection,,1.305337,0,729,382205952,1.0,physical_full_5x5_replay_buffer,1:4,0:0;0:1;0:2;0:3;0:4;1:0;1:1;1:2;1:3;1:4;2:0;2:1;2:2;2:3;2:4;3:0;3:1;3:2;3:3;3:4;4:0;4:1;4:2;4:3;4:4,x275_sampling_readout_factorial,paired_train_seed,sealed_evaluation_only,Submit GPU jobs to gpumedium; do not use pilot/gpupilot.
fsl_x275_factorial_source5x5_s501_512_20260717_1717_n2-d0-dep4-md320-it144-x1p00-s511-rg0,source_sampling_readout_factorial,canonical,4,72,64,320,511,144,75497472,524288,16,2048,40,1,L,fsl-x275-factorial-source5x5-s501-512-20260717-1717-n2-d0-dep4-md320-it144-x1p00-s511-rg0,2,0,x275_sampling_readout_factorial_source,4,75497472,524288,Fresh measured 5x5 source union for a target-sealed sampling/readout factorial. Each replay reads and pays only its selected source-cell union.,controlled_model_dim_source_prefix_smalln_5x5,15401080.0,15401080.0,0.0,0.162821576719,11,x275_factorial_full_5x5_collection,,1.305337,0,144,75497472,1.0,physical_full_5x5_replay_buffer,2:0,0:0;0:1;0:2;0:3;0:4;1:0;1:1;1:2;1:3;1:4;2:0;2:1;2:2;2:3;2:4;3:0;3:1;3:2;3:3;3:4;4:0;4:1;4:2;4:3;4:4,x275_sampling_readout_factorial,paired_train_seed,sealed_evaluation_only,Submit GPU jobs to gpumedium; do not use pilot/gpupilot.
fsl_x275_factorial_source5x5_s501_512_20260717_1717_n2-d1-dep4-md320-it216-x1p00-s511-rg0,source_sampling_readout_factorial,canonical,4,72,64,320,511,216,113246208,524288,16,2048,40,1,L,fsl-x275-factorial-source5x5-s501-512-20260717-1717-n2-d1-dep4-md320-it216-x1p00-s511-rg0,2,1,x275_sampling_readout_factorial_source,4,113246208,524288,Fresh measured 5x5 source union for a target-sealed sampling/readout factorial. Each replay reads and pays only its selected source-cell union.,controlled_model_dim_source_prefix_smalln_5x5,15401080.0,15401080.0,0.0,0.162821576719,12,x275_factorial_full_5x5_collection,,1.305337,0,216,113246208,1.0,physical_full_5x5_replay_buffer,2:1,0:0;0:1;0:2;0:3;0:4;1:0;1:1;1:2;1:3;1:4;2:0;2:1;2:2;2:3;2:4;3:0;3:1;3:2;3:3;3:4;4:0;4:1;4:2;4:3;4:4,x275_sampling_readout_factorial,paired_train_seed,sealed_evaluation_only,Submit GPU jobs to gpumedium; do not use pilot/gpupilot.
fsl_x275_factorial_source5x5_s501_512_20260717_1717_n2-d2-dep4-md320-it324-x1p00-s511-rg0,source_sampling_readout_factorial,canonical,4,72,64,320,511,324,169869312,524288,16,2048,40,1,L,fsl-x275-factorial-source5x5-s501-512-20260717-1717-n2-d2-dep4-md320-it324-x1p00-s511-rg0,2,2,x275_sampling_readout_factorial_source,4,169869312,524288,Fresh measured 5x5 source union for a target-sealed sampling/readout factorial. Each replay reads and pays only its selected source-cell union.,controlled_model_dim_source_prefix_smalln_5x5,15401080.0,15401080.0,0.0,0.162821576719,13,x275_factorial_full_5x5_collection,,1.305337,0,324,169869312,1.0,physical_full_5x5_replay_buffer,2:2,0:0;0:1;0:2;0:3;0:4;1:0;1:1;1:2;1:3;1:4;2:0;2:1;2:2;2:3;2:4;3:0;3:1;3:2;3:3;3:4;4:0;4:1;4:2;4:3;4:4,x275_sampling_readout_factorial,paired_train_seed,sealed_evaluation_only,Submit GPU jobs to gpumedium; do not use pilot/gpupilot.
fsl_x275_factorial_source5x5_s501_512_20260717_1717_n2-d3-dep4-md320-it486-x1p00-s511-rg0,source_sampling_readout_factorial,canonical,4,72,64,320,511,486,254803968,524288,16,2048,40,1,L,fsl-x275-factorial-source5x5-s501-512-20260717-1717-n2-d3-dep4-md320-it486-x1p00-s511-rg0,2,3,x275_sampling_readout_factorial_source,4,254803968,524288,Fresh measured 5x5 source union for a target-sealed sampling/readout factorial. Each replay reads and pays only its selected source-cell union.,controlled_model_dim_source_prefix_smalln_5x5,15401080.0,15401080.0,0.0,0.162821576719,14,x275_factorial_full_5x5_collection,,1.305337,0,486,254803968,1.0,physical_full_5x5_replay_buffer,2:3,0:0;0:1;0:2;0:3;0:4;1:0;1:1;1:2;1:3;1:4;2:0;2:1;2:2;2:3;2:4;3:0;3:1;3:2;3:3;3:4;4:0;4:1;4:2;4:3;4:4,x275_sampling_readout_factorial,paired_train_seed,sealed_evaluation_only,Submit GPU jobs to gpumedium; do not use pilot/gpupilot.
fsl_x275_factorial_source5x5_s501_512_20260717_1717_n2-d4-dep4-md320-it729-x1p00-s511-rg0,source_sampling_readout_factorial,canonical,4,72,64,320,511,729,382205952,524288,16,2048,40,1,L,fsl-x275-factorial-source5x5-s501-512-20260717-1717-n2-d4-dep4-md320-it729-x1p00-s511-rg0,2,4,x275_sampling_readout_factorial_source,4,382205952,524288,Fresh measured 5x5 source union for a target-sealed sampling/readout factorial. Each replay reads and pays only its selected source-cell union.,controlled_model_dim_source_prefix_smalln_5x5,15401080.0,15401080.0,0.0,0.162821576719,15,x275_factorial_full_5x5_collection,,1.305337,0,729,382205952,1.0,physical_full_5x5_replay_buffer,2:4,0:0;0:1;0:2;0:3;0:4;1:0;1:1;1:2;1:3;1:4;2:0;2:1;2:2;2:3;2:4;3:0;3:1;3:2;3:3;3:4;4:0;4:1;4:2;4:3;4:4,x275_sampling_readout_factorial,paired_train_seed,sealed_evaluation_only,Submit GPU jobs to gpumedium; do not use pilot/gpupilot.
fsl_x275_factorial_source5x5_s501_512_20260717_1717_n3-d0-dep4-md512-it144-x1p00-s511-rg0,source_sampling_readout_factorial,canonical,4,72,64,512,511,144,75497472,524288,16,2048,40,1,L,fsl-x275-factorial-source5x5-s501-512-20260717-1717-n3-d0-dep4-md512-it144-x1p00-s511-rg0,3,0,x275_sampling_readout_factorial_source,4,75497472,524288,Fresh measured 5x5 source union for a target-sealed sampling/readout factorial. Each replay reads and pays only its selected source-cell union.,controlled_model_dim_source_prefix_smalln_5x5,29360320.0,29360320.0,0.0,0.162821576719,16,x275_factorial_full_5x5_collection,,1.305337,0,144,75497472,1.0,physical_full_5x5_replay_buffer,3:0,0:0;0:1;0:2;0:3;0:4;1:0;1:1;1:2;1:3;1:4;2:0;2:1;2:2;2:3;2:4;3:0;3:1;3:2;3:3;3:4;4:0;4:1;4:2;4:3;4:4,x275_sampling_readout_factorial,paired_train_seed,sealed_evaluation_only,Submit GPU jobs to gpumedium; do not use pilot/gpupilot.
fsl_x275_factorial_source5x5_s501_512_20260717_1717_n3-d1-dep4-md512-it216-x1p00-s511-rg0,source_sampling_readout_factorial,canonical,4,72,64,512,511,216,113246208,524288,16,2048,40,1,L,fsl-x275-factorial-source5x5-s501-512-20260717-1717-n3-d1-dep4-md512-it216-x1p00-s511-rg0,3,1,x275_sampling_readout_factorial_source,4,113246208,524288,Fresh measured 5x5 source union for a target-sealed sampling/readout factorial. Each replay reads and pays only its selected source-cell union.,controlled_model_dim_source_prefix_smalln_5x5,29360320.0,29360320.0,0.0,0.162821576719,17,x275_factorial_full_5x5_collection,,1.305337,0,216,113246208,1.0,physical_full_5x5_replay_buffer,3:1,0:0;0:1;0:2;0:3;0:4;1:0;1:1;1:2;1:3;1:4;2:0;2:1;2:2;2:3;2:4;3:0;3:1;3:2;3:3;3:4;4:0;4:1;4:2;4:3;4:4,x275_sampling_readout_factorial,paired_train_seed,sealed_evaluation_only,Submit GPU jobs to gpumedium; do not use pilot/gpupilot.
fsl_x275_factorial_source5x5_s501_512_20260717_1717_n3-d2-dep4-md512-it324-x1p00-s511-rg0,source_sampling_readout_factorial,canonical,4,72,64,512,511,324,169869312,524288,16,2048,40,1,L,fsl-x275-factorial-source5x5-s501-512-20260717-1717-n3-d2-dep4-md512-it324-x1p00-s511-rg0,3,2,x275_sampling_readout_factorial_source,4,169869312,524288,Fresh measured 5x5 source union for a target-sealed sampling/readout factorial. Each replay reads and pays only its selected source-cell union.,controlled_model_dim_source_prefix_smalln_5x5,29360320.0,29360320.0,0.0,0.162821576719,18,x275_factorial_full_5x5_collection,,1.305337,0,324,169869312,1.0,physical_full_5x5_replay_buffer,3:2,0:0;0:1;0:2;0:3;0:4;1:0;1:1;1:2;1:3;1:4;2:0;2:1;2:2;2:3;2:4;3:0;3:1;3:2;3:3;3:4;4:0;4:1;4:2;4:3;4:4,x275_sampling_readout_factorial,paired_train_seed,sealed_evaluation_only,Submit GPU jobs to gpumedium; do not use pilot/gpupilot.
fsl_x275_factorial_source5x5_s501_512_20260717_1717_n3-d3-dep4-md512-it486-x1p00-s511-rg0,source_sampling_readout_factorial,canonical,4,72,64,512,511,486,254803968,524288,16,2048,40,1,L,fsl-x275-factorial-source5x5-s501-512-20260717-1717-n3-d3-dep4-md512-it486-x1p00-s511-rg0,3,3,x275_sampling_readout_factorial_source,4,254803968,524288,Fresh measured 5x5 source union for a target-sealed sampling/readout factorial. Each replay reads and pays only its selected source-cell union.,controlled_model_dim_source_prefix_smalln_5x5,29360320.0,29360320.0,0.0,0.162821576719,19,x275_factorial_full_5x5_collection,,1.305337,0,486,254803968,1.0,physical_full_5x5_replay_buffer,3:3,0:0;0:1;0:2;0:3;0:4;1:0;1:1;1:2;1:3;1:4;2:0;2:1;2:2;2:3;2:4;3:0;3:1;3:2;3:3;3:4;4:0;4:1;4:2;4:3;4:4,x275_sampling_readout_factorial,paired_train_seed,sealed_evaluation_only,Submit GPU jobs to gpumedium; do not use pilot/gpupilot.
fsl_x275_factorial_source5x5_s501_512_20260717_1717_n3-d4-dep4-md512-it729-x1p00-s511-rg0,source_sampling_readout_factorial,canonical,4,72,64,512,511,729,382205952,524288,16,2048,40,1,L,fsl-x275-factorial-source5x5-s501-512-20260717-1717-n3-d4-dep4-md512-it729-x1p00-s511-rg0,3,4,x275_sampling_readout_factorial_source,4,382205952,524288,Fresh measured 5x5 source union for a target-sealed sampling/readout factorial. Each replay reads and pays only its selected source-cell union.,controlled_model_dim_source_prefix_smalln_5x5,29360320.0,29360320.0,0.0,0.162821576719,20,x275_factorial_full_5x5_collection,,1.305337,0,729,382205952,1.0,physical_full_5x5_replay_buffer,3:4,0:0;0:1;0:2;0:3;0:4;1:0;1:1;1:2;1:3;1:4;2:0;2:1;2:2;2:3;2:4;3:0;3:1;3:2;3:3;3:4;4:0;4:1;4:2;4:3;4:4,x275_sampling_readout_factorial,paired_train_seed,sealed_evaluation_only,Submit GPU jobs to gpumedium; do not use pilot/gpupilot.
fsl_x275_factorial_source5x5_s501_512_20260717_1717_n4-d0-dep4-md704-it144-x1p00-s511-rg0,source_sampling_readout_factorial,canonical,4,72,64,704,511,144,75497472,524288,16,2048,40,1,L,fsl-x275-factorial-source5x5-s501-512-20260717-1717-n4-d0-dep4-md704-it144-x1p00-s511-rg0,4,0,x275_sampling_readout_factorial_source,4,75497472,524288,Fresh measured 5x5 source union for a target-sealed sampling/readout factorial. Each replay reads and pays only its selected source-cell union.,controlled_model_dim_source_prefix_smalln_5x5,46858504.0,46858504.0,0.0,0.162821576719,21,x275_factorial_full_5x5_collection,,1.305337,0,144,75497472,1.0,physical_full_5x5_replay_buffer,4:0,0:0;0:1;0:2;0:3;0:4;1:0;1:1;1:2;1:3;1:4;2:0;2:1;2:2;2:3;2:4;3:0;3:1;3:2;3:3;3:4;4:0;4:1;4:2;4:3;4:4,x275_sampling_readout_factorial,paired_train_seed,sealed_evaluation_only,Submit GPU jobs to gpumedium; do not use pilot/gpupilot.
fsl_x275_factorial_source5x5_s501_512_20260717_1717_n4-d1-dep4-md704-it216-x1p00-s511-rg0,source_sampling_readout_factorial,canonical,4,72,64,704,511,216,113246208,524288,16,2048,40,1,L,fsl-x275-factorial-source5x5-s501-512-20260717-1717-n4-d1-dep4-md704-it216-x1p00-s511-rg0,4,1,x275_sampling_readout_factorial_source,4,113246208,524288,Fresh measured 5x5 source union for a target-sealed sampling/readout factorial. Each replay reads and pays only its selected source-cell union.,controlled_model_dim_source_prefix_smalln_5x5,46858504.0,46858504.0,0.0,0.162821576719,22,x275_factorial_full_5x5_collection,,1.305337,0,216,113246208,1.0,physical_full_5x5_replay_buffer,4:1,0:0;0:1;0:2;0:3;0:4;1:0;1:1;1:2;1:3;1:4;2:0;2:1;2:2;2:3;2:4;3:0;3:1;3:2;3:3;3:4;4:0;4:1;4:2;4:3;4:4,x275_sampling_readout_factorial,paired_train_seed,sealed_evaluation_only,Submit GPU jobs to gpumedium; do not use pilot/gpupilot.
fsl_x275_factorial_source5x5_s501_512_20260717_1717_n4-d2-dep4-md704-it324-x1p00-s511-rg0,source_sampling_readout_factorial,canonical,4,72,64,704,511,324,169869312,524288,16,2048,40,1,L,fsl-x275-factorial-source5x5-s501-512-20260717-1717-n4-d2-dep4-md704-it324-x1p00-s511-rg0,4,2,x275_sampling_readout_factorial_source,4,169869312,524288,Fresh measured 5x5 source union for a target-sealed sampling/readout factorial. Each replay reads and pays only its selected source-cell union.,controlled_model_dim_source_prefix_smalln_5x5,46858504.0,46858504.0,0.0,0.162821576719,23,x275_factorial_full_5x5_collection,,1.305337,0,324,169869312,1.0,physical_full_5x5_replay_buffer,4:2,0:0;0:1;0:2;0:3;0:4;1:0;1:1;1:2;1:3;1:4;2:0;2:1;2:2;2:3;2:4;3:0;3:1;3:2;3:3;3:4;4:0;4:1;4:2;4:3;4:4,x275_sampling_readout_factorial,paired_train_seed,sealed_evaluation_only,Submit GPU jobs to gpumedium; do not use pilot/gpupilot.
fsl_x275_factorial_source5x5_s501_512_20260717_1717_n4-d3-dep4-md704-it486-x1p00-s511-rg0,source_sampling_readout_factorial,canonical,4,72,64,704,511,486,254803968,524288,16,2048,40,1,L,fsl-x275-factorial-source5x5-s501-512-20260717-1717-n4-d3-dep4-md704-it486-x1p00-s511-rg0,4,3,x275_sampling_readout_factorial_source,4,254803968,524288,Fresh measured 5x5 source union for a target-sealed sampling/readout factorial. Each replay reads and pays only its selected source-cell union.,controlled_model_dim_source_prefix_smalln_5x5,46858504.0,46858504.0,0.0,0.162821576719,24,x275_factorial_full_5x5_collection,,1.305337,0,486,254803968,1.0,physical_full_5x5_replay_buffer,4:3,0:0;0:1;0:2;0:3;0:4;1:0;1:1;1:2;1:3;1:4;2:0;2:1;2:2;2:3;2:4;3:0;3:1;3:2;3:3;3:4;4:0;4:1;4:2;4:3;4:4,x275_sampling_readout_factorial,paired_train_seed,sealed_evaluation_only,Submit GPU jobs to gpumedium; do not use pilot/gpupilot.
fsl_x275_factorial_source5x5_s501_512_20260717_1717_n4-d4-dep4-md704-it729-x1p00-s511-rg0,source_sampling_readout_factorial,canonical,4,72,64,704,511,729,382205952,524288,16,2048,40,1,L,fsl-x275-factorial-source5x5-s501-512-20260717-1717-n4-d4-dep4-md704-it729-x1p00-s511-rg0,4,4,x275_sampling_readout_factorial_source,4,382205952,524288,Fresh measured 5x5 source union for a target-sealed sampling/readout factorial. Each replay reads and pays only its selected source-cell union.,controlled_model_dim_source_prefix_smalln_5x5,46858504.0,46858504.0,0.0,0.162821576719,25,x275_factorial_full_5x5_collection,,1.305337,0,729,382205952,1.0,physical_full_5x5_replay_buffer,4:4,0:0;0:1;0:2;0:3;0:4;1:0;1:1;1:2;1:3;1:4;2:0;2:1;2:2;2:3;2:4;3:0;3:1;3:2;3:3;3:4;4:0;4:1;4:2;4:3;4:4,x275_sampling_readout_factorial,paired_train_seed,sealed_evaluation_only,Submit GPU jobs to gpumedium; do not use pilot/gpupilot.
fsl_x275_factorial_source5x5_s501_512_20260717_1717_n0-d0-dep4-md128-it144-x1p00-s512-rg0,source_sampling_readout_factorial,canonical,4,72,64,128,512,144,75497472,524288,16,2048,40,1,L,fsl-x275-factorial-source5x5-s501-512-20260717-1717-n0-d0-dep4-md128-it144-x1p00-s512-rg0,0,0,x275_sampling_readout_factorial_source,4,75497472,524288,Fresh measured 5x5 source union for a target-sealed sampling/readout factorial. Each replay reads and pays only its selected source-cell union.,controlled_model_dim_source_prefix_smalln_5x5,4980784.0,4980784.0,0.0,0.162821576719,1,x275_factorial_full_5x5_collection,,1.305337,0,144,75497472,1.0,physical_full_5x5_replay_buffer,0:0,0:0;0:1;0:2;0:3;0:4;1:0;1:1;1:2;1:3;1:4;2:0;2:1;2:2;2:3;2:4;3:0;3:1;3:2;3:3;3:4;4:0;4:1;4:2;4:3;4:4,x275_sampling_readout_factorial,paired_train_seed,sealed_evaluation_only,Submit GPU jobs to gpumedium; do not use pilot/gpupilot.
fsl_x275_factorial_source5x5_s501_512_20260717_1717_n0-d1-dep4-md128-it216-x1p00-s512-rg0,source_sampling_readout_factorial,canonical,4,72,64,128,512,216,113246208,524288,16,2048,40,1,L,fsl-x275-factorial-source5x5-s501-512-20260717-1717-n0-d1-dep4-md128-it216-x1p00-s512-rg0,0,1,x275_sampling_readout_factorial_source,4,113246208,524288,Fresh measured 5x5 source union for a target-sealed sampling/readout factorial. Each replay reads and pays only its selected source-cell union.,controlled_model_dim_source_prefix_smalln_5x5,4980784.0,4980784.0,0.0,0.162821576719,2,x275_factorial_full_5x5_collection,,1.305337,0,216,113246208,1.0,physical_full_5x5_replay_buffer,0:1,0:0;0:1;0:2;0:3;0:4;1:0;1:1;1:2;1:3;1:4;2:0;2:1;2:2;2:3;2:4;3:0;3:1;3:2;3:3;3:4;4:0;4:1;4:2;4:3;4:4,x275_sampling_readout_factorial,paired_train_seed,sealed_evaluation_only,Submit GPU jobs to gpumedium; do not use pilot/gpupilot.
fsl_x275_factorial_source5x5_s501_512_20260717_1717_n0-d2-dep4-md128-it324-x1p00-s512-rg0,source_sampling_readout_factorial,canonical,4,72,64,128,512,324,169869312,524288,16,2048,40,1,L,fsl-x275-factorial-source5x5-s501-512-20260717-1717-n0-d2-dep4-md128-it324-x1p00-s512-rg0,0,2,x275_sampling_readout_factorial_source,4,169869312,524288,Fresh measured 5x5 source union for a target-sealed sampling/readout factorial. Each replay reads and pays only its selected source-cell union.,controlled_model_dim_source_prefix_smalln_5x5,4980784.0,4980784.0,0.0,0.162821576719,3,x275_factorial_full_5x5_collection,,1.305337,0,324,169869312,1.0,physical_full_5x5_replay_buffer,0:2,0:0;0:1;0:2;0:3;0:4;1:0;1:1;1:2;1:3;1:4;2:0;2:1;2:2;2:3;2:4;3:0;3:1;3:2;3:3;3:4;4:0;4:1;4:2;4:3;4:4,x275_sampling_readout_factorial,paired_train_seed,sealed_evaluation_only,Submit GPU jobs to gpumedium; do not use pilot/gpupilot.
fsl_x275_factorial_source5x5_s501_512_20260717_1717_n0-d3-dep4-md128-it486-x1p00-s512-rg0,source_sampling_readout_factorial,canonical,4,72,64,128,512,486,254803968,524288,16,2048,40,1,L,fsl-x275-factorial-source5x5-s501-512-20260717-1717-n0-d3-dep4-md128-it486-x1p00-s512-rg0,0,3,x275_sampling_readout_factorial_source,4,254803968,524288,Fresh measured 5x5 source union for a target-sealed sampling/readout factorial. Each replay reads and pays only its selected source-cell union.,controlled_model_dim_source_prefix_smalln_5x5,4980784.0,4980784.0,0.0,0.162821576719,4,x275_factorial_full_5x5_collection,,1.305337,0,486,254803968,1.0,physical_full_5x5_replay_buffer,0:3,0:0;0:1;0:2;0:3;0:4;1:0;1:1;1:2;1:3;1:4;2:0;2:1;2:2;2:3;2:4;3:0;3:1;3:2;3:3;3:4;4:0;4:1;4:2;4:3;4:4,x275_sampling_readout_factorial,paired_train_seed,sealed_evaluation_only,Submit GPU jobs to gpumedium; do not use pilot/gpupilot.
fsl_x275_factorial_source5x5_s501_512_20260717_1717_n0-d4-dep4-md128-it729-x1p00-s512-rg0,source_sampling_readout_factorial,canonical,4,72,64,128,512,729,382205952,524288,16,2048,40,1,L,fsl-x275-factorial-source5x5-s501-512-20260717-1717-n0-d4-dep4-md128-it729-x1p00-s512-rg0,0,4,x275_sampling_readout_factorial_source,4,382205952,524288,Fresh measured 5x5 source union for a target-sealed sampling/readout factorial. Each replay reads and pays only its selected source-cell union.,controlled_model_dim_source_prefix_smalln_5x5,4980784.0,4980784.0,0.0,0.162821576719,5,x275_factorial_full_5x5_collection,,1.305337,0,729,382205952,1.0,physical_full_5x5_replay_buffer,0:4,0:0;0:1;0:2;0:3;0:4;1:0;1:1;1:2;1:3;1:4;2:0;2:1;2:2;2:3;2:4;3:0;3:1;3:2;3:3;3:4;4:0;4:1;4:2;4:3;4:4,x275_sampling_readout_factorial,paired_train_seed,sealed_evaluation_only,Submit GPU jobs to gpumedium; do not use pilot/gpupilot.
fsl_x275_factorial_source5x5_s501_512_20260717_1717_n1-d0-dep4-md192-it144-x1p00-s512-rg0,source_sampling_readout_factorial,canonical,4,72,64,192,512,144,75497472,524288,16,2048,40,1,L,fsl-x275-factorial-source5x5-s501-512-20260717-1717-n1-d0-dep4-md192-it144-x1p00-s512-rg0,1,0,x275_sampling_readout_factorial_source,4,75497472,524288,Fresh measured 5x5 source union for a target-sealed sampling/readout factorial. Each replay reads and pays only its selected source-cell union.,controlled_model_dim_source_prefix_smalln_5x5,8061000.0,8061000.0,0.0,0.162821576719,6,x275_factorial_full_5x5_collection,,1.305337,0,144,75497472,1.0,physical_full_5x5_replay_buffer,1:0,0:0;0:1;0:2;0:3;0:4;1:0;1:1;1:2;1:3;1:4;2:0;2:1;2:2;2:3;2:4;3:0;3:1;3:2;3:3;3:4;4:0;4:1;4:2;4:3;4:4,x275_sampling_readout_factorial,paired_train_seed,sealed_evaluation_only,Submit GPU jobs to gpumedium; do not use pilot/gpupilot.
fsl_x275_factorial_source5x5_s501_512_20260717_1717_n1-d1-dep4-md192-it216-x1p00-s512-rg0,source_sampling_readout_factorial,canonical,4,72,64,192,512,216,113246208,524288,16,2048,40,1,L,fsl-x275-factorial-source5x5-s501-512-20260717-1717-n1-d1-dep4-md192-it216-x1p00-s512-rg0,1,1,x275_sampling_readout_factorial_source,4,113246208,524288,Fresh measured 5x5 source union for a target-sealed sampling/readout factorial. Each replay reads and pays only its selected source-cell union.,controlled_model_dim_source_prefix_smalln_5x5,8061000.0,8061000.0,0.0,0.162821576719,7,x275_factorial_full_5x5_collection,,1.305337,0,216,113246208,1.0,physical_full_5x5_replay_buffer,1:1,0:0;0:1;0:2;0:3;0:4;1:0;1:1;1:2;1:3;1:4;2:0;2:1;2:2;2:3;2:4;3:0;3:1;3:2;3:3;3:4;4:0;4:1;4:2;4:3;4:4,x275_sampling_readout_factorial,paired_train_seed,sealed_evaluation_only,Submit GPU jobs to gpumedium; do not use pilot/gpupilot.
fsl_x275_factorial_source5x5_s501_512_20260717_1717_n1-d2-dep4-md192-it324-x1p00-s512-rg0,source_sampling_readout_factorial,canonical,4,72,64,192,512,324,169869312,524288,16,2048,40,1,L,fsl-x275-factorial-source5x5-s501-512-20260717-1717-n1-d2-dep4-md192-it324-x1p00-s512-rg0,1,2,x275_sampling_readout_factorial_source,4,169869312,524288,Fresh measured 5x5 source union for a target-sealed sampling/readout factorial. Each replay reads and pays only its selected source-cell union.,controlled_model_dim_source_prefix_smalln_5x5,8061000.0,8061000.0,0.0,0.162821576719,8,x275_factorial_full_5x5_collection,,1.305337,0,324,169869312,1.0,physical_full_5x5_replay_buffer,1:2,0:0;0:1;0:2;0:3;0:4;1:0;1:1;1:2;1:3;1:4;2:0;2:1;2:2;2:3;2:4;3:0;3:1;3:2;3:3;3:4;4:0;4:1;4:2;4:3;4:4,x275_sampling_readout_factorial,paired_train_seed,sealed_evaluation_only,Submit GPU jobs to gpumedium; do not use pilot/gpupilot.
fsl_x275_factorial_source5x5_s501_512_20260717_1717_n1-d3-dep4-md192-it486-x1p00-s512-rg0,source_sampling_readout_factorial,canonical,4,72,64,192,512,486,254803968,524288,16,2048,40,1,L,fsl-x275-factorial-source5x5-s501-512-20260717-1717-n1-d3-dep4-md192-it486-x1p00-s512-rg0,1,3,x275_sampling_readout_factorial_source,4,254803968,524288,Fresh measured 5x5 source union for a target-sealed sampling/readout factorial. Each replay reads and pays only its selected source-cell union.,controlled_model_dim_source_prefix_smalln_5x5,8061000.0,8061000.0,0.0,0.162821576719,9,x275_factorial_full_5x5_collection,,1.305337,0,486,254803968,1.0,physical_full_5x5_replay_buffer,1:3,0:0;0:1;0:2;0:3;0:4;1:0;1:1;1:2;1:3;1:4;2:0;2:1;2:2;2:3;2:4;3:0;3:1;3:2;3:3;3:4;4:0;4:1;4:2;4:3;4:4,x275_sampling_readout_factorial,paired_train_seed,sealed_evaluation_only,Submit GPU jobs to gpumedium; do not use pilot/gpupilot.
fsl_x275_factorial_source5x5_s501_512_20260717_1717_n1-d4-dep4-md192-it729-x1p00-s512-rg0,source_sampling_readout_factorial,canonical,4,72,64,192,512,729,382205952,524288,16,2048,40,1,L,fsl-x275-factorial-source5x5-s501-512-20260717-1717-n1-d4-dep4-md192-it729-x1p00-s512-rg0,1,4,x275_sampling_readout_factorial_source,4,382205952,524288,Fresh measured 5x5 source union for a target-sealed sampling/readout factorial. Each replay reads and pays only its selected source-cell union.,controlled_model_dim_source_prefix_smalln_5x5,8061000.0,8061000.0,0.0,0.162821576719,10,x275_factorial_full_5x5_collection,,1.305337,0,729,382205952,1.0,physical_full_5x5_replay_buffer,1:4,0:0;0:1;0:2;0:3;0:4;1:0;1:1;1:2;1:3;1:4;2:0;2:1;2:2;2:3;2:4;3:0;3:1;3:2;3:3;3:4;4:0;4:1;4:2;4:3;4:4,x275_sampling_readout_factorial,paired_train_seed,sealed_evaluation_only,Submit GPU jobs to gpumedium; do not use pilot/gpupilot.
fsl_x275_factorial_source5x5_s501_512_20260717_1717_n2-d0-dep4-md320-it144-x1p00-s512-rg0,source_sampling_readout_factorial,canonical,4,72,64,320,512,144,75497472,524288,16,2048,40,1,L,fsl-x275-factorial-source5x5-s501-512-20260717-1717-n2-d0-dep4-md320-it144-x1p00-s512-rg0,2,0,x275_sampling_readout_factorial_source,4,75497472,524288,Fresh measured 5x5 source union for a target-sealed sampling/readout factorial. Each replay reads and pays only its selected source-cell union.,controlled_model_dim_source_prefix_smalln_5x5,15401080.0,15401080.0,0.0,0.162821576719,11,x275_factorial_full_5x5_collection,,1.305337,0,144,75497472,1.0,physical_full_5x5_replay_buffer,2:0,0:0;0:1;0:2;0:3;0:4;1:0;1:1;1:2;1:3;1:4;2:0;2:1;2:2;2:3;2:4;3:0;3:1;3:2;3:3;3:4;4:0;4:1;4:2;4:3;4:4,x275_sampling_readout_factorial,paired_train_seed,sealed_evaluation_only,Submit GPU jobs to gpumedium; do not use pilot/gpupilot.
fsl_x275_factorial_source5x5_s501_512_20260717_1717_n2-d1-dep4-md320-it216-x1p00-s512-rg0,source_sampling_readout_factorial,canonical,4,72,64,320,512,216,113246208,524288,16,2048,40,1,L,fsl-x275-factorial-source5x5-s501-512-20260717-1717-n2-d1-dep4-md320-it216-x1p00-s512-rg0,2,1,x275_sampling_readout_factorial_source,4,113246208,524288,Fresh measured 5x5 source union for a target-sealed sampling/readout factorial. Each replay reads and pays only its selected source-cell union.,controlled_model_dim_source_prefix_smalln_5x5,15401080.0,15401080.0,0.0,0.162821576719,12,x275_factorial_full_5x5_collection,,1.305337,0,216,113246208,1.0,physical_full_5x5_replay_buffer,2:1,0:0;0:1;0:2;0:3;0:4;1:0;1:1;1:2;1:3;1:4;2:0;2:1;2:2;2:3;2:4;3:0;3:1;3:2;3:3;3:4;4:0;4:1;4:2;4:3;4:4,x275_sampling_readout_factorial,paired_train_seed,sealed_evaluation_only,Submit GPU jobs to gpumedium; do not use pilot/gpupilot.
fsl_x275_factorial_source5x5_s501_512_20260717_1717_n2-d2-dep4-md320-it324-x1p00-s512-rg0,source_sampling_readout_factorial,canonical,4,72,64,320,512,324,169869312,524288,16,2048,40,1,L,fsl-x275-factorial-source5x5-s501-512-20260717-1717-n2-d2-dep4-md320-it324-x1p00-s512-rg0,2,2,x275_sampling_readout_factorial_source,4,169869312,524288,Fresh measured 5x5 source union for a target-sealed sampling/readout factorial. Each replay reads and pays only its selected source-cell union.,controlled_model_dim_source_prefix_smalln_5x5,15401080.0,15401080.0,0.0,0.162821576719,13,x275_factorial_full_5x5_collection,,1.305337,0,324,169869312,1.0,physical_full_5x5_replay_buffer,2:2,0:0;0:1;0:2;0:3;0:4;1:0;1:1;1:2;1:3;1:4;2:0;2:1;2:2;2:3;2:4;3:0;3:1;3:2;3:3;3:4;4:0;4:1;4:2;4:3;4:4,x275_sampling_readout_factorial,paired_train_seed,sealed_evaluation_only,Submit GPU jobs to gpumedium; do not use pilot/gpupilot.
fsl_x275_factorial_source5x5_s501_512_20260717_1717_n2-d3-dep4-md320-it486-x1p00-s512-rg0,source_sampling_readout_factorial,canonical,4,72,64,320,512,486,254803968,524288,16,2048,40,1,L,fsl-x275-factorial-source5x5-s501-512-20260717-1717-n2-d3-dep4-md320-it486-x1p00-s512-rg0,2,3,x275_sampling_readout_factorial_source,4,254803968,524288,Fresh measured 5x5 source union for a target-sealed sampling/readout factorial. Each replay reads and pays only its selected source-cell union.,controlled_model_dim_source_prefix_smalln_5x5,15401080.0,15401080.0,0.0,0.162821576719,14,x275_factorial_full_5x5_collection,,1.305337,0,486,254803968,1.0,physical_full_5x5_replay_buffer,2:3,0:0;0:1;0:2;0:3;0:4;1:0;1:1;1:2;1:3;1:4;2:0;2:1;2:2;2:3;2:4;3:0;3:1;3:2;3:3;3:4;4:0;4:1;4:2;4:3;4:4,x275_sampling_readout_factorial,paired_train_seed,sealed_evaluation_only,Submit GPU jobs to gpumedium; do not use pilot/gpupilot.
fsl_x275_factorial_source5x5_s501_512_20260717_1717_n2-d4-dep4-md320-it729-x1p00-s512-rg0,source_sampling_readout_factorial,canonical,4,72,64,320,512,729,382205952,524288,16,2048,40,1,L,fsl-x275-factorial-source5x5-s501-512-20260717-1717-n2-d4-dep4-md320-it729-x1p00-s512-rg0,2,4,x275_sampling_readout_factorial_source,4,382205952,524288,Fresh measured 5x5 source union for a target-sealed sampling/readout factorial. Each replay reads and pays only its selected source-cell union.,controlled_model_dim_source_prefix_smalln_5x5,15401080.0,15401080.0,0.0,0.162821576719,15,x275_factorial_full_5x5_collection,,1.305337,0,729,382205952,1.0,physical_full_5x5_replay_buffer,2:4,0:0;0:1;0:2;0:3;0:4;1:0;1:1;1:2;1:3;1:4;2:0;2:1;2:2;2:3;2:4;3:0;3:1;3:2;3:3;3:4;4:0;4:1;4:2;4:3;4:4,x275_sampling_readout_factorial,paired_train_seed,sealed_evaluation_only,Submit GPU jobs to gpumedium; do not use pilot/gpupilot.
fsl_x275_factorial_source5x5_s501_512_20260717_1717_n3-d0-dep4-md512-it144-x1p00-s512-rg0,source_sampling_readout_factorial,canonical,4,72,64,512,512,144,75497472,524288,16,2048,40,1,L,fsl-x275-factorial-source5x5-s501-512-20260717-1717-n3-d0-dep4-md512-it144-x1p00-s512-rg0,3,0,x275_sampling_readout_factorial_source,4,75497472,524288,Fresh measured 5x5 source union for a target-sealed sampling/readout factorial. Each replay reads and pays only its selected source-cell union.,controlled_model_dim_source_prefix_smalln_5x5,29360320.0,29360320.0,0.0,0.162821576719,16,x275_factorial_full_5x5_collection,,1.305337,0,144,75497472,1.0,physical_full_5x5_replay_buffer,3:0,0:0;0:1;0:2;0:3;0:4;1:0;1:1;1:2;1:3;1:4;2:0;2:1;2:2;2:3;2:4;3:0;3:1;3:2;3:3;3:4;4:0;4:1;4:2;4:3;4:4,x275_sampling_readout_factorial,paired_train_seed,sealed_evaluation_only,Submit GPU jobs to gpumedium; do not use pilot/gpupilot.
fsl_x275_factorial_source5x5_s501_512_20260717_1717_n3-d1-dep4-md512-it216-x1p00-s512-rg0,source_sampling_readout_factorial,canonical,4,72,64,512,512,216,113246208,524288,16,2048,40,1,L,fsl-x275-factorial-source5x5-s501-512-20260717-1717-n3-d1-dep4-md512-it216-x1p00-s512-rg0,3,1,x275_sampling_readout_factorial_source,4,113246208,524288,Fresh measured 5x5 source union for a target-sealed sampling/readout factorial. Each replay reads and pays only its selected source-cell union.,controlled_model_dim_source_prefix_smalln_5x5,29360320.0,29360320.0,0.0,0.162821576719,17,x275_factorial_full_5x5_collection,,1.305337,0,216,113246208,1.0,physical_full_5x5_replay_buffer,3:1,0:0;0:1;0:2;0:3;0:4;1:0;1:1;1:2;1:3;1:4;2:0;2:1;2:2;2:3;2:4;3:0;3:1;3:2;3:3;3:4;4:0;4:1;4:2;4:3;4:4,x275_sampling_readout_factorial,paired_train_seed,sealed_evaluation_only,Submit GPU jobs to gpumedium; do not use pilot/gpupilot.
fsl_x275_factorial_source5x5_s501_512_20260717_1717_n3-d2-dep4-md512-it324-x1p00-s512-rg0,source_sampling_readout_factorial,canonical,4,72,64,512,512,324,169869312,524288,16,2048,40,1,L,fsl-x275-factorial-source5x5-s501-512-20260717-1717-n3-d2-dep4-md512-it324-x1p00-s512-rg0,3,2,x275_sampling_readout_factorial_source,4,169869312,524288,Fresh measured 5x5 source union for a target-sealed sampling/readout factorial. Each replay reads and pays only its selected source-cell union.,controlled_model_dim_source_prefix_smalln_5x5,29360320.0,29360320.0,0.0,0.162821576719,18,x275_factorial_full_5x5_collection,,1.305337,0,324,169869312,1.0,physical_full_5x5_replay_buffer,3:2,0:0;0:1;0:2;0:3;0:4;1:0;1:1;1:2;1:3;1:4;2:0;2:1;2:2;2:3;2:4;3:0;3:1;3:2;3:3;3:4;4:0;4:1;4:2;4:3;4:4,x275_sampling_readout_factorial,paired_train_seed,sealed_evaluation_only,Submit GPU jobs to gpumedium; do not use pilot/gpupilot.
fsl_x275_factorial_source5x5_s501_512_20260717_1717_n3-d3-dep4-md512-it486-x1p00-s512-rg0,source_sampling_readout_factorial,canonical,4,72,64,512,512,486,254803968,524288,16,2048,40,1,L,fsl-x275-factorial-source5x5-s501-512-20260717-1717-n3-d3-dep4-md512-it486-x1p00-s512-rg0,3,3,x275_sampling_readout_factorial_source,4,254803968,524288,Fresh measured 5x5 source union for a target-sealed sampling/readout factorial. Each replay reads and pays only its selected source-cell union.,controlled_model_dim_source_prefix_smalln_5x5,29360320.0,29360320.0,0.0,0.162821576719,19,x275_factorial_full_5x5_collection,,1.305337,0,486,254803968,1.0,physical_full_5x5_replay_buffer,3:3,0:0;0:1;0:2;0:3;0:4;1:0;1:1;1:2;1:3;1:4;2:0;2:1;2:2;2:3;2:4;3:0;3:1;3:2;3:3;3:4;4:0;4:1;4:2;4:3;4:4,x275_sampling_readout_factorial,paired_train_seed,sealed_evaluation_only,Submit GPU jobs to gpumedium; do not use pilot/gpupilot.
fsl_x275_factorial_source5x5_s501_512_20260717_1717_n3-d4-dep4-md512-it729-x1p00-s512-rg0,source_sampling_readout_factorial,canonical,4,72,64,512,512,729,382205952,524288,16,2048,40,1,L,fsl-x275-factorial-source5x5-s501-512-20260717-1717-n3-d4-dep4-md512-it729-x1p00-s512-rg0,3,4,x275_sampling_readout_factorial_source,4,382205952,524288,Fresh measured 5x5 source union for a target-sealed sampling/readout factorial. Each replay reads and pays only its selected source-cell union.,controlled_model_dim_source_prefix_smalln_5x5,29360320.0,29360320.0,0.0,0.162821576719,20,x275_factorial_full_5x5_collection,,1.305337,0,729,382205952,1.0,physical_full_5x5_replay_buffer,3:4,0:0;0:1;0:2;0:3;0:4;1:0;1:1;1:2;1:3;1:4;2:0;2:1;2:2;2:3;2:4;3:0;3:1;3:2;3:3;3:4;4:0;4:1;4:2;4:3;4:4,x275_sampling_readout_factorial,paired_train_seed,sealed_evaluation_only,Submit GPU jobs to gpumedium; do not use pilot/gpupilot.
fsl_x275_factorial_source5x5_s501_512_20260717_1717_n4-d0-dep4-md704-it144-x1p00-s512-rg0,source_sampling_readout_factorial,canonical,4,72,64,704,512,144,75497472,524288,16,2048,40,1,L,fsl-x275-factorial-source5x5-s501-512-20260717-1717-n4-d0-dep4-md704-it144-x1p00-s512-rg0,4,0,x275_sampling_readout_factorial_source,4,75497472,524288,Fresh measured 5x5 source union for a target-sealed sampling/readout factorial. Each replay reads and pays only its selected source-cell union.,controlled_model_dim_source_prefix_smalln_5x5,46858504.0,46858504.0,0.0,0.162821576719,21,x275_factorial_full_5x5_collection,,1.305337,0,144,75497472,1.0,physical_full_5x5_replay_buffer,4:0,0:0;0:1;0:2;0:3;0:4;1:0;1:1;1:2;1:3;1:4;2:0;2:1;2:2;2:3;2:4;3:0;3:1;3:2;3:3;3:4;4:0;4:1;4:2;4:3;4:4,x275_sampling_readout_factorial,paired_train_seed,sealed_evaluation_only,Submit GPU jobs to gpumedium; do not use pilot/gpupilot.
fsl_x275_factorial_source5x5_s501_512_20260717_1717_n4-d1-dep4-md704-it216-x1p00-s512-rg0,source_sampling_readout_factorial,canonical,4,72,64,704,512,216,113246208,524288,16,2048,40,1,L,fsl-x275-factorial-source5x5-s501-512-20260717-1717-n4-d1-dep4-md704-it216-x1p00-s512-rg0,4,1,x275_sampling_readout_factorial_source,4,113246208,524288,Fresh measured 5x5 source union for a target-sealed sampling/readout factorial. Each replay reads and pays only its selected source-cell union.,controlled_model_dim_source_prefix_smalln_5x5,46858504.0,46858504.0,0.0,0.162821576719,22,x275_factorial_full_5x5_collection,,1.305337,0,216,113246208,1.0,physical_full_5x5_replay_buffer,4:1,0:0;0:1;0:2;0:3;0:4;1:0;1:1;1:2;1:3;1:4;2:0;2:1;2:2;2:3;2:4;3:0;3:1;3:2;3:3;3:4;4:0;4:1;4:2;4:3;4:4,x275_sampling_readout_factorial,paired_train_seed,sealed_evaluation_only,Submit GPU jobs to gpumedium; do not use pilot/gpupilot.
fsl_x275_factorial_source5x5_s501_512_20260717_1717_n4-d2-dep4-md704-it324-x1p00-s512-rg0,source_sampling_readout_factorial,canonical,4,72,64,704,512,324,169869312,524288,16,2048,40,1,L,fsl-x275-factorial-source5x5-s501-512-20260717-1717-n4-d2-dep4-md704-it324-x1p00-s512-rg0,4,2,x275_sampling_readout_factorial_source,4,169869312,524288,Fresh measured 5x5 source union for a target-sealed sampling/readout factorial. Each replay reads and pays only its selected source-cell union.,controlled_model_dim_source_prefix_smalln_5x5,46858504.0,46858504.0,0.0,0.162821576719,23,x275_factorial_full_5x5_collection,,1.305337,0,324,169869312,1.0,physical_full_5x5_replay_buffer,4:2,0:0;0:1;0:2;0:3;0:4;1:0;1:1;1:2;1:3;1:4;2:0;2:1;2:2;2:3;2:4;3:0;3:1;3:2;3:3;3:4;4:0;4:1;4:2;4:3;4:4,x275_sampling_readout_factorial,paired_train_seed,sealed_evaluation_only,Submit GPU jobs to gpumedium; do not use pilot/gpupilot.
fsl_x275_factorial_source5x5_s501_512_20260717_1717_n4-d3-dep4-md704-it486-x1p00-s512-rg0,source_sampling_readout_factorial,canonical,4,72,64,704,512,486,254803968,524288,16,2048,40,1,L,fsl-x275-factorial-source5x5-s501-512-20260717-1717-n4-d3-dep4-md704-it486-x1p00-s512-rg0,4,3,x275_sampling_readout_factorial_source,4,254803968,524288,Fresh measured 5x5 source union for a target-sealed sampling/readout factorial. Each replay reads and pays only its selected source-cell union.,controlled_model_dim_source_prefix_smalln_5x5,46858504.0,46858504.0,0.0,0.162821576719,24,x275_factorial_full_5x5_collection,,1.305337,0,486,254803968,1.0,physical_full_5x5_replay_buffer,4:3,0:0;0:1;0:2;0:3;0:4;1:0;1:1;1:2;1:3;1:4;2:0;2:1;2:2;2:3;2:4;3:0;3:1;3:2;3:3;3:4;4:0;4:1;4:2;4:3;4:4,x275_sampling_readout_factorial,paired_train_seed,sealed_evaluation_only,Submit GPU jobs to gpumedium; do not use pilot/gpupilot.
fsl_x275_factorial_source5x5_s501_512_20260717_1717_n4-d4-dep4-md704-it729-x1p00-s512-rg0,source_sampling_readout_factorial,canonical,4,72,64,704,512,729,382205952,524288,16,2048,40,1,L,fsl-x275-factorial-source5x5-s501-512-20260717-1717-n4-d4-dep4-md704-it729-x1p00-s512-rg0,4,4,x275_sampling_readout_factorial_source,4,382205952,524288,Fresh measured 5x5 source union for a target-sealed sampling/readout factorial. Each replay reads and pays only its selected source-cell union.,controlled_model_dim_source_prefix_smalln_5x5,46858504.0,46858504.0,0.0,0.162821576719,25,x275_factorial_full_5x5_collection,,1.305337,0,729,382205952,1.0,physical_full_5x5_replay_buffer,4:4,0:0;0:1;0:2;0:3;0:4;1:0;1:1;1:2;1:3;1:4;2:0;2:1;2:2;2:3;2:4;3:0;3:1;3:2;3:3;3:4;4:0;4:1;4:2;4:3;4:4,x275_sampling_readout_factorial,paired_train_seed,sealed_evaluation_only,Submit GPU jobs to gpumedium; do not use pilot/gpupilot.
