stage,split,recipe_band,depth,aspect_ratio,head_dim,model_dim,seed,num_iterations,target_tokens,total_batch_size,device_batch_size,max_seq_len,warmup_steps,fp8,window_pattern,model_tag,n_index,d_index,planned_family,planned_model_depth,planned_data_tokens,planned_total_batch_size,planned_note,sizing_family,target_n_scaling,preflight_n_scaling,target_n_scaling_rel_error,n_geometric_rel_error,source_prefix_order,source_prefix_family,source_prefix_q_hint,target_budget_b,train_row_group_start,base_num_iterations,D_actual,train_length_multiplier,support_policy,support_point_id,support_keys,delta_support_process_family,delta_support_process_repeats,target_line_referee_usage,roihu_partition_note
fsl_x225_multisupport_source5x5_s351_362_20260716_0215_n0-d0-dep4-md128-it144-x1p00-s351-rg0,source_delta_support_process_control,canonical,4,72,64,128,351,144,75497472,524288,16,2048,40,1,L,fsl-x225-multisupport-source5x5-s351-362-20260716-0215-n0-d0-dep4-md128-it144-x1p00-s351-rg0,0,0,x225_multisupport_delta_confirmation_source,4,75497472,524288,Fresh measured 5x5 source grid for the sealed x225 multi-support Delta confirmation. Target losses are evaluation-only.,controlled_model_dim_source_prefix_smalln_5x5,4980784.0,4980784.0,0.0,0.162821576719,1,x225_multisupport_full_5x5_collection,,1.305337,0,144,75497472,1.0,physical_full_5x5_collection,0:0,0:0;0:1;0:2;0:3;0:4;1:0;1:1;1:2;1:3;1:4;2:0;2:1;2:2;2:3;2:4;3:0;3:1;3:2;3:3;3:4;4:0;4:1;4:2;4:3;4:4,x225_multisupport_confirmation,paired_train_seed,sealed_evaluation_only,Submit GPU jobs to gpumedium; do not use pilot/gpupilot.
fsl_x225_multisupport_source5x5_s351_362_20260716_0215_n0-d1-dep4-md128-it216-x1p00-s351-rg0,source_delta_support_process_control,canonical,4,72,64,128,351,216,113246208,524288,16,2048,40,1,L,fsl-x225-multisupport-source5x5-s351-362-20260716-0215-n0-d1-dep4-md128-it216-x1p00-s351-rg0,0,1,x225_multisupport_delta_confirmation_source,4,113246208,524288,Fresh measured 5x5 source grid for the sealed x225 multi-support Delta confirmation. Target losses are evaluation-only.,controlled_model_dim_source_prefix_smalln_5x5,4980784.0,4980784.0,0.0,0.162821576719,2,x225_multisupport_full_5x5_collection,,1.305337,0,216,113246208,1.0,physical_full_5x5_collection,0:1,0:0;0:1;0:2;0:3;0:4;1:0;1:1;1:2;1:3;1:4;2:0;2:1;2:2;2:3;2:4;3:0;3:1;3:2;3:3;3:4;4:0;4:1;4:2;4:3;4:4,x225_multisupport_confirmation,paired_train_seed,sealed_evaluation_only,Submit GPU jobs to gpumedium; do not use pilot/gpupilot.
fsl_x225_multisupport_source5x5_s351_362_20260716_0215_n0-d2-dep4-md128-it324-x1p00-s351-rg0,source_delta_support_process_control,canonical,4,72,64,128,351,324,169869312,524288,16,2048,40,1,L,fsl-x225-multisupport-source5x5-s351-362-20260716-0215-n0-d2-dep4-md128-it324-x1p00-s351-rg0,0,2,x225_multisupport_delta_confirmation_source,4,169869312,524288,Fresh measured 5x5 source grid for the sealed x225 multi-support Delta confirmation. Target losses are evaluation-only.,controlled_model_dim_source_prefix_smalln_5x5,4980784.0,4980784.0,0.0,0.162821576719,3,x225_multisupport_full_5x5_collection,,1.305337,0,324,169869312,1.0,physical_full_5x5_collection,0:2,0:0;0:1;0:2;0:3;0:4;1:0;1:1;1:2;1:3;1:4;2:0;2:1;2:2;2:3;2:4;3:0;3:1;3:2;3:3;3:4;4:0;4:1;4:2;4:3;4:4,x225_multisupport_confirmation,paired_train_seed,sealed_evaluation_only,Submit GPU jobs to gpumedium; do not use pilot/gpupilot.
fsl_x225_multisupport_source5x5_s351_362_20260716_0215_n0-d3-dep4-md128-it486-x1p00-s351-rg0,source_delta_support_process_control,canonical,4,72,64,128,351,486,254803968,524288,16,2048,40,1,L,fsl-x225-multisupport-source5x5-s351-362-20260716-0215-n0-d3-dep4-md128-it486-x1p00-s351-rg0,0,3,x225_multisupport_delta_confirmation_source,4,254803968,524288,Fresh measured 5x5 source grid for the sealed x225 multi-support Delta confirmation. Target losses are evaluation-only.,controlled_model_dim_source_prefix_smalln_5x5,4980784.0,4980784.0,0.0,0.162821576719,4,x225_multisupport_full_5x5_collection,,1.305337,0,486,254803968,1.0,physical_full_5x5_collection,0:3,0:0;0:1;0:2;0:3;0:4;1:0;1:1;1:2;1:3;1:4;2:0;2:1;2:2;2:3;2:4;3:0;3:1;3:2;3:3;3:4;4:0;4:1;4:2;4:3;4:4,x225_multisupport_confirmation,paired_train_seed,sealed_evaluation_only,Submit GPU jobs to gpumedium; do not use pilot/gpupilot.
fsl_x225_multisupport_source5x5_s351_362_20260716_0215_n0-d4-dep4-md128-it729-x1p00-s351-rg0,source_delta_support_process_control,canonical,4,72,64,128,351,729,382205952,524288,16,2048,40,1,L,fsl-x225-multisupport-source5x5-s351-362-20260716-0215-n0-d4-dep4-md128-it729-x1p00-s351-rg0,0,4,x225_multisupport_delta_confirmation_source,4,382205952,524288,Fresh measured 5x5 source grid for the sealed x225 multi-support Delta confirmation. Target losses are evaluation-only.,controlled_model_dim_source_prefix_smalln_5x5,4980784.0,4980784.0,0.0,0.162821576719,5,x225_multisupport_full_5x5_collection,,1.305337,0,729,382205952,1.0,physical_full_5x5_collection,0:4,0:0;0:1;0:2;0:3;0:4;1:0;1:1;1:2;1:3;1:4;2:0;2:1;2:2;2:3;2:4;3:0;3:1;3:2;3:3;3:4;4:0;4:1;4:2;4:3;4:4,x225_multisupport_confirmation,paired_train_seed,sealed_evaluation_only,Submit GPU jobs to gpumedium; do not use pilot/gpupilot.
fsl_x225_multisupport_source5x5_s351_362_20260716_0215_n1-d0-dep4-md192-it144-x1p00-s351-rg0,source_delta_support_process_control,canonical,4,72,64,192,351,144,75497472,524288,16,2048,40,1,L,fsl-x225-multisupport-source5x5-s351-362-20260716-0215-n1-d0-dep4-md192-it144-x1p00-s351-rg0,1,0,x225_multisupport_delta_confirmation_source,4,75497472,524288,Fresh measured 5x5 source grid for the sealed x225 multi-support Delta confirmation. Target losses are evaluation-only.,controlled_model_dim_source_prefix_smalln_5x5,8061000.0,8061000.0,0.0,0.162821576719,6,x225_multisupport_full_5x5_collection,,1.305337,0,144,75497472,1.0,physical_full_5x5_collection,1:0,0:0;0:1;0:2;0:3;0:4;1:0;1:1;1:2;1:3;1:4;2:0;2:1;2:2;2:3;2:4;3:0;3:1;3:2;3:3;3:4;4:0;4:1;4:2;4:3;4:4,x225_multisupport_confirmation,paired_train_seed,sealed_evaluation_only,Submit GPU jobs to gpumedium; do not use pilot/gpupilot.
fsl_x225_multisupport_source5x5_s351_362_20260716_0215_n1-d1-dep4-md192-it216-x1p00-s351-rg0,source_delta_support_process_control,canonical,4,72,64,192,351,216,113246208,524288,16,2048,40,1,L,fsl-x225-multisupport-source5x5-s351-362-20260716-0215-n1-d1-dep4-md192-it216-x1p00-s351-rg0,1,1,x225_multisupport_delta_confirmation_source,4,113246208,524288,Fresh measured 5x5 source grid for the sealed x225 multi-support Delta confirmation. Target losses are evaluation-only.,controlled_model_dim_source_prefix_smalln_5x5,8061000.0,8061000.0,0.0,0.162821576719,7,x225_multisupport_full_5x5_collection,,1.305337,0,216,113246208,1.0,physical_full_5x5_collection,1:1,0:0;0:1;0:2;0:3;0:4;1:0;1:1;1:2;1:3;1:4;2:0;2:1;2:2;2:3;2:4;3:0;3:1;3:2;3:3;3:4;4:0;4:1;4:2;4:3;4:4,x225_multisupport_confirmation,paired_train_seed,sealed_evaluation_only,Submit GPU jobs to gpumedium; do not use pilot/gpupilot.
fsl_x225_multisupport_source5x5_s351_362_20260716_0215_n1-d2-dep4-md192-it324-x1p00-s351-rg0,source_delta_support_process_control,canonical,4,72,64,192,351,324,169869312,524288,16,2048,40,1,L,fsl-x225-multisupport-source5x5-s351-362-20260716-0215-n1-d2-dep4-md192-it324-x1p00-s351-rg0,1,2,x225_multisupport_delta_confirmation_source,4,169869312,524288,Fresh measured 5x5 source grid for the sealed x225 multi-support Delta confirmation. Target losses are evaluation-only.,controlled_model_dim_source_prefix_smalln_5x5,8061000.0,8061000.0,0.0,0.162821576719,8,x225_multisupport_full_5x5_collection,,1.305337,0,324,169869312,1.0,physical_full_5x5_collection,1:2,0:0;0:1;0:2;0:3;0:4;1:0;1:1;1:2;1:3;1:4;2:0;2:1;2:2;2:3;2:4;3:0;3:1;3:2;3:3;3:4;4:0;4:1;4:2;4:3;4:4,x225_multisupport_confirmation,paired_train_seed,sealed_evaluation_only,Submit GPU jobs to gpumedium; do not use pilot/gpupilot.
fsl_x225_multisupport_source5x5_s351_362_20260716_0215_n1-d3-dep4-md192-it486-x1p00-s351-rg0,source_delta_support_process_control,canonical,4,72,64,192,351,486,254803968,524288,16,2048,40,1,L,fsl-x225-multisupport-source5x5-s351-362-20260716-0215-n1-d3-dep4-md192-it486-x1p00-s351-rg0,1,3,x225_multisupport_delta_confirmation_source,4,254803968,524288,Fresh measured 5x5 source grid for the sealed x225 multi-support Delta confirmation. Target losses are evaluation-only.,controlled_model_dim_source_prefix_smalln_5x5,8061000.0,8061000.0,0.0,0.162821576719,9,x225_multisupport_full_5x5_collection,,1.305337,0,486,254803968,1.0,physical_full_5x5_collection,1:3,0:0;0:1;0:2;0:3;0:4;1:0;1:1;1:2;1:3;1:4;2:0;2:1;2:2;2:3;2:4;3:0;3:1;3:2;3:3;3:4;4:0;4:1;4:2;4:3;4:4,x225_multisupport_confirmation,paired_train_seed,sealed_evaluation_only,Submit GPU jobs to gpumedium; do not use pilot/gpupilot.
fsl_x225_multisupport_source5x5_s351_362_20260716_0215_n1-d4-dep4-md192-it729-x1p00-s351-rg0,source_delta_support_process_control,canonical,4,72,64,192,351,729,382205952,524288,16,2048,40,1,L,fsl-x225-multisupport-source5x5-s351-362-20260716-0215-n1-d4-dep4-md192-it729-x1p00-s351-rg0,1,4,x225_multisupport_delta_confirmation_source,4,382205952,524288,Fresh measured 5x5 source grid for the sealed x225 multi-support Delta confirmation. Target losses are evaluation-only.,controlled_model_dim_source_prefix_smalln_5x5,8061000.0,8061000.0,0.0,0.162821576719,10,x225_multisupport_full_5x5_collection,,1.305337,0,729,382205952,1.0,physical_full_5x5_collection,1:4,0:0;0:1;0:2;0:3;0:4;1:0;1:1;1:2;1:3;1:4;2:0;2:1;2:2;2:3;2:4;3:0;3:1;3:2;3:3;3:4;4:0;4:1;4:2;4:3;4:4,x225_multisupport_confirmation,paired_train_seed,sealed_evaluation_only,Submit GPU jobs to gpumedium; do not use pilot/gpupilot.
fsl_x225_multisupport_source5x5_s351_362_20260716_0215_n2-d0-dep4-md320-it144-x1p00-s351-rg0,source_delta_support_process_control,canonical,4,72,64,320,351,144,75497472,524288,16,2048,40,1,L,fsl-x225-multisupport-source5x5-s351-362-20260716-0215-n2-d0-dep4-md320-it144-x1p00-s351-rg0,2,0,x225_multisupport_delta_confirmation_source,4,75497472,524288,Fresh measured 5x5 source grid for the sealed x225 multi-support Delta confirmation. Target losses are evaluation-only.,controlled_model_dim_source_prefix_smalln_5x5,15401080.0,15401080.0,0.0,0.162821576719,11,x225_multisupport_full_5x5_collection,,1.305337,0,144,75497472,1.0,physical_full_5x5_collection,2:0,0:0;0:1;0:2;0:3;0:4;1:0;1:1;1:2;1:3;1:4;2:0;2:1;2:2;2:3;2:4;3:0;3:1;3:2;3:3;3:4;4:0;4:1;4:2;4:3;4:4,x225_multisupport_confirmation,paired_train_seed,sealed_evaluation_only,Submit GPU jobs to gpumedium; do not use pilot/gpupilot.
fsl_x225_multisupport_source5x5_s351_362_20260716_0215_n2-d1-dep4-md320-it216-x1p00-s351-rg0,source_delta_support_process_control,canonical,4,72,64,320,351,216,113246208,524288,16,2048,40,1,L,fsl-x225-multisupport-source5x5-s351-362-20260716-0215-n2-d1-dep4-md320-it216-x1p00-s351-rg0,2,1,x225_multisupport_delta_confirmation_source,4,113246208,524288,Fresh measured 5x5 source grid for the sealed x225 multi-support Delta confirmation. Target losses are evaluation-only.,controlled_model_dim_source_prefix_smalln_5x5,15401080.0,15401080.0,0.0,0.162821576719,12,x225_multisupport_full_5x5_collection,,1.305337,0,216,113246208,1.0,physical_full_5x5_collection,2:1,0:0;0:1;0:2;0:3;0:4;1:0;1:1;1:2;1:3;1:4;2:0;2:1;2:2;2:3;2:4;3:0;3:1;3:2;3:3;3:4;4:0;4:1;4:2;4:3;4:4,x225_multisupport_confirmation,paired_train_seed,sealed_evaluation_only,Submit GPU jobs to gpumedium; do not use pilot/gpupilot.
fsl_x225_multisupport_source5x5_s351_362_20260716_0215_n2-d2-dep4-md320-it324-x1p00-s351-rg0,source_delta_support_process_control,canonical,4,72,64,320,351,324,169869312,524288,16,2048,40,1,L,fsl-x225-multisupport-source5x5-s351-362-20260716-0215-n2-d2-dep4-md320-it324-x1p00-s351-rg0,2,2,x225_multisupport_delta_confirmation_source,4,169869312,524288,Fresh measured 5x5 source grid for the sealed x225 multi-support Delta confirmation. Target losses are evaluation-only.,controlled_model_dim_source_prefix_smalln_5x5,15401080.0,15401080.0,0.0,0.162821576719,13,x225_multisupport_full_5x5_collection,,1.305337,0,324,169869312,1.0,physical_full_5x5_collection,2:2,0:0;0:1;0:2;0:3;0:4;1:0;1:1;1:2;1:3;1:4;2:0;2:1;2:2;2:3;2:4;3:0;3:1;3:2;3:3;3:4;4:0;4:1;4:2;4:3;4:4,x225_multisupport_confirmation,paired_train_seed,sealed_evaluation_only,Submit GPU jobs to gpumedium; do not use pilot/gpupilot.
fsl_x225_multisupport_source5x5_s351_362_20260716_0215_n2-d3-dep4-md320-it486-x1p00-s351-rg0,source_delta_support_process_control,canonical,4,72,64,320,351,486,254803968,524288,16,2048,40,1,L,fsl-x225-multisupport-source5x5-s351-362-20260716-0215-n2-d3-dep4-md320-it486-x1p00-s351-rg0,2,3,x225_multisupport_delta_confirmation_source,4,254803968,524288,Fresh measured 5x5 source grid for the sealed x225 multi-support Delta confirmation. Target losses are evaluation-only.,controlled_model_dim_source_prefix_smalln_5x5,15401080.0,15401080.0,0.0,0.162821576719,14,x225_multisupport_full_5x5_collection,,1.305337,0,486,254803968,1.0,physical_full_5x5_collection,2:3,0:0;0:1;0:2;0:3;0:4;1:0;1:1;1:2;1:3;1:4;2:0;2:1;2:2;2:3;2:4;3:0;3:1;3:2;3:3;3:4;4:0;4:1;4:2;4:3;4:4,x225_multisupport_confirmation,paired_train_seed,sealed_evaluation_only,Submit GPU jobs to gpumedium; do not use pilot/gpupilot.
fsl_x225_multisupport_source5x5_s351_362_20260716_0215_n2-d4-dep4-md320-it729-x1p00-s351-rg0,source_delta_support_process_control,canonical,4,72,64,320,351,729,382205952,524288,16,2048,40,1,L,fsl-x225-multisupport-source5x5-s351-362-20260716-0215-n2-d4-dep4-md320-it729-x1p00-s351-rg0,2,4,x225_multisupport_delta_confirmation_source,4,382205952,524288,Fresh measured 5x5 source grid for the sealed x225 multi-support Delta confirmation. Target losses are evaluation-only.,controlled_model_dim_source_prefix_smalln_5x5,15401080.0,15401080.0,0.0,0.162821576719,15,x225_multisupport_full_5x5_collection,,1.305337,0,729,382205952,1.0,physical_full_5x5_collection,2:4,0:0;0:1;0:2;0:3;0:4;1:0;1:1;1:2;1:3;1:4;2:0;2:1;2:2;2:3;2:4;3:0;3:1;3:2;3:3;3:4;4:0;4:1;4:2;4:3;4:4,x225_multisupport_confirmation,paired_train_seed,sealed_evaluation_only,Submit GPU jobs to gpumedium; do not use pilot/gpupilot.
fsl_x225_multisupport_source5x5_s351_362_20260716_0215_n3-d0-dep4-md512-it144-x1p00-s351-rg0,source_delta_support_process_control,canonical,4,72,64,512,351,144,75497472,524288,16,2048,40,1,L,fsl-x225-multisupport-source5x5-s351-362-20260716-0215-n3-d0-dep4-md512-it144-x1p00-s351-rg0,3,0,x225_multisupport_delta_confirmation_source,4,75497472,524288,Fresh measured 5x5 source grid for the sealed x225 multi-support Delta confirmation. Target losses are evaluation-only.,controlled_model_dim_source_prefix_smalln_5x5,29360320.0,29360320.0,0.0,0.162821576719,16,x225_multisupport_full_5x5_collection,,1.305337,0,144,75497472,1.0,physical_full_5x5_collection,3:0,0:0;0:1;0:2;0:3;0:4;1:0;1:1;1:2;1:3;1:4;2:0;2:1;2:2;2:3;2:4;3:0;3:1;3:2;3:3;3:4;4:0;4:1;4:2;4:3;4:4,x225_multisupport_confirmation,paired_train_seed,sealed_evaluation_only,Submit GPU jobs to gpumedium; do not use pilot/gpupilot.
fsl_x225_multisupport_source5x5_s351_362_20260716_0215_n3-d1-dep4-md512-it216-x1p00-s351-rg0,source_delta_support_process_control,canonical,4,72,64,512,351,216,113246208,524288,16,2048,40,1,L,fsl-x225-multisupport-source5x5-s351-362-20260716-0215-n3-d1-dep4-md512-it216-x1p00-s351-rg0,3,1,x225_multisupport_delta_confirmation_source,4,113246208,524288,Fresh measured 5x5 source grid for the sealed x225 multi-support Delta confirmation. Target losses are evaluation-only.,controlled_model_dim_source_prefix_smalln_5x5,29360320.0,29360320.0,0.0,0.162821576719,17,x225_multisupport_full_5x5_collection,,1.305337,0,216,113246208,1.0,physical_full_5x5_collection,3:1,0:0;0:1;0:2;0:3;0:4;1:0;1:1;1:2;1:3;1:4;2:0;2:1;2:2;2:3;2:4;3:0;3:1;3:2;3:3;3:4;4:0;4:1;4:2;4:3;4:4,x225_multisupport_confirmation,paired_train_seed,sealed_evaluation_only,Submit GPU jobs to gpumedium; do not use pilot/gpupilot.
fsl_x225_multisupport_source5x5_s351_362_20260716_0215_n3-d2-dep4-md512-it324-x1p00-s351-rg0,source_delta_support_process_control,canonical,4,72,64,512,351,324,169869312,524288,16,2048,40,1,L,fsl-x225-multisupport-source5x5-s351-362-20260716-0215-n3-d2-dep4-md512-it324-x1p00-s351-rg0,3,2,x225_multisupport_delta_confirmation_source,4,169869312,524288,Fresh measured 5x5 source grid for the sealed x225 multi-support Delta confirmation. Target losses are evaluation-only.,controlled_model_dim_source_prefix_smalln_5x5,29360320.0,29360320.0,0.0,0.162821576719,18,x225_multisupport_full_5x5_collection,,1.305337,0,324,169869312,1.0,physical_full_5x5_collection,3:2,0:0;0:1;0:2;0:3;0:4;1:0;1:1;1:2;1:3;1:4;2:0;2:1;2:2;2:3;2:4;3:0;3:1;3:2;3:3;3:4;4:0;4:1;4:2;4:3;4:4,x225_multisupport_confirmation,paired_train_seed,sealed_evaluation_only,Submit GPU jobs to gpumedium; do not use pilot/gpupilot.
fsl_x225_multisupport_source5x5_s351_362_20260716_0215_n3-d3-dep4-md512-it486-x1p00-s351-rg0,source_delta_support_process_control,canonical,4,72,64,512,351,486,254803968,524288,16,2048,40,1,L,fsl-x225-multisupport-source5x5-s351-362-20260716-0215-n3-d3-dep4-md512-it486-x1p00-s351-rg0,3,3,x225_multisupport_delta_confirmation_source,4,254803968,524288,Fresh measured 5x5 source grid for the sealed x225 multi-support Delta confirmation. Target losses are evaluation-only.,controlled_model_dim_source_prefix_smalln_5x5,29360320.0,29360320.0,0.0,0.162821576719,19,x225_multisupport_full_5x5_collection,,1.305337,0,486,254803968,1.0,physical_full_5x5_collection,3:3,0:0;0:1;0:2;0:3;0:4;1:0;1:1;1:2;1:3;1:4;2:0;2:1;2:2;2:3;2:4;3:0;3:1;3:2;3:3;3:4;4:0;4:1;4:2;4:3;4:4,x225_multisupport_confirmation,paired_train_seed,sealed_evaluation_only,Submit GPU jobs to gpumedium; do not use pilot/gpupilot.
fsl_x225_multisupport_source5x5_s351_362_20260716_0215_n3-d4-dep4-md512-it729-x1p00-s351-rg0,source_delta_support_process_control,canonical,4,72,64,512,351,729,382205952,524288,16,2048,40,1,L,fsl-x225-multisupport-source5x5-s351-362-20260716-0215-n3-d4-dep4-md512-it729-x1p00-s351-rg0,3,4,x225_multisupport_delta_confirmation_source,4,382205952,524288,Fresh measured 5x5 source grid for the sealed x225 multi-support Delta confirmation. Target losses are evaluation-only.,controlled_model_dim_source_prefix_smalln_5x5,29360320.0,29360320.0,0.0,0.162821576719,20,x225_multisupport_full_5x5_collection,,1.305337,0,729,382205952,1.0,physical_full_5x5_collection,3:4,0:0;0:1;0:2;0:3;0:4;1:0;1:1;1:2;1:3;1:4;2:0;2:1;2:2;2:3;2:4;3:0;3:1;3:2;3:3;3:4;4:0;4:1;4:2;4:3;4:4,x225_multisupport_confirmation,paired_train_seed,sealed_evaluation_only,Submit GPU jobs to gpumedium; do not use pilot/gpupilot.
fsl_x225_multisupport_source5x5_s351_362_20260716_0215_n4-d0-dep4-md704-it144-x1p00-s351-rg0,source_delta_support_process_control,canonical,4,72,64,704,351,144,75497472,524288,16,2048,40,1,L,fsl-x225-multisupport-source5x5-s351-362-20260716-0215-n4-d0-dep4-md704-it144-x1p00-s351-rg0,4,0,x225_multisupport_delta_confirmation_source,4,75497472,524288,Fresh measured 5x5 source grid for the sealed x225 multi-support Delta confirmation. Target losses are evaluation-only.,controlled_model_dim_source_prefix_smalln_5x5,46858504.0,46858504.0,0.0,0.162821576719,21,x225_multisupport_full_5x5_collection,,1.305337,0,144,75497472,1.0,physical_full_5x5_collection,4:0,0:0;0:1;0:2;0:3;0:4;1:0;1:1;1:2;1:3;1:4;2:0;2:1;2:2;2:3;2:4;3:0;3:1;3:2;3:3;3:4;4:0;4:1;4:2;4:3;4:4,x225_multisupport_confirmation,paired_train_seed,sealed_evaluation_only,Submit GPU jobs to gpumedium; do not use pilot/gpupilot.
fsl_x225_multisupport_source5x5_s351_362_20260716_0215_n4-d1-dep4-md704-it216-x1p00-s351-rg0,source_delta_support_process_control,canonical,4,72,64,704,351,216,113246208,524288,16,2048,40,1,L,fsl-x225-multisupport-source5x5-s351-362-20260716-0215-n4-d1-dep4-md704-it216-x1p00-s351-rg0,4,1,x225_multisupport_delta_confirmation_source,4,113246208,524288,Fresh measured 5x5 source grid for the sealed x225 multi-support Delta confirmation. Target losses are evaluation-only.,controlled_model_dim_source_prefix_smalln_5x5,46858504.0,46858504.0,0.0,0.162821576719,22,x225_multisupport_full_5x5_collection,,1.305337,0,216,113246208,1.0,physical_full_5x5_collection,4:1,0:0;0:1;0:2;0:3;0:4;1:0;1:1;1:2;1:3;1:4;2:0;2:1;2:2;2:3;2:4;3:0;3:1;3:2;3:3;3:4;4:0;4:1;4:2;4:3;4:4,x225_multisupport_confirmation,paired_train_seed,sealed_evaluation_only,Submit GPU jobs to gpumedium; do not use pilot/gpupilot.
fsl_x225_multisupport_source5x5_s351_362_20260716_0215_n4-d2-dep4-md704-it324-x1p00-s351-rg0,source_delta_support_process_control,canonical,4,72,64,704,351,324,169869312,524288,16,2048,40,1,L,fsl-x225-multisupport-source5x5-s351-362-20260716-0215-n4-d2-dep4-md704-it324-x1p00-s351-rg0,4,2,x225_multisupport_delta_confirmation_source,4,169869312,524288,Fresh measured 5x5 source grid for the sealed x225 multi-support Delta confirmation. Target losses are evaluation-only.,controlled_model_dim_source_prefix_smalln_5x5,46858504.0,46858504.0,0.0,0.162821576719,23,x225_multisupport_full_5x5_collection,,1.305337,0,324,169869312,1.0,physical_full_5x5_collection,4:2,0:0;0:1;0:2;0:3;0:4;1:0;1:1;1:2;1:3;1:4;2:0;2:1;2:2;2:3;2:4;3:0;3:1;3:2;3:3;3:4;4:0;4:1;4:2;4:3;4:4,x225_multisupport_confirmation,paired_train_seed,sealed_evaluation_only,Submit GPU jobs to gpumedium; do not use pilot/gpupilot.
fsl_x225_multisupport_source5x5_s351_362_20260716_0215_n4-d3-dep4-md704-it486-x1p00-s351-rg0,source_delta_support_process_control,canonical,4,72,64,704,351,486,254803968,524288,16,2048,40,1,L,fsl-x225-multisupport-source5x5-s351-362-20260716-0215-n4-d3-dep4-md704-it486-x1p00-s351-rg0,4,3,x225_multisupport_delta_confirmation_source,4,254803968,524288,Fresh measured 5x5 source grid for the sealed x225 multi-support Delta confirmation. Target losses are evaluation-only.,controlled_model_dim_source_prefix_smalln_5x5,46858504.0,46858504.0,0.0,0.162821576719,24,x225_multisupport_full_5x5_collection,,1.305337,0,486,254803968,1.0,physical_full_5x5_collection,4:3,0:0;0:1;0:2;0:3;0:4;1:0;1:1;1:2;1:3;1:4;2:0;2:1;2:2;2:3;2:4;3:0;3:1;3:2;3:3;3:4;4:0;4:1;4:2;4:3;4:4,x225_multisupport_confirmation,paired_train_seed,sealed_evaluation_only,Submit GPU jobs to gpumedium; do not use pilot/gpupilot.
fsl_x225_multisupport_source5x5_s351_362_20260716_0215_n4-d4-dep4-md704-it729-x1p00-s351-rg0,source_delta_support_process_control,canonical,4,72,64,704,351,729,382205952,524288,16,2048,40,1,L,fsl-x225-multisupport-source5x5-s351-362-20260716-0215-n4-d4-dep4-md704-it729-x1p00-s351-rg0,4,4,x225_multisupport_delta_confirmation_source,4,382205952,524288,Fresh measured 5x5 source grid for the sealed x225 multi-support Delta confirmation. Target losses are evaluation-only.,controlled_model_dim_source_prefix_smalln_5x5,46858504.0,46858504.0,0.0,0.162821576719,25,x225_multisupport_full_5x5_collection,,1.305337,0,729,382205952,1.0,physical_full_5x5_collection,4:4,0:0;0:1;0:2;0:3;0:4;1:0;1:1;1:2;1:3;1:4;2:0;2:1;2:2;2:3;2:4;3:0;3:1;3:2;3:3;3:4;4:0;4:1;4:2;4:3;4:4,x225_multisupport_confirmation,paired_train_seed,sealed_evaluation_only,Submit GPU jobs to gpumedium; do not use pilot/gpupilot.
fsl_x225_multisupport_source5x5_s351_362_20260716_0215_n0-d0-dep4-md128-it144-x1p00-s352-rg0,source_delta_support_process_control,canonical,4,72,64,128,352,144,75497472,524288,16,2048,40,1,L,fsl-x225-multisupport-source5x5-s351-362-20260716-0215-n0-d0-dep4-md128-it144-x1p00-s352-rg0,0,0,x225_multisupport_delta_confirmation_source,4,75497472,524288,Fresh measured 5x5 source grid for the sealed x225 multi-support Delta confirmation. Target losses are evaluation-only.,controlled_model_dim_source_prefix_smalln_5x5,4980784.0,4980784.0,0.0,0.162821576719,1,x225_multisupport_full_5x5_collection,,1.305337,0,144,75497472,1.0,physical_full_5x5_collection,0:0,0:0;0:1;0:2;0:3;0:4;1:0;1:1;1:2;1:3;1:4;2:0;2:1;2:2;2:3;2:4;3:0;3:1;3:2;3:3;3:4;4:0;4:1;4:2;4:3;4:4,x225_multisupport_confirmation,paired_train_seed,sealed_evaluation_only,Submit GPU jobs to gpumedium; do not use pilot/gpupilot.
fsl_x225_multisupport_source5x5_s351_362_20260716_0215_n0-d1-dep4-md128-it216-x1p00-s352-rg0,source_delta_support_process_control,canonical,4,72,64,128,352,216,113246208,524288,16,2048,40,1,L,fsl-x225-multisupport-source5x5-s351-362-20260716-0215-n0-d1-dep4-md128-it216-x1p00-s352-rg0,0,1,x225_multisupport_delta_confirmation_source,4,113246208,524288,Fresh measured 5x5 source grid for the sealed x225 multi-support Delta confirmation. Target losses are evaluation-only.,controlled_model_dim_source_prefix_smalln_5x5,4980784.0,4980784.0,0.0,0.162821576719,2,x225_multisupport_full_5x5_collection,,1.305337,0,216,113246208,1.0,physical_full_5x5_collection,0:1,0:0;0:1;0:2;0:3;0:4;1:0;1:1;1:2;1:3;1:4;2:0;2:1;2:2;2:3;2:4;3:0;3:1;3:2;3:3;3:4;4:0;4:1;4:2;4:3;4:4,x225_multisupport_confirmation,paired_train_seed,sealed_evaluation_only,Submit GPU jobs to gpumedium; do not use pilot/gpupilot.
fsl_x225_multisupport_source5x5_s351_362_20260716_0215_n0-d2-dep4-md128-it324-x1p00-s352-rg0,source_delta_support_process_control,canonical,4,72,64,128,352,324,169869312,524288,16,2048,40,1,L,fsl-x225-multisupport-source5x5-s351-362-20260716-0215-n0-d2-dep4-md128-it324-x1p00-s352-rg0,0,2,x225_multisupport_delta_confirmation_source,4,169869312,524288,Fresh measured 5x5 source grid for the sealed x225 multi-support Delta confirmation. Target losses are evaluation-only.,controlled_model_dim_source_prefix_smalln_5x5,4980784.0,4980784.0,0.0,0.162821576719,3,x225_multisupport_full_5x5_collection,,1.305337,0,324,169869312,1.0,physical_full_5x5_collection,0:2,0:0;0:1;0:2;0:3;0:4;1:0;1:1;1:2;1:3;1:4;2:0;2:1;2:2;2:3;2:4;3:0;3:1;3:2;3:3;3:4;4:0;4:1;4:2;4:3;4:4,x225_multisupport_confirmation,paired_train_seed,sealed_evaluation_only,Submit GPU jobs to gpumedium; do not use pilot/gpupilot.
fsl_x225_multisupport_source5x5_s351_362_20260716_0215_n0-d3-dep4-md128-it486-x1p00-s352-rg0,source_delta_support_process_control,canonical,4,72,64,128,352,486,254803968,524288,16,2048,40,1,L,fsl-x225-multisupport-source5x5-s351-362-20260716-0215-n0-d3-dep4-md128-it486-x1p00-s352-rg0,0,3,x225_multisupport_delta_confirmation_source,4,254803968,524288,Fresh measured 5x5 source grid for the sealed x225 multi-support Delta confirmation. Target losses are evaluation-only.,controlled_model_dim_source_prefix_smalln_5x5,4980784.0,4980784.0,0.0,0.162821576719,4,x225_multisupport_full_5x5_collection,,1.305337,0,486,254803968,1.0,physical_full_5x5_collection,0:3,0:0;0:1;0:2;0:3;0:4;1:0;1:1;1:2;1:3;1:4;2:0;2:1;2:2;2:3;2:4;3:0;3:1;3:2;3:3;3:4;4:0;4:1;4:2;4:3;4:4,x225_multisupport_confirmation,paired_train_seed,sealed_evaluation_only,Submit GPU jobs to gpumedium; do not use pilot/gpupilot.
fsl_x225_multisupport_source5x5_s351_362_20260716_0215_n0-d4-dep4-md128-it729-x1p00-s352-rg0,source_delta_support_process_control,canonical,4,72,64,128,352,729,382205952,524288,16,2048,40,1,L,fsl-x225-multisupport-source5x5-s351-362-20260716-0215-n0-d4-dep4-md128-it729-x1p00-s352-rg0,0,4,x225_multisupport_delta_confirmation_source,4,382205952,524288,Fresh measured 5x5 source grid for the sealed x225 multi-support Delta confirmation. Target losses are evaluation-only.,controlled_model_dim_source_prefix_smalln_5x5,4980784.0,4980784.0,0.0,0.162821576719,5,x225_multisupport_full_5x5_collection,,1.305337,0,729,382205952,1.0,physical_full_5x5_collection,0:4,0:0;0:1;0:2;0:3;0:4;1:0;1:1;1:2;1:3;1:4;2:0;2:1;2:2;2:3;2:4;3:0;3:1;3:2;3:3;3:4;4:0;4:1;4:2;4:3;4:4,x225_multisupport_confirmation,paired_train_seed,sealed_evaluation_only,Submit GPU jobs to gpumedium; do not use pilot/gpupilot.
fsl_x225_multisupport_source5x5_s351_362_20260716_0215_n1-d0-dep4-md192-it144-x1p00-s352-rg0,source_delta_support_process_control,canonical,4,72,64,192,352,144,75497472,524288,16,2048,40,1,L,fsl-x225-multisupport-source5x5-s351-362-20260716-0215-n1-d0-dep4-md192-it144-x1p00-s352-rg0,1,0,x225_multisupport_delta_confirmation_source,4,75497472,524288,Fresh measured 5x5 source grid for the sealed x225 multi-support Delta confirmation. Target losses are evaluation-only.,controlled_model_dim_source_prefix_smalln_5x5,8061000.0,8061000.0,0.0,0.162821576719,6,x225_multisupport_full_5x5_collection,,1.305337,0,144,75497472,1.0,physical_full_5x5_collection,1:0,0:0;0:1;0:2;0:3;0:4;1:0;1:1;1:2;1:3;1:4;2:0;2:1;2:2;2:3;2:4;3:0;3:1;3:2;3:3;3:4;4:0;4:1;4:2;4:3;4:4,x225_multisupport_confirmation,paired_train_seed,sealed_evaluation_only,Submit GPU jobs to gpumedium; do not use pilot/gpupilot.
fsl_x225_multisupport_source5x5_s351_362_20260716_0215_n1-d1-dep4-md192-it216-x1p00-s352-rg0,source_delta_support_process_control,canonical,4,72,64,192,352,216,113246208,524288,16,2048,40,1,L,fsl-x225-multisupport-source5x5-s351-362-20260716-0215-n1-d1-dep4-md192-it216-x1p00-s352-rg0,1,1,x225_multisupport_delta_confirmation_source,4,113246208,524288,Fresh measured 5x5 source grid for the sealed x225 multi-support Delta confirmation. Target losses are evaluation-only.,controlled_model_dim_source_prefix_smalln_5x5,8061000.0,8061000.0,0.0,0.162821576719,7,x225_multisupport_full_5x5_collection,,1.305337,0,216,113246208,1.0,physical_full_5x5_collection,1:1,0:0;0:1;0:2;0:3;0:4;1:0;1:1;1:2;1:3;1:4;2:0;2:1;2:2;2:3;2:4;3:0;3:1;3:2;3:3;3:4;4:0;4:1;4:2;4:3;4:4,x225_multisupport_confirmation,paired_train_seed,sealed_evaluation_only,Submit GPU jobs to gpumedium; do not use pilot/gpupilot.
fsl_x225_multisupport_source5x5_s351_362_20260716_0215_n1-d2-dep4-md192-it324-x1p00-s352-rg0,source_delta_support_process_control,canonical,4,72,64,192,352,324,169869312,524288,16,2048,40,1,L,fsl-x225-multisupport-source5x5-s351-362-20260716-0215-n1-d2-dep4-md192-it324-x1p00-s352-rg0,1,2,x225_multisupport_delta_confirmation_source,4,169869312,524288,Fresh measured 5x5 source grid for the sealed x225 multi-support Delta confirmation. Target losses are evaluation-only.,controlled_model_dim_source_prefix_smalln_5x5,8061000.0,8061000.0,0.0,0.162821576719,8,x225_multisupport_full_5x5_collection,,1.305337,0,324,169869312,1.0,physical_full_5x5_collection,1:2,0:0;0:1;0:2;0:3;0:4;1:0;1:1;1:2;1:3;1:4;2:0;2:1;2:2;2:3;2:4;3:0;3:1;3:2;3:3;3:4;4:0;4:1;4:2;4:3;4:4,x225_multisupport_confirmation,paired_train_seed,sealed_evaluation_only,Submit GPU jobs to gpumedium; do not use pilot/gpupilot.
fsl_x225_multisupport_source5x5_s351_362_20260716_0215_n1-d3-dep4-md192-it486-x1p00-s352-rg0,source_delta_support_process_control,canonical,4,72,64,192,352,486,254803968,524288,16,2048,40,1,L,fsl-x225-multisupport-source5x5-s351-362-20260716-0215-n1-d3-dep4-md192-it486-x1p00-s352-rg0,1,3,x225_multisupport_delta_confirmation_source,4,254803968,524288,Fresh measured 5x5 source grid for the sealed x225 multi-support Delta confirmation. Target losses are evaluation-only.,controlled_model_dim_source_prefix_smalln_5x5,8061000.0,8061000.0,0.0,0.162821576719,9,x225_multisupport_full_5x5_collection,,1.305337,0,486,254803968,1.0,physical_full_5x5_collection,1:3,0:0;0:1;0:2;0:3;0:4;1:0;1:1;1:2;1:3;1:4;2:0;2:1;2:2;2:3;2:4;3:0;3:1;3:2;3:3;3:4;4:0;4:1;4:2;4:3;4:4,x225_multisupport_confirmation,paired_train_seed,sealed_evaluation_only,Submit GPU jobs to gpumedium; do not use pilot/gpupilot.
fsl_x225_multisupport_source5x5_s351_362_20260716_0215_n1-d4-dep4-md192-it729-x1p00-s352-rg0,source_delta_support_process_control,canonical,4,72,64,192,352,729,382205952,524288,16,2048,40,1,L,fsl-x225-multisupport-source5x5-s351-362-20260716-0215-n1-d4-dep4-md192-it729-x1p00-s352-rg0,1,4,x225_multisupport_delta_confirmation_source,4,382205952,524288,Fresh measured 5x5 source grid for the sealed x225 multi-support Delta confirmation. Target losses are evaluation-only.,controlled_model_dim_source_prefix_smalln_5x5,8061000.0,8061000.0,0.0,0.162821576719,10,x225_multisupport_full_5x5_collection,,1.305337,0,729,382205952,1.0,physical_full_5x5_collection,1:4,0:0;0:1;0:2;0:3;0:4;1:0;1:1;1:2;1:3;1:4;2:0;2:1;2:2;2:3;2:4;3:0;3:1;3:2;3:3;3:4;4:0;4:1;4:2;4:3;4:4,x225_multisupport_confirmation,paired_train_seed,sealed_evaluation_only,Submit GPU jobs to gpumedium; do not use pilot/gpupilot.
fsl_x225_multisupport_source5x5_s351_362_20260716_0215_n2-d0-dep4-md320-it144-x1p00-s352-rg0,source_delta_support_process_control,canonical,4,72,64,320,352,144,75497472,524288,16,2048,40,1,L,fsl-x225-multisupport-source5x5-s351-362-20260716-0215-n2-d0-dep4-md320-it144-x1p00-s352-rg0,2,0,x225_multisupport_delta_confirmation_source,4,75497472,524288,Fresh measured 5x5 source grid for the sealed x225 multi-support Delta confirmation. Target losses are evaluation-only.,controlled_model_dim_source_prefix_smalln_5x5,15401080.0,15401080.0,0.0,0.162821576719,11,x225_multisupport_full_5x5_collection,,1.305337,0,144,75497472,1.0,physical_full_5x5_collection,2:0,0:0;0:1;0:2;0:3;0:4;1:0;1:1;1:2;1:3;1:4;2:0;2:1;2:2;2:3;2:4;3:0;3:1;3:2;3:3;3:4;4:0;4:1;4:2;4:3;4:4,x225_multisupport_confirmation,paired_train_seed,sealed_evaluation_only,Submit GPU jobs to gpumedium; do not use pilot/gpupilot.
fsl_x225_multisupport_source5x5_s351_362_20260716_0215_n2-d1-dep4-md320-it216-x1p00-s352-rg0,source_delta_support_process_control,canonical,4,72,64,320,352,216,113246208,524288,16,2048,40,1,L,fsl-x225-multisupport-source5x5-s351-362-20260716-0215-n2-d1-dep4-md320-it216-x1p00-s352-rg0,2,1,x225_multisupport_delta_confirmation_source,4,113246208,524288,Fresh measured 5x5 source grid for the sealed x225 multi-support Delta confirmation. Target losses are evaluation-only.,controlled_model_dim_source_prefix_smalln_5x5,15401080.0,15401080.0,0.0,0.162821576719,12,x225_multisupport_full_5x5_collection,,1.305337,0,216,113246208,1.0,physical_full_5x5_collection,2:1,0:0;0:1;0:2;0:3;0:4;1:0;1:1;1:2;1:3;1:4;2:0;2:1;2:2;2:3;2:4;3:0;3:1;3:2;3:3;3:4;4:0;4:1;4:2;4:3;4:4,x225_multisupport_confirmation,paired_train_seed,sealed_evaluation_only,Submit GPU jobs to gpumedium; do not use pilot/gpupilot.
fsl_x225_multisupport_source5x5_s351_362_20260716_0215_n2-d2-dep4-md320-it324-x1p00-s352-rg0,source_delta_support_process_control,canonical,4,72,64,320,352,324,169869312,524288,16,2048,40,1,L,fsl-x225-multisupport-source5x5-s351-362-20260716-0215-n2-d2-dep4-md320-it324-x1p00-s352-rg0,2,2,x225_multisupport_delta_confirmation_source,4,169869312,524288,Fresh measured 5x5 source grid for the sealed x225 multi-support Delta confirmation. Target losses are evaluation-only.,controlled_model_dim_source_prefix_smalln_5x5,15401080.0,15401080.0,0.0,0.162821576719,13,x225_multisupport_full_5x5_collection,,1.305337,0,324,169869312,1.0,physical_full_5x5_collection,2:2,0:0;0:1;0:2;0:3;0:4;1:0;1:1;1:2;1:3;1:4;2:0;2:1;2:2;2:3;2:4;3:0;3:1;3:2;3:3;3:4;4:0;4:1;4:2;4:3;4:4,x225_multisupport_confirmation,paired_train_seed,sealed_evaluation_only,Submit GPU jobs to gpumedium; do not use pilot/gpupilot.
fsl_x225_multisupport_source5x5_s351_362_20260716_0215_n2-d3-dep4-md320-it486-x1p00-s352-rg0,source_delta_support_process_control,canonical,4,72,64,320,352,486,254803968,524288,16,2048,40,1,L,fsl-x225-multisupport-source5x5-s351-362-20260716-0215-n2-d3-dep4-md320-it486-x1p00-s352-rg0,2,3,x225_multisupport_delta_confirmation_source,4,254803968,524288,Fresh measured 5x5 source grid for the sealed x225 multi-support Delta confirmation. Target losses are evaluation-only.,controlled_model_dim_source_prefix_smalln_5x5,15401080.0,15401080.0,0.0,0.162821576719,14,x225_multisupport_full_5x5_collection,,1.305337,0,486,254803968,1.0,physical_full_5x5_collection,2:3,0:0;0:1;0:2;0:3;0:4;1:0;1:1;1:2;1:3;1:4;2:0;2:1;2:2;2:3;2:4;3:0;3:1;3:2;3:3;3:4;4:0;4:1;4:2;4:3;4:4,x225_multisupport_confirmation,paired_train_seed,sealed_evaluation_only,Submit GPU jobs to gpumedium; do not use pilot/gpupilot.
fsl_x225_multisupport_source5x5_s351_362_20260716_0215_n2-d4-dep4-md320-it729-x1p00-s352-rg0,source_delta_support_process_control,canonical,4,72,64,320,352,729,382205952,524288,16,2048,40,1,L,fsl-x225-multisupport-source5x5-s351-362-20260716-0215-n2-d4-dep4-md320-it729-x1p00-s352-rg0,2,4,x225_multisupport_delta_confirmation_source,4,382205952,524288,Fresh measured 5x5 source grid for the sealed x225 multi-support Delta confirmation. Target losses are evaluation-only.,controlled_model_dim_source_prefix_smalln_5x5,15401080.0,15401080.0,0.0,0.162821576719,15,x225_multisupport_full_5x5_collection,,1.305337,0,729,382205952,1.0,physical_full_5x5_collection,2:4,0:0;0:1;0:2;0:3;0:4;1:0;1:1;1:2;1:3;1:4;2:0;2:1;2:2;2:3;2:4;3:0;3:1;3:2;3:3;3:4;4:0;4:1;4:2;4:3;4:4,x225_multisupport_confirmation,paired_train_seed,sealed_evaluation_only,Submit GPU jobs to gpumedium; do not use pilot/gpupilot.
fsl_x225_multisupport_source5x5_s351_362_20260716_0215_n3-d0-dep4-md512-it144-x1p00-s352-rg0,source_delta_support_process_control,canonical,4,72,64,512,352,144,75497472,524288,16,2048,40,1,L,fsl-x225-multisupport-source5x5-s351-362-20260716-0215-n3-d0-dep4-md512-it144-x1p00-s352-rg0,3,0,x225_multisupport_delta_confirmation_source,4,75497472,524288,Fresh measured 5x5 source grid for the sealed x225 multi-support Delta confirmation. Target losses are evaluation-only.,controlled_model_dim_source_prefix_smalln_5x5,29360320.0,29360320.0,0.0,0.162821576719,16,x225_multisupport_full_5x5_collection,,1.305337,0,144,75497472,1.0,physical_full_5x5_collection,3:0,0:0;0:1;0:2;0:3;0:4;1:0;1:1;1:2;1:3;1:4;2:0;2:1;2:2;2:3;2:4;3:0;3:1;3:2;3:3;3:4;4:0;4:1;4:2;4:3;4:4,x225_multisupport_confirmation,paired_train_seed,sealed_evaluation_only,Submit GPU jobs to gpumedium; do not use pilot/gpupilot.
fsl_x225_multisupport_source5x5_s351_362_20260716_0215_n3-d1-dep4-md512-it216-x1p00-s352-rg0,source_delta_support_process_control,canonical,4,72,64,512,352,216,113246208,524288,16,2048,40,1,L,fsl-x225-multisupport-source5x5-s351-362-20260716-0215-n3-d1-dep4-md512-it216-x1p00-s352-rg0,3,1,x225_multisupport_delta_confirmation_source,4,113246208,524288,Fresh measured 5x5 source grid for the sealed x225 multi-support Delta confirmation. Target losses are evaluation-only.,controlled_model_dim_source_prefix_smalln_5x5,29360320.0,29360320.0,0.0,0.162821576719,17,x225_multisupport_full_5x5_collection,,1.305337,0,216,113246208,1.0,physical_full_5x5_collection,3:1,0:0;0:1;0:2;0:3;0:4;1:0;1:1;1:2;1:3;1:4;2:0;2:1;2:2;2:3;2:4;3:0;3:1;3:2;3:3;3:4;4:0;4:1;4:2;4:3;4:4,x225_multisupport_confirmation,paired_train_seed,sealed_evaluation_only,Submit GPU jobs to gpumedium; do not use pilot/gpupilot.
fsl_x225_multisupport_source5x5_s351_362_20260716_0215_n3-d2-dep4-md512-it324-x1p00-s352-rg0,source_delta_support_process_control,canonical,4,72,64,512,352,324,169869312,524288,16,2048,40,1,L,fsl-x225-multisupport-source5x5-s351-362-20260716-0215-n3-d2-dep4-md512-it324-x1p00-s352-rg0,3,2,x225_multisupport_delta_confirmation_source,4,169869312,524288,Fresh measured 5x5 source grid for the sealed x225 multi-support Delta confirmation. Target losses are evaluation-only.,controlled_model_dim_source_prefix_smalln_5x5,29360320.0,29360320.0,0.0,0.162821576719,18,x225_multisupport_full_5x5_collection,,1.305337,0,324,169869312,1.0,physical_full_5x5_collection,3:2,0:0;0:1;0:2;0:3;0:4;1:0;1:1;1:2;1:3;1:4;2:0;2:1;2:2;2:3;2:4;3:0;3:1;3:2;3:3;3:4;4:0;4:1;4:2;4:3;4:4,x225_multisupport_confirmation,paired_train_seed,sealed_evaluation_only,Submit GPU jobs to gpumedium; do not use pilot/gpupilot.
fsl_x225_multisupport_source5x5_s351_362_20260716_0215_n3-d3-dep4-md512-it486-x1p00-s352-rg0,source_delta_support_process_control,canonical,4,72,64,512,352,486,254803968,524288,16,2048,40,1,L,fsl-x225-multisupport-source5x5-s351-362-20260716-0215-n3-d3-dep4-md512-it486-x1p00-s352-rg0,3,3,x225_multisupport_delta_confirmation_source,4,254803968,524288,Fresh measured 5x5 source grid for the sealed x225 multi-support Delta confirmation. Target losses are evaluation-only.,controlled_model_dim_source_prefix_smalln_5x5,29360320.0,29360320.0,0.0,0.162821576719,19,x225_multisupport_full_5x5_collection,,1.305337,0,486,254803968,1.0,physical_full_5x5_collection,3:3,0:0;0:1;0:2;0:3;0:4;1:0;1:1;1:2;1:3;1:4;2:0;2:1;2:2;2:3;2:4;3:0;3:1;3:2;3:3;3:4;4:0;4:1;4:2;4:3;4:4,x225_multisupport_confirmation,paired_train_seed,sealed_evaluation_only,Submit GPU jobs to gpumedium; do not use pilot/gpupilot.
fsl_x225_multisupport_source5x5_s351_362_20260716_0215_n3-d4-dep4-md512-it729-x1p00-s352-rg0,source_delta_support_process_control,canonical,4,72,64,512,352,729,382205952,524288,16,2048,40,1,L,fsl-x225-multisupport-source5x5-s351-362-20260716-0215-n3-d4-dep4-md512-it729-x1p00-s352-rg0,3,4,x225_multisupport_delta_confirmation_source,4,382205952,524288,Fresh measured 5x5 source grid for the sealed x225 multi-support Delta confirmation. Target losses are evaluation-only.,controlled_model_dim_source_prefix_smalln_5x5,29360320.0,29360320.0,0.0,0.162821576719,20,x225_multisupport_full_5x5_collection,,1.305337,0,729,382205952,1.0,physical_full_5x5_collection,3:4,0:0;0:1;0:2;0:3;0:4;1:0;1:1;1:2;1:3;1:4;2:0;2:1;2:2;2:3;2:4;3:0;3:1;3:2;3:3;3:4;4:0;4:1;4:2;4:3;4:4,x225_multisupport_confirmation,paired_train_seed,sealed_evaluation_only,Submit GPU jobs to gpumedium; do not use pilot/gpupilot.
fsl_x225_multisupport_source5x5_s351_362_20260716_0215_n4-d0-dep4-md704-it144-x1p00-s352-rg0,source_delta_support_process_control,canonical,4,72,64,704,352,144,75497472,524288,16,2048,40,1,L,fsl-x225-multisupport-source5x5-s351-362-20260716-0215-n4-d0-dep4-md704-it144-x1p00-s352-rg0,4,0,x225_multisupport_delta_confirmation_source,4,75497472,524288,Fresh measured 5x5 source grid for the sealed x225 multi-support Delta confirmation. Target losses are evaluation-only.,controlled_model_dim_source_prefix_smalln_5x5,46858504.0,46858504.0,0.0,0.162821576719,21,x225_multisupport_full_5x5_collection,,1.305337,0,144,75497472,1.0,physical_full_5x5_collection,4:0,0:0;0:1;0:2;0:3;0:4;1:0;1:1;1:2;1:3;1:4;2:0;2:1;2:2;2:3;2:4;3:0;3:1;3:2;3:3;3:4;4:0;4:1;4:2;4:3;4:4,x225_multisupport_confirmation,paired_train_seed,sealed_evaluation_only,Submit GPU jobs to gpumedium; do not use pilot/gpupilot.
fsl_x225_multisupport_source5x5_s351_362_20260716_0215_n4-d1-dep4-md704-it216-x1p00-s352-rg0,source_delta_support_process_control,canonical,4,72,64,704,352,216,113246208,524288,16,2048,40,1,L,fsl-x225-multisupport-source5x5-s351-362-20260716-0215-n4-d1-dep4-md704-it216-x1p00-s352-rg0,4,1,x225_multisupport_delta_confirmation_source,4,113246208,524288,Fresh measured 5x5 source grid for the sealed x225 multi-support Delta confirmation. Target losses are evaluation-only.,controlled_model_dim_source_prefix_smalln_5x5,46858504.0,46858504.0,0.0,0.162821576719,22,x225_multisupport_full_5x5_collection,,1.305337,0,216,113246208,1.0,physical_full_5x5_collection,4:1,0:0;0:1;0:2;0:3;0:4;1:0;1:1;1:2;1:3;1:4;2:0;2:1;2:2;2:3;2:4;3:0;3:1;3:2;3:3;3:4;4:0;4:1;4:2;4:3;4:4,x225_multisupport_confirmation,paired_train_seed,sealed_evaluation_only,Submit GPU jobs to gpumedium; do not use pilot/gpupilot.
fsl_x225_multisupport_source5x5_s351_362_20260716_0215_n4-d2-dep4-md704-it324-x1p00-s352-rg0,source_delta_support_process_control,canonical,4,72,64,704,352,324,169869312,524288,16,2048,40,1,L,fsl-x225-multisupport-source5x5-s351-362-20260716-0215-n4-d2-dep4-md704-it324-x1p00-s352-rg0,4,2,x225_multisupport_delta_confirmation_source,4,169869312,524288,Fresh measured 5x5 source grid for the sealed x225 multi-support Delta confirmation. Target losses are evaluation-only.,controlled_model_dim_source_prefix_smalln_5x5,46858504.0,46858504.0,0.0,0.162821576719,23,x225_multisupport_full_5x5_collection,,1.305337,0,324,169869312,1.0,physical_full_5x5_collection,4:2,0:0;0:1;0:2;0:3;0:4;1:0;1:1;1:2;1:3;1:4;2:0;2:1;2:2;2:3;2:4;3:0;3:1;3:2;3:3;3:4;4:0;4:1;4:2;4:3;4:4,x225_multisupport_confirmation,paired_train_seed,sealed_evaluation_only,Submit GPU jobs to gpumedium; do not use pilot/gpupilot.
fsl_x225_multisupport_source5x5_s351_362_20260716_0215_n4-d3-dep4-md704-it486-x1p00-s352-rg0,source_delta_support_process_control,canonical,4,72,64,704,352,486,254803968,524288,16,2048,40,1,L,fsl-x225-multisupport-source5x5-s351-362-20260716-0215-n4-d3-dep4-md704-it486-x1p00-s352-rg0,4,3,x225_multisupport_delta_confirmation_source,4,254803968,524288,Fresh measured 5x5 source grid for the sealed x225 multi-support Delta confirmation. Target losses are evaluation-only.,controlled_model_dim_source_prefix_smalln_5x5,46858504.0,46858504.0,0.0,0.162821576719,24,x225_multisupport_full_5x5_collection,,1.305337,0,486,254803968,1.0,physical_full_5x5_collection,4:3,0:0;0:1;0:2;0:3;0:4;1:0;1:1;1:2;1:3;1:4;2:0;2:1;2:2;2:3;2:4;3:0;3:1;3:2;3:3;3:4;4:0;4:1;4:2;4:3;4:4,x225_multisupport_confirmation,paired_train_seed,sealed_evaluation_only,Submit GPU jobs to gpumedium; do not use pilot/gpupilot.
fsl_x225_multisupport_source5x5_s351_362_20260716_0215_n4-d4-dep4-md704-it729-x1p00-s352-rg0,source_delta_support_process_control,canonical,4,72,64,704,352,729,382205952,524288,16,2048,40,1,L,fsl-x225-multisupport-source5x5-s351-362-20260716-0215-n4-d4-dep4-md704-it729-x1p00-s352-rg0,4,4,x225_multisupport_delta_confirmation_source,4,382205952,524288,Fresh measured 5x5 source grid for the sealed x225 multi-support Delta confirmation. Target losses are evaluation-only.,controlled_model_dim_source_prefix_smalln_5x5,46858504.0,46858504.0,0.0,0.162821576719,25,x225_multisupport_full_5x5_collection,,1.305337,0,729,382205952,1.0,physical_full_5x5_collection,4:4,0:0;0:1;0:2;0:3;0:4;1:0;1:1;1:2;1:3;1:4;2:0;2:1;2:2;2:3;2:4;3:0;3:1;3:2;3:3;3:4;4:0;4:1;4:2;4:3;4:4,x225_multisupport_confirmation,paired_train_seed,sealed_evaluation_only,Submit GPU jobs to gpumedium; do not use pilot/gpupilot.
fsl_x225_multisupport_source5x5_s351_362_20260716_0215_n0-d0-dep4-md128-it144-x1p00-s353-rg0,source_delta_support_process_control,canonical,4,72,64,128,353,144,75497472,524288,16,2048,40,1,L,fsl-x225-multisupport-source5x5-s351-362-20260716-0215-n0-d0-dep4-md128-it144-x1p00-s353-rg0,0,0,x225_multisupport_delta_confirmation_source,4,75497472,524288,Fresh measured 5x5 source grid for the sealed x225 multi-support Delta confirmation. Target losses are evaluation-only.,controlled_model_dim_source_prefix_smalln_5x5,4980784.0,4980784.0,0.0,0.162821576719,1,x225_multisupport_full_5x5_collection,,1.305337,0,144,75497472,1.0,physical_full_5x5_collection,0:0,0:0;0:1;0:2;0:3;0:4;1:0;1:1;1:2;1:3;1:4;2:0;2:1;2:2;2:3;2:4;3:0;3:1;3:2;3:3;3:4;4:0;4:1;4:2;4:3;4:4,x225_multisupport_confirmation,paired_train_seed,sealed_evaluation_only,Submit GPU jobs to gpumedium; do not use pilot/gpupilot.
fsl_x225_multisupport_source5x5_s351_362_20260716_0215_n0-d1-dep4-md128-it216-x1p00-s353-rg0,source_delta_support_process_control,canonical,4,72,64,128,353,216,113246208,524288,16,2048,40,1,L,fsl-x225-multisupport-source5x5-s351-362-20260716-0215-n0-d1-dep4-md128-it216-x1p00-s353-rg0,0,1,x225_multisupport_delta_confirmation_source,4,113246208,524288,Fresh measured 5x5 source grid for the sealed x225 multi-support Delta confirmation. Target losses are evaluation-only.,controlled_model_dim_source_prefix_smalln_5x5,4980784.0,4980784.0,0.0,0.162821576719,2,x225_multisupport_full_5x5_collection,,1.305337,0,216,113246208,1.0,physical_full_5x5_collection,0:1,0:0;0:1;0:2;0:3;0:4;1:0;1:1;1:2;1:3;1:4;2:0;2:1;2:2;2:3;2:4;3:0;3:1;3:2;3:3;3:4;4:0;4:1;4:2;4:3;4:4,x225_multisupport_confirmation,paired_train_seed,sealed_evaluation_only,Submit GPU jobs to gpumedium; do not use pilot/gpupilot.
fsl_x225_multisupport_source5x5_s351_362_20260716_0215_n0-d2-dep4-md128-it324-x1p00-s353-rg0,source_delta_support_process_control,canonical,4,72,64,128,353,324,169869312,524288,16,2048,40,1,L,fsl-x225-multisupport-source5x5-s351-362-20260716-0215-n0-d2-dep4-md128-it324-x1p00-s353-rg0,0,2,x225_multisupport_delta_confirmation_source,4,169869312,524288,Fresh measured 5x5 source grid for the sealed x225 multi-support Delta confirmation. Target losses are evaluation-only.,controlled_model_dim_source_prefix_smalln_5x5,4980784.0,4980784.0,0.0,0.162821576719,3,x225_multisupport_full_5x5_collection,,1.305337,0,324,169869312,1.0,physical_full_5x5_collection,0:2,0:0;0:1;0:2;0:3;0:4;1:0;1:1;1:2;1:3;1:4;2:0;2:1;2:2;2:3;2:4;3:0;3:1;3:2;3:3;3:4;4:0;4:1;4:2;4:3;4:4,x225_multisupport_confirmation,paired_train_seed,sealed_evaluation_only,Submit GPU jobs to gpumedium; do not use pilot/gpupilot.
fsl_x225_multisupport_source5x5_s351_362_20260716_0215_n0-d3-dep4-md128-it486-x1p00-s353-rg0,source_delta_support_process_control,canonical,4,72,64,128,353,486,254803968,524288,16,2048,40,1,L,fsl-x225-multisupport-source5x5-s351-362-20260716-0215-n0-d3-dep4-md128-it486-x1p00-s353-rg0,0,3,x225_multisupport_delta_confirmation_source,4,254803968,524288,Fresh measured 5x5 source grid for the sealed x225 multi-support Delta confirmation. Target losses are evaluation-only.,controlled_model_dim_source_prefix_smalln_5x5,4980784.0,4980784.0,0.0,0.162821576719,4,x225_multisupport_full_5x5_collection,,1.305337,0,486,254803968,1.0,physical_full_5x5_collection,0:3,0:0;0:1;0:2;0:3;0:4;1:0;1:1;1:2;1:3;1:4;2:0;2:1;2:2;2:3;2:4;3:0;3:1;3:2;3:3;3:4;4:0;4:1;4:2;4:3;4:4,x225_multisupport_confirmation,paired_train_seed,sealed_evaluation_only,Submit GPU jobs to gpumedium; do not use pilot/gpupilot.
fsl_x225_multisupport_source5x5_s351_362_20260716_0215_n0-d4-dep4-md128-it729-x1p00-s353-rg0,source_delta_support_process_control,canonical,4,72,64,128,353,729,382205952,524288,16,2048,40,1,L,fsl-x225-multisupport-source5x5-s351-362-20260716-0215-n0-d4-dep4-md128-it729-x1p00-s353-rg0,0,4,x225_multisupport_delta_confirmation_source,4,382205952,524288,Fresh measured 5x5 source grid for the sealed x225 multi-support Delta confirmation. Target losses are evaluation-only.,controlled_model_dim_source_prefix_smalln_5x5,4980784.0,4980784.0,0.0,0.162821576719,5,x225_multisupport_full_5x5_collection,,1.305337,0,729,382205952,1.0,physical_full_5x5_collection,0:4,0:0;0:1;0:2;0:3;0:4;1:0;1:1;1:2;1:3;1:4;2:0;2:1;2:2;2:3;2:4;3:0;3:1;3:2;3:3;3:4;4:0;4:1;4:2;4:3;4:4,x225_multisupport_confirmation,paired_train_seed,sealed_evaluation_only,Submit GPU jobs to gpumedium; do not use pilot/gpupilot.
fsl_x225_multisupport_source5x5_s351_362_20260716_0215_n1-d0-dep4-md192-it144-x1p00-s353-rg0,source_delta_support_process_control,canonical,4,72,64,192,353,144,75497472,524288,16,2048,40,1,L,fsl-x225-multisupport-source5x5-s351-362-20260716-0215-n1-d0-dep4-md192-it144-x1p00-s353-rg0,1,0,x225_multisupport_delta_confirmation_source,4,75497472,524288,Fresh measured 5x5 source grid for the sealed x225 multi-support Delta confirmation. Target losses are evaluation-only.,controlled_model_dim_source_prefix_smalln_5x5,8061000.0,8061000.0,0.0,0.162821576719,6,x225_multisupport_full_5x5_collection,,1.305337,0,144,75497472,1.0,physical_full_5x5_collection,1:0,0:0;0:1;0:2;0:3;0:4;1:0;1:1;1:2;1:3;1:4;2:0;2:1;2:2;2:3;2:4;3:0;3:1;3:2;3:3;3:4;4:0;4:1;4:2;4:3;4:4,x225_multisupport_confirmation,paired_train_seed,sealed_evaluation_only,Submit GPU jobs to gpumedium; do not use pilot/gpupilot.
fsl_x225_multisupport_source5x5_s351_362_20260716_0215_n1-d1-dep4-md192-it216-x1p00-s353-rg0,source_delta_support_process_control,canonical,4,72,64,192,353,216,113246208,524288,16,2048,40,1,L,fsl-x225-multisupport-source5x5-s351-362-20260716-0215-n1-d1-dep4-md192-it216-x1p00-s353-rg0,1,1,x225_multisupport_delta_confirmation_source,4,113246208,524288,Fresh measured 5x5 source grid for the sealed x225 multi-support Delta confirmation. Target losses are evaluation-only.,controlled_model_dim_source_prefix_smalln_5x5,8061000.0,8061000.0,0.0,0.162821576719,7,x225_multisupport_full_5x5_collection,,1.305337,0,216,113246208,1.0,physical_full_5x5_collection,1:1,0:0;0:1;0:2;0:3;0:4;1:0;1:1;1:2;1:3;1:4;2:0;2:1;2:2;2:3;2:4;3:0;3:1;3:2;3:3;3:4;4:0;4:1;4:2;4:3;4:4,x225_multisupport_confirmation,paired_train_seed,sealed_evaluation_only,Submit GPU jobs to gpumedium; do not use pilot/gpupilot.
fsl_x225_multisupport_source5x5_s351_362_20260716_0215_n1-d2-dep4-md192-it324-x1p00-s353-rg0,source_delta_support_process_control,canonical,4,72,64,192,353,324,169869312,524288,16,2048,40,1,L,fsl-x225-multisupport-source5x5-s351-362-20260716-0215-n1-d2-dep4-md192-it324-x1p00-s353-rg0,1,2,x225_multisupport_delta_confirmation_source,4,169869312,524288,Fresh measured 5x5 source grid for the sealed x225 multi-support Delta confirmation. Target losses are evaluation-only.,controlled_model_dim_source_prefix_smalln_5x5,8061000.0,8061000.0,0.0,0.162821576719,8,x225_multisupport_full_5x5_collection,,1.305337,0,324,169869312,1.0,physical_full_5x5_collection,1:2,0:0;0:1;0:2;0:3;0:4;1:0;1:1;1:2;1:3;1:4;2:0;2:1;2:2;2:3;2:4;3:0;3:1;3:2;3:3;3:4;4:0;4:1;4:2;4:3;4:4,x225_multisupport_confirmation,paired_train_seed,sealed_evaluation_only,Submit GPU jobs to gpumedium; do not use pilot/gpupilot.
fsl_x225_multisupport_source5x5_s351_362_20260716_0215_n1-d3-dep4-md192-it486-x1p00-s353-rg0,source_delta_support_process_control,canonical,4,72,64,192,353,486,254803968,524288,16,2048,40,1,L,fsl-x225-multisupport-source5x5-s351-362-20260716-0215-n1-d3-dep4-md192-it486-x1p00-s353-rg0,1,3,x225_multisupport_delta_confirmation_source,4,254803968,524288,Fresh measured 5x5 source grid for the sealed x225 multi-support Delta confirmation. Target losses are evaluation-only.,controlled_model_dim_source_prefix_smalln_5x5,8061000.0,8061000.0,0.0,0.162821576719,9,x225_multisupport_full_5x5_collection,,1.305337,0,486,254803968,1.0,physical_full_5x5_collection,1:3,0:0;0:1;0:2;0:3;0:4;1:0;1:1;1:2;1:3;1:4;2:0;2:1;2:2;2:3;2:4;3:0;3:1;3:2;3:3;3:4;4:0;4:1;4:2;4:3;4:4,x225_multisupport_confirmation,paired_train_seed,sealed_evaluation_only,Submit GPU jobs to gpumedium; do not use pilot/gpupilot.
fsl_x225_multisupport_source5x5_s351_362_20260716_0215_n1-d4-dep4-md192-it729-x1p00-s353-rg0,source_delta_support_process_control,canonical,4,72,64,192,353,729,382205952,524288,16,2048,40,1,L,fsl-x225-multisupport-source5x5-s351-362-20260716-0215-n1-d4-dep4-md192-it729-x1p00-s353-rg0,1,4,x225_multisupport_delta_confirmation_source,4,382205952,524288,Fresh measured 5x5 source grid for the sealed x225 multi-support Delta confirmation. Target losses are evaluation-only.,controlled_model_dim_source_prefix_smalln_5x5,8061000.0,8061000.0,0.0,0.162821576719,10,x225_multisupport_full_5x5_collection,,1.305337,0,729,382205952,1.0,physical_full_5x5_collection,1:4,0:0;0:1;0:2;0:3;0:4;1:0;1:1;1:2;1:3;1:4;2:0;2:1;2:2;2:3;2:4;3:0;3:1;3:2;3:3;3:4;4:0;4:1;4:2;4:3;4:4,x225_multisupport_confirmation,paired_train_seed,sealed_evaluation_only,Submit GPU jobs to gpumedium; do not use pilot/gpupilot.
fsl_x225_multisupport_source5x5_s351_362_20260716_0215_n2-d0-dep4-md320-it144-x1p00-s353-rg0,source_delta_support_process_control,canonical,4,72,64,320,353,144,75497472,524288,16,2048,40,1,L,fsl-x225-multisupport-source5x5-s351-362-20260716-0215-n2-d0-dep4-md320-it144-x1p00-s353-rg0,2,0,x225_multisupport_delta_confirmation_source,4,75497472,524288,Fresh measured 5x5 source grid for the sealed x225 multi-support Delta confirmation. Target losses are evaluation-only.,controlled_model_dim_source_prefix_smalln_5x5,15401080.0,15401080.0,0.0,0.162821576719,11,x225_multisupport_full_5x5_collection,,1.305337,0,144,75497472,1.0,physical_full_5x5_collection,2:0,0:0;0:1;0:2;0:3;0:4;1:0;1:1;1:2;1:3;1:4;2:0;2:1;2:2;2:3;2:4;3:0;3:1;3:2;3:3;3:4;4:0;4:1;4:2;4:3;4:4,x225_multisupport_confirmation,paired_train_seed,sealed_evaluation_only,Submit GPU jobs to gpumedium; do not use pilot/gpupilot.
fsl_x225_multisupport_source5x5_s351_362_20260716_0215_n2-d1-dep4-md320-it216-x1p00-s353-rg0,source_delta_support_process_control,canonical,4,72,64,320,353,216,113246208,524288,16,2048,40,1,L,fsl-x225-multisupport-source5x5-s351-362-20260716-0215-n2-d1-dep4-md320-it216-x1p00-s353-rg0,2,1,x225_multisupport_delta_confirmation_source,4,113246208,524288,Fresh measured 5x5 source grid for the sealed x225 multi-support Delta confirmation. Target losses are evaluation-only.,controlled_model_dim_source_prefix_smalln_5x5,15401080.0,15401080.0,0.0,0.162821576719,12,x225_multisupport_full_5x5_collection,,1.305337,0,216,113246208,1.0,physical_full_5x5_collection,2:1,0:0;0:1;0:2;0:3;0:4;1:0;1:1;1:2;1:3;1:4;2:0;2:1;2:2;2:3;2:4;3:0;3:1;3:2;3:3;3:4;4:0;4:1;4:2;4:3;4:4,x225_multisupport_confirmation,paired_train_seed,sealed_evaluation_only,Submit GPU jobs to gpumedium; do not use pilot/gpupilot.
fsl_x225_multisupport_source5x5_s351_362_20260716_0215_n2-d2-dep4-md320-it324-x1p00-s353-rg0,source_delta_support_process_control,canonical,4,72,64,320,353,324,169869312,524288,16,2048,40,1,L,fsl-x225-multisupport-source5x5-s351-362-20260716-0215-n2-d2-dep4-md320-it324-x1p00-s353-rg0,2,2,x225_multisupport_delta_confirmation_source,4,169869312,524288,Fresh measured 5x5 source grid for the sealed x225 multi-support Delta confirmation. Target losses are evaluation-only.,controlled_model_dim_source_prefix_smalln_5x5,15401080.0,15401080.0,0.0,0.162821576719,13,x225_multisupport_full_5x5_collection,,1.305337,0,324,169869312,1.0,physical_full_5x5_collection,2:2,0:0;0:1;0:2;0:3;0:4;1:0;1:1;1:2;1:3;1:4;2:0;2:1;2:2;2:3;2:4;3:0;3:1;3:2;3:3;3:4;4:0;4:1;4:2;4:3;4:4,x225_multisupport_confirmation,paired_train_seed,sealed_evaluation_only,Submit GPU jobs to gpumedium; do not use pilot/gpupilot.
fsl_x225_multisupport_source5x5_s351_362_20260716_0215_n2-d3-dep4-md320-it486-x1p00-s353-rg0,source_delta_support_process_control,canonical,4,72,64,320,353,486,254803968,524288,16,2048,40,1,L,fsl-x225-multisupport-source5x5-s351-362-20260716-0215-n2-d3-dep4-md320-it486-x1p00-s353-rg0,2,3,x225_multisupport_delta_confirmation_source,4,254803968,524288,Fresh measured 5x5 source grid for the sealed x225 multi-support Delta confirmation. Target losses are evaluation-only.,controlled_model_dim_source_prefix_smalln_5x5,15401080.0,15401080.0,0.0,0.162821576719,14,x225_multisupport_full_5x5_collection,,1.305337,0,486,254803968,1.0,physical_full_5x5_collection,2:3,0:0;0:1;0:2;0:3;0:4;1:0;1:1;1:2;1:3;1:4;2:0;2:1;2:2;2:3;2:4;3:0;3:1;3:2;3:3;3:4;4:0;4:1;4:2;4:3;4:4,x225_multisupport_confirmation,paired_train_seed,sealed_evaluation_only,Submit GPU jobs to gpumedium; do not use pilot/gpupilot.
fsl_x225_multisupport_source5x5_s351_362_20260716_0215_n2-d4-dep4-md320-it729-x1p00-s353-rg0,source_delta_support_process_control,canonical,4,72,64,320,353,729,382205952,524288,16,2048,40,1,L,fsl-x225-multisupport-source5x5-s351-362-20260716-0215-n2-d4-dep4-md320-it729-x1p00-s353-rg0,2,4,x225_multisupport_delta_confirmation_source,4,382205952,524288,Fresh measured 5x5 source grid for the sealed x225 multi-support Delta confirmation. Target losses are evaluation-only.,controlled_model_dim_source_prefix_smalln_5x5,15401080.0,15401080.0,0.0,0.162821576719,15,x225_multisupport_full_5x5_collection,,1.305337,0,729,382205952,1.0,physical_full_5x5_collection,2:4,0:0;0:1;0:2;0:3;0:4;1:0;1:1;1:2;1:3;1:4;2:0;2:1;2:2;2:3;2:4;3:0;3:1;3:2;3:3;3:4;4:0;4:1;4:2;4:3;4:4,x225_multisupport_confirmation,paired_train_seed,sealed_evaluation_only,Submit GPU jobs to gpumedium; do not use pilot/gpupilot.
fsl_x225_multisupport_source5x5_s351_362_20260716_0215_n3-d0-dep4-md512-it144-x1p00-s353-rg0,source_delta_support_process_control,canonical,4,72,64,512,353,144,75497472,524288,16,2048,40,1,L,fsl-x225-multisupport-source5x5-s351-362-20260716-0215-n3-d0-dep4-md512-it144-x1p00-s353-rg0,3,0,x225_multisupport_delta_confirmation_source,4,75497472,524288,Fresh measured 5x5 source grid for the sealed x225 multi-support Delta confirmation. Target losses are evaluation-only.,controlled_model_dim_source_prefix_smalln_5x5,29360320.0,29360320.0,0.0,0.162821576719,16,x225_multisupport_full_5x5_collection,,1.305337,0,144,75497472,1.0,physical_full_5x5_collection,3:0,0:0;0:1;0:2;0:3;0:4;1:0;1:1;1:2;1:3;1:4;2:0;2:1;2:2;2:3;2:4;3:0;3:1;3:2;3:3;3:4;4:0;4:1;4:2;4:3;4:4,x225_multisupport_confirmation,paired_train_seed,sealed_evaluation_only,Submit GPU jobs to gpumedium; do not use pilot/gpupilot.
fsl_x225_multisupport_source5x5_s351_362_20260716_0215_n3-d1-dep4-md512-it216-x1p00-s353-rg0,source_delta_support_process_control,canonical,4,72,64,512,353,216,113246208,524288,16,2048,40,1,L,fsl-x225-multisupport-source5x5-s351-362-20260716-0215-n3-d1-dep4-md512-it216-x1p00-s353-rg0,3,1,x225_multisupport_delta_confirmation_source,4,113246208,524288,Fresh measured 5x5 source grid for the sealed x225 multi-support Delta confirmation. Target losses are evaluation-only.,controlled_model_dim_source_prefix_smalln_5x5,29360320.0,29360320.0,0.0,0.162821576719,17,x225_multisupport_full_5x5_collection,,1.305337,0,216,113246208,1.0,physical_full_5x5_collection,3:1,0:0;0:1;0:2;0:3;0:4;1:0;1:1;1:2;1:3;1:4;2:0;2:1;2:2;2:3;2:4;3:0;3:1;3:2;3:3;3:4;4:0;4:1;4:2;4:3;4:4,x225_multisupport_confirmation,paired_train_seed,sealed_evaluation_only,Submit GPU jobs to gpumedium; do not use pilot/gpupilot.
fsl_x225_multisupport_source5x5_s351_362_20260716_0215_n3-d2-dep4-md512-it324-x1p00-s353-rg0,source_delta_support_process_control,canonical,4,72,64,512,353,324,169869312,524288,16,2048,40,1,L,fsl-x225-multisupport-source5x5-s351-362-20260716-0215-n3-d2-dep4-md512-it324-x1p00-s353-rg0,3,2,x225_multisupport_delta_confirmation_source,4,169869312,524288,Fresh measured 5x5 source grid for the sealed x225 multi-support Delta confirmation. Target losses are evaluation-only.,controlled_model_dim_source_prefix_smalln_5x5,29360320.0,29360320.0,0.0,0.162821576719,18,x225_multisupport_full_5x5_collection,,1.305337,0,324,169869312,1.0,physical_full_5x5_collection,3:2,0:0;0:1;0:2;0:3;0:4;1:0;1:1;1:2;1:3;1:4;2:0;2:1;2:2;2:3;2:4;3:0;3:1;3:2;3:3;3:4;4:0;4:1;4:2;4:3;4:4,x225_multisupport_confirmation,paired_train_seed,sealed_evaluation_only,Submit GPU jobs to gpumedium; do not use pilot/gpupilot.
fsl_x225_multisupport_source5x5_s351_362_20260716_0215_n3-d3-dep4-md512-it486-x1p00-s353-rg0,source_delta_support_process_control,canonical,4,72,64,512,353,486,254803968,524288,16,2048,40,1,L,fsl-x225-multisupport-source5x5-s351-362-20260716-0215-n3-d3-dep4-md512-it486-x1p00-s353-rg0,3,3,x225_multisupport_delta_confirmation_source,4,254803968,524288,Fresh measured 5x5 source grid for the sealed x225 multi-support Delta confirmation. Target losses are evaluation-only.,controlled_model_dim_source_prefix_smalln_5x5,29360320.0,29360320.0,0.0,0.162821576719,19,x225_multisupport_full_5x5_collection,,1.305337,0,486,254803968,1.0,physical_full_5x5_collection,3:3,0:0;0:1;0:2;0:3;0:4;1:0;1:1;1:2;1:3;1:4;2:0;2:1;2:2;2:3;2:4;3:0;3:1;3:2;3:3;3:4;4:0;4:1;4:2;4:3;4:4,x225_multisupport_confirmation,paired_train_seed,sealed_evaluation_only,Submit GPU jobs to gpumedium; do not use pilot/gpupilot.
fsl_x225_multisupport_source5x5_s351_362_20260716_0215_n3-d4-dep4-md512-it729-x1p00-s353-rg0,source_delta_support_process_control,canonical,4,72,64,512,353,729,382205952,524288,16,2048,40,1,L,fsl-x225-multisupport-source5x5-s351-362-20260716-0215-n3-d4-dep4-md512-it729-x1p00-s353-rg0,3,4,x225_multisupport_delta_confirmation_source,4,382205952,524288,Fresh measured 5x5 source grid for the sealed x225 multi-support Delta confirmation. Target losses are evaluation-only.,controlled_model_dim_source_prefix_smalln_5x5,29360320.0,29360320.0,0.0,0.162821576719,20,x225_multisupport_full_5x5_collection,,1.305337,0,729,382205952,1.0,physical_full_5x5_collection,3:4,0:0;0:1;0:2;0:3;0:4;1:0;1:1;1:2;1:3;1:4;2:0;2:1;2:2;2:3;2:4;3:0;3:1;3:2;3:3;3:4;4:0;4:1;4:2;4:3;4:4,x225_multisupport_confirmation,paired_train_seed,sealed_evaluation_only,Submit GPU jobs to gpumedium; do not use pilot/gpupilot.
fsl_x225_multisupport_source5x5_s351_362_20260716_0215_n4-d0-dep4-md704-it144-x1p00-s353-rg0,source_delta_support_process_control,canonical,4,72,64,704,353,144,75497472,524288,16,2048,40,1,L,fsl-x225-multisupport-source5x5-s351-362-20260716-0215-n4-d0-dep4-md704-it144-x1p00-s353-rg0,4,0,x225_multisupport_delta_confirmation_source,4,75497472,524288,Fresh measured 5x5 source grid for the sealed x225 multi-support Delta confirmation. Target losses are evaluation-only.,controlled_model_dim_source_prefix_smalln_5x5,46858504.0,46858504.0,0.0,0.162821576719,21,x225_multisupport_full_5x5_collection,,1.305337,0,144,75497472,1.0,physical_full_5x5_collection,4:0,0:0;0:1;0:2;0:3;0:4;1:0;1:1;1:2;1:3;1:4;2:0;2:1;2:2;2:3;2:4;3:0;3:1;3:2;3:3;3:4;4:0;4:1;4:2;4:3;4:4,x225_multisupport_confirmation,paired_train_seed,sealed_evaluation_only,Submit GPU jobs to gpumedium; do not use pilot/gpupilot.
fsl_x225_multisupport_source5x5_s351_362_20260716_0215_n4-d1-dep4-md704-it216-x1p00-s353-rg0,source_delta_support_process_control,canonical,4,72,64,704,353,216,113246208,524288,16,2048,40,1,L,fsl-x225-multisupport-source5x5-s351-362-20260716-0215-n4-d1-dep4-md704-it216-x1p00-s353-rg0,4,1,x225_multisupport_delta_confirmation_source,4,113246208,524288,Fresh measured 5x5 source grid for the sealed x225 multi-support Delta confirmation. Target losses are evaluation-only.,controlled_model_dim_source_prefix_smalln_5x5,46858504.0,46858504.0,0.0,0.162821576719,22,x225_multisupport_full_5x5_collection,,1.305337,0,216,113246208,1.0,physical_full_5x5_collection,4:1,0:0;0:1;0:2;0:3;0:4;1:0;1:1;1:2;1:3;1:4;2:0;2:1;2:2;2:3;2:4;3:0;3:1;3:2;3:3;3:4;4:0;4:1;4:2;4:3;4:4,x225_multisupport_confirmation,paired_train_seed,sealed_evaluation_only,Submit GPU jobs to gpumedium; do not use pilot/gpupilot.
fsl_x225_multisupport_source5x5_s351_362_20260716_0215_n4-d2-dep4-md704-it324-x1p00-s353-rg0,source_delta_support_process_control,canonical,4,72,64,704,353,324,169869312,524288,16,2048,40,1,L,fsl-x225-multisupport-source5x5-s351-362-20260716-0215-n4-d2-dep4-md704-it324-x1p00-s353-rg0,4,2,x225_multisupport_delta_confirmation_source,4,169869312,524288,Fresh measured 5x5 source grid for the sealed x225 multi-support Delta confirmation. Target losses are evaluation-only.,controlled_model_dim_source_prefix_smalln_5x5,46858504.0,46858504.0,0.0,0.162821576719,23,x225_multisupport_full_5x5_collection,,1.305337,0,324,169869312,1.0,physical_full_5x5_collection,4:2,0:0;0:1;0:2;0:3;0:4;1:0;1:1;1:2;1:3;1:4;2:0;2:1;2:2;2:3;2:4;3:0;3:1;3:2;3:3;3:4;4:0;4:1;4:2;4:3;4:4,x225_multisupport_confirmation,paired_train_seed,sealed_evaluation_only,Submit GPU jobs to gpumedium; do not use pilot/gpupilot.
fsl_x225_multisupport_source5x5_s351_362_20260716_0215_n4-d3-dep4-md704-it486-x1p00-s353-rg0,source_delta_support_process_control,canonical,4,72,64,704,353,486,254803968,524288,16,2048,40,1,L,fsl-x225-multisupport-source5x5-s351-362-20260716-0215-n4-d3-dep4-md704-it486-x1p00-s353-rg0,4,3,x225_multisupport_delta_confirmation_source,4,254803968,524288,Fresh measured 5x5 source grid for the sealed x225 multi-support Delta confirmation. Target losses are evaluation-only.,controlled_model_dim_source_prefix_smalln_5x5,46858504.0,46858504.0,0.0,0.162821576719,24,x225_multisupport_full_5x5_collection,,1.305337,0,486,254803968,1.0,physical_full_5x5_collection,4:3,0:0;0:1;0:2;0:3;0:4;1:0;1:1;1:2;1:3;1:4;2:0;2:1;2:2;2:3;2:4;3:0;3:1;3:2;3:3;3:4;4:0;4:1;4:2;4:3;4:4,x225_multisupport_confirmation,paired_train_seed,sealed_evaluation_only,Submit GPU jobs to gpumedium; do not use pilot/gpupilot.
fsl_x225_multisupport_source5x5_s351_362_20260716_0215_n4-d4-dep4-md704-it729-x1p00-s353-rg0,source_delta_support_process_control,canonical,4,72,64,704,353,729,382205952,524288,16,2048,40,1,L,fsl-x225-multisupport-source5x5-s351-362-20260716-0215-n4-d4-dep4-md704-it729-x1p00-s353-rg0,4,4,x225_multisupport_delta_confirmation_source,4,382205952,524288,Fresh measured 5x5 source grid for the sealed x225 multi-support Delta confirmation. Target losses are evaluation-only.,controlled_model_dim_source_prefix_smalln_5x5,46858504.0,46858504.0,0.0,0.162821576719,25,x225_multisupport_full_5x5_collection,,1.305337,0,729,382205952,1.0,physical_full_5x5_collection,4:4,0:0;0:1;0:2;0:3;0:4;1:0;1:1;1:2;1:3;1:4;2:0;2:1;2:2;2:3;2:4;3:0;3:1;3:2;3:3;3:4;4:0;4:1;4:2;4:3;4:4,x225_multisupport_confirmation,paired_train_seed,sealed_evaluation_only,Submit GPU jobs to gpumedium; do not use pilot/gpupilot.
fsl_x225_multisupport_source5x5_s351_362_20260716_0215_n0-d0-dep4-md128-it144-x1p00-s354-rg0,source_delta_support_process_control,canonical,4,72,64,128,354,144,75497472,524288,16,2048,40,1,L,fsl-x225-multisupport-source5x5-s351-362-20260716-0215-n0-d0-dep4-md128-it144-x1p00-s354-rg0,0,0,x225_multisupport_delta_confirmation_source,4,75497472,524288,Fresh measured 5x5 source grid for the sealed x225 multi-support Delta confirmation. Target losses are evaluation-only.,controlled_model_dim_source_prefix_smalln_5x5,4980784.0,4980784.0,0.0,0.162821576719,1,x225_multisupport_full_5x5_collection,,1.305337,0,144,75497472,1.0,physical_full_5x5_collection,0:0,0:0;0:1;0:2;0:3;0:4;1:0;1:1;1:2;1:3;1:4;2:0;2:1;2:2;2:3;2:4;3:0;3:1;3:2;3:3;3:4;4:0;4:1;4:2;4:3;4:4,x225_multisupport_confirmation,paired_train_seed,sealed_evaluation_only,Submit GPU jobs to gpumedium; do not use pilot/gpupilot.
fsl_x225_multisupport_source5x5_s351_362_20260716_0215_n0-d1-dep4-md128-it216-x1p00-s354-rg0,source_delta_support_process_control,canonical,4,72,64,128,354,216,113246208,524288,16,2048,40,1,L,fsl-x225-multisupport-source5x5-s351-362-20260716-0215-n0-d1-dep4-md128-it216-x1p00-s354-rg0,0,1,x225_multisupport_delta_confirmation_source,4,113246208,524288,Fresh measured 5x5 source grid for the sealed x225 multi-support Delta confirmation. Target losses are evaluation-only.,controlled_model_dim_source_prefix_smalln_5x5,4980784.0,4980784.0,0.0,0.162821576719,2,x225_multisupport_full_5x5_collection,,1.305337,0,216,113246208,1.0,physical_full_5x5_collection,0:1,0:0;0:1;0:2;0:3;0:4;1:0;1:1;1:2;1:3;1:4;2:0;2:1;2:2;2:3;2:4;3:0;3:1;3:2;3:3;3:4;4:0;4:1;4:2;4:3;4:4,x225_multisupport_confirmation,paired_train_seed,sealed_evaluation_only,Submit GPU jobs to gpumedium; do not use pilot/gpupilot.
fsl_x225_multisupport_source5x5_s351_362_20260716_0215_n0-d2-dep4-md128-it324-x1p00-s354-rg0,source_delta_support_process_control,canonical,4,72,64,128,354,324,169869312,524288,16,2048,40,1,L,fsl-x225-multisupport-source5x5-s351-362-20260716-0215-n0-d2-dep4-md128-it324-x1p00-s354-rg0,0,2,x225_multisupport_delta_confirmation_source,4,169869312,524288,Fresh measured 5x5 source grid for the sealed x225 multi-support Delta confirmation. Target losses are evaluation-only.,controlled_model_dim_source_prefix_smalln_5x5,4980784.0,4980784.0,0.0,0.162821576719,3,x225_multisupport_full_5x5_collection,,1.305337,0,324,169869312,1.0,physical_full_5x5_collection,0:2,0:0;0:1;0:2;0:3;0:4;1:0;1:1;1:2;1:3;1:4;2:0;2:1;2:2;2:3;2:4;3:0;3:1;3:2;3:3;3:4;4:0;4:1;4:2;4:3;4:4,x225_multisupport_confirmation,paired_train_seed,sealed_evaluation_only,Submit GPU jobs to gpumedium; do not use pilot/gpupilot.
fsl_x225_multisupport_source5x5_s351_362_20260716_0215_n0-d3-dep4-md128-it486-x1p00-s354-rg0,source_delta_support_process_control,canonical,4,72,64,128,354,486,254803968,524288,16,2048,40,1,L,fsl-x225-multisupport-source5x5-s351-362-20260716-0215-n0-d3-dep4-md128-it486-x1p00-s354-rg0,0,3,x225_multisupport_delta_confirmation_source,4,254803968,524288,Fresh measured 5x5 source grid for the sealed x225 multi-support Delta confirmation. Target losses are evaluation-only.,controlled_model_dim_source_prefix_smalln_5x5,4980784.0,4980784.0,0.0,0.162821576719,4,x225_multisupport_full_5x5_collection,,1.305337,0,486,254803968,1.0,physical_full_5x5_collection,0:3,0:0;0:1;0:2;0:3;0:4;1:0;1:1;1:2;1:3;1:4;2:0;2:1;2:2;2:3;2:4;3:0;3:1;3:2;3:3;3:4;4:0;4:1;4:2;4:3;4:4,x225_multisupport_confirmation,paired_train_seed,sealed_evaluation_only,Submit GPU jobs to gpumedium; do not use pilot/gpupilot.
fsl_x225_multisupport_source5x5_s351_362_20260716_0215_n0-d4-dep4-md128-it729-x1p00-s354-rg0,source_delta_support_process_control,canonical,4,72,64,128,354,729,382205952,524288,16,2048,40,1,L,fsl-x225-multisupport-source5x5-s351-362-20260716-0215-n0-d4-dep4-md128-it729-x1p00-s354-rg0,0,4,x225_multisupport_delta_confirmation_source,4,382205952,524288,Fresh measured 5x5 source grid for the sealed x225 multi-support Delta confirmation. Target losses are evaluation-only.,controlled_model_dim_source_prefix_smalln_5x5,4980784.0,4980784.0,0.0,0.162821576719,5,x225_multisupport_full_5x5_collection,,1.305337,0,729,382205952,1.0,physical_full_5x5_collection,0:4,0:0;0:1;0:2;0:3;0:4;1:0;1:1;1:2;1:3;1:4;2:0;2:1;2:2;2:3;2:4;3:0;3:1;3:2;3:3;3:4;4:0;4:1;4:2;4:3;4:4,x225_multisupport_confirmation,paired_train_seed,sealed_evaluation_only,Submit GPU jobs to gpumedium; do not use pilot/gpupilot.
fsl_x225_multisupport_source5x5_s351_362_20260716_0215_n1-d0-dep4-md192-it144-x1p00-s354-rg0,source_delta_support_process_control,canonical,4,72,64,192,354,144,75497472,524288,16,2048,40,1,L,fsl-x225-multisupport-source5x5-s351-362-20260716-0215-n1-d0-dep4-md192-it144-x1p00-s354-rg0,1,0,x225_multisupport_delta_confirmation_source,4,75497472,524288,Fresh measured 5x5 source grid for the sealed x225 multi-support Delta confirmation. Target losses are evaluation-only.,controlled_model_dim_source_prefix_smalln_5x5,8061000.0,8061000.0,0.0,0.162821576719,6,x225_multisupport_full_5x5_collection,,1.305337,0,144,75497472,1.0,physical_full_5x5_collection,1:0,0:0;0:1;0:2;0:3;0:4;1:0;1:1;1:2;1:3;1:4;2:0;2:1;2:2;2:3;2:4;3:0;3:1;3:2;3:3;3:4;4:0;4:1;4:2;4:3;4:4,x225_multisupport_confirmation,paired_train_seed,sealed_evaluation_only,Submit GPU jobs to gpumedium; do not use pilot/gpupilot.
fsl_x225_multisupport_source5x5_s351_362_20260716_0215_n1-d1-dep4-md192-it216-x1p00-s354-rg0,source_delta_support_process_control,canonical,4,72,64,192,354,216,113246208,524288,16,2048,40,1,L,fsl-x225-multisupport-source5x5-s351-362-20260716-0215-n1-d1-dep4-md192-it216-x1p00-s354-rg0,1,1,x225_multisupport_delta_confirmation_source,4,113246208,524288,Fresh measured 5x5 source grid for the sealed x225 multi-support Delta confirmation. Target losses are evaluation-only.,controlled_model_dim_source_prefix_smalln_5x5,8061000.0,8061000.0,0.0,0.162821576719,7,x225_multisupport_full_5x5_collection,,1.305337,0,216,113246208,1.0,physical_full_5x5_collection,1:1,0:0;0:1;0:2;0:3;0:4;1:0;1:1;1:2;1:3;1:4;2:0;2:1;2:2;2:3;2:4;3:0;3:1;3:2;3:3;3:4;4:0;4:1;4:2;4:3;4:4,x225_multisupport_confirmation,paired_train_seed,sealed_evaluation_only,Submit GPU jobs to gpumedium; do not use pilot/gpupilot.
fsl_x225_multisupport_source5x5_s351_362_20260716_0215_n1-d2-dep4-md192-it324-x1p00-s354-rg0,source_delta_support_process_control,canonical,4,72,64,192,354,324,169869312,524288,16,2048,40,1,L,fsl-x225-multisupport-source5x5-s351-362-20260716-0215-n1-d2-dep4-md192-it324-x1p00-s354-rg0,1,2,x225_multisupport_delta_confirmation_source,4,169869312,524288,Fresh measured 5x5 source grid for the sealed x225 multi-support Delta confirmation. Target losses are evaluation-only.,controlled_model_dim_source_prefix_smalln_5x5,8061000.0,8061000.0,0.0,0.162821576719,8,x225_multisupport_full_5x5_collection,,1.305337,0,324,169869312,1.0,physical_full_5x5_collection,1:2,0:0;0:1;0:2;0:3;0:4;1:0;1:1;1:2;1:3;1:4;2:0;2:1;2:2;2:3;2:4;3:0;3:1;3:2;3:3;3:4;4:0;4:1;4:2;4:3;4:4,x225_multisupport_confirmation,paired_train_seed,sealed_evaluation_only,Submit GPU jobs to gpumedium; do not use pilot/gpupilot.
fsl_x225_multisupport_source5x5_s351_362_20260716_0215_n1-d3-dep4-md192-it486-x1p00-s354-rg0,source_delta_support_process_control,canonical,4,72,64,192,354,486,254803968,524288,16,2048,40,1,L,fsl-x225-multisupport-source5x5-s351-362-20260716-0215-n1-d3-dep4-md192-it486-x1p00-s354-rg0,1,3,x225_multisupport_delta_confirmation_source,4,254803968,524288,Fresh measured 5x5 source grid for the sealed x225 multi-support Delta confirmation. Target losses are evaluation-only.,controlled_model_dim_source_prefix_smalln_5x5,8061000.0,8061000.0,0.0,0.162821576719,9,x225_multisupport_full_5x5_collection,,1.305337,0,486,254803968,1.0,physical_full_5x5_collection,1:3,0:0;0:1;0:2;0:3;0:4;1:0;1:1;1:2;1:3;1:4;2:0;2:1;2:2;2:3;2:4;3:0;3:1;3:2;3:3;3:4;4:0;4:1;4:2;4:3;4:4,x225_multisupport_confirmation,paired_train_seed,sealed_evaluation_only,Submit GPU jobs to gpumedium; do not use pilot/gpupilot.
fsl_x225_multisupport_source5x5_s351_362_20260716_0215_n1-d4-dep4-md192-it729-x1p00-s354-rg0,source_delta_support_process_control,canonical,4,72,64,192,354,729,382205952,524288,16,2048,40,1,L,fsl-x225-multisupport-source5x5-s351-362-20260716-0215-n1-d4-dep4-md192-it729-x1p00-s354-rg0,1,4,x225_multisupport_delta_confirmation_source,4,382205952,524288,Fresh measured 5x5 source grid for the sealed x225 multi-support Delta confirmation. Target losses are evaluation-only.,controlled_model_dim_source_prefix_smalln_5x5,8061000.0,8061000.0,0.0,0.162821576719,10,x225_multisupport_full_5x5_collection,,1.305337,0,729,382205952,1.0,physical_full_5x5_collection,1:4,0:0;0:1;0:2;0:3;0:4;1:0;1:1;1:2;1:3;1:4;2:0;2:1;2:2;2:3;2:4;3:0;3:1;3:2;3:3;3:4;4:0;4:1;4:2;4:3;4:4,x225_multisupport_confirmation,paired_train_seed,sealed_evaluation_only,Submit GPU jobs to gpumedium; do not use pilot/gpupilot.
fsl_x225_multisupport_source5x5_s351_362_20260716_0215_n2-d0-dep4-md320-it144-x1p00-s354-rg0,source_delta_support_process_control,canonical,4,72,64,320,354,144,75497472,524288,16,2048,40,1,L,fsl-x225-multisupport-source5x5-s351-362-20260716-0215-n2-d0-dep4-md320-it144-x1p00-s354-rg0,2,0,x225_multisupport_delta_confirmation_source,4,75497472,524288,Fresh measured 5x5 source grid for the sealed x225 multi-support Delta confirmation. Target losses are evaluation-only.,controlled_model_dim_source_prefix_smalln_5x5,15401080.0,15401080.0,0.0,0.162821576719,11,x225_multisupport_full_5x5_collection,,1.305337,0,144,75497472,1.0,physical_full_5x5_collection,2:0,0:0;0:1;0:2;0:3;0:4;1:0;1:1;1:2;1:3;1:4;2:0;2:1;2:2;2:3;2:4;3:0;3:1;3:2;3:3;3:4;4:0;4:1;4:2;4:3;4:4,x225_multisupport_confirmation,paired_train_seed,sealed_evaluation_only,Submit GPU jobs to gpumedium; do not use pilot/gpupilot.
fsl_x225_multisupport_source5x5_s351_362_20260716_0215_n2-d1-dep4-md320-it216-x1p00-s354-rg0,source_delta_support_process_control,canonical,4,72,64,320,354,216,113246208,524288,16,2048,40,1,L,fsl-x225-multisupport-source5x5-s351-362-20260716-0215-n2-d1-dep4-md320-it216-x1p00-s354-rg0,2,1,x225_multisupport_delta_confirmation_source,4,113246208,524288,Fresh measured 5x5 source grid for the sealed x225 multi-support Delta confirmation. Target losses are evaluation-only.,controlled_model_dim_source_prefix_smalln_5x5,15401080.0,15401080.0,0.0,0.162821576719,12,x225_multisupport_full_5x5_collection,,1.305337,0,216,113246208,1.0,physical_full_5x5_collection,2:1,0:0;0:1;0:2;0:3;0:4;1:0;1:1;1:2;1:3;1:4;2:0;2:1;2:2;2:3;2:4;3:0;3:1;3:2;3:3;3:4;4:0;4:1;4:2;4:3;4:4,x225_multisupport_confirmation,paired_train_seed,sealed_evaluation_only,Submit GPU jobs to gpumedium; do not use pilot/gpupilot.
fsl_x225_multisupport_source5x5_s351_362_20260716_0215_n2-d2-dep4-md320-it324-x1p00-s354-rg0,source_delta_support_process_control,canonical,4,72,64,320,354,324,169869312,524288,16,2048,40,1,L,fsl-x225-multisupport-source5x5-s351-362-20260716-0215-n2-d2-dep4-md320-it324-x1p00-s354-rg0,2,2,x225_multisupport_delta_confirmation_source,4,169869312,524288,Fresh measured 5x5 source grid for the sealed x225 multi-support Delta confirmation. Target losses are evaluation-only.,controlled_model_dim_source_prefix_smalln_5x5,15401080.0,15401080.0,0.0,0.162821576719,13,x225_multisupport_full_5x5_collection,,1.305337,0,324,169869312,1.0,physical_full_5x5_collection,2:2,0:0;0:1;0:2;0:3;0:4;1:0;1:1;1:2;1:3;1:4;2:0;2:1;2:2;2:3;2:4;3:0;3:1;3:2;3:3;3:4;4:0;4:1;4:2;4:3;4:4,x225_multisupport_confirmation,paired_train_seed,sealed_evaluation_only,Submit GPU jobs to gpumedium; do not use pilot/gpupilot.
fsl_x225_multisupport_source5x5_s351_362_20260716_0215_n2-d3-dep4-md320-it486-x1p00-s354-rg0,source_delta_support_process_control,canonical,4,72,64,320,354,486,254803968,524288,16,2048,40,1,L,fsl-x225-multisupport-source5x5-s351-362-20260716-0215-n2-d3-dep4-md320-it486-x1p00-s354-rg0,2,3,x225_multisupport_delta_confirmation_source,4,254803968,524288,Fresh measured 5x5 source grid for the sealed x225 multi-support Delta confirmation. Target losses are evaluation-only.,controlled_model_dim_source_prefix_smalln_5x5,15401080.0,15401080.0,0.0,0.162821576719,14,x225_multisupport_full_5x5_collection,,1.305337,0,486,254803968,1.0,physical_full_5x5_collection,2:3,0:0;0:1;0:2;0:3;0:4;1:0;1:1;1:2;1:3;1:4;2:0;2:1;2:2;2:3;2:4;3:0;3:1;3:2;3:3;3:4;4:0;4:1;4:2;4:3;4:4,x225_multisupport_confirmation,paired_train_seed,sealed_evaluation_only,Submit GPU jobs to gpumedium; do not use pilot/gpupilot.
fsl_x225_multisupport_source5x5_s351_362_20260716_0215_n2-d4-dep4-md320-it729-x1p00-s354-rg0,source_delta_support_process_control,canonical,4,72,64,320,354,729,382205952,524288,16,2048,40,1,L,fsl-x225-multisupport-source5x5-s351-362-20260716-0215-n2-d4-dep4-md320-it729-x1p00-s354-rg0,2,4,x225_multisupport_delta_confirmation_source,4,382205952,524288,Fresh measured 5x5 source grid for the sealed x225 multi-support Delta confirmation. Target losses are evaluation-only.,controlled_model_dim_source_prefix_smalln_5x5,15401080.0,15401080.0,0.0,0.162821576719,15,x225_multisupport_full_5x5_collection,,1.305337,0,729,382205952,1.0,physical_full_5x5_collection,2:4,0:0;0:1;0:2;0:3;0:4;1:0;1:1;1:2;1:3;1:4;2:0;2:1;2:2;2:3;2:4;3:0;3:1;3:2;3:3;3:4;4:0;4:1;4:2;4:3;4:4,x225_multisupport_confirmation,paired_train_seed,sealed_evaluation_only,Submit GPU jobs to gpumedium; do not use pilot/gpupilot.
fsl_x225_multisupport_source5x5_s351_362_20260716_0215_n3-d0-dep4-md512-it144-x1p00-s354-rg0,source_delta_support_process_control,canonical,4,72,64,512,354,144,75497472,524288,16,2048,40,1,L,fsl-x225-multisupport-source5x5-s351-362-20260716-0215-n3-d0-dep4-md512-it144-x1p00-s354-rg0,3,0,x225_multisupport_delta_confirmation_source,4,75497472,524288,Fresh measured 5x5 source grid for the sealed x225 multi-support Delta confirmation. Target losses are evaluation-only.,controlled_model_dim_source_prefix_smalln_5x5,29360320.0,29360320.0,0.0,0.162821576719,16,x225_multisupport_full_5x5_collection,,1.305337,0,144,75497472,1.0,physical_full_5x5_collection,3:0,0:0;0:1;0:2;0:3;0:4;1:0;1:1;1:2;1:3;1:4;2:0;2:1;2:2;2:3;2:4;3:0;3:1;3:2;3:3;3:4;4:0;4:1;4:2;4:3;4:4,x225_multisupport_confirmation,paired_train_seed,sealed_evaluation_only,Submit GPU jobs to gpumedium; do not use pilot/gpupilot.
fsl_x225_multisupport_source5x5_s351_362_20260716_0215_n3-d1-dep4-md512-it216-x1p00-s354-rg0,source_delta_support_process_control,canonical,4,72,64,512,354,216,113246208,524288,16,2048,40,1,L,fsl-x225-multisupport-source5x5-s351-362-20260716-0215-n3-d1-dep4-md512-it216-x1p00-s354-rg0,3,1,x225_multisupport_delta_confirmation_source,4,113246208,524288,Fresh measured 5x5 source grid for the sealed x225 multi-support Delta confirmation. Target losses are evaluation-only.,controlled_model_dim_source_prefix_smalln_5x5,29360320.0,29360320.0,0.0,0.162821576719,17,x225_multisupport_full_5x5_collection,,1.305337,0,216,113246208,1.0,physical_full_5x5_collection,3:1,0:0;0:1;0:2;0:3;0:4;1:0;1:1;1:2;1:3;1:4;2:0;2:1;2:2;2:3;2:4;3:0;3:1;3:2;3:3;3:4;4:0;4:1;4:2;4:3;4:4,x225_multisupport_confirmation,paired_train_seed,sealed_evaluation_only,Submit GPU jobs to gpumedium; do not use pilot/gpupilot.
fsl_x225_multisupport_source5x5_s351_362_20260716_0215_n3-d2-dep4-md512-it324-x1p00-s354-rg0,source_delta_support_process_control,canonical,4,72,64,512,354,324,169869312,524288,16,2048,40,1,L,fsl-x225-multisupport-source5x5-s351-362-20260716-0215-n3-d2-dep4-md512-it324-x1p00-s354-rg0,3,2,x225_multisupport_delta_confirmation_source,4,169869312,524288,Fresh measured 5x5 source grid for the sealed x225 multi-support Delta confirmation. Target losses are evaluation-only.,controlled_model_dim_source_prefix_smalln_5x5,29360320.0,29360320.0,0.0,0.162821576719,18,x225_multisupport_full_5x5_collection,,1.305337,0,324,169869312,1.0,physical_full_5x5_collection,3:2,0:0;0:1;0:2;0:3;0:4;1:0;1:1;1:2;1:3;1:4;2:0;2:1;2:2;2:3;2:4;3:0;3:1;3:2;3:3;3:4;4:0;4:1;4:2;4:3;4:4,x225_multisupport_confirmation,paired_train_seed,sealed_evaluation_only,Submit GPU jobs to gpumedium; do not use pilot/gpupilot.
fsl_x225_multisupport_source5x5_s351_362_20260716_0215_n3-d3-dep4-md512-it486-x1p00-s354-rg0,source_delta_support_process_control,canonical,4,72,64,512,354,486,254803968,524288,16,2048,40,1,L,fsl-x225-multisupport-source5x5-s351-362-20260716-0215-n3-d3-dep4-md512-it486-x1p00-s354-rg0,3,3,x225_multisupport_delta_confirmation_source,4,254803968,524288,Fresh measured 5x5 source grid for the sealed x225 multi-support Delta confirmation. Target losses are evaluation-only.,controlled_model_dim_source_prefix_smalln_5x5,29360320.0,29360320.0,0.0,0.162821576719,19,x225_multisupport_full_5x5_collection,,1.305337,0,486,254803968,1.0,physical_full_5x5_collection,3:3,0:0;0:1;0:2;0:3;0:4;1:0;1:1;1:2;1:3;1:4;2:0;2:1;2:2;2:3;2:4;3:0;3:1;3:2;3:3;3:4;4:0;4:1;4:2;4:3;4:4,x225_multisupport_confirmation,paired_train_seed,sealed_evaluation_only,Submit GPU jobs to gpumedium; do not use pilot/gpupilot.
fsl_x225_multisupport_source5x5_s351_362_20260716_0215_n3-d4-dep4-md512-it729-x1p00-s354-rg0,source_delta_support_process_control,canonical,4,72,64,512,354,729,382205952,524288,16,2048,40,1,L,fsl-x225-multisupport-source5x5-s351-362-20260716-0215-n3-d4-dep4-md512-it729-x1p00-s354-rg0,3,4,x225_multisupport_delta_confirmation_source,4,382205952,524288,Fresh measured 5x5 source grid for the sealed x225 multi-support Delta confirmation. Target losses are evaluation-only.,controlled_model_dim_source_prefix_smalln_5x5,29360320.0,29360320.0,0.0,0.162821576719,20,x225_multisupport_full_5x5_collection,,1.305337,0,729,382205952,1.0,physical_full_5x5_collection,3:4,0:0;0:1;0:2;0:3;0:4;1:0;1:1;1:2;1:3;1:4;2:0;2:1;2:2;2:3;2:4;3:0;3:1;3:2;3:3;3:4;4:0;4:1;4:2;4:3;4:4,x225_multisupport_confirmation,paired_train_seed,sealed_evaluation_only,Submit GPU jobs to gpumedium; do not use pilot/gpupilot.
fsl_x225_multisupport_source5x5_s351_362_20260716_0215_n4-d0-dep4-md704-it144-x1p00-s354-rg0,source_delta_support_process_control,canonical,4,72,64,704,354,144,75497472,524288,16,2048,40,1,L,fsl-x225-multisupport-source5x5-s351-362-20260716-0215-n4-d0-dep4-md704-it144-x1p00-s354-rg0,4,0,x225_multisupport_delta_confirmation_source,4,75497472,524288,Fresh measured 5x5 source grid for the sealed x225 multi-support Delta confirmation. Target losses are evaluation-only.,controlled_model_dim_source_prefix_smalln_5x5,46858504.0,46858504.0,0.0,0.162821576719,21,x225_multisupport_full_5x5_collection,,1.305337,0,144,75497472,1.0,physical_full_5x5_collection,4:0,0:0;0:1;0:2;0:3;0:4;1:0;1:1;1:2;1:3;1:4;2:0;2:1;2:2;2:3;2:4;3:0;3:1;3:2;3:3;3:4;4:0;4:1;4:2;4:3;4:4,x225_multisupport_confirmation,paired_train_seed,sealed_evaluation_only,Submit GPU jobs to gpumedium; do not use pilot/gpupilot.
fsl_x225_multisupport_source5x5_s351_362_20260716_0215_n4-d1-dep4-md704-it216-x1p00-s354-rg0,source_delta_support_process_control,canonical,4,72,64,704,354,216,113246208,524288,16,2048,40,1,L,fsl-x225-multisupport-source5x5-s351-362-20260716-0215-n4-d1-dep4-md704-it216-x1p00-s354-rg0,4,1,x225_multisupport_delta_confirmation_source,4,113246208,524288,Fresh measured 5x5 source grid for the sealed x225 multi-support Delta confirmation. Target losses are evaluation-only.,controlled_model_dim_source_prefix_smalln_5x5,46858504.0,46858504.0,0.0,0.162821576719,22,x225_multisupport_full_5x5_collection,,1.305337,0,216,113246208,1.0,physical_full_5x5_collection,4:1,0:0;0:1;0:2;0:3;0:4;1:0;1:1;1:2;1:3;1:4;2:0;2:1;2:2;2:3;2:4;3:0;3:1;3:2;3:3;3:4;4:0;4:1;4:2;4:3;4:4,x225_multisupport_confirmation,paired_train_seed,sealed_evaluation_only,Submit GPU jobs to gpumedium; do not use pilot/gpupilot.
fsl_x225_multisupport_source5x5_s351_362_20260716_0215_n4-d2-dep4-md704-it324-x1p00-s354-rg0,source_delta_support_process_control,canonical,4,72,64,704,354,324,169869312,524288,16,2048,40,1,L,fsl-x225-multisupport-source5x5-s351-362-20260716-0215-n4-d2-dep4-md704-it324-x1p00-s354-rg0,4,2,x225_multisupport_delta_confirmation_source,4,169869312,524288,Fresh measured 5x5 source grid for the sealed x225 multi-support Delta confirmation. Target losses are evaluation-only.,controlled_model_dim_source_prefix_smalln_5x5,46858504.0,46858504.0,0.0,0.162821576719,23,x225_multisupport_full_5x5_collection,,1.305337,0,324,169869312,1.0,physical_full_5x5_collection,4:2,0:0;0:1;0:2;0:3;0:4;1:0;1:1;1:2;1:3;1:4;2:0;2:1;2:2;2:3;2:4;3:0;3:1;3:2;3:3;3:4;4:0;4:1;4:2;4:3;4:4,x225_multisupport_confirmation,paired_train_seed,sealed_evaluation_only,Submit GPU jobs to gpumedium; do not use pilot/gpupilot.
fsl_x225_multisupport_source5x5_s351_362_20260716_0215_n4-d3-dep4-md704-it486-x1p00-s354-rg0,source_delta_support_process_control,canonical,4,72,64,704,354,486,254803968,524288,16,2048,40,1,L,fsl-x225-multisupport-source5x5-s351-362-20260716-0215-n4-d3-dep4-md704-it486-x1p00-s354-rg0,4,3,x225_multisupport_delta_confirmation_source,4,254803968,524288,Fresh measured 5x5 source grid for the sealed x225 multi-support Delta confirmation. Target losses are evaluation-only.,controlled_model_dim_source_prefix_smalln_5x5,46858504.0,46858504.0,0.0,0.162821576719,24,x225_multisupport_full_5x5_collection,,1.305337,0,486,254803968,1.0,physical_full_5x5_collection,4:3,0:0;0:1;0:2;0:3;0:4;1:0;1:1;1:2;1:3;1:4;2:0;2:1;2:2;2:3;2:4;3:0;3:1;3:2;3:3;3:4;4:0;4:1;4:2;4:3;4:4,x225_multisupport_confirmation,paired_train_seed,sealed_evaluation_only,Submit GPU jobs to gpumedium; do not use pilot/gpupilot.
fsl_x225_multisupport_source5x5_s351_362_20260716_0215_n4-d4-dep4-md704-it729-x1p00-s354-rg0,source_delta_support_process_control,canonical,4,72,64,704,354,729,382205952,524288,16,2048,40,1,L,fsl-x225-multisupport-source5x5-s351-362-20260716-0215-n4-d4-dep4-md704-it729-x1p00-s354-rg0,4,4,x225_multisupport_delta_confirmation_source,4,382205952,524288,Fresh measured 5x5 source grid for the sealed x225 multi-support Delta confirmation. Target losses are evaluation-only.,controlled_model_dim_source_prefix_smalln_5x5,46858504.0,46858504.0,0.0,0.162821576719,25,x225_multisupport_full_5x5_collection,,1.305337,0,729,382205952,1.0,physical_full_5x5_collection,4:4,0:0;0:1;0:2;0:3;0:4;1:0;1:1;1:2;1:3;1:4;2:0;2:1;2:2;2:3;2:4;3:0;3:1;3:2;3:3;3:4;4:0;4:1;4:2;4:3;4:4,x225_multisupport_confirmation,paired_train_seed,sealed_evaluation_only,Submit GPU jobs to gpumedium; do not use pilot/gpupilot.
fsl_x225_multisupport_source5x5_s351_362_20260716_0215_n0-d0-dep4-md128-it144-x1p00-s355-rg0,source_delta_support_process_control,canonical,4,72,64,128,355,144,75497472,524288,16,2048,40,1,L,fsl-x225-multisupport-source5x5-s351-362-20260716-0215-n0-d0-dep4-md128-it144-x1p00-s355-rg0,0,0,x225_multisupport_delta_confirmation_source,4,75497472,524288,Fresh measured 5x5 source grid for the sealed x225 multi-support Delta confirmation. Target losses are evaluation-only.,controlled_model_dim_source_prefix_smalln_5x5,4980784.0,4980784.0,0.0,0.162821576719,1,x225_multisupport_full_5x5_collection,,1.305337,0,144,75497472,1.0,physical_full_5x5_collection,0:0,0:0;0:1;0:2;0:3;0:4;1:0;1:1;1:2;1:3;1:4;2:0;2:1;2:2;2:3;2:4;3:0;3:1;3:2;3:3;3:4;4:0;4:1;4:2;4:3;4:4,x225_multisupport_confirmation,paired_train_seed,sealed_evaluation_only,Submit GPU jobs to gpumedium; do not use pilot/gpupilot.
fsl_x225_multisupport_source5x5_s351_362_20260716_0215_n0-d1-dep4-md128-it216-x1p00-s355-rg0,source_delta_support_process_control,canonical,4,72,64,128,355,216,113246208,524288,16,2048,40,1,L,fsl-x225-multisupport-source5x5-s351-362-20260716-0215-n0-d1-dep4-md128-it216-x1p00-s355-rg0,0,1,x225_multisupport_delta_confirmation_source,4,113246208,524288,Fresh measured 5x5 source grid for the sealed x225 multi-support Delta confirmation. Target losses are evaluation-only.,controlled_model_dim_source_prefix_smalln_5x5,4980784.0,4980784.0,0.0,0.162821576719,2,x225_multisupport_full_5x5_collection,,1.305337,0,216,113246208,1.0,physical_full_5x5_collection,0:1,0:0;0:1;0:2;0:3;0:4;1:0;1:1;1:2;1:3;1:4;2:0;2:1;2:2;2:3;2:4;3:0;3:1;3:2;3:3;3:4;4:0;4:1;4:2;4:3;4:4,x225_multisupport_confirmation,paired_train_seed,sealed_evaluation_only,Submit GPU jobs to gpumedium; do not use pilot/gpupilot.
fsl_x225_multisupport_source5x5_s351_362_20260716_0215_n0-d2-dep4-md128-it324-x1p00-s355-rg0,source_delta_support_process_control,canonical,4,72,64,128,355,324,169869312,524288,16,2048,40,1,L,fsl-x225-multisupport-source5x5-s351-362-20260716-0215-n0-d2-dep4-md128-it324-x1p00-s355-rg0,0,2,x225_multisupport_delta_confirmation_source,4,169869312,524288,Fresh measured 5x5 source grid for the sealed x225 multi-support Delta confirmation. Target losses are evaluation-only.,controlled_model_dim_source_prefix_smalln_5x5,4980784.0,4980784.0,0.0,0.162821576719,3,x225_multisupport_full_5x5_collection,,1.305337,0,324,169869312,1.0,physical_full_5x5_collection,0:2,0:0;0:1;0:2;0:3;0:4;1:0;1:1;1:2;1:3;1:4;2:0;2:1;2:2;2:3;2:4;3:0;3:1;3:2;3:3;3:4;4:0;4:1;4:2;4:3;4:4,x225_multisupport_confirmation,paired_train_seed,sealed_evaluation_only,Submit GPU jobs to gpumedium; do not use pilot/gpupilot.
fsl_x225_multisupport_source5x5_s351_362_20260716_0215_n0-d3-dep4-md128-it486-x1p00-s355-rg0,source_delta_support_process_control,canonical,4,72,64,128,355,486,254803968,524288,16,2048,40,1,L,fsl-x225-multisupport-source5x5-s351-362-20260716-0215-n0-d3-dep4-md128-it486-x1p00-s355-rg0,0,3,x225_multisupport_delta_confirmation_source,4,254803968,524288,Fresh measured 5x5 source grid for the sealed x225 multi-support Delta confirmation. Target losses are evaluation-only.,controlled_model_dim_source_prefix_smalln_5x5,4980784.0,4980784.0,0.0,0.162821576719,4,x225_multisupport_full_5x5_collection,,1.305337,0,486,254803968,1.0,physical_full_5x5_collection,0:3,0:0;0:1;0:2;0:3;0:4;1:0;1:1;1:2;1:3;1:4;2:0;2:1;2:2;2:3;2:4;3:0;3:1;3:2;3:3;3:4;4:0;4:1;4:2;4:3;4:4,x225_multisupport_confirmation,paired_train_seed,sealed_evaluation_only,Submit GPU jobs to gpumedium; do not use pilot/gpupilot.
fsl_x225_multisupport_source5x5_s351_362_20260716_0215_n0-d4-dep4-md128-it729-x1p00-s355-rg0,source_delta_support_process_control,canonical,4,72,64,128,355,729,382205952,524288,16,2048,40,1,L,fsl-x225-multisupport-source5x5-s351-362-20260716-0215-n0-d4-dep4-md128-it729-x1p00-s355-rg0,0,4,x225_multisupport_delta_confirmation_source,4,382205952,524288,Fresh measured 5x5 source grid for the sealed x225 multi-support Delta confirmation. Target losses are evaluation-only.,controlled_model_dim_source_prefix_smalln_5x5,4980784.0,4980784.0,0.0,0.162821576719,5,x225_multisupport_full_5x5_collection,,1.305337,0,729,382205952,1.0,physical_full_5x5_collection,0:4,0:0;0:1;0:2;0:3;0:4;1:0;1:1;1:2;1:3;1:4;2:0;2:1;2:2;2:3;2:4;3:0;3:1;3:2;3:3;3:4;4:0;4:1;4:2;4:3;4:4,x225_multisupport_confirmation,paired_train_seed,sealed_evaluation_only,Submit GPU jobs to gpumedium; do not use pilot/gpupilot.
fsl_x225_multisupport_source5x5_s351_362_20260716_0215_n1-d0-dep4-md192-it144-x1p00-s355-rg0,source_delta_support_process_control,canonical,4,72,64,192,355,144,75497472,524288,16,2048,40,1,L,fsl-x225-multisupport-source5x5-s351-362-20260716-0215-n1-d0-dep4-md192-it144-x1p00-s355-rg0,1,0,x225_multisupport_delta_confirmation_source,4,75497472,524288,Fresh measured 5x5 source grid for the sealed x225 multi-support Delta confirmation. Target losses are evaluation-only.,controlled_model_dim_source_prefix_smalln_5x5,8061000.0,8061000.0,0.0,0.162821576719,6,x225_multisupport_full_5x5_collection,,1.305337,0,144,75497472,1.0,physical_full_5x5_collection,1:0,0:0;0:1;0:2;0:3;0:4;1:0;1:1;1:2;1:3;1:4;2:0;2:1;2:2;2:3;2:4;3:0;3:1;3:2;3:3;3:4;4:0;4:1;4:2;4:3;4:4,x225_multisupport_confirmation,paired_train_seed,sealed_evaluation_only,Submit GPU jobs to gpumedium; do not use pilot/gpupilot.
fsl_x225_multisupport_source5x5_s351_362_20260716_0215_n1-d1-dep4-md192-it216-x1p00-s355-rg0,source_delta_support_process_control,canonical,4,72,64,192,355,216,113246208,524288,16,2048,40,1,L,fsl-x225-multisupport-source5x5-s351-362-20260716-0215-n1-d1-dep4-md192-it216-x1p00-s355-rg0,1,1,x225_multisupport_delta_confirmation_source,4,113246208,524288,Fresh measured 5x5 source grid for the sealed x225 multi-support Delta confirmation. Target losses are evaluation-only.,controlled_model_dim_source_prefix_smalln_5x5,8061000.0,8061000.0,0.0,0.162821576719,7,x225_multisupport_full_5x5_collection,,1.305337,0,216,113246208,1.0,physical_full_5x5_collection,1:1,0:0;0:1;0:2;0:3;0:4;1:0;1:1;1:2;1:3;1:4;2:0;2:1;2:2;2:3;2:4;3:0;3:1;3:2;3:3;3:4;4:0;4:1;4:2;4:3;4:4,x225_multisupport_confirmation,paired_train_seed,sealed_evaluation_only,Submit GPU jobs to gpumedium; do not use pilot/gpupilot.
fsl_x225_multisupport_source5x5_s351_362_20260716_0215_n1-d2-dep4-md192-it324-x1p00-s355-rg0,source_delta_support_process_control,canonical,4,72,64,192,355,324,169869312,524288,16,2048,40,1,L,fsl-x225-multisupport-source5x5-s351-362-20260716-0215-n1-d2-dep4-md192-it324-x1p00-s355-rg0,1,2,x225_multisupport_delta_confirmation_source,4,169869312,524288,Fresh measured 5x5 source grid for the sealed x225 multi-support Delta confirmation. Target losses are evaluation-only.,controlled_model_dim_source_prefix_smalln_5x5,8061000.0,8061000.0,0.0,0.162821576719,8,x225_multisupport_full_5x5_collection,,1.305337,0,324,169869312,1.0,physical_full_5x5_collection,1:2,0:0;0:1;0:2;0:3;0:4;1:0;1:1;1:2;1:3;1:4;2:0;2:1;2:2;2:3;2:4;3:0;3:1;3:2;3:3;3:4;4:0;4:1;4:2;4:3;4:4,x225_multisupport_confirmation,paired_train_seed,sealed_evaluation_only,Submit GPU jobs to gpumedium; do not use pilot/gpupilot.
fsl_x225_multisupport_source5x5_s351_362_20260716_0215_n1-d3-dep4-md192-it486-x1p00-s355-rg0,source_delta_support_process_control,canonical,4,72,64,192,355,486,254803968,524288,16,2048,40,1,L,fsl-x225-multisupport-source5x5-s351-362-20260716-0215-n1-d3-dep4-md192-it486-x1p00-s355-rg0,1,3,x225_multisupport_delta_confirmation_source,4,254803968,524288,Fresh measured 5x5 source grid for the sealed x225 multi-support Delta confirmation. Target losses are evaluation-only.,controlled_model_dim_source_prefix_smalln_5x5,8061000.0,8061000.0,0.0,0.162821576719,9,x225_multisupport_full_5x5_collection,,1.305337,0,486,254803968,1.0,physical_full_5x5_collection,1:3,0:0;0:1;0:2;0:3;0:4;1:0;1:1;1:2;1:3;1:4;2:0;2:1;2:2;2:3;2:4;3:0;3:1;3:2;3:3;3:4;4:0;4:1;4:2;4:3;4:4,x225_multisupport_confirmation,paired_train_seed,sealed_evaluation_only,Submit GPU jobs to gpumedium; do not use pilot/gpupilot.
fsl_x225_multisupport_source5x5_s351_362_20260716_0215_n1-d4-dep4-md192-it729-x1p00-s355-rg0,source_delta_support_process_control,canonical,4,72,64,192,355,729,382205952,524288,16,2048,40,1,L,fsl-x225-multisupport-source5x5-s351-362-20260716-0215-n1-d4-dep4-md192-it729-x1p00-s355-rg0,1,4,x225_multisupport_delta_confirmation_source,4,382205952,524288,Fresh measured 5x5 source grid for the sealed x225 multi-support Delta confirmation. Target losses are evaluation-only.,controlled_model_dim_source_prefix_smalln_5x5,8061000.0,8061000.0,0.0,0.162821576719,10,x225_multisupport_full_5x5_collection,,1.305337,0,729,382205952,1.0,physical_full_5x5_collection,1:4,0:0;0:1;0:2;0:3;0:4;1:0;1:1;1:2;1:3;1:4;2:0;2:1;2:2;2:3;2:4;3:0;3:1;3:2;3:3;3:4;4:0;4:1;4:2;4:3;4:4,x225_multisupport_confirmation,paired_train_seed,sealed_evaluation_only,Submit GPU jobs to gpumedium; do not use pilot/gpupilot.
fsl_x225_multisupport_source5x5_s351_362_20260716_0215_n2-d0-dep4-md320-it144-x1p00-s355-rg0,source_delta_support_process_control,canonical,4,72,64,320,355,144,75497472,524288,16,2048,40,1,L,fsl-x225-multisupport-source5x5-s351-362-20260716-0215-n2-d0-dep4-md320-it144-x1p00-s355-rg0,2,0,x225_multisupport_delta_confirmation_source,4,75497472,524288,Fresh measured 5x5 source grid for the sealed x225 multi-support Delta confirmation. Target losses are evaluation-only.,controlled_model_dim_source_prefix_smalln_5x5,15401080.0,15401080.0,0.0,0.162821576719,11,x225_multisupport_full_5x5_collection,,1.305337,0,144,75497472,1.0,physical_full_5x5_collection,2:0,0:0;0:1;0:2;0:3;0:4;1:0;1:1;1:2;1:3;1:4;2:0;2:1;2:2;2:3;2:4;3:0;3:1;3:2;3:3;3:4;4:0;4:1;4:2;4:3;4:4,x225_multisupport_confirmation,paired_train_seed,sealed_evaluation_only,Submit GPU jobs to gpumedium; do not use pilot/gpupilot.
fsl_x225_multisupport_source5x5_s351_362_20260716_0215_n2-d1-dep4-md320-it216-x1p00-s355-rg0,source_delta_support_process_control,canonical,4,72,64,320,355,216,113246208,524288,16,2048,40,1,L,fsl-x225-multisupport-source5x5-s351-362-20260716-0215-n2-d1-dep4-md320-it216-x1p00-s355-rg0,2,1,x225_multisupport_delta_confirmation_source,4,113246208,524288,Fresh measured 5x5 source grid for the sealed x225 multi-support Delta confirmation. Target losses are evaluation-only.,controlled_model_dim_source_prefix_smalln_5x5,15401080.0,15401080.0,0.0,0.162821576719,12,x225_multisupport_full_5x5_collection,,1.305337,0,216,113246208,1.0,physical_full_5x5_collection,2:1,0:0;0:1;0:2;0:3;0:4;1:0;1:1;1:2;1:3;1:4;2:0;2:1;2:2;2:3;2:4;3:0;3:1;3:2;3:3;3:4;4:0;4:1;4:2;4:3;4:4,x225_multisupport_confirmation,paired_train_seed,sealed_evaluation_only,Submit GPU jobs to gpumedium; do not use pilot/gpupilot.
fsl_x225_multisupport_source5x5_s351_362_20260716_0215_n2-d2-dep4-md320-it324-x1p00-s355-rg0,source_delta_support_process_control,canonical,4,72,64,320,355,324,169869312,524288,16,2048,40,1,L,fsl-x225-multisupport-source5x5-s351-362-20260716-0215-n2-d2-dep4-md320-it324-x1p00-s355-rg0,2,2,x225_multisupport_delta_confirmation_source,4,169869312,524288,Fresh measured 5x5 source grid for the sealed x225 multi-support Delta confirmation. Target losses are evaluation-only.,controlled_model_dim_source_prefix_smalln_5x5,15401080.0,15401080.0,0.0,0.162821576719,13,x225_multisupport_full_5x5_collection,,1.305337,0,324,169869312,1.0,physical_full_5x5_collection,2:2,0:0;0:1;0:2;0:3;0:4;1:0;1:1;1:2;1:3;1:4;2:0;2:1;2:2;2:3;2:4;3:0;3:1;3:2;3:3;3:4;4:0;4:1;4:2;4:3;4:4,x225_multisupport_confirmation,paired_train_seed,sealed_evaluation_only,Submit GPU jobs to gpumedium; do not use pilot/gpupilot.
fsl_x225_multisupport_source5x5_s351_362_20260716_0215_n2-d3-dep4-md320-it486-x1p00-s355-rg0,source_delta_support_process_control,canonical,4,72,64,320,355,486,254803968,524288,16,2048,40,1,L,fsl-x225-multisupport-source5x5-s351-362-20260716-0215-n2-d3-dep4-md320-it486-x1p00-s355-rg0,2,3,x225_multisupport_delta_confirmation_source,4,254803968,524288,Fresh measured 5x5 source grid for the sealed x225 multi-support Delta confirmation. Target losses are evaluation-only.,controlled_model_dim_source_prefix_smalln_5x5,15401080.0,15401080.0,0.0,0.162821576719,14,x225_multisupport_full_5x5_collection,,1.305337,0,486,254803968,1.0,physical_full_5x5_collection,2:3,0:0;0:1;0:2;0:3;0:4;1:0;1:1;1:2;1:3;1:4;2:0;2:1;2:2;2:3;2:4;3:0;3:1;3:2;3:3;3:4;4:0;4:1;4:2;4:3;4:4,x225_multisupport_confirmation,paired_train_seed,sealed_evaluation_only,Submit GPU jobs to gpumedium; do not use pilot/gpupilot.
fsl_x225_multisupport_source5x5_s351_362_20260716_0215_n2-d4-dep4-md320-it729-x1p00-s355-rg0,source_delta_support_process_control,canonical,4,72,64,320,355,729,382205952,524288,16,2048,40,1,L,fsl-x225-multisupport-source5x5-s351-362-20260716-0215-n2-d4-dep4-md320-it729-x1p00-s355-rg0,2,4,x225_multisupport_delta_confirmation_source,4,382205952,524288,Fresh measured 5x5 source grid for the sealed x225 multi-support Delta confirmation. Target losses are evaluation-only.,controlled_model_dim_source_prefix_smalln_5x5,15401080.0,15401080.0,0.0,0.162821576719,15,x225_multisupport_full_5x5_collection,,1.305337,0,729,382205952,1.0,physical_full_5x5_collection,2:4,0:0;0:1;0:2;0:3;0:4;1:0;1:1;1:2;1:3;1:4;2:0;2:1;2:2;2:3;2:4;3:0;3:1;3:2;3:3;3:4;4:0;4:1;4:2;4:3;4:4,x225_multisupport_confirmation,paired_train_seed,sealed_evaluation_only,Submit GPU jobs to gpumedium; do not use pilot/gpupilot.
fsl_x225_multisupport_source5x5_s351_362_20260716_0215_n3-d0-dep4-md512-it144-x1p00-s355-rg0,source_delta_support_process_control,canonical,4,72,64,512,355,144,75497472,524288,16,2048,40,1,L,fsl-x225-multisupport-source5x5-s351-362-20260716-0215-n3-d0-dep4-md512-it144-x1p00-s355-rg0,3,0,x225_multisupport_delta_confirmation_source,4,75497472,524288,Fresh measured 5x5 source grid for the sealed x225 multi-support Delta confirmation. Target losses are evaluation-only.,controlled_model_dim_source_prefix_smalln_5x5,29360320.0,29360320.0,0.0,0.162821576719,16,x225_multisupport_full_5x5_collection,,1.305337,0,144,75497472,1.0,physical_full_5x5_collection,3:0,0:0;0:1;0:2;0:3;0:4;1:0;1:1;1:2;1:3;1:4;2:0;2:1;2:2;2:3;2:4;3:0;3:1;3:2;3:3;3:4;4:0;4:1;4:2;4:3;4:4,x225_multisupport_confirmation,paired_train_seed,sealed_evaluation_only,Submit GPU jobs to gpumedium; do not use pilot/gpupilot.
fsl_x225_multisupport_source5x5_s351_362_20260716_0215_n3-d1-dep4-md512-it216-x1p00-s355-rg0,source_delta_support_process_control,canonical,4,72,64,512,355,216,113246208,524288,16,2048,40,1,L,fsl-x225-multisupport-source5x5-s351-362-20260716-0215-n3-d1-dep4-md512-it216-x1p00-s355-rg0,3,1,x225_multisupport_delta_confirmation_source,4,113246208,524288,Fresh measured 5x5 source grid for the sealed x225 multi-support Delta confirmation. Target losses are evaluation-only.,controlled_model_dim_source_prefix_smalln_5x5,29360320.0,29360320.0,0.0,0.162821576719,17,x225_multisupport_full_5x5_collection,,1.305337,0,216,113246208,1.0,physical_full_5x5_collection,3:1,0:0;0:1;0:2;0:3;0:4;1:0;1:1;1:2;1:3;1:4;2:0;2:1;2:2;2:3;2:4;3:0;3:1;3:2;3:3;3:4;4:0;4:1;4:2;4:3;4:4,x225_multisupport_confirmation,paired_train_seed,sealed_evaluation_only,Submit GPU jobs to gpumedium; do not use pilot/gpupilot.
fsl_x225_multisupport_source5x5_s351_362_20260716_0215_n3-d2-dep4-md512-it324-x1p00-s355-rg0,source_delta_support_process_control,canonical,4,72,64,512,355,324,169869312,524288,16,2048,40,1,L,fsl-x225-multisupport-source5x5-s351-362-20260716-0215-n3-d2-dep4-md512-it324-x1p00-s355-rg0,3,2,x225_multisupport_delta_confirmation_source,4,169869312,524288,Fresh measured 5x5 source grid for the sealed x225 multi-support Delta confirmation. Target losses are evaluation-only.,controlled_model_dim_source_prefix_smalln_5x5,29360320.0,29360320.0,0.0,0.162821576719,18,x225_multisupport_full_5x5_collection,,1.305337,0,324,169869312,1.0,physical_full_5x5_collection,3:2,0:0;0:1;0:2;0:3;0:4;1:0;1:1;1:2;1:3;1:4;2:0;2:1;2:2;2:3;2:4;3:0;3:1;3:2;3:3;3:4;4:0;4:1;4:2;4:3;4:4,x225_multisupport_confirmation,paired_train_seed,sealed_evaluation_only,Submit GPU jobs to gpumedium; do not use pilot/gpupilot.
fsl_x225_multisupport_source5x5_s351_362_20260716_0215_n3-d3-dep4-md512-it486-x1p00-s355-rg0,source_delta_support_process_control,canonical,4,72,64,512,355,486,254803968,524288,16,2048,40,1,L,fsl-x225-multisupport-source5x5-s351-362-20260716-0215-n3-d3-dep4-md512-it486-x1p00-s355-rg0,3,3,x225_multisupport_delta_confirmation_source,4,254803968,524288,Fresh measured 5x5 source grid for the sealed x225 multi-support Delta confirmation. Target losses are evaluation-only.,controlled_model_dim_source_prefix_smalln_5x5,29360320.0,29360320.0,0.0,0.162821576719,19,x225_multisupport_full_5x5_collection,,1.305337,0,486,254803968,1.0,physical_full_5x5_collection,3:3,0:0;0:1;0:2;0:3;0:4;1:0;1:1;1:2;1:3;1:4;2:0;2:1;2:2;2:3;2:4;3:0;3:1;3:2;3:3;3:4;4:0;4:1;4:2;4:3;4:4,x225_multisupport_confirmation,paired_train_seed,sealed_evaluation_only,Submit GPU jobs to gpumedium; do not use pilot/gpupilot.
fsl_x225_multisupport_source5x5_s351_362_20260716_0215_n3-d4-dep4-md512-it729-x1p00-s355-rg0,source_delta_support_process_control,canonical,4,72,64,512,355,729,382205952,524288,16,2048,40,1,L,fsl-x225-multisupport-source5x5-s351-362-20260716-0215-n3-d4-dep4-md512-it729-x1p00-s355-rg0,3,4,x225_multisupport_delta_confirmation_source,4,382205952,524288,Fresh measured 5x5 source grid for the sealed x225 multi-support Delta confirmation. Target losses are evaluation-only.,controlled_model_dim_source_prefix_smalln_5x5,29360320.0,29360320.0,0.0,0.162821576719,20,x225_multisupport_full_5x5_collection,,1.305337,0,729,382205952,1.0,physical_full_5x5_collection,3:4,0:0;0:1;0:2;0:3;0:4;1:0;1:1;1:2;1:3;1:4;2:0;2:1;2:2;2:3;2:4;3:0;3:1;3:2;3:3;3:4;4:0;4:1;4:2;4:3;4:4,x225_multisupport_confirmation,paired_train_seed,sealed_evaluation_only,Submit GPU jobs to gpumedium; do not use pilot/gpupilot.
fsl_x225_multisupport_source5x5_s351_362_20260716_0215_n4-d0-dep4-md704-it144-x1p00-s355-rg0,source_delta_support_process_control,canonical,4,72,64,704,355,144,75497472,524288,16,2048,40,1,L,fsl-x225-multisupport-source5x5-s351-362-20260716-0215-n4-d0-dep4-md704-it144-x1p00-s355-rg0,4,0,x225_multisupport_delta_confirmation_source,4,75497472,524288,Fresh measured 5x5 source grid for the sealed x225 multi-support Delta confirmation. Target losses are evaluation-only.,controlled_model_dim_source_prefix_smalln_5x5,46858504.0,46858504.0,0.0,0.162821576719,21,x225_multisupport_full_5x5_collection,,1.305337,0,144,75497472,1.0,physical_full_5x5_collection,4:0,0:0;0:1;0:2;0:3;0:4;1:0;1:1;1:2;1:3;1:4;2:0;2:1;2:2;2:3;2:4;3:0;3:1;3:2;3:3;3:4;4:0;4:1;4:2;4:3;4:4,x225_multisupport_confirmation,paired_train_seed,sealed_evaluation_only,Submit GPU jobs to gpumedium; do not use pilot/gpupilot.
fsl_x225_multisupport_source5x5_s351_362_20260716_0215_n4-d1-dep4-md704-it216-x1p00-s355-rg0,source_delta_support_process_control,canonical,4,72,64,704,355,216,113246208,524288,16,2048,40,1,L,fsl-x225-multisupport-source5x5-s351-362-20260716-0215-n4-d1-dep4-md704-it216-x1p00-s355-rg0,4,1,x225_multisupport_delta_confirmation_source,4,113246208,524288,Fresh measured 5x5 source grid for the sealed x225 multi-support Delta confirmation. Target losses are evaluation-only.,controlled_model_dim_source_prefix_smalln_5x5,46858504.0,46858504.0,0.0,0.162821576719,22,x225_multisupport_full_5x5_collection,,1.305337,0,216,113246208,1.0,physical_full_5x5_collection,4:1,0:0;0:1;0:2;0:3;0:4;1:0;1:1;1:2;1:3;1:4;2:0;2:1;2:2;2:3;2:4;3:0;3:1;3:2;3:3;3:4;4:0;4:1;4:2;4:3;4:4,x225_multisupport_confirmation,paired_train_seed,sealed_evaluation_only,Submit GPU jobs to gpumedium; do not use pilot/gpupilot.
fsl_x225_multisupport_source5x5_s351_362_20260716_0215_n4-d2-dep4-md704-it324-x1p00-s355-rg0,source_delta_support_process_control,canonical,4,72,64,704,355,324,169869312,524288,16,2048,40,1,L,fsl-x225-multisupport-source5x5-s351-362-20260716-0215-n4-d2-dep4-md704-it324-x1p00-s355-rg0,4,2,x225_multisupport_delta_confirmation_source,4,169869312,524288,Fresh measured 5x5 source grid for the sealed x225 multi-support Delta confirmation. Target losses are evaluation-only.,controlled_model_dim_source_prefix_smalln_5x5,46858504.0,46858504.0,0.0,0.162821576719,23,x225_multisupport_full_5x5_collection,,1.305337,0,324,169869312,1.0,physical_full_5x5_collection,4:2,0:0;0:1;0:2;0:3;0:4;1:0;1:1;1:2;1:3;1:4;2:0;2:1;2:2;2:3;2:4;3:0;3:1;3:2;3:3;3:4;4:0;4:1;4:2;4:3;4:4,x225_multisupport_confirmation,paired_train_seed,sealed_evaluation_only,Submit GPU jobs to gpumedium; do not use pilot/gpupilot.
fsl_x225_multisupport_source5x5_s351_362_20260716_0215_n4-d3-dep4-md704-it486-x1p00-s355-rg0,source_delta_support_process_control,canonical,4,72,64,704,355,486,254803968,524288,16,2048,40,1,L,fsl-x225-multisupport-source5x5-s351-362-20260716-0215-n4-d3-dep4-md704-it486-x1p00-s355-rg0,4,3,x225_multisupport_delta_confirmation_source,4,254803968,524288,Fresh measured 5x5 source grid for the sealed x225 multi-support Delta confirmation. Target losses are evaluation-only.,controlled_model_dim_source_prefix_smalln_5x5,46858504.0,46858504.0,0.0,0.162821576719,24,x225_multisupport_full_5x5_collection,,1.305337,0,486,254803968,1.0,physical_full_5x5_collection,4:3,0:0;0:1;0:2;0:3;0:4;1:0;1:1;1:2;1:3;1:4;2:0;2:1;2:2;2:3;2:4;3:0;3:1;3:2;3:3;3:4;4:0;4:1;4:2;4:3;4:4,x225_multisupport_confirmation,paired_train_seed,sealed_evaluation_only,Submit GPU jobs to gpumedium; do not use pilot/gpupilot.
fsl_x225_multisupport_source5x5_s351_362_20260716_0215_n4-d4-dep4-md704-it729-x1p00-s355-rg0,source_delta_support_process_control,canonical,4,72,64,704,355,729,382205952,524288,16,2048,40,1,L,fsl-x225-multisupport-source5x5-s351-362-20260716-0215-n4-d4-dep4-md704-it729-x1p00-s355-rg0,4,4,x225_multisupport_delta_confirmation_source,4,382205952,524288,Fresh measured 5x5 source grid for the sealed x225 multi-support Delta confirmation. Target losses are evaluation-only.,controlled_model_dim_source_prefix_smalln_5x5,46858504.0,46858504.0,0.0,0.162821576719,25,x225_multisupport_full_5x5_collection,,1.305337,0,729,382205952,1.0,physical_full_5x5_collection,4:4,0:0;0:1;0:2;0:3;0:4;1:0;1:1;1:2;1:3;1:4;2:0;2:1;2:2;2:3;2:4;3:0;3:1;3:2;3:3;3:4;4:0;4:1;4:2;4:3;4:4,x225_multisupport_confirmation,paired_train_seed,sealed_evaluation_only,Submit GPU jobs to gpumedium; do not use pilot/gpupilot.
fsl_x225_multisupport_source5x5_s351_362_20260716_0215_n0-d0-dep4-md128-it144-x1p00-s356-rg0,source_delta_support_process_control,canonical,4,72,64,128,356,144,75497472,524288,16,2048,40,1,L,fsl-x225-multisupport-source5x5-s351-362-20260716-0215-n0-d0-dep4-md128-it144-x1p00-s356-rg0,0,0,x225_multisupport_delta_confirmation_source,4,75497472,524288,Fresh measured 5x5 source grid for the sealed x225 multi-support Delta confirmation. Target losses are evaluation-only.,controlled_model_dim_source_prefix_smalln_5x5,4980784.0,4980784.0,0.0,0.162821576719,1,x225_multisupport_full_5x5_collection,,1.305337,0,144,75497472,1.0,physical_full_5x5_collection,0:0,0:0;0:1;0:2;0:3;0:4;1:0;1:1;1:2;1:3;1:4;2:0;2:1;2:2;2:3;2:4;3:0;3:1;3:2;3:3;3:4;4:0;4:1;4:2;4:3;4:4,x225_multisupport_confirmation,paired_train_seed,sealed_evaluation_only,Submit GPU jobs to gpumedium; do not use pilot/gpupilot.
fsl_x225_multisupport_source5x5_s351_362_20260716_0215_n0-d1-dep4-md128-it216-x1p00-s356-rg0,source_delta_support_process_control,canonical,4,72,64,128,356,216,113246208,524288,16,2048,40,1,L,fsl-x225-multisupport-source5x5-s351-362-20260716-0215-n0-d1-dep4-md128-it216-x1p00-s356-rg0,0,1,x225_multisupport_delta_confirmation_source,4,113246208,524288,Fresh measured 5x5 source grid for the sealed x225 multi-support Delta confirmation. Target losses are evaluation-only.,controlled_model_dim_source_prefix_smalln_5x5,4980784.0,4980784.0,0.0,0.162821576719,2,x225_multisupport_full_5x5_collection,,1.305337,0,216,113246208,1.0,physical_full_5x5_collection,0:1,0:0;0:1;0:2;0:3;0:4;1:0;1:1;1:2;1:3;1:4;2:0;2:1;2:2;2:3;2:4;3:0;3:1;3:2;3:3;3:4;4:0;4:1;4:2;4:3;4:4,x225_multisupport_confirmation,paired_train_seed,sealed_evaluation_only,Submit GPU jobs to gpumedium; do not use pilot/gpupilot.
fsl_x225_multisupport_source5x5_s351_362_20260716_0215_n0-d2-dep4-md128-it324-x1p00-s356-rg0,source_delta_support_process_control,canonical,4,72,64,128,356,324,169869312,524288,16,2048,40,1,L,fsl-x225-multisupport-source5x5-s351-362-20260716-0215-n0-d2-dep4-md128-it324-x1p00-s356-rg0,0,2,x225_multisupport_delta_confirmation_source,4,169869312,524288,Fresh measured 5x5 source grid for the sealed x225 multi-support Delta confirmation. Target losses are evaluation-only.,controlled_model_dim_source_prefix_smalln_5x5,4980784.0,4980784.0,0.0,0.162821576719,3,x225_multisupport_full_5x5_collection,,1.305337,0,324,169869312,1.0,physical_full_5x5_collection,0:2,0:0;0:1;0:2;0:3;0:4;1:0;1:1;1:2;1:3;1:4;2:0;2:1;2:2;2:3;2:4;3:0;3:1;3:2;3:3;3:4;4:0;4:1;4:2;4:3;4:4,x225_multisupport_confirmation,paired_train_seed,sealed_evaluation_only,Submit GPU jobs to gpumedium; do not use pilot/gpupilot.
fsl_x225_multisupport_source5x5_s351_362_20260716_0215_n0-d3-dep4-md128-it486-x1p00-s356-rg0,source_delta_support_process_control,canonical,4,72,64,128,356,486,254803968,524288,16,2048,40,1,L,fsl-x225-multisupport-source5x5-s351-362-20260716-0215-n0-d3-dep4-md128-it486-x1p00-s356-rg0,0,3,x225_multisupport_delta_confirmation_source,4,254803968,524288,Fresh measured 5x5 source grid for the sealed x225 multi-support Delta confirmation. Target losses are evaluation-only.,controlled_model_dim_source_prefix_smalln_5x5,4980784.0,4980784.0,0.0,0.162821576719,4,x225_multisupport_full_5x5_collection,,1.305337,0,486,254803968,1.0,physical_full_5x5_collection,0:3,0:0;0:1;0:2;0:3;0:4;1:0;1:1;1:2;1:3;1:4;2:0;2:1;2:2;2:3;2:4;3:0;3:1;3:2;3:3;3:4;4:0;4:1;4:2;4:3;4:4,x225_multisupport_confirmation,paired_train_seed,sealed_evaluation_only,Submit GPU jobs to gpumedium; do not use pilot/gpupilot.
fsl_x225_multisupport_source5x5_s351_362_20260716_0215_n0-d4-dep4-md128-it729-x1p00-s356-rg0,source_delta_support_process_control,canonical,4,72,64,128,356,729,382205952,524288,16,2048,40,1,L,fsl-x225-multisupport-source5x5-s351-362-20260716-0215-n0-d4-dep4-md128-it729-x1p00-s356-rg0,0,4,x225_multisupport_delta_confirmation_source,4,382205952,524288,Fresh measured 5x5 source grid for the sealed x225 multi-support Delta confirmation. Target losses are evaluation-only.,controlled_model_dim_source_prefix_smalln_5x5,4980784.0,4980784.0,0.0,0.162821576719,5,x225_multisupport_full_5x5_collection,,1.305337,0,729,382205952,1.0,physical_full_5x5_collection,0:4,0:0;0:1;0:2;0:3;0:4;1:0;1:1;1:2;1:3;1:4;2:0;2:1;2:2;2:3;2:4;3:0;3:1;3:2;3:3;3:4;4:0;4:1;4:2;4:3;4:4,x225_multisupport_confirmation,paired_train_seed,sealed_evaluation_only,Submit GPU jobs to gpumedium; do not use pilot/gpupilot.
fsl_x225_multisupport_source5x5_s351_362_20260716_0215_n1-d0-dep4-md192-it144-x1p00-s356-rg0,source_delta_support_process_control,canonical,4,72,64,192,356,144,75497472,524288,16,2048,40,1,L,fsl-x225-multisupport-source5x5-s351-362-20260716-0215-n1-d0-dep4-md192-it144-x1p00-s356-rg0,1,0,x225_multisupport_delta_confirmation_source,4,75497472,524288,Fresh measured 5x5 source grid for the sealed x225 multi-support Delta confirmation. Target losses are evaluation-only.,controlled_model_dim_source_prefix_smalln_5x5,8061000.0,8061000.0,0.0,0.162821576719,6,x225_multisupport_full_5x5_collection,,1.305337,0,144,75497472,1.0,physical_full_5x5_collection,1:0,0:0;0:1;0:2;0:3;0:4;1:0;1:1;1:2;1:3;1:4;2:0;2:1;2:2;2:3;2:4;3:0;3:1;3:2;3:3;3:4;4:0;4:1;4:2;4:3;4:4,x225_multisupport_confirmation,paired_train_seed,sealed_evaluation_only,Submit GPU jobs to gpumedium; do not use pilot/gpupilot.
fsl_x225_multisupport_source5x5_s351_362_20260716_0215_n1-d1-dep4-md192-it216-x1p00-s356-rg0,source_delta_support_process_control,canonical,4,72,64,192,356,216,113246208,524288,16,2048,40,1,L,fsl-x225-multisupport-source5x5-s351-362-20260716-0215-n1-d1-dep4-md192-it216-x1p00-s356-rg0,1,1,x225_multisupport_delta_confirmation_source,4,113246208,524288,Fresh measured 5x5 source grid for the sealed x225 multi-support Delta confirmation. Target losses are evaluation-only.,controlled_model_dim_source_prefix_smalln_5x5,8061000.0,8061000.0,0.0,0.162821576719,7,x225_multisupport_full_5x5_collection,,1.305337,0,216,113246208,1.0,physical_full_5x5_collection,1:1,0:0;0:1;0:2;0:3;0:4;1:0;1:1;1:2;1:3;1:4;2:0;2:1;2:2;2:3;2:4;3:0;3:1;3:2;3:3;3:4;4:0;4:1;4:2;4:3;4:4,x225_multisupport_confirmation,paired_train_seed,sealed_evaluation_only,Submit GPU jobs to gpumedium; do not use pilot/gpupilot.
fsl_x225_multisupport_source5x5_s351_362_20260716_0215_n1-d2-dep4-md192-it324-x1p00-s356-rg0,source_delta_support_process_control,canonical,4,72,64,192,356,324,169869312,524288,16,2048,40,1,L,fsl-x225-multisupport-source5x5-s351-362-20260716-0215-n1-d2-dep4-md192-it324-x1p00-s356-rg0,1,2,x225_multisupport_delta_confirmation_source,4,169869312,524288,Fresh measured 5x5 source grid for the sealed x225 multi-support Delta confirmation. Target losses are evaluation-only.,controlled_model_dim_source_prefix_smalln_5x5,8061000.0,8061000.0,0.0,0.162821576719,8,x225_multisupport_full_5x5_collection,,1.305337,0,324,169869312,1.0,physical_full_5x5_collection,1:2,0:0;0:1;0:2;0:3;0:4;1:0;1:1;1:2;1:3;1:4;2:0;2:1;2:2;2:3;2:4;3:0;3:1;3:2;3:3;3:4;4:0;4:1;4:2;4:3;4:4,x225_multisupport_confirmation,paired_train_seed,sealed_evaluation_only,Submit GPU jobs to gpumedium; do not use pilot/gpupilot.
fsl_x225_multisupport_source5x5_s351_362_20260716_0215_n1-d3-dep4-md192-it486-x1p00-s356-rg0,source_delta_support_process_control,canonical,4,72,64,192,356,486,254803968,524288,16,2048,40,1,L,fsl-x225-multisupport-source5x5-s351-362-20260716-0215-n1-d3-dep4-md192-it486-x1p00-s356-rg0,1,3,x225_multisupport_delta_confirmation_source,4,254803968,524288,Fresh measured 5x5 source grid for the sealed x225 multi-support Delta confirmation. Target losses are evaluation-only.,controlled_model_dim_source_prefix_smalln_5x5,8061000.0,8061000.0,0.0,0.162821576719,9,x225_multisupport_full_5x5_collection,,1.305337,0,486,254803968,1.0,physical_full_5x5_collection,1:3,0:0;0:1;0:2;0:3;0:4;1:0;1:1;1:2;1:3;1:4;2:0;2:1;2:2;2:3;2:4;3:0;3:1;3:2;3:3;3:4;4:0;4:1;4:2;4:3;4:4,x225_multisupport_confirmation,paired_train_seed,sealed_evaluation_only,Submit GPU jobs to gpumedium; do not use pilot/gpupilot.
fsl_x225_multisupport_source5x5_s351_362_20260716_0215_n1-d4-dep4-md192-it729-x1p00-s356-rg0,source_delta_support_process_control,canonical,4,72,64,192,356,729,382205952,524288,16,2048,40,1,L,fsl-x225-multisupport-source5x5-s351-362-20260716-0215-n1-d4-dep4-md192-it729-x1p00-s356-rg0,1,4,x225_multisupport_delta_confirmation_source,4,382205952,524288,Fresh measured 5x5 source grid for the sealed x225 multi-support Delta confirmation. Target losses are evaluation-only.,controlled_model_dim_source_prefix_smalln_5x5,8061000.0,8061000.0,0.0,0.162821576719,10,x225_multisupport_full_5x5_collection,,1.305337,0,729,382205952,1.0,physical_full_5x5_collection,1:4,0:0;0:1;0:2;0:3;0:4;1:0;1:1;1:2;1:3;1:4;2:0;2:1;2:2;2:3;2:4;3:0;3:1;3:2;3:3;3:4;4:0;4:1;4:2;4:3;4:4,x225_multisupport_confirmation,paired_train_seed,sealed_evaluation_only,Submit GPU jobs to gpumedium; do not use pilot/gpupilot.
fsl_x225_multisupport_source5x5_s351_362_20260716_0215_n2-d0-dep4-md320-it144-x1p00-s356-rg0,source_delta_support_process_control,canonical,4,72,64,320,356,144,75497472,524288,16,2048,40,1,L,fsl-x225-multisupport-source5x5-s351-362-20260716-0215-n2-d0-dep4-md320-it144-x1p00-s356-rg0,2,0,x225_multisupport_delta_confirmation_source,4,75497472,524288,Fresh measured 5x5 source grid for the sealed x225 multi-support Delta confirmation. Target losses are evaluation-only.,controlled_model_dim_source_prefix_smalln_5x5,15401080.0,15401080.0,0.0,0.162821576719,11,x225_multisupport_full_5x5_collection,,1.305337,0,144,75497472,1.0,physical_full_5x5_collection,2:0,0:0;0:1;0:2;0:3;0:4;1:0;1:1;1:2;1:3;1:4;2:0;2:1;2:2;2:3;2:4;3:0;3:1;3:2;3:3;3:4;4:0;4:1;4:2;4:3;4:4,x225_multisupport_confirmation,paired_train_seed,sealed_evaluation_only,Submit GPU jobs to gpumedium; do not use pilot/gpupilot.
fsl_x225_multisupport_source5x5_s351_362_20260716_0215_n2-d1-dep4-md320-it216-x1p00-s356-rg0,source_delta_support_process_control,canonical,4,72,64,320,356,216,113246208,524288,16,2048,40,1,L,fsl-x225-multisupport-source5x5-s351-362-20260716-0215-n2-d1-dep4-md320-it216-x1p00-s356-rg0,2,1,x225_multisupport_delta_confirmation_source,4,113246208,524288,Fresh measured 5x5 source grid for the sealed x225 multi-support Delta confirmation. Target losses are evaluation-only.,controlled_model_dim_source_prefix_smalln_5x5,15401080.0,15401080.0,0.0,0.162821576719,12,x225_multisupport_full_5x5_collection,,1.305337,0,216,113246208,1.0,physical_full_5x5_collection,2:1,0:0;0:1;0:2;0:3;0:4;1:0;1:1;1:2;1:3;1:4;2:0;2:1;2:2;2:3;2:4;3:0;3:1;3:2;3:3;3:4;4:0;4:1;4:2;4:3;4:4,x225_multisupport_confirmation,paired_train_seed,sealed_evaluation_only,Submit GPU jobs to gpumedium; do not use pilot/gpupilot.
fsl_x225_multisupport_source5x5_s351_362_20260716_0215_n2-d2-dep4-md320-it324-x1p00-s356-rg0,source_delta_support_process_control,canonical,4,72,64,320,356,324,169869312,524288,16,2048,40,1,L,fsl-x225-multisupport-source5x5-s351-362-20260716-0215-n2-d2-dep4-md320-it324-x1p00-s356-rg0,2,2,x225_multisupport_delta_confirmation_source,4,169869312,524288,Fresh measured 5x5 source grid for the sealed x225 multi-support Delta confirmation. Target losses are evaluation-only.,controlled_model_dim_source_prefix_smalln_5x5,15401080.0,15401080.0,0.0,0.162821576719,13,x225_multisupport_full_5x5_collection,,1.305337,0,324,169869312,1.0,physical_full_5x5_collection,2:2,0:0;0:1;0:2;0:3;0:4;1:0;1:1;1:2;1:3;1:4;2:0;2:1;2:2;2:3;2:4;3:0;3:1;3:2;3:3;3:4;4:0;4:1;4:2;4:3;4:4,x225_multisupport_confirmation,paired_train_seed,sealed_evaluation_only,Submit GPU jobs to gpumedium; do not use pilot/gpupilot.
fsl_x225_multisupport_source5x5_s351_362_20260716_0215_n2-d3-dep4-md320-it486-x1p00-s356-rg0,source_delta_support_process_control,canonical,4,72,64,320,356,486,254803968,524288,16,2048,40,1,L,fsl-x225-multisupport-source5x5-s351-362-20260716-0215-n2-d3-dep4-md320-it486-x1p00-s356-rg0,2,3,x225_multisupport_delta_confirmation_source,4,254803968,524288,Fresh measured 5x5 source grid for the sealed x225 multi-support Delta confirmation. Target losses are evaluation-only.,controlled_model_dim_source_prefix_smalln_5x5,15401080.0,15401080.0,0.0,0.162821576719,14,x225_multisupport_full_5x5_collection,,1.305337,0,486,254803968,1.0,physical_full_5x5_collection,2:3,0:0;0:1;0:2;0:3;0:4;1:0;1:1;1:2;1:3;1:4;2:0;2:1;2:2;2:3;2:4;3:0;3:1;3:2;3:3;3:4;4:0;4:1;4:2;4:3;4:4,x225_multisupport_confirmation,paired_train_seed,sealed_evaluation_only,Submit GPU jobs to gpumedium; do not use pilot/gpupilot.
fsl_x225_multisupport_source5x5_s351_362_20260716_0215_n2-d4-dep4-md320-it729-x1p00-s356-rg0,source_delta_support_process_control,canonical,4,72,64,320,356,729,382205952,524288,16,2048,40,1,L,fsl-x225-multisupport-source5x5-s351-362-20260716-0215-n2-d4-dep4-md320-it729-x1p00-s356-rg0,2,4,x225_multisupport_delta_confirmation_source,4,382205952,524288,Fresh measured 5x5 source grid for the sealed x225 multi-support Delta confirmation. Target losses are evaluation-only.,controlled_model_dim_source_prefix_smalln_5x5,15401080.0,15401080.0,0.0,0.162821576719,15,x225_multisupport_full_5x5_collection,,1.305337,0,729,382205952,1.0,physical_full_5x5_collection,2:4,0:0;0:1;0:2;0:3;0:4;1:0;1:1;1:2;1:3;1:4;2:0;2:1;2:2;2:3;2:4;3:0;3:1;3:2;3:3;3:4;4:0;4:1;4:2;4:3;4:4,x225_multisupport_confirmation,paired_train_seed,sealed_evaluation_only,Submit GPU jobs to gpumedium; do not use pilot/gpupilot.
fsl_x225_multisupport_source5x5_s351_362_20260716_0215_n3-d0-dep4-md512-it144-x1p00-s356-rg0,source_delta_support_process_control,canonical,4,72,64,512,356,144,75497472,524288,16,2048,40,1,L,fsl-x225-multisupport-source5x5-s351-362-20260716-0215-n3-d0-dep4-md512-it144-x1p00-s356-rg0,3,0,x225_multisupport_delta_confirmation_source,4,75497472,524288,Fresh measured 5x5 source grid for the sealed x225 multi-support Delta confirmation. Target losses are evaluation-only.,controlled_model_dim_source_prefix_smalln_5x5,29360320.0,29360320.0,0.0,0.162821576719,16,x225_multisupport_full_5x5_collection,,1.305337,0,144,75497472,1.0,physical_full_5x5_collection,3:0,0:0;0:1;0:2;0:3;0:4;1:0;1:1;1:2;1:3;1:4;2:0;2:1;2:2;2:3;2:4;3:0;3:1;3:2;3:3;3:4;4:0;4:1;4:2;4:3;4:4,x225_multisupport_confirmation,paired_train_seed,sealed_evaluation_only,Submit GPU jobs to gpumedium; do not use pilot/gpupilot.
fsl_x225_multisupport_source5x5_s351_362_20260716_0215_n3-d1-dep4-md512-it216-x1p00-s356-rg0,source_delta_support_process_control,canonical,4,72,64,512,356,216,113246208,524288,16,2048,40,1,L,fsl-x225-multisupport-source5x5-s351-362-20260716-0215-n3-d1-dep4-md512-it216-x1p00-s356-rg0,3,1,x225_multisupport_delta_confirmation_source,4,113246208,524288,Fresh measured 5x5 source grid for the sealed x225 multi-support Delta confirmation. Target losses are evaluation-only.,controlled_model_dim_source_prefix_smalln_5x5,29360320.0,29360320.0,0.0,0.162821576719,17,x225_multisupport_full_5x5_collection,,1.305337,0,216,113246208,1.0,physical_full_5x5_collection,3:1,0:0;0:1;0:2;0:3;0:4;1:0;1:1;1:2;1:3;1:4;2:0;2:1;2:2;2:3;2:4;3:0;3:1;3:2;3:3;3:4;4:0;4:1;4:2;4:3;4:4,x225_multisupport_confirmation,paired_train_seed,sealed_evaluation_only,Submit GPU jobs to gpumedium; do not use pilot/gpupilot.
fsl_x225_multisupport_source5x5_s351_362_20260716_0215_n3-d2-dep4-md512-it324-x1p00-s356-rg0,source_delta_support_process_control,canonical,4,72,64,512,356,324,169869312,524288,16,2048,40,1,L,fsl-x225-multisupport-source5x5-s351-362-20260716-0215-n3-d2-dep4-md512-it324-x1p00-s356-rg0,3,2,x225_multisupport_delta_confirmation_source,4,169869312,524288,Fresh measured 5x5 source grid for the sealed x225 multi-support Delta confirmation. Target losses are evaluation-only.,controlled_model_dim_source_prefix_smalln_5x5,29360320.0,29360320.0,0.0,0.162821576719,18,x225_multisupport_full_5x5_collection,,1.305337,0,324,169869312,1.0,physical_full_5x5_collection,3:2,0:0;0:1;0:2;0:3;0:4;1:0;1:1;1:2;1:3;1:4;2:0;2:1;2:2;2:3;2:4;3:0;3:1;3:2;3:3;3:4;4:0;4:1;4:2;4:3;4:4,x225_multisupport_confirmation,paired_train_seed,sealed_evaluation_only,Submit GPU jobs to gpumedium; do not use pilot/gpupilot.
fsl_x225_multisupport_source5x5_s351_362_20260716_0215_n3-d3-dep4-md512-it486-x1p00-s356-rg0,source_delta_support_process_control,canonical,4,72,64,512,356,486,254803968,524288,16,2048,40,1,L,fsl-x225-multisupport-source5x5-s351-362-20260716-0215-n3-d3-dep4-md512-it486-x1p00-s356-rg0,3,3,x225_multisupport_delta_confirmation_source,4,254803968,524288,Fresh measured 5x5 source grid for the sealed x225 multi-support Delta confirmation. Target losses are evaluation-only.,controlled_model_dim_source_prefix_smalln_5x5,29360320.0,29360320.0,0.0,0.162821576719,19,x225_multisupport_full_5x5_collection,,1.305337,0,486,254803968,1.0,physical_full_5x5_collection,3:3,0:0;0:1;0:2;0:3;0:4;1:0;1:1;1:2;1:3;1:4;2:0;2:1;2:2;2:3;2:4;3:0;3:1;3:2;3:3;3:4;4:0;4:1;4:2;4:3;4:4,x225_multisupport_confirmation,paired_train_seed,sealed_evaluation_only,Submit GPU jobs to gpumedium; do not use pilot/gpupilot.
fsl_x225_multisupport_source5x5_s351_362_20260716_0215_n3-d4-dep4-md512-it729-x1p00-s356-rg0,source_delta_support_process_control,canonical,4,72,64,512,356,729,382205952,524288,16,2048,40,1,L,fsl-x225-multisupport-source5x5-s351-362-20260716-0215-n3-d4-dep4-md512-it729-x1p00-s356-rg0,3,4,x225_multisupport_delta_confirmation_source,4,382205952,524288,Fresh measured 5x5 source grid for the sealed x225 multi-support Delta confirmation. Target losses are evaluation-only.,controlled_model_dim_source_prefix_smalln_5x5,29360320.0,29360320.0,0.0,0.162821576719,20,x225_multisupport_full_5x5_collection,,1.305337,0,729,382205952,1.0,physical_full_5x5_collection,3:4,0:0;0:1;0:2;0:3;0:4;1:0;1:1;1:2;1:3;1:4;2:0;2:1;2:2;2:3;2:4;3:0;3:1;3:2;3:3;3:4;4:0;4:1;4:2;4:3;4:4,x225_multisupport_confirmation,paired_train_seed,sealed_evaluation_only,Submit GPU jobs to gpumedium; do not use pilot/gpupilot.
fsl_x225_multisupport_source5x5_s351_362_20260716_0215_n4-d0-dep4-md704-it144-x1p00-s356-rg0,source_delta_support_process_control,canonical,4,72,64,704,356,144,75497472,524288,16,2048,40,1,L,fsl-x225-multisupport-source5x5-s351-362-20260716-0215-n4-d0-dep4-md704-it144-x1p00-s356-rg0,4,0,x225_multisupport_delta_confirmation_source,4,75497472,524288,Fresh measured 5x5 source grid for the sealed x225 multi-support Delta confirmation. Target losses are evaluation-only.,controlled_model_dim_source_prefix_smalln_5x5,46858504.0,46858504.0,0.0,0.162821576719,21,x225_multisupport_full_5x5_collection,,1.305337,0,144,75497472,1.0,physical_full_5x5_collection,4:0,0:0;0:1;0:2;0:3;0:4;1:0;1:1;1:2;1:3;1:4;2:0;2:1;2:2;2:3;2:4;3:0;3:1;3:2;3:3;3:4;4:0;4:1;4:2;4:3;4:4,x225_multisupport_confirmation,paired_train_seed,sealed_evaluation_only,Submit GPU jobs to gpumedium; do not use pilot/gpupilot.
fsl_x225_multisupport_source5x5_s351_362_20260716_0215_n4-d1-dep4-md704-it216-x1p00-s356-rg0,source_delta_support_process_control,canonical,4,72,64,704,356,216,113246208,524288,16,2048,40,1,L,fsl-x225-multisupport-source5x5-s351-362-20260716-0215-n4-d1-dep4-md704-it216-x1p00-s356-rg0,4,1,x225_multisupport_delta_confirmation_source,4,113246208,524288,Fresh measured 5x5 source grid for the sealed x225 multi-support Delta confirmation. Target losses are evaluation-only.,controlled_model_dim_source_prefix_smalln_5x5,46858504.0,46858504.0,0.0,0.162821576719,22,x225_multisupport_full_5x5_collection,,1.305337,0,216,113246208,1.0,physical_full_5x5_collection,4:1,0:0;0:1;0:2;0:3;0:4;1:0;1:1;1:2;1:3;1:4;2:0;2:1;2:2;2:3;2:4;3:0;3:1;3:2;3:3;3:4;4:0;4:1;4:2;4:3;4:4,x225_multisupport_confirmation,paired_train_seed,sealed_evaluation_only,Submit GPU jobs to gpumedium; do not use pilot/gpupilot.
fsl_x225_multisupport_source5x5_s351_362_20260716_0215_n4-d2-dep4-md704-it324-x1p00-s356-rg0,source_delta_support_process_control,canonical,4,72,64,704,356,324,169869312,524288,16,2048,40,1,L,fsl-x225-multisupport-source5x5-s351-362-20260716-0215-n4-d2-dep4-md704-it324-x1p00-s356-rg0,4,2,x225_multisupport_delta_confirmation_source,4,169869312,524288,Fresh measured 5x5 source grid for the sealed x225 multi-support Delta confirmation. Target losses are evaluation-only.,controlled_model_dim_source_prefix_smalln_5x5,46858504.0,46858504.0,0.0,0.162821576719,23,x225_multisupport_full_5x5_collection,,1.305337,0,324,169869312,1.0,physical_full_5x5_collection,4:2,0:0;0:1;0:2;0:3;0:4;1:0;1:1;1:2;1:3;1:4;2:0;2:1;2:2;2:3;2:4;3:0;3:1;3:2;3:3;3:4;4:0;4:1;4:2;4:3;4:4,x225_multisupport_confirmation,paired_train_seed,sealed_evaluation_only,Submit GPU jobs to gpumedium; do not use pilot/gpupilot.
fsl_x225_multisupport_source5x5_s351_362_20260716_0215_n4-d3-dep4-md704-it486-x1p00-s356-rg0,source_delta_support_process_control,canonical,4,72,64,704,356,486,254803968,524288,16,2048,40,1,L,fsl-x225-multisupport-source5x5-s351-362-20260716-0215-n4-d3-dep4-md704-it486-x1p00-s356-rg0,4,3,x225_multisupport_delta_confirmation_source,4,254803968,524288,Fresh measured 5x5 source grid for the sealed x225 multi-support Delta confirmation. Target losses are evaluation-only.,controlled_model_dim_source_prefix_smalln_5x5,46858504.0,46858504.0,0.0,0.162821576719,24,x225_multisupport_full_5x5_collection,,1.305337,0,486,254803968,1.0,physical_full_5x5_collection,4:3,0:0;0:1;0:2;0:3;0:4;1:0;1:1;1:2;1:3;1:4;2:0;2:1;2:2;2:3;2:4;3:0;3:1;3:2;3:3;3:4;4:0;4:1;4:2;4:3;4:4,x225_multisupport_confirmation,paired_train_seed,sealed_evaluation_only,Submit GPU jobs to gpumedium; do not use pilot/gpupilot.
fsl_x225_multisupport_source5x5_s351_362_20260716_0215_n4-d4-dep4-md704-it729-x1p00-s356-rg0,source_delta_support_process_control,canonical,4,72,64,704,356,729,382205952,524288,16,2048,40,1,L,fsl-x225-multisupport-source5x5-s351-362-20260716-0215-n4-d4-dep4-md704-it729-x1p00-s356-rg0,4,4,x225_multisupport_delta_confirmation_source,4,382205952,524288,Fresh measured 5x5 source grid for the sealed x225 multi-support Delta confirmation. Target losses are evaluation-only.,controlled_model_dim_source_prefix_smalln_5x5,46858504.0,46858504.0,0.0,0.162821576719,25,x225_multisupport_full_5x5_collection,,1.305337,0,729,382205952,1.0,physical_full_5x5_collection,4:4,0:0;0:1;0:2;0:3;0:4;1:0;1:1;1:2;1:3;1:4;2:0;2:1;2:2;2:3;2:4;3:0;3:1;3:2;3:3;3:4;4:0;4:1;4:2;4:3;4:4,x225_multisupport_confirmation,paired_train_seed,sealed_evaluation_only,Submit GPU jobs to gpumedium; do not use pilot/gpupilot.
fsl_x225_multisupport_source5x5_s351_362_20260716_0215_n0-d0-dep4-md128-it144-x1p00-s357-rg0,source_delta_support_process_control,canonical,4,72,64,128,357,144,75497472,524288,16,2048,40,1,L,fsl-x225-multisupport-source5x5-s351-362-20260716-0215-n0-d0-dep4-md128-it144-x1p00-s357-rg0,0,0,x225_multisupport_delta_confirmation_source,4,75497472,524288,Fresh measured 5x5 source grid for the sealed x225 multi-support Delta confirmation. Target losses are evaluation-only.,controlled_model_dim_source_prefix_smalln_5x5,4980784.0,4980784.0,0.0,0.162821576719,1,x225_multisupport_full_5x5_collection,,1.305337,0,144,75497472,1.0,physical_full_5x5_collection,0:0,0:0;0:1;0:2;0:3;0:4;1:0;1:1;1:2;1:3;1:4;2:0;2:1;2:2;2:3;2:4;3:0;3:1;3:2;3:3;3:4;4:0;4:1;4:2;4:3;4:4,x225_multisupport_confirmation,paired_train_seed,sealed_evaluation_only,Submit GPU jobs to gpumedium; do not use pilot/gpupilot.
fsl_x225_multisupport_source5x5_s351_362_20260716_0215_n0-d1-dep4-md128-it216-x1p00-s357-rg0,source_delta_support_process_control,canonical,4,72,64,128,357,216,113246208,524288,16,2048,40,1,L,fsl-x225-multisupport-source5x5-s351-362-20260716-0215-n0-d1-dep4-md128-it216-x1p00-s357-rg0,0,1,x225_multisupport_delta_confirmation_source,4,113246208,524288,Fresh measured 5x5 source grid for the sealed x225 multi-support Delta confirmation. Target losses are evaluation-only.,controlled_model_dim_source_prefix_smalln_5x5,4980784.0,4980784.0,0.0,0.162821576719,2,x225_multisupport_full_5x5_collection,,1.305337,0,216,113246208,1.0,physical_full_5x5_collection,0:1,0:0;0:1;0:2;0:3;0:4;1:0;1:1;1:2;1:3;1:4;2:0;2:1;2:2;2:3;2:4;3:0;3:1;3:2;3:3;3:4;4:0;4:1;4:2;4:3;4:4,x225_multisupport_confirmation,paired_train_seed,sealed_evaluation_only,Submit GPU jobs to gpumedium; do not use pilot/gpupilot.
fsl_x225_multisupport_source5x5_s351_362_20260716_0215_n0-d2-dep4-md128-it324-x1p00-s357-rg0,source_delta_support_process_control,canonical,4,72,64,128,357,324,169869312,524288,16,2048,40,1,L,fsl-x225-multisupport-source5x5-s351-362-20260716-0215-n0-d2-dep4-md128-it324-x1p00-s357-rg0,0,2,x225_multisupport_delta_confirmation_source,4,169869312,524288,Fresh measured 5x5 source grid for the sealed x225 multi-support Delta confirmation. Target losses are evaluation-only.,controlled_model_dim_source_prefix_smalln_5x5,4980784.0,4980784.0,0.0,0.162821576719,3,x225_multisupport_full_5x5_collection,,1.305337,0,324,169869312,1.0,physical_full_5x5_collection,0:2,0:0;0:1;0:2;0:3;0:4;1:0;1:1;1:2;1:3;1:4;2:0;2:1;2:2;2:3;2:4;3:0;3:1;3:2;3:3;3:4;4:0;4:1;4:2;4:3;4:4,x225_multisupport_confirmation,paired_train_seed,sealed_evaluation_only,Submit GPU jobs to gpumedium; do not use pilot/gpupilot.
fsl_x225_multisupport_source5x5_s351_362_20260716_0215_n0-d3-dep4-md128-it486-x1p00-s357-rg0,source_delta_support_process_control,canonical,4,72,64,128,357,486,254803968,524288,16,2048,40,1,L,fsl-x225-multisupport-source5x5-s351-362-20260716-0215-n0-d3-dep4-md128-it486-x1p00-s357-rg0,0,3,x225_multisupport_delta_confirmation_source,4,254803968,524288,Fresh measured 5x5 source grid for the sealed x225 multi-support Delta confirmation. Target losses are evaluation-only.,controlled_model_dim_source_prefix_smalln_5x5,4980784.0,4980784.0,0.0,0.162821576719,4,x225_multisupport_full_5x5_collection,,1.305337,0,486,254803968,1.0,physical_full_5x5_collection,0:3,0:0;0:1;0:2;0:3;0:4;1:0;1:1;1:2;1:3;1:4;2:0;2:1;2:2;2:3;2:4;3:0;3:1;3:2;3:3;3:4;4:0;4:1;4:2;4:3;4:4,x225_multisupport_confirmation,paired_train_seed,sealed_evaluation_only,Submit GPU jobs to gpumedium; do not use pilot/gpupilot.
fsl_x225_multisupport_source5x5_s351_362_20260716_0215_n0-d4-dep4-md128-it729-x1p00-s357-rg0,source_delta_support_process_control,canonical,4,72,64,128,357,729,382205952,524288,16,2048,40,1,L,fsl-x225-multisupport-source5x5-s351-362-20260716-0215-n0-d4-dep4-md128-it729-x1p00-s357-rg0,0,4,x225_multisupport_delta_confirmation_source,4,382205952,524288,Fresh measured 5x5 source grid for the sealed x225 multi-support Delta confirmation. Target losses are evaluation-only.,controlled_model_dim_source_prefix_smalln_5x5,4980784.0,4980784.0,0.0,0.162821576719,5,x225_multisupport_full_5x5_collection,,1.305337,0,729,382205952,1.0,physical_full_5x5_collection,0:4,0:0;0:1;0:2;0:3;0:4;1:0;1:1;1:2;1:3;1:4;2:0;2:1;2:2;2:3;2:4;3:0;3:1;3:2;3:3;3:4;4:0;4:1;4:2;4:3;4:4,x225_multisupport_confirmation,paired_train_seed,sealed_evaluation_only,Submit GPU jobs to gpumedium; do not use pilot/gpupilot.
fsl_x225_multisupport_source5x5_s351_362_20260716_0215_n1-d0-dep4-md192-it144-x1p00-s357-rg0,source_delta_support_process_control,canonical,4,72,64,192,357,144,75497472,524288,16,2048,40,1,L,fsl-x225-multisupport-source5x5-s351-362-20260716-0215-n1-d0-dep4-md192-it144-x1p00-s357-rg0,1,0,x225_multisupport_delta_confirmation_source,4,75497472,524288,Fresh measured 5x5 source grid for the sealed x225 multi-support Delta confirmation. Target losses are evaluation-only.,controlled_model_dim_source_prefix_smalln_5x5,8061000.0,8061000.0,0.0,0.162821576719,6,x225_multisupport_full_5x5_collection,,1.305337,0,144,75497472,1.0,physical_full_5x5_collection,1:0,0:0;0:1;0:2;0:3;0:4;1:0;1:1;1:2;1:3;1:4;2:0;2:1;2:2;2:3;2:4;3:0;3:1;3:2;3:3;3:4;4:0;4:1;4:2;4:3;4:4,x225_multisupport_confirmation,paired_train_seed,sealed_evaluation_only,Submit GPU jobs to gpumedium; do not use pilot/gpupilot.
fsl_x225_multisupport_source5x5_s351_362_20260716_0215_n1-d1-dep4-md192-it216-x1p00-s357-rg0,source_delta_support_process_control,canonical,4,72,64,192,357,216,113246208,524288,16,2048,40,1,L,fsl-x225-multisupport-source5x5-s351-362-20260716-0215-n1-d1-dep4-md192-it216-x1p00-s357-rg0,1,1,x225_multisupport_delta_confirmation_source,4,113246208,524288,Fresh measured 5x5 source grid for the sealed x225 multi-support Delta confirmation. Target losses are evaluation-only.,controlled_model_dim_source_prefix_smalln_5x5,8061000.0,8061000.0,0.0,0.162821576719,7,x225_multisupport_full_5x5_collection,,1.305337,0,216,113246208,1.0,physical_full_5x5_collection,1:1,0:0;0:1;0:2;0:3;0:4;1:0;1:1;1:2;1:3;1:4;2:0;2:1;2:2;2:3;2:4;3:0;3:1;3:2;3:3;3:4;4:0;4:1;4:2;4:3;4:4,x225_multisupport_confirmation,paired_train_seed,sealed_evaluation_only,Submit GPU jobs to gpumedium; do not use pilot/gpupilot.
fsl_x225_multisupport_source5x5_s351_362_20260716_0215_n1-d2-dep4-md192-it324-x1p00-s357-rg0,source_delta_support_process_control,canonical,4,72,64,192,357,324,169869312,524288,16,2048,40,1,L,fsl-x225-multisupport-source5x5-s351-362-20260716-0215-n1-d2-dep4-md192-it324-x1p00-s357-rg0,1,2,x225_multisupport_delta_confirmation_source,4,169869312,524288,Fresh measured 5x5 source grid for the sealed x225 multi-support Delta confirmation. Target losses are evaluation-only.,controlled_model_dim_source_prefix_smalln_5x5,8061000.0,8061000.0,0.0,0.162821576719,8,x225_multisupport_full_5x5_collection,,1.305337,0,324,169869312,1.0,physical_full_5x5_collection,1:2,0:0;0:1;0:2;0:3;0:4;1:0;1:1;1:2;1:3;1:4;2:0;2:1;2:2;2:3;2:4;3:0;3:1;3:2;3:3;3:4;4:0;4:1;4:2;4:3;4:4,x225_multisupport_confirmation,paired_train_seed,sealed_evaluation_only,Submit GPU jobs to gpumedium; do not use pilot/gpupilot.
fsl_x225_multisupport_source5x5_s351_362_20260716_0215_n1-d3-dep4-md192-it486-x1p00-s357-rg0,source_delta_support_process_control,canonical,4,72,64,192,357,486,254803968,524288,16,2048,40,1,L,fsl-x225-multisupport-source5x5-s351-362-20260716-0215-n1-d3-dep4-md192-it486-x1p00-s357-rg0,1,3,x225_multisupport_delta_confirmation_source,4,254803968,524288,Fresh measured 5x5 source grid for the sealed x225 multi-support Delta confirmation. Target losses are evaluation-only.,controlled_model_dim_source_prefix_smalln_5x5,8061000.0,8061000.0,0.0,0.162821576719,9,x225_multisupport_full_5x5_collection,,1.305337,0,486,254803968,1.0,physical_full_5x5_collection,1:3,0:0;0:1;0:2;0:3;0:4;1:0;1:1;1:2;1:3;1:4;2:0;2:1;2:2;2:3;2:4;3:0;3:1;3:2;3:3;3:4;4:0;4:1;4:2;4:3;4:4,x225_multisupport_confirmation,paired_train_seed,sealed_evaluation_only,Submit GPU jobs to gpumedium; do not use pilot/gpupilot.
fsl_x225_multisupport_source5x5_s351_362_20260716_0215_n1-d4-dep4-md192-it729-x1p00-s357-rg0,source_delta_support_process_control,canonical,4,72,64,192,357,729,382205952,524288,16,2048,40,1,L,fsl-x225-multisupport-source5x5-s351-362-20260716-0215-n1-d4-dep4-md192-it729-x1p00-s357-rg0,1,4,x225_multisupport_delta_confirmation_source,4,382205952,524288,Fresh measured 5x5 source grid for the sealed x225 multi-support Delta confirmation. Target losses are evaluation-only.,controlled_model_dim_source_prefix_smalln_5x5,8061000.0,8061000.0,0.0,0.162821576719,10,x225_multisupport_full_5x5_collection,,1.305337,0,729,382205952,1.0,physical_full_5x5_collection,1:4,0:0;0:1;0:2;0:3;0:4;1:0;1:1;1:2;1:3;1:4;2:0;2:1;2:2;2:3;2:4;3:0;3:1;3:2;3:3;3:4;4:0;4:1;4:2;4:3;4:4,x225_multisupport_confirmation,paired_train_seed,sealed_evaluation_only,Submit GPU jobs to gpumedium; do not use pilot/gpupilot.
fsl_x225_multisupport_source5x5_s351_362_20260716_0215_n2-d0-dep4-md320-it144-x1p00-s357-rg0,source_delta_support_process_control,canonical,4,72,64,320,357,144,75497472,524288,16,2048,40,1,L,fsl-x225-multisupport-source5x5-s351-362-20260716-0215-n2-d0-dep4-md320-it144-x1p00-s357-rg0,2,0,x225_multisupport_delta_confirmation_source,4,75497472,524288,Fresh measured 5x5 source grid for the sealed x225 multi-support Delta confirmation. Target losses are evaluation-only.,controlled_model_dim_source_prefix_smalln_5x5,15401080.0,15401080.0,0.0,0.162821576719,11,x225_multisupport_full_5x5_collection,,1.305337,0,144,75497472,1.0,physical_full_5x5_collection,2:0,0:0;0:1;0:2;0:3;0:4;1:0;1:1;1:2;1:3;1:4;2:0;2:1;2:2;2:3;2:4;3:0;3:1;3:2;3:3;3:4;4:0;4:1;4:2;4:3;4:4,x225_multisupport_confirmation,paired_train_seed,sealed_evaluation_only,Submit GPU jobs to gpumedium; do not use pilot/gpupilot.
fsl_x225_multisupport_source5x5_s351_362_20260716_0215_n2-d1-dep4-md320-it216-x1p00-s357-rg0,source_delta_support_process_control,canonical,4,72,64,320,357,216,113246208,524288,16,2048,40,1,L,fsl-x225-multisupport-source5x5-s351-362-20260716-0215-n2-d1-dep4-md320-it216-x1p00-s357-rg0,2,1,x225_multisupport_delta_confirmation_source,4,113246208,524288,Fresh measured 5x5 source grid for the sealed x225 multi-support Delta confirmation. Target losses are evaluation-only.,controlled_model_dim_source_prefix_smalln_5x5,15401080.0,15401080.0,0.0,0.162821576719,12,x225_multisupport_full_5x5_collection,,1.305337,0,216,113246208,1.0,physical_full_5x5_collection,2:1,0:0;0:1;0:2;0:3;0:4;1:0;1:1;1:2;1:3;1:4;2:0;2:1;2:2;2:3;2:4;3:0;3:1;3:2;3:3;3:4;4:0;4:1;4:2;4:3;4:4,x225_multisupport_confirmation,paired_train_seed,sealed_evaluation_only,Submit GPU jobs to gpumedium; do not use pilot/gpupilot.
fsl_x225_multisupport_source5x5_s351_362_20260716_0215_n2-d2-dep4-md320-it324-x1p00-s357-rg0,source_delta_support_process_control,canonical,4,72,64,320,357,324,169869312,524288,16,2048,40,1,L,fsl-x225-multisupport-source5x5-s351-362-20260716-0215-n2-d2-dep4-md320-it324-x1p00-s357-rg0,2,2,x225_multisupport_delta_confirmation_source,4,169869312,524288,Fresh measured 5x5 source grid for the sealed x225 multi-support Delta confirmation. Target losses are evaluation-only.,controlled_model_dim_source_prefix_smalln_5x5,15401080.0,15401080.0,0.0,0.162821576719,13,x225_multisupport_full_5x5_collection,,1.305337,0,324,169869312,1.0,physical_full_5x5_collection,2:2,0:0;0:1;0:2;0:3;0:4;1:0;1:1;1:2;1:3;1:4;2:0;2:1;2:2;2:3;2:4;3:0;3:1;3:2;3:3;3:4;4:0;4:1;4:2;4:3;4:4,x225_multisupport_confirmation,paired_train_seed,sealed_evaluation_only,Submit GPU jobs to gpumedium; do not use pilot/gpupilot.
fsl_x225_multisupport_source5x5_s351_362_20260716_0215_n2-d3-dep4-md320-it486-x1p00-s357-rg0,source_delta_support_process_control,canonical,4,72,64,320,357,486,254803968,524288,16,2048,40,1,L,fsl-x225-multisupport-source5x5-s351-362-20260716-0215-n2-d3-dep4-md320-it486-x1p00-s357-rg0,2,3,x225_multisupport_delta_confirmation_source,4,254803968,524288,Fresh measured 5x5 source grid for the sealed x225 multi-support Delta confirmation. Target losses are evaluation-only.,controlled_model_dim_source_prefix_smalln_5x5,15401080.0,15401080.0,0.0,0.162821576719,14,x225_multisupport_full_5x5_collection,,1.305337,0,486,254803968,1.0,physical_full_5x5_collection,2:3,0:0;0:1;0:2;0:3;0:4;1:0;1:1;1:2;1:3;1:4;2:0;2:1;2:2;2:3;2:4;3:0;3:1;3:2;3:3;3:4;4:0;4:1;4:2;4:3;4:4,x225_multisupport_confirmation,paired_train_seed,sealed_evaluation_only,Submit GPU jobs to gpumedium; do not use pilot/gpupilot.
fsl_x225_multisupport_source5x5_s351_362_20260716_0215_n2-d4-dep4-md320-it729-x1p00-s357-rg0,source_delta_support_process_control,canonical,4,72,64,320,357,729,382205952,524288,16,2048,40,1,L,fsl-x225-multisupport-source5x5-s351-362-20260716-0215-n2-d4-dep4-md320-it729-x1p00-s357-rg0,2,4,x225_multisupport_delta_confirmation_source,4,382205952,524288,Fresh measured 5x5 source grid for the sealed x225 multi-support Delta confirmation. Target losses are evaluation-only.,controlled_model_dim_source_prefix_smalln_5x5,15401080.0,15401080.0,0.0,0.162821576719,15,x225_multisupport_full_5x5_collection,,1.305337,0,729,382205952,1.0,physical_full_5x5_collection,2:4,0:0;0:1;0:2;0:3;0:4;1:0;1:1;1:2;1:3;1:4;2:0;2:1;2:2;2:3;2:4;3:0;3:1;3:2;3:3;3:4;4:0;4:1;4:2;4:3;4:4,x225_multisupport_confirmation,paired_train_seed,sealed_evaluation_only,Submit GPU jobs to gpumedium; do not use pilot/gpupilot.
fsl_x225_multisupport_source5x5_s351_362_20260716_0215_n3-d0-dep4-md512-it144-x1p00-s357-rg0,source_delta_support_process_control,canonical,4,72,64,512,357,144,75497472,524288,16,2048,40,1,L,fsl-x225-multisupport-source5x5-s351-362-20260716-0215-n3-d0-dep4-md512-it144-x1p00-s357-rg0,3,0,x225_multisupport_delta_confirmation_source,4,75497472,524288,Fresh measured 5x5 source grid for the sealed x225 multi-support Delta confirmation. Target losses are evaluation-only.,controlled_model_dim_source_prefix_smalln_5x5,29360320.0,29360320.0,0.0,0.162821576719,16,x225_multisupport_full_5x5_collection,,1.305337,0,144,75497472,1.0,physical_full_5x5_collection,3:0,0:0;0:1;0:2;0:3;0:4;1:0;1:1;1:2;1:3;1:4;2:0;2:1;2:2;2:3;2:4;3:0;3:1;3:2;3:3;3:4;4:0;4:1;4:2;4:3;4:4,x225_multisupport_confirmation,paired_train_seed,sealed_evaluation_only,Submit GPU jobs to gpumedium; do not use pilot/gpupilot.
fsl_x225_multisupport_source5x5_s351_362_20260716_0215_n3-d1-dep4-md512-it216-x1p00-s357-rg0,source_delta_support_process_control,canonical,4,72,64,512,357,216,113246208,524288,16,2048,40,1,L,fsl-x225-multisupport-source5x5-s351-362-20260716-0215-n3-d1-dep4-md512-it216-x1p00-s357-rg0,3,1,x225_multisupport_delta_confirmation_source,4,113246208,524288,Fresh measured 5x5 source grid for the sealed x225 multi-support Delta confirmation. Target losses are evaluation-only.,controlled_model_dim_source_prefix_smalln_5x5,29360320.0,29360320.0,0.0,0.162821576719,17,x225_multisupport_full_5x5_collection,,1.305337,0,216,113246208,1.0,physical_full_5x5_collection,3:1,0:0;0:1;0:2;0:3;0:4;1:0;1:1;1:2;1:3;1:4;2:0;2:1;2:2;2:3;2:4;3:0;3:1;3:2;3:3;3:4;4:0;4:1;4:2;4:3;4:4,x225_multisupport_confirmation,paired_train_seed,sealed_evaluation_only,Submit GPU jobs to gpumedium; do not use pilot/gpupilot.
fsl_x225_multisupport_source5x5_s351_362_20260716_0215_n3-d2-dep4-md512-it324-x1p00-s357-rg0,source_delta_support_process_control,canonical,4,72,64,512,357,324,169869312,524288,16,2048,40,1,L,fsl-x225-multisupport-source5x5-s351-362-20260716-0215-n3-d2-dep4-md512-it324-x1p00-s357-rg0,3,2,x225_multisupport_delta_confirmation_source,4,169869312,524288,Fresh measured 5x5 source grid for the sealed x225 multi-support Delta confirmation. Target losses are evaluation-only.,controlled_model_dim_source_prefix_smalln_5x5,29360320.0,29360320.0,0.0,0.162821576719,18,x225_multisupport_full_5x5_collection,,1.305337,0,324,169869312,1.0,physical_full_5x5_collection,3:2,0:0;0:1;0:2;0:3;0:4;1:0;1:1;1:2;1:3;1:4;2:0;2:1;2:2;2:3;2:4;3:0;3:1;3:2;3:3;3:4;4:0;4:1;4:2;4:3;4:4,x225_multisupport_confirmation,paired_train_seed,sealed_evaluation_only,Submit GPU jobs to gpumedium; do not use pilot/gpupilot.
fsl_x225_multisupport_source5x5_s351_362_20260716_0215_n3-d3-dep4-md512-it486-x1p00-s357-rg0,source_delta_support_process_control,canonical,4,72,64,512,357,486,254803968,524288,16,2048,40,1,L,fsl-x225-multisupport-source5x5-s351-362-20260716-0215-n3-d3-dep4-md512-it486-x1p00-s357-rg0,3,3,x225_multisupport_delta_confirmation_source,4,254803968,524288,Fresh measured 5x5 source grid for the sealed x225 multi-support Delta confirmation. Target losses are evaluation-only.,controlled_model_dim_source_prefix_smalln_5x5,29360320.0,29360320.0,0.0,0.162821576719,19,x225_multisupport_full_5x5_collection,,1.305337,0,486,254803968,1.0,physical_full_5x5_collection,3:3,0:0;0:1;0:2;0:3;0:4;1:0;1:1;1:2;1:3;1:4;2:0;2:1;2:2;2:3;2:4;3:0;3:1;3:2;3:3;3:4;4:0;4:1;4:2;4:3;4:4,x225_multisupport_confirmation,paired_train_seed,sealed_evaluation_only,Submit GPU jobs to gpumedium; do not use pilot/gpupilot.
fsl_x225_multisupport_source5x5_s351_362_20260716_0215_n3-d4-dep4-md512-it729-x1p00-s357-rg0,source_delta_support_process_control,canonical,4,72,64,512,357,729,382205952,524288,16,2048,40,1,L,fsl-x225-multisupport-source5x5-s351-362-20260716-0215-n3-d4-dep4-md512-it729-x1p00-s357-rg0,3,4,x225_multisupport_delta_confirmation_source,4,382205952,524288,Fresh measured 5x5 source grid for the sealed x225 multi-support Delta confirmation. Target losses are evaluation-only.,controlled_model_dim_source_prefix_smalln_5x5,29360320.0,29360320.0,0.0,0.162821576719,20,x225_multisupport_full_5x5_collection,,1.305337,0,729,382205952,1.0,physical_full_5x5_collection,3:4,0:0;0:1;0:2;0:3;0:4;1:0;1:1;1:2;1:3;1:4;2:0;2:1;2:2;2:3;2:4;3:0;3:1;3:2;3:3;3:4;4:0;4:1;4:2;4:3;4:4,x225_multisupport_confirmation,paired_train_seed,sealed_evaluation_only,Submit GPU jobs to gpumedium; do not use pilot/gpupilot.
fsl_x225_multisupport_source5x5_s351_362_20260716_0215_n4-d0-dep4-md704-it144-x1p00-s357-rg0,source_delta_support_process_control,canonical,4,72,64,704,357,144,75497472,524288,16,2048,40,1,L,fsl-x225-multisupport-source5x5-s351-362-20260716-0215-n4-d0-dep4-md704-it144-x1p00-s357-rg0,4,0,x225_multisupport_delta_confirmation_source,4,75497472,524288,Fresh measured 5x5 source grid for the sealed x225 multi-support Delta confirmation. Target losses are evaluation-only.,controlled_model_dim_source_prefix_smalln_5x5,46858504.0,46858504.0,0.0,0.162821576719,21,x225_multisupport_full_5x5_collection,,1.305337,0,144,75497472,1.0,physical_full_5x5_collection,4:0,0:0;0:1;0:2;0:3;0:4;1:0;1:1;1:2;1:3;1:4;2:0;2:1;2:2;2:3;2:4;3:0;3:1;3:2;3:3;3:4;4:0;4:1;4:2;4:3;4:4,x225_multisupport_confirmation,paired_train_seed,sealed_evaluation_only,Submit GPU jobs to gpumedium; do not use pilot/gpupilot.
fsl_x225_multisupport_source5x5_s351_362_20260716_0215_n4-d1-dep4-md704-it216-x1p00-s357-rg0,source_delta_support_process_control,canonical,4,72,64,704,357,216,113246208,524288,16,2048,40,1,L,fsl-x225-multisupport-source5x5-s351-362-20260716-0215-n4-d1-dep4-md704-it216-x1p00-s357-rg0,4,1,x225_multisupport_delta_confirmation_source,4,113246208,524288,Fresh measured 5x5 source grid for the sealed x225 multi-support Delta confirmation. Target losses are evaluation-only.,controlled_model_dim_source_prefix_smalln_5x5,46858504.0,46858504.0,0.0,0.162821576719,22,x225_multisupport_full_5x5_collection,,1.305337,0,216,113246208,1.0,physical_full_5x5_collection,4:1,0:0;0:1;0:2;0:3;0:4;1:0;1:1;1:2;1:3;1:4;2:0;2:1;2:2;2:3;2:4;3:0;3:1;3:2;3:3;3:4;4:0;4:1;4:2;4:3;4:4,x225_multisupport_confirmation,paired_train_seed,sealed_evaluation_only,Submit GPU jobs to gpumedium; do not use pilot/gpupilot.
fsl_x225_multisupport_source5x5_s351_362_20260716_0215_n4-d2-dep4-md704-it324-x1p00-s357-rg0,source_delta_support_process_control,canonical,4,72,64,704,357,324,169869312,524288,16,2048,40,1,L,fsl-x225-multisupport-source5x5-s351-362-20260716-0215-n4-d2-dep4-md704-it324-x1p00-s357-rg0,4,2,x225_multisupport_delta_confirmation_source,4,169869312,524288,Fresh measured 5x5 source grid for the sealed x225 multi-support Delta confirmation. Target losses are evaluation-only.,controlled_model_dim_source_prefix_smalln_5x5,46858504.0,46858504.0,0.0,0.162821576719,23,x225_multisupport_full_5x5_collection,,1.305337,0,324,169869312,1.0,physical_full_5x5_collection,4:2,0:0;0:1;0:2;0:3;0:4;1:0;1:1;1:2;1:3;1:4;2:0;2:1;2:2;2:3;2:4;3:0;3:1;3:2;3:3;3:4;4:0;4:1;4:2;4:3;4:4,x225_multisupport_confirmation,paired_train_seed,sealed_evaluation_only,Submit GPU jobs to gpumedium; do not use pilot/gpupilot.
fsl_x225_multisupport_source5x5_s351_362_20260716_0215_n4-d3-dep4-md704-it486-x1p00-s357-rg0,source_delta_support_process_control,canonical,4,72,64,704,357,486,254803968,524288,16,2048,40,1,L,fsl-x225-multisupport-source5x5-s351-362-20260716-0215-n4-d3-dep4-md704-it486-x1p00-s357-rg0,4,3,x225_multisupport_delta_confirmation_source,4,254803968,524288,Fresh measured 5x5 source grid for the sealed x225 multi-support Delta confirmation. Target losses are evaluation-only.,controlled_model_dim_source_prefix_smalln_5x5,46858504.0,46858504.0,0.0,0.162821576719,24,x225_multisupport_full_5x5_collection,,1.305337,0,486,254803968,1.0,physical_full_5x5_collection,4:3,0:0;0:1;0:2;0:3;0:4;1:0;1:1;1:2;1:3;1:4;2:0;2:1;2:2;2:3;2:4;3:0;3:1;3:2;3:3;3:4;4:0;4:1;4:2;4:3;4:4,x225_multisupport_confirmation,paired_train_seed,sealed_evaluation_only,Submit GPU jobs to gpumedium; do not use pilot/gpupilot.
fsl_x225_multisupport_source5x5_s351_362_20260716_0215_n4-d4-dep4-md704-it729-x1p00-s357-rg0,source_delta_support_process_control,canonical,4,72,64,704,357,729,382205952,524288,16,2048,40,1,L,fsl-x225-multisupport-source5x5-s351-362-20260716-0215-n4-d4-dep4-md704-it729-x1p00-s357-rg0,4,4,x225_multisupport_delta_confirmation_source,4,382205952,524288,Fresh measured 5x5 source grid for the sealed x225 multi-support Delta confirmation. Target losses are evaluation-only.,controlled_model_dim_source_prefix_smalln_5x5,46858504.0,46858504.0,0.0,0.162821576719,25,x225_multisupport_full_5x5_collection,,1.305337,0,729,382205952,1.0,physical_full_5x5_collection,4:4,0:0;0:1;0:2;0:3;0:4;1:0;1:1;1:2;1:3;1:4;2:0;2:1;2:2;2:3;2:4;3:0;3:1;3:2;3:3;3:4;4:0;4:1;4:2;4:3;4:4,x225_multisupport_confirmation,paired_train_seed,sealed_evaluation_only,Submit GPU jobs to gpumedium; do not use pilot/gpupilot.
fsl_x225_multisupport_source5x5_s351_362_20260716_0215_n0-d0-dep4-md128-it144-x1p00-s358-rg0,source_delta_support_process_control,canonical,4,72,64,128,358,144,75497472,524288,16,2048,40,1,L,fsl-x225-multisupport-source5x5-s351-362-20260716-0215-n0-d0-dep4-md128-it144-x1p00-s358-rg0,0,0,x225_multisupport_delta_confirmation_source,4,75497472,524288,Fresh measured 5x5 source grid for the sealed x225 multi-support Delta confirmation. Target losses are evaluation-only.,controlled_model_dim_source_prefix_smalln_5x5,4980784.0,4980784.0,0.0,0.162821576719,1,x225_multisupport_full_5x5_collection,,1.305337,0,144,75497472,1.0,physical_full_5x5_collection,0:0,0:0;0:1;0:2;0:3;0:4;1:0;1:1;1:2;1:3;1:4;2:0;2:1;2:2;2:3;2:4;3:0;3:1;3:2;3:3;3:4;4:0;4:1;4:2;4:3;4:4,x225_multisupport_confirmation,paired_train_seed,sealed_evaluation_only,Submit GPU jobs to gpumedium; do not use pilot/gpupilot.
fsl_x225_multisupport_source5x5_s351_362_20260716_0215_n0-d1-dep4-md128-it216-x1p00-s358-rg0,source_delta_support_process_control,canonical,4,72,64,128,358,216,113246208,524288,16,2048,40,1,L,fsl-x225-multisupport-source5x5-s351-362-20260716-0215-n0-d1-dep4-md128-it216-x1p00-s358-rg0,0,1,x225_multisupport_delta_confirmation_source,4,113246208,524288,Fresh measured 5x5 source grid for the sealed x225 multi-support Delta confirmation. Target losses are evaluation-only.,controlled_model_dim_source_prefix_smalln_5x5,4980784.0,4980784.0,0.0,0.162821576719,2,x225_multisupport_full_5x5_collection,,1.305337,0,216,113246208,1.0,physical_full_5x5_collection,0:1,0:0;0:1;0:2;0:3;0:4;1:0;1:1;1:2;1:3;1:4;2:0;2:1;2:2;2:3;2:4;3:0;3:1;3:2;3:3;3:4;4:0;4:1;4:2;4:3;4:4,x225_multisupport_confirmation,paired_train_seed,sealed_evaluation_only,Submit GPU jobs to gpumedium; do not use pilot/gpupilot.
fsl_x225_multisupport_source5x5_s351_362_20260716_0215_n0-d2-dep4-md128-it324-x1p00-s358-rg0,source_delta_support_process_control,canonical,4,72,64,128,358,324,169869312,524288,16,2048,40,1,L,fsl-x225-multisupport-source5x5-s351-362-20260716-0215-n0-d2-dep4-md128-it324-x1p00-s358-rg0,0,2,x225_multisupport_delta_confirmation_source,4,169869312,524288,Fresh measured 5x5 source grid for the sealed x225 multi-support Delta confirmation. Target losses are evaluation-only.,controlled_model_dim_source_prefix_smalln_5x5,4980784.0,4980784.0,0.0,0.162821576719,3,x225_multisupport_full_5x5_collection,,1.305337,0,324,169869312,1.0,physical_full_5x5_collection,0:2,0:0;0:1;0:2;0:3;0:4;1:0;1:1;1:2;1:3;1:4;2:0;2:1;2:2;2:3;2:4;3:0;3:1;3:2;3:3;3:4;4:0;4:1;4:2;4:3;4:4,x225_multisupport_confirmation,paired_train_seed,sealed_evaluation_only,Submit GPU jobs to gpumedium; do not use pilot/gpupilot.
fsl_x225_multisupport_source5x5_s351_362_20260716_0215_n0-d3-dep4-md128-it486-x1p00-s358-rg0,source_delta_support_process_control,canonical,4,72,64,128,358,486,254803968,524288,16,2048,40,1,L,fsl-x225-multisupport-source5x5-s351-362-20260716-0215-n0-d3-dep4-md128-it486-x1p00-s358-rg0,0,3,x225_multisupport_delta_confirmation_source,4,254803968,524288,Fresh measured 5x5 source grid for the sealed x225 multi-support Delta confirmation. Target losses are evaluation-only.,controlled_model_dim_source_prefix_smalln_5x5,4980784.0,4980784.0,0.0,0.162821576719,4,x225_multisupport_full_5x5_collection,,1.305337,0,486,254803968,1.0,physical_full_5x5_collection,0:3,0:0;0:1;0:2;0:3;0:4;1:0;1:1;1:2;1:3;1:4;2:0;2:1;2:2;2:3;2:4;3:0;3:1;3:2;3:3;3:4;4:0;4:1;4:2;4:3;4:4,x225_multisupport_confirmation,paired_train_seed,sealed_evaluation_only,Submit GPU jobs to gpumedium; do not use pilot/gpupilot.
fsl_x225_multisupport_source5x5_s351_362_20260716_0215_n0-d4-dep4-md128-it729-x1p00-s358-rg0,source_delta_support_process_control,canonical,4,72,64,128,358,729,382205952,524288,16,2048,40,1,L,fsl-x225-multisupport-source5x5-s351-362-20260716-0215-n0-d4-dep4-md128-it729-x1p00-s358-rg0,0,4,x225_multisupport_delta_confirmation_source,4,382205952,524288,Fresh measured 5x5 source grid for the sealed x225 multi-support Delta confirmation. Target losses are evaluation-only.,controlled_model_dim_source_prefix_smalln_5x5,4980784.0,4980784.0,0.0,0.162821576719,5,x225_multisupport_full_5x5_collection,,1.305337,0,729,382205952,1.0,physical_full_5x5_collection,0:4,0:0;0:1;0:2;0:3;0:4;1:0;1:1;1:2;1:3;1:4;2:0;2:1;2:2;2:3;2:4;3:0;3:1;3:2;3:3;3:4;4:0;4:1;4:2;4:3;4:4,x225_multisupport_confirmation,paired_train_seed,sealed_evaluation_only,Submit GPU jobs to gpumedium; do not use pilot/gpupilot.
fsl_x225_multisupport_source5x5_s351_362_20260716_0215_n1-d0-dep4-md192-it144-x1p00-s358-rg0,source_delta_support_process_control,canonical,4,72,64,192,358,144,75497472,524288,16,2048,40,1,L,fsl-x225-multisupport-source5x5-s351-362-20260716-0215-n1-d0-dep4-md192-it144-x1p00-s358-rg0,1,0,x225_multisupport_delta_confirmation_source,4,75497472,524288,Fresh measured 5x5 source grid for the sealed x225 multi-support Delta confirmation. Target losses are evaluation-only.,controlled_model_dim_source_prefix_smalln_5x5,8061000.0,8061000.0,0.0,0.162821576719,6,x225_multisupport_full_5x5_collection,,1.305337,0,144,75497472,1.0,physical_full_5x5_collection,1:0,0:0;0:1;0:2;0:3;0:4;1:0;1:1;1:2;1:3;1:4;2:0;2:1;2:2;2:3;2:4;3:0;3:1;3:2;3:3;3:4;4:0;4:1;4:2;4:3;4:4,x225_multisupport_confirmation,paired_train_seed,sealed_evaluation_only,Submit GPU jobs to gpumedium; do not use pilot/gpupilot.
fsl_x225_multisupport_source5x5_s351_362_20260716_0215_n1-d1-dep4-md192-it216-x1p00-s358-rg0,source_delta_support_process_control,canonical,4,72,64,192,358,216,113246208,524288,16,2048,40,1,L,fsl-x225-multisupport-source5x5-s351-362-20260716-0215-n1-d1-dep4-md192-it216-x1p00-s358-rg0,1,1,x225_multisupport_delta_confirmation_source,4,113246208,524288,Fresh measured 5x5 source grid for the sealed x225 multi-support Delta confirmation. Target losses are evaluation-only.,controlled_model_dim_source_prefix_smalln_5x5,8061000.0,8061000.0,0.0,0.162821576719,7,x225_multisupport_full_5x5_collection,,1.305337,0,216,113246208,1.0,physical_full_5x5_collection,1:1,0:0;0:1;0:2;0:3;0:4;1:0;1:1;1:2;1:3;1:4;2:0;2:1;2:2;2:3;2:4;3:0;3:1;3:2;3:3;3:4;4:0;4:1;4:2;4:3;4:4,x225_multisupport_confirmation,paired_train_seed,sealed_evaluation_only,Submit GPU jobs to gpumedium; do not use pilot/gpupilot.
fsl_x225_multisupport_source5x5_s351_362_20260716_0215_n1-d2-dep4-md192-it324-x1p00-s358-rg0,source_delta_support_process_control,canonical,4,72,64,192,358,324,169869312,524288,16,2048,40,1,L,fsl-x225-multisupport-source5x5-s351-362-20260716-0215-n1-d2-dep4-md192-it324-x1p00-s358-rg0,1,2,x225_multisupport_delta_confirmation_source,4,169869312,524288,Fresh measured 5x5 source grid for the sealed x225 multi-support Delta confirmation. Target losses are evaluation-only.,controlled_model_dim_source_prefix_smalln_5x5,8061000.0,8061000.0,0.0,0.162821576719,8,x225_multisupport_full_5x5_collection,,1.305337,0,324,169869312,1.0,physical_full_5x5_collection,1:2,0:0;0:1;0:2;0:3;0:4;1:0;1:1;1:2;1:3;1:4;2:0;2:1;2:2;2:3;2:4;3:0;3:1;3:2;3:3;3:4;4:0;4:1;4:2;4:3;4:4,x225_multisupport_confirmation,paired_train_seed,sealed_evaluation_only,Submit GPU jobs to gpumedium; do not use pilot/gpupilot.
fsl_x225_multisupport_source5x5_s351_362_20260716_0215_n1-d3-dep4-md192-it486-x1p00-s358-rg0,source_delta_support_process_control,canonical,4,72,64,192,358,486,254803968,524288,16,2048,40,1,L,fsl-x225-multisupport-source5x5-s351-362-20260716-0215-n1-d3-dep4-md192-it486-x1p00-s358-rg0,1,3,x225_multisupport_delta_confirmation_source,4,254803968,524288,Fresh measured 5x5 source grid for the sealed x225 multi-support Delta confirmation. Target losses are evaluation-only.,controlled_model_dim_source_prefix_smalln_5x5,8061000.0,8061000.0,0.0,0.162821576719,9,x225_multisupport_full_5x5_collection,,1.305337,0,486,254803968,1.0,physical_full_5x5_collection,1:3,0:0;0:1;0:2;0:3;0:4;1:0;1:1;1:2;1:3;1:4;2:0;2:1;2:2;2:3;2:4;3:0;3:1;3:2;3:3;3:4;4:0;4:1;4:2;4:3;4:4,x225_multisupport_confirmation,paired_train_seed,sealed_evaluation_only,Submit GPU jobs to gpumedium; do not use pilot/gpupilot.
fsl_x225_multisupport_source5x5_s351_362_20260716_0215_n1-d4-dep4-md192-it729-x1p00-s358-rg0,source_delta_support_process_control,canonical,4,72,64,192,358,729,382205952,524288,16,2048,40,1,L,fsl-x225-multisupport-source5x5-s351-362-20260716-0215-n1-d4-dep4-md192-it729-x1p00-s358-rg0,1,4,x225_multisupport_delta_confirmation_source,4,382205952,524288,Fresh measured 5x5 source grid for the sealed x225 multi-support Delta confirmation. Target losses are evaluation-only.,controlled_model_dim_source_prefix_smalln_5x5,8061000.0,8061000.0,0.0,0.162821576719,10,x225_multisupport_full_5x5_collection,,1.305337,0,729,382205952,1.0,physical_full_5x5_collection,1:4,0:0;0:1;0:2;0:3;0:4;1:0;1:1;1:2;1:3;1:4;2:0;2:1;2:2;2:3;2:4;3:0;3:1;3:2;3:3;3:4;4:0;4:1;4:2;4:3;4:4,x225_multisupport_confirmation,paired_train_seed,sealed_evaluation_only,Submit GPU jobs to gpumedium; do not use pilot/gpupilot.
fsl_x225_multisupport_source5x5_s351_362_20260716_0215_n2-d0-dep4-md320-it144-x1p00-s358-rg0,source_delta_support_process_control,canonical,4,72,64,320,358,144,75497472,524288,16,2048,40,1,L,fsl-x225-multisupport-source5x5-s351-362-20260716-0215-n2-d0-dep4-md320-it144-x1p00-s358-rg0,2,0,x225_multisupport_delta_confirmation_source,4,75497472,524288,Fresh measured 5x5 source grid for the sealed x225 multi-support Delta confirmation. Target losses are evaluation-only.,controlled_model_dim_source_prefix_smalln_5x5,15401080.0,15401080.0,0.0,0.162821576719,11,x225_multisupport_full_5x5_collection,,1.305337,0,144,75497472,1.0,physical_full_5x5_collection,2:0,0:0;0:1;0:2;0:3;0:4;1:0;1:1;1:2;1:3;1:4;2:0;2:1;2:2;2:3;2:4;3:0;3:1;3:2;3:3;3:4;4:0;4:1;4:2;4:3;4:4,x225_multisupport_confirmation,paired_train_seed,sealed_evaluation_only,Submit GPU jobs to gpumedium; do not use pilot/gpupilot.
fsl_x225_multisupport_source5x5_s351_362_20260716_0215_n2-d1-dep4-md320-it216-x1p00-s358-rg0,source_delta_support_process_control,canonical,4,72,64,320,358,216,113246208,524288,16,2048,40,1,L,fsl-x225-multisupport-source5x5-s351-362-20260716-0215-n2-d1-dep4-md320-it216-x1p00-s358-rg0,2,1,x225_multisupport_delta_confirmation_source,4,113246208,524288,Fresh measured 5x5 source grid for the sealed x225 multi-support Delta confirmation. Target losses are evaluation-only.,controlled_model_dim_source_prefix_smalln_5x5,15401080.0,15401080.0,0.0,0.162821576719,12,x225_multisupport_full_5x5_collection,,1.305337,0,216,113246208,1.0,physical_full_5x5_collection,2:1,0:0;0:1;0:2;0:3;0:4;1:0;1:1;1:2;1:3;1:4;2:0;2:1;2:2;2:3;2:4;3:0;3:1;3:2;3:3;3:4;4:0;4:1;4:2;4:3;4:4,x225_multisupport_confirmation,paired_train_seed,sealed_evaluation_only,Submit GPU jobs to gpumedium; do not use pilot/gpupilot.
fsl_x225_multisupport_source5x5_s351_362_20260716_0215_n2-d2-dep4-md320-it324-x1p00-s358-rg0,source_delta_support_process_control,canonical,4,72,64,320,358,324,169869312,524288,16,2048,40,1,L,fsl-x225-multisupport-source5x5-s351-362-20260716-0215-n2-d2-dep4-md320-it324-x1p00-s358-rg0,2,2,x225_multisupport_delta_confirmation_source,4,169869312,524288,Fresh measured 5x5 source grid for the sealed x225 multi-support Delta confirmation. Target losses are evaluation-only.,controlled_model_dim_source_prefix_smalln_5x5,15401080.0,15401080.0,0.0,0.162821576719,13,x225_multisupport_full_5x5_collection,,1.305337,0,324,169869312,1.0,physical_full_5x5_collection,2:2,0:0;0:1;0:2;0:3;0:4;1:0;1:1;1:2;1:3;1:4;2:0;2:1;2:2;2:3;2:4;3:0;3:1;3:2;3:3;3:4;4:0;4:1;4:2;4:3;4:4,x225_multisupport_confirmation,paired_train_seed,sealed_evaluation_only,Submit GPU jobs to gpumedium; do not use pilot/gpupilot.
fsl_x225_multisupport_source5x5_s351_362_20260716_0215_n2-d3-dep4-md320-it486-x1p00-s358-rg0,source_delta_support_process_control,canonical,4,72,64,320,358,486,254803968,524288,16,2048,40,1,L,fsl-x225-multisupport-source5x5-s351-362-20260716-0215-n2-d3-dep4-md320-it486-x1p00-s358-rg0,2,3,x225_multisupport_delta_confirmation_source,4,254803968,524288,Fresh measured 5x5 source grid for the sealed x225 multi-support Delta confirmation. Target losses are evaluation-only.,controlled_model_dim_source_prefix_smalln_5x5,15401080.0,15401080.0,0.0,0.162821576719,14,x225_multisupport_full_5x5_collection,,1.305337,0,486,254803968,1.0,physical_full_5x5_collection,2:3,0:0;0:1;0:2;0:3;0:4;1:0;1:1;1:2;1:3;1:4;2:0;2:1;2:2;2:3;2:4;3:0;3:1;3:2;3:3;3:4;4:0;4:1;4:2;4:3;4:4,x225_multisupport_confirmation,paired_train_seed,sealed_evaluation_only,Submit GPU jobs to gpumedium; do not use pilot/gpupilot.
fsl_x225_multisupport_source5x5_s351_362_20260716_0215_n2-d4-dep4-md320-it729-x1p00-s358-rg0,source_delta_support_process_control,canonical,4,72,64,320,358,729,382205952,524288,16,2048,40,1,L,fsl-x225-multisupport-source5x5-s351-362-20260716-0215-n2-d4-dep4-md320-it729-x1p00-s358-rg0,2,4,x225_multisupport_delta_confirmation_source,4,382205952,524288,Fresh measured 5x5 source grid for the sealed x225 multi-support Delta confirmation. Target losses are evaluation-only.,controlled_model_dim_source_prefix_smalln_5x5,15401080.0,15401080.0,0.0,0.162821576719,15,x225_multisupport_full_5x5_collection,,1.305337,0,729,382205952,1.0,physical_full_5x5_collection,2:4,0:0;0:1;0:2;0:3;0:4;1:0;1:1;1:2;1:3;1:4;2:0;2:1;2:2;2:3;2:4;3:0;3:1;3:2;3:3;3:4;4:0;4:1;4:2;4:3;4:4,x225_multisupport_confirmation,paired_train_seed,sealed_evaluation_only,Submit GPU jobs to gpumedium; do not use pilot/gpupilot.
fsl_x225_multisupport_source5x5_s351_362_20260716_0215_n3-d0-dep4-md512-it144-x1p00-s358-rg0,source_delta_support_process_control,canonical,4,72,64,512,358,144,75497472,524288,16,2048,40,1,L,fsl-x225-multisupport-source5x5-s351-362-20260716-0215-n3-d0-dep4-md512-it144-x1p00-s358-rg0,3,0,x225_multisupport_delta_confirmation_source,4,75497472,524288,Fresh measured 5x5 source grid for the sealed x225 multi-support Delta confirmation. Target losses are evaluation-only.,controlled_model_dim_source_prefix_smalln_5x5,29360320.0,29360320.0,0.0,0.162821576719,16,x225_multisupport_full_5x5_collection,,1.305337,0,144,75497472,1.0,physical_full_5x5_collection,3:0,0:0;0:1;0:2;0:3;0:4;1:0;1:1;1:2;1:3;1:4;2:0;2:1;2:2;2:3;2:4;3:0;3:1;3:2;3:3;3:4;4:0;4:1;4:2;4:3;4:4,x225_multisupport_confirmation,paired_train_seed,sealed_evaluation_only,Submit GPU jobs to gpumedium; do not use pilot/gpupilot.
fsl_x225_multisupport_source5x5_s351_362_20260716_0215_n3-d1-dep4-md512-it216-x1p00-s358-rg0,source_delta_support_process_control,canonical,4,72,64,512,358,216,113246208,524288,16,2048,40,1,L,fsl-x225-multisupport-source5x5-s351-362-20260716-0215-n3-d1-dep4-md512-it216-x1p00-s358-rg0,3,1,x225_multisupport_delta_confirmation_source,4,113246208,524288,Fresh measured 5x5 source grid for the sealed x225 multi-support Delta confirmation. Target losses are evaluation-only.,controlled_model_dim_source_prefix_smalln_5x5,29360320.0,29360320.0,0.0,0.162821576719,17,x225_multisupport_full_5x5_collection,,1.305337,0,216,113246208,1.0,physical_full_5x5_collection,3:1,0:0;0:1;0:2;0:3;0:4;1:0;1:1;1:2;1:3;1:4;2:0;2:1;2:2;2:3;2:4;3:0;3:1;3:2;3:3;3:4;4:0;4:1;4:2;4:3;4:4,x225_multisupport_confirmation,paired_train_seed,sealed_evaluation_only,Submit GPU jobs to gpumedium; do not use pilot/gpupilot.
fsl_x225_multisupport_source5x5_s351_362_20260716_0215_n3-d2-dep4-md512-it324-x1p00-s358-rg0,source_delta_support_process_control,canonical,4,72,64,512,358,324,169869312,524288,16,2048,40,1,L,fsl-x225-multisupport-source5x5-s351-362-20260716-0215-n3-d2-dep4-md512-it324-x1p00-s358-rg0,3,2,x225_multisupport_delta_confirmation_source,4,169869312,524288,Fresh measured 5x5 source grid for the sealed x225 multi-support Delta confirmation. Target losses are evaluation-only.,controlled_model_dim_source_prefix_smalln_5x5,29360320.0,29360320.0,0.0,0.162821576719,18,x225_multisupport_full_5x5_collection,,1.305337,0,324,169869312,1.0,physical_full_5x5_collection,3:2,0:0;0:1;0:2;0:3;0:4;1:0;1:1;1:2;1:3;1:4;2:0;2:1;2:2;2:3;2:4;3:0;3:1;3:2;3:3;3:4;4:0;4:1;4:2;4:3;4:4,x225_multisupport_confirmation,paired_train_seed,sealed_evaluation_only,Submit GPU jobs to gpumedium; do not use pilot/gpupilot.
fsl_x225_multisupport_source5x5_s351_362_20260716_0215_n3-d3-dep4-md512-it486-x1p00-s358-rg0,source_delta_support_process_control,canonical,4,72,64,512,358,486,254803968,524288,16,2048,40,1,L,fsl-x225-multisupport-source5x5-s351-362-20260716-0215-n3-d3-dep4-md512-it486-x1p00-s358-rg0,3,3,x225_multisupport_delta_confirmation_source,4,254803968,524288,Fresh measured 5x5 source grid for the sealed x225 multi-support Delta confirmation. Target losses are evaluation-only.,controlled_model_dim_source_prefix_smalln_5x5,29360320.0,29360320.0,0.0,0.162821576719,19,x225_multisupport_full_5x5_collection,,1.305337,0,486,254803968,1.0,physical_full_5x5_collection,3:3,0:0;0:1;0:2;0:3;0:4;1:0;1:1;1:2;1:3;1:4;2:0;2:1;2:2;2:3;2:4;3:0;3:1;3:2;3:3;3:4;4:0;4:1;4:2;4:3;4:4,x225_multisupport_confirmation,paired_train_seed,sealed_evaluation_only,Submit GPU jobs to gpumedium; do not use pilot/gpupilot.
fsl_x225_multisupport_source5x5_s351_362_20260716_0215_n3-d4-dep4-md512-it729-x1p00-s358-rg0,source_delta_support_process_control,canonical,4,72,64,512,358,729,382205952,524288,16,2048,40,1,L,fsl-x225-multisupport-source5x5-s351-362-20260716-0215-n3-d4-dep4-md512-it729-x1p00-s358-rg0,3,4,x225_multisupport_delta_confirmation_source,4,382205952,524288,Fresh measured 5x5 source grid for the sealed x225 multi-support Delta confirmation. Target losses are evaluation-only.,controlled_model_dim_source_prefix_smalln_5x5,29360320.0,29360320.0,0.0,0.162821576719,20,x225_multisupport_full_5x5_collection,,1.305337,0,729,382205952,1.0,physical_full_5x5_collection,3:4,0:0;0:1;0:2;0:3;0:4;1:0;1:1;1:2;1:3;1:4;2:0;2:1;2:2;2:3;2:4;3:0;3:1;3:2;3:3;3:4;4:0;4:1;4:2;4:3;4:4,x225_multisupport_confirmation,paired_train_seed,sealed_evaluation_only,Submit GPU jobs to gpumedium; do not use pilot/gpupilot.
fsl_x225_multisupport_source5x5_s351_362_20260716_0215_n4-d0-dep4-md704-it144-x1p00-s358-rg0,source_delta_support_process_control,canonical,4,72,64,704,358,144,75497472,524288,16,2048,40,1,L,fsl-x225-multisupport-source5x5-s351-362-20260716-0215-n4-d0-dep4-md704-it144-x1p00-s358-rg0,4,0,x225_multisupport_delta_confirmation_source,4,75497472,524288,Fresh measured 5x5 source grid for the sealed x225 multi-support Delta confirmation. Target losses are evaluation-only.,controlled_model_dim_source_prefix_smalln_5x5,46858504.0,46858504.0,0.0,0.162821576719,21,x225_multisupport_full_5x5_collection,,1.305337,0,144,75497472,1.0,physical_full_5x5_collection,4:0,0:0;0:1;0:2;0:3;0:4;1:0;1:1;1:2;1:3;1:4;2:0;2:1;2:2;2:3;2:4;3:0;3:1;3:2;3:3;3:4;4:0;4:1;4:2;4:3;4:4,x225_multisupport_confirmation,paired_train_seed,sealed_evaluation_only,Submit GPU jobs to gpumedium; do not use pilot/gpupilot.
fsl_x225_multisupport_source5x5_s351_362_20260716_0215_n4-d1-dep4-md704-it216-x1p00-s358-rg0,source_delta_support_process_control,canonical,4,72,64,704,358,216,113246208,524288,16,2048,40,1,L,fsl-x225-multisupport-source5x5-s351-362-20260716-0215-n4-d1-dep4-md704-it216-x1p00-s358-rg0,4,1,x225_multisupport_delta_confirmation_source,4,113246208,524288,Fresh measured 5x5 source grid for the sealed x225 multi-support Delta confirmation. Target losses are evaluation-only.,controlled_model_dim_source_prefix_smalln_5x5,46858504.0,46858504.0,0.0,0.162821576719,22,x225_multisupport_full_5x5_collection,,1.305337,0,216,113246208,1.0,physical_full_5x5_collection,4:1,0:0;0:1;0:2;0:3;0:4;1:0;1:1;1:2;1:3;1:4;2:0;2:1;2:2;2:3;2:4;3:0;3:1;3:2;3:3;3:4;4:0;4:1;4:2;4:3;4:4,x225_multisupport_confirmation,paired_train_seed,sealed_evaluation_only,Submit GPU jobs to gpumedium; do not use pilot/gpupilot.
fsl_x225_multisupport_source5x5_s351_362_20260716_0215_n4-d2-dep4-md704-it324-x1p00-s358-rg0,source_delta_support_process_control,canonical,4,72,64,704,358,324,169869312,524288,16,2048,40,1,L,fsl-x225-multisupport-source5x5-s351-362-20260716-0215-n4-d2-dep4-md704-it324-x1p00-s358-rg0,4,2,x225_multisupport_delta_confirmation_source,4,169869312,524288,Fresh measured 5x5 source grid for the sealed x225 multi-support Delta confirmation. Target losses are evaluation-only.,controlled_model_dim_source_prefix_smalln_5x5,46858504.0,46858504.0,0.0,0.162821576719,23,x225_multisupport_full_5x5_collection,,1.305337,0,324,169869312,1.0,physical_full_5x5_collection,4:2,0:0;0:1;0:2;0:3;0:4;1:0;1:1;1:2;1:3;1:4;2:0;2:1;2:2;2:3;2:4;3:0;3:1;3:2;3:3;3:4;4:0;4:1;4:2;4:3;4:4,x225_multisupport_confirmation,paired_train_seed,sealed_evaluation_only,Submit GPU jobs to gpumedium; do not use pilot/gpupilot.
fsl_x225_multisupport_source5x5_s351_362_20260716_0215_n4-d3-dep4-md704-it486-x1p00-s358-rg0,source_delta_support_process_control,canonical,4,72,64,704,358,486,254803968,524288,16,2048,40,1,L,fsl-x225-multisupport-source5x5-s351-362-20260716-0215-n4-d3-dep4-md704-it486-x1p00-s358-rg0,4,3,x225_multisupport_delta_confirmation_source,4,254803968,524288,Fresh measured 5x5 source grid for the sealed x225 multi-support Delta confirmation. Target losses are evaluation-only.,controlled_model_dim_source_prefix_smalln_5x5,46858504.0,46858504.0,0.0,0.162821576719,24,x225_multisupport_full_5x5_collection,,1.305337,0,486,254803968,1.0,physical_full_5x5_collection,4:3,0:0;0:1;0:2;0:3;0:4;1:0;1:1;1:2;1:3;1:4;2:0;2:1;2:2;2:3;2:4;3:0;3:1;3:2;3:3;3:4;4:0;4:1;4:2;4:3;4:4,x225_multisupport_confirmation,paired_train_seed,sealed_evaluation_only,Submit GPU jobs to gpumedium; do not use pilot/gpupilot.
fsl_x225_multisupport_source5x5_s351_362_20260716_0215_n4-d4-dep4-md704-it729-x1p00-s358-rg0,source_delta_support_process_control,canonical,4,72,64,704,358,729,382205952,524288,16,2048,40,1,L,fsl-x225-multisupport-source5x5-s351-362-20260716-0215-n4-d4-dep4-md704-it729-x1p00-s358-rg0,4,4,x225_multisupport_delta_confirmation_source,4,382205952,524288,Fresh measured 5x5 source grid for the sealed x225 multi-support Delta confirmation. Target losses are evaluation-only.,controlled_model_dim_source_prefix_smalln_5x5,46858504.0,46858504.0,0.0,0.162821576719,25,x225_multisupport_full_5x5_collection,,1.305337,0,729,382205952,1.0,physical_full_5x5_collection,4:4,0:0;0:1;0:2;0:3;0:4;1:0;1:1;1:2;1:3;1:4;2:0;2:1;2:2;2:3;2:4;3:0;3:1;3:2;3:3;3:4;4:0;4:1;4:2;4:3;4:4,x225_multisupport_confirmation,paired_train_seed,sealed_evaluation_only,Submit GPU jobs to gpumedium; do not use pilot/gpupilot.
fsl_x225_multisupport_source5x5_s351_362_20260716_0215_n0-d0-dep4-md128-it144-x1p00-s359-rg0,source_delta_support_process_control,canonical,4,72,64,128,359,144,75497472,524288,16,2048,40,1,L,fsl-x225-multisupport-source5x5-s351-362-20260716-0215-n0-d0-dep4-md128-it144-x1p00-s359-rg0,0,0,x225_multisupport_delta_confirmation_source,4,75497472,524288,Fresh measured 5x5 source grid for the sealed x225 multi-support Delta confirmation. Target losses are evaluation-only.,controlled_model_dim_source_prefix_smalln_5x5,4980784.0,4980784.0,0.0,0.162821576719,1,x225_multisupport_full_5x5_collection,,1.305337,0,144,75497472,1.0,physical_full_5x5_collection,0:0,0:0;0:1;0:2;0:3;0:4;1:0;1:1;1:2;1:3;1:4;2:0;2:1;2:2;2:3;2:4;3:0;3:1;3:2;3:3;3:4;4:0;4:1;4:2;4:3;4:4,x225_multisupport_confirmation,paired_train_seed,sealed_evaluation_only,Submit GPU jobs to gpumedium; do not use pilot/gpupilot.
fsl_x225_multisupport_source5x5_s351_362_20260716_0215_n0-d1-dep4-md128-it216-x1p00-s359-rg0,source_delta_support_process_control,canonical,4,72,64,128,359,216,113246208,524288,16,2048,40,1,L,fsl-x225-multisupport-source5x5-s351-362-20260716-0215-n0-d1-dep4-md128-it216-x1p00-s359-rg0,0,1,x225_multisupport_delta_confirmation_source,4,113246208,524288,Fresh measured 5x5 source grid for the sealed x225 multi-support Delta confirmation. Target losses are evaluation-only.,controlled_model_dim_source_prefix_smalln_5x5,4980784.0,4980784.0,0.0,0.162821576719,2,x225_multisupport_full_5x5_collection,,1.305337,0,216,113246208,1.0,physical_full_5x5_collection,0:1,0:0;0:1;0:2;0:3;0:4;1:0;1:1;1:2;1:3;1:4;2:0;2:1;2:2;2:3;2:4;3:0;3:1;3:2;3:3;3:4;4:0;4:1;4:2;4:3;4:4,x225_multisupport_confirmation,paired_train_seed,sealed_evaluation_only,Submit GPU jobs to gpumedium; do not use pilot/gpupilot.
fsl_x225_multisupport_source5x5_s351_362_20260716_0215_n0-d2-dep4-md128-it324-x1p00-s359-rg0,source_delta_support_process_control,canonical,4,72,64,128,359,324,169869312,524288,16,2048,40,1,L,fsl-x225-multisupport-source5x5-s351-362-20260716-0215-n0-d2-dep4-md128-it324-x1p00-s359-rg0,0,2,x225_multisupport_delta_confirmation_source,4,169869312,524288,Fresh measured 5x5 source grid for the sealed x225 multi-support Delta confirmation. Target losses are evaluation-only.,controlled_model_dim_source_prefix_smalln_5x5,4980784.0,4980784.0,0.0,0.162821576719,3,x225_multisupport_full_5x5_collection,,1.305337,0,324,169869312,1.0,physical_full_5x5_collection,0:2,0:0;0:1;0:2;0:3;0:4;1:0;1:1;1:2;1:3;1:4;2:0;2:1;2:2;2:3;2:4;3:0;3:1;3:2;3:3;3:4;4:0;4:1;4:2;4:3;4:4,x225_multisupport_confirmation,paired_train_seed,sealed_evaluation_only,Submit GPU jobs to gpumedium; do not use pilot/gpupilot.
fsl_x225_multisupport_source5x5_s351_362_20260716_0215_n0-d3-dep4-md128-it486-x1p00-s359-rg0,source_delta_support_process_control,canonical,4,72,64,128,359,486,254803968,524288,16,2048,40,1,L,fsl-x225-multisupport-source5x5-s351-362-20260716-0215-n0-d3-dep4-md128-it486-x1p00-s359-rg0,0,3,x225_multisupport_delta_confirmation_source,4,254803968,524288,Fresh measured 5x5 source grid for the sealed x225 multi-support Delta confirmation. Target losses are evaluation-only.,controlled_model_dim_source_prefix_smalln_5x5,4980784.0,4980784.0,0.0,0.162821576719,4,x225_multisupport_full_5x5_collection,,1.305337,0,486,254803968,1.0,physical_full_5x5_collection,0:3,0:0;0:1;0:2;0:3;0:4;1:0;1:1;1:2;1:3;1:4;2:0;2:1;2:2;2:3;2:4;3:0;3:1;3:2;3:3;3:4;4:0;4:1;4:2;4:3;4:4,x225_multisupport_confirmation,paired_train_seed,sealed_evaluation_only,Submit GPU jobs to gpumedium; do not use pilot/gpupilot.
fsl_x225_multisupport_source5x5_s351_362_20260716_0215_n0-d4-dep4-md128-it729-x1p00-s359-rg0,source_delta_support_process_control,canonical,4,72,64,128,359,729,382205952,524288,16,2048,40,1,L,fsl-x225-multisupport-source5x5-s351-362-20260716-0215-n0-d4-dep4-md128-it729-x1p00-s359-rg0,0,4,x225_multisupport_delta_confirmation_source,4,382205952,524288,Fresh measured 5x5 source grid for the sealed x225 multi-support Delta confirmation. Target losses are evaluation-only.,controlled_model_dim_source_prefix_smalln_5x5,4980784.0,4980784.0,0.0,0.162821576719,5,x225_multisupport_full_5x5_collection,,1.305337,0,729,382205952,1.0,physical_full_5x5_collection,0:4,0:0;0:1;0:2;0:3;0:4;1:0;1:1;1:2;1:3;1:4;2:0;2:1;2:2;2:3;2:4;3:0;3:1;3:2;3:3;3:4;4:0;4:1;4:2;4:3;4:4,x225_multisupport_confirmation,paired_train_seed,sealed_evaluation_only,Submit GPU jobs to gpumedium; do not use pilot/gpupilot.
fsl_x225_multisupport_source5x5_s351_362_20260716_0215_n1-d0-dep4-md192-it144-x1p00-s359-rg0,source_delta_support_process_control,canonical,4,72,64,192,359,144,75497472,524288,16,2048,40,1,L,fsl-x225-multisupport-source5x5-s351-362-20260716-0215-n1-d0-dep4-md192-it144-x1p00-s359-rg0,1,0,x225_multisupport_delta_confirmation_source,4,75497472,524288,Fresh measured 5x5 source grid for the sealed x225 multi-support Delta confirmation. Target losses are evaluation-only.,controlled_model_dim_source_prefix_smalln_5x5,8061000.0,8061000.0,0.0,0.162821576719,6,x225_multisupport_full_5x5_collection,,1.305337,0,144,75497472,1.0,physical_full_5x5_collection,1:0,0:0;0:1;0:2;0:3;0:4;1:0;1:1;1:2;1:3;1:4;2:0;2:1;2:2;2:3;2:4;3:0;3:1;3:2;3:3;3:4;4:0;4:1;4:2;4:3;4:4,x225_multisupport_confirmation,paired_train_seed,sealed_evaluation_only,Submit GPU jobs to gpumedium; do not use pilot/gpupilot.
fsl_x225_multisupport_source5x5_s351_362_20260716_0215_n1-d1-dep4-md192-it216-x1p00-s359-rg0,source_delta_support_process_control,canonical,4,72,64,192,359,216,113246208,524288,16,2048,40,1,L,fsl-x225-multisupport-source5x5-s351-362-20260716-0215-n1-d1-dep4-md192-it216-x1p00-s359-rg0,1,1,x225_multisupport_delta_confirmation_source,4,113246208,524288,Fresh measured 5x5 source grid for the sealed x225 multi-support Delta confirmation. Target losses are evaluation-only.,controlled_model_dim_source_prefix_smalln_5x5,8061000.0,8061000.0,0.0,0.162821576719,7,x225_multisupport_full_5x5_collection,,1.305337,0,216,113246208,1.0,physical_full_5x5_collection,1:1,0:0;0:1;0:2;0:3;0:4;1:0;1:1;1:2;1:3;1:4;2:0;2:1;2:2;2:3;2:4;3:0;3:1;3:2;3:3;3:4;4:0;4:1;4:2;4:3;4:4,x225_multisupport_confirmation,paired_train_seed,sealed_evaluation_only,Submit GPU jobs to gpumedium; do not use pilot/gpupilot.
fsl_x225_multisupport_source5x5_s351_362_20260716_0215_n1-d2-dep4-md192-it324-x1p00-s359-rg0,source_delta_support_process_control,canonical,4,72,64,192,359,324,169869312,524288,16,2048,40,1,L,fsl-x225-multisupport-source5x5-s351-362-20260716-0215-n1-d2-dep4-md192-it324-x1p00-s359-rg0,1,2,x225_multisupport_delta_confirmation_source,4,169869312,524288,Fresh measured 5x5 source grid for the sealed x225 multi-support Delta confirmation. Target losses are evaluation-only.,controlled_model_dim_source_prefix_smalln_5x5,8061000.0,8061000.0,0.0,0.162821576719,8,x225_multisupport_full_5x5_collection,,1.305337,0,324,169869312,1.0,physical_full_5x5_collection,1:2,0:0;0:1;0:2;0:3;0:4;1:0;1:1;1:2;1:3;1:4;2:0;2:1;2:2;2:3;2:4;3:0;3:1;3:2;3:3;3:4;4:0;4:1;4:2;4:3;4:4,x225_multisupport_confirmation,paired_train_seed,sealed_evaluation_only,Submit GPU jobs to gpumedium; do not use pilot/gpupilot.
fsl_x225_multisupport_source5x5_s351_362_20260716_0215_n1-d3-dep4-md192-it486-x1p00-s359-rg0,source_delta_support_process_control,canonical,4,72,64,192,359,486,254803968,524288,16,2048,40,1,L,fsl-x225-multisupport-source5x5-s351-362-20260716-0215-n1-d3-dep4-md192-it486-x1p00-s359-rg0,1,3,x225_multisupport_delta_confirmation_source,4,254803968,524288,Fresh measured 5x5 source grid for the sealed x225 multi-support Delta confirmation. Target losses are evaluation-only.,controlled_model_dim_source_prefix_smalln_5x5,8061000.0,8061000.0,0.0,0.162821576719,9,x225_multisupport_full_5x5_collection,,1.305337,0,486,254803968,1.0,physical_full_5x5_collection,1:3,0:0;0:1;0:2;0:3;0:4;1:0;1:1;1:2;1:3;1:4;2:0;2:1;2:2;2:3;2:4;3:0;3:1;3:2;3:3;3:4;4:0;4:1;4:2;4:3;4:4,x225_multisupport_confirmation,paired_train_seed,sealed_evaluation_only,Submit GPU jobs to gpumedium; do not use pilot/gpupilot.
fsl_x225_multisupport_source5x5_s351_362_20260716_0215_n1-d4-dep4-md192-it729-x1p00-s359-rg0,source_delta_support_process_control,canonical,4,72,64,192,359,729,382205952,524288,16,2048,40,1,L,fsl-x225-multisupport-source5x5-s351-362-20260716-0215-n1-d4-dep4-md192-it729-x1p00-s359-rg0,1,4,x225_multisupport_delta_confirmation_source,4,382205952,524288,Fresh measured 5x5 source grid for the sealed x225 multi-support Delta confirmation. Target losses are evaluation-only.,controlled_model_dim_source_prefix_smalln_5x5,8061000.0,8061000.0,0.0,0.162821576719,10,x225_multisupport_full_5x5_collection,,1.305337,0,729,382205952,1.0,physical_full_5x5_collection,1:4,0:0;0:1;0:2;0:3;0:4;1:0;1:1;1:2;1:3;1:4;2:0;2:1;2:2;2:3;2:4;3:0;3:1;3:2;3:3;3:4;4:0;4:1;4:2;4:3;4:4,x225_multisupport_confirmation,paired_train_seed,sealed_evaluation_only,Submit GPU jobs to gpumedium; do not use pilot/gpupilot.
fsl_x225_multisupport_source5x5_s351_362_20260716_0215_n2-d0-dep4-md320-it144-x1p00-s359-rg0,source_delta_support_process_control,canonical,4,72,64,320,359,144,75497472,524288,16,2048,40,1,L,fsl-x225-multisupport-source5x5-s351-362-20260716-0215-n2-d0-dep4-md320-it144-x1p00-s359-rg0,2,0,x225_multisupport_delta_confirmation_source,4,75497472,524288,Fresh measured 5x5 source grid for the sealed x225 multi-support Delta confirmation. Target losses are evaluation-only.,controlled_model_dim_source_prefix_smalln_5x5,15401080.0,15401080.0,0.0,0.162821576719,11,x225_multisupport_full_5x5_collection,,1.305337,0,144,75497472,1.0,physical_full_5x5_collection,2:0,0:0;0:1;0:2;0:3;0:4;1:0;1:1;1:2;1:3;1:4;2:0;2:1;2:2;2:3;2:4;3:0;3:1;3:2;3:3;3:4;4:0;4:1;4:2;4:3;4:4,x225_multisupport_confirmation,paired_train_seed,sealed_evaluation_only,Submit GPU jobs to gpumedium; do not use pilot/gpupilot.
fsl_x225_multisupport_source5x5_s351_362_20260716_0215_n2-d1-dep4-md320-it216-x1p00-s359-rg0,source_delta_support_process_control,canonical,4,72,64,320,359,216,113246208,524288,16,2048,40,1,L,fsl-x225-multisupport-source5x5-s351-362-20260716-0215-n2-d1-dep4-md320-it216-x1p00-s359-rg0,2,1,x225_multisupport_delta_confirmation_source,4,113246208,524288,Fresh measured 5x5 source grid for the sealed x225 multi-support Delta confirmation. Target losses are evaluation-only.,controlled_model_dim_source_prefix_smalln_5x5,15401080.0,15401080.0,0.0,0.162821576719,12,x225_multisupport_full_5x5_collection,,1.305337,0,216,113246208,1.0,physical_full_5x5_collection,2:1,0:0;0:1;0:2;0:3;0:4;1:0;1:1;1:2;1:3;1:4;2:0;2:1;2:2;2:3;2:4;3:0;3:1;3:2;3:3;3:4;4:0;4:1;4:2;4:3;4:4,x225_multisupport_confirmation,paired_train_seed,sealed_evaluation_only,Submit GPU jobs to gpumedium; do not use pilot/gpupilot.
fsl_x225_multisupport_source5x5_s351_362_20260716_0215_n2-d2-dep4-md320-it324-x1p00-s359-rg0,source_delta_support_process_control,canonical,4,72,64,320,359,324,169869312,524288,16,2048,40,1,L,fsl-x225-multisupport-source5x5-s351-362-20260716-0215-n2-d2-dep4-md320-it324-x1p00-s359-rg0,2,2,x225_multisupport_delta_confirmation_source,4,169869312,524288,Fresh measured 5x5 source grid for the sealed x225 multi-support Delta confirmation. Target losses are evaluation-only.,controlled_model_dim_source_prefix_smalln_5x5,15401080.0,15401080.0,0.0,0.162821576719,13,x225_multisupport_full_5x5_collection,,1.305337,0,324,169869312,1.0,physical_full_5x5_collection,2:2,0:0;0:1;0:2;0:3;0:4;1:0;1:1;1:2;1:3;1:4;2:0;2:1;2:2;2:3;2:4;3:0;3:1;3:2;3:3;3:4;4:0;4:1;4:2;4:3;4:4,x225_multisupport_confirmation,paired_train_seed,sealed_evaluation_only,Submit GPU jobs to gpumedium; do not use pilot/gpupilot.
fsl_x225_multisupport_source5x5_s351_362_20260716_0215_n2-d3-dep4-md320-it486-x1p00-s359-rg0,source_delta_support_process_control,canonical,4,72,64,320,359,486,254803968,524288,16,2048,40,1,L,fsl-x225-multisupport-source5x5-s351-362-20260716-0215-n2-d3-dep4-md320-it486-x1p00-s359-rg0,2,3,x225_multisupport_delta_confirmation_source,4,254803968,524288,Fresh measured 5x5 source grid for the sealed x225 multi-support Delta confirmation. Target losses are evaluation-only.,controlled_model_dim_source_prefix_smalln_5x5,15401080.0,15401080.0,0.0,0.162821576719,14,x225_multisupport_full_5x5_collection,,1.305337,0,486,254803968,1.0,physical_full_5x5_collection,2:3,0:0;0:1;0:2;0:3;0:4;1:0;1:1;1:2;1:3;1:4;2:0;2:1;2:2;2:3;2:4;3:0;3:1;3:2;3:3;3:4;4:0;4:1;4:2;4:3;4:4,x225_multisupport_confirmation,paired_train_seed,sealed_evaluation_only,Submit GPU jobs to gpumedium; do not use pilot/gpupilot.
fsl_x225_multisupport_source5x5_s351_362_20260716_0215_n2-d4-dep4-md320-it729-x1p00-s359-rg0,source_delta_support_process_control,canonical,4,72,64,320,359,729,382205952,524288,16,2048,40,1,L,fsl-x225-multisupport-source5x5-s351-362-20260716-0215-n2-d4-dep4-md320-it729-x1p00-s359-rg0,2,4,x225_multisupport_delta_confirmation_source,4,382205952,524288,Fresh measured 5x5 source grid for the sealed x225 multi-support Delta confirmation. Target losses are evaluation-only.,controlled_model_dim_source_prefix_smalln_5x5,15401080.0,15401080.0,0.0,0.162821576719,15,x225_multisupport_full_5x5_collection,,1.305337,0,729,382205952,1.0,physical_full_5x5_collection,2:4,0:0;0:1;0:2;0:3;0:4;1:0;1:1;1:2;1:3;1:4;2:0;2:1;2:2;2:3;2:4;3:0;3:1;3:2;3:3;3:4;4:0;4:1;4:2;4:3;4:4,x225_multisupport_confirmation,paired_train_seed,sealed_evaluation_only,Submit GPU jobs to gpumedium; do not use pilot/gpupilot.
fsl_x225_multisupport_source5x5_s351_362_20260716_0215_n3-d0-dep4-md512-it144-x1p00-s359-rg0,source_delta_support_process_control,canonical,4,72,64,512,359,144,75497472,524288,16,2048,40,1,L,fsl-x225-multisupport-source5x5-s351-362-20260716-0215-n3-d0-dep4-md512-it144-x1p00-s359-rg0,3,0,x225_multisupport_delta_confirmation_source,4,75497472,524288,Fresh measured 5x5 source grid for the sealed x225 multi-support Delta confirmation. Target losses are evaluation-only.,controlled_model_dim_source_prefix_smalln_5x5,29360320.0,29360320.0,0.0,0.162821576719,16,x225_multisupport_full_5x5_collection,,1.305337,0,144,75497472,1.0,physical_full_5x5_collection,3:0,0:0;0:1;0:2;0:3;0:4;1:0;1:1;1:2;1:3;1:4;2:0;2:1;2:2;2:3;2:4;3:0;3:1;3:2;3:3;3:4;4:0;4:1;4:2;4:3;4:4,x225_multisupport_confirmation,paired_train_seed,sealed_evaluation_only,Submit GPU jobs to gpumedium; do not use pilot/gpupilot.
fsl_x225_multisupport_source5x5_s351_362_20260716_0215_n3-d1-dep4-md512-it216-x1p00-s359-rg0,source_delta_support_process_control,canonical,4,72,64,512,359,216,113246208,524288,16,2048,40,1,L,fsl-x225-multisupport-source5x5-s351-362-20260716-0215-n3-d1-dep4-md512-it216-x1p00-s359-rg0,3,1,x225_multisupport_delta_confirmation_source,4,113246208,524288,Fresh measured 5x5 source grid for the sealed x225 multi-support Delta confirmation. Target losses are evaluation-only.,controlled_model_dim_source_prefix_smalln_5x5,29360320.0,29360320.0,0.0,0.162821576719,17,x225_multisupport_full_5x5_collection,,1.305337,0,216,113246208,1.0,physical_full_5x5_collection,3:1,0:0;0:1;0:2;0:3;0:4;1:0;1:1;1:2;1:3;1:4;2:0;2:1;2:2;2:3;2:4;3:0;3:1;3:2;3:3;3:4;4:0;4:1;4:2;4:3;4:4,x225_multisupport_confirmation,paired_train_seed,sealed_evaluation_only,Submit GPU jobs to gpumedium; do not use pilot/gpupilot.
fsl_x225_multisupport_source5x5_s351_362_20260716_0215_n3-d2-dep4-md512-it324-x1p00-s359-rg0,source_delta_support_process_control,canonical,4,72,64,512,359,324,169869312,524288,16,2048,40,1,L,fsl-x225-multisupport-source5x5-s351-362-20260716-0215-n3-d2-dep4-md512-it324-x1p00-s359-rg0,3,2,x225_multisupport_delta_confirmation_source,4,169869312,524288,Fresh measured 5x5 source grid for the sealed x225 multi-support Delta confirmation. Target losses are evaluation-only.,controlled_model_dim_source_prefix_smalln_5x5,29360320.0,29360320.0,0.0,0.162821576719,18,x225_multisupport_full_5x5_collection,,1.305337,0,324,169869312,1.0,physical_full_5x5_collection,3:2,0:0;0:1;0:2;0:3;0:4;1:0;1:1;1:2;1:3;1:4;2:0;2:1;2:2;2:3;2:4;3:0;3:1;3:2;3:3;3:4;4:0;4:1;4:2;4:3;4:4,x225_multisupport_confirmation,paired_train_seed,sealed_evaluation_only,Submit GPU jobs to gpumedium; do not use pilot/gpupilot.
fsl_x225_multisupport_source5x5_s351_362_20260716_0215_n3-d3-dep4-md512-it486-x1p00-s359-rg0,source_delta_support_process_control,canonical,4,72,64,512,359,486,254803968,524288,16,2048,40,1,L,fsl-x225-multisupport-source5x5-s351-362-20260716-0215-n3-d3-dep4-md512-it486-x1p00-s359-rg0,3,3,x225_multisupport_delta_confirmation_source,4,254803968,524288,Fresh measured 5x5 source grid for the sealed x225 multi-support Delta confirmation. Target losses are evaluation-only.,controlled_model_dim_source_prefix_smalln_5x5,29360320.0,29360320.0,0.0,0.162821576719,19,x225_multisupport_full_5x5_collection,,1.305337,0,486,254803968,1.0,physical_full_5x5_collection,3:3,0:0;0:1;0:2;0:3;0:4;1:0;1:1;1:2;1:3;1:4;2:0;2:1;2:2;2:3;2:4;3:0;3:1;3:2;3:3;3:4;4:0;4:1;4:2;4:3;4:4,x225_multisupport_confirmation,paired_train_seed,sealed_evaluation_only,Submit GPU jobs to gpumedium; do not use pilot/gpupilot.
fsl_x225_multisupport_source5x5_s351_362_20260716_0215_n3-d4-dep4-md512-it729-x1p00-s359-rg0,source_delta_support_process_control,canonical,4,72,64,512,359,729,382205952,524288,16,2048,40,1,L,fsl-x225-multisupport-source5x5-s351-362-20260716-0215-n3-d4-dep4-md512-it729-x1p00-s359-rg0,3,4,x225_multisupport_delta_confirmation_source,4,382205952,524288,Fresh measured 5x5 source grid for the sealed x225 multi-support Delta confirmation. Target losses are evaluation-only.,controlled_model_dim_source_prefix_smalln_5x5,29360320.0,29360320.0,0.0,0.162821576719,20,x225_multisupport_full_5x5_collection,,1.305337,0,729,382205952,1.0,physical_full_5x5_collection,3:4,0:0;0:1;0:2;0:3;0:4;1:0;1:1;1:2;1:3;1:4;2:0;2:1;2:2;2:3;2:4;3:0;3:1;3:2;3:3;3:4;4:0;4:1;4:2;4:3;4:4,x225_multisupport_confirmation,paired_train_seed,sealed_evaluation_only,Submit GPU jobs to gpumedium; do not use pilot/gpupilot.
fsl_x225_multisupport_source5x5_s351_362_20260716_0215_n4-d0-dep4-md704-it144-x1p00-s359-rg0,source_delta_support_process_control,canonical,4,72,64,704,359,144,75497472,524288,16,2048,40,1,L,fsl-x225-multisupport-source5x5-s351-362-20260716-0215-n4-d0-dep4-md704-it144-x1p00-s359-rg0,4,0,x225_multisupport_delta_confirmation_source,4,75497472,524288,Fresh measured 5x5 source grid for the sealed x225 multi-support Delta confirmation. Target losses are evaluation-only.,controlled_model_dim_source_prefix_smalln_5x5,46858504.0,46858504.0,0.0,0.162821576719,21,x225_multisupport_full_5x5_collection,,1.305337,0,144,75497472,1.0,physical_full_5x5_collection,4:0,0:0;0:1;0:2;0:3;0:4;1:0;1:1;1:2;1:3;1:4;2:0;2:1;2:2;2:3;2:4;3:0;3:1;3:2;3:3;3:4;4:0;4:1;4:2;4:3;4:4,x225_multisupport_confirmation,paired_train_seed,sealed_evaluation_only,Submit GPU jobs to gpumedium; do not use pilot/gpupilot.
fsl_x225_multisupport_source5x5_s351_362_20260716_0215_n4-d1-dep4-md704-it216-x1p00-s359-rg0,source_delta_support_process_control,canonical,4,72,64,704,359,216,113246208,524288,16,2048,40,1,L,fsl-x225-multisupport-source5x5-s351-362-20260716-0215-n4-d1-dep4-md704-it216-x1p00-s359-rg0,4,1,x225_multisupport_delta_confirmation_source,4,113246208,524288,Fresh measured 5x5 source grid for the sealed x225 multi-support Delta confirmation. Target losses are evaluation-only.,controlled_model_dim_source_prefix_smalln_5x5,46858504.0,46858504.0,0.0,0.162821576719,22,x225_multisupport_full_5x5_collection,,1.305337,0,216,113246208,1.0,physical_full_5x5_collection,4:1,0:0;0:1;0:2;0:3;0:4;1:0;1:1;1:2;1:3;1:4;2:0;2:1;2:2;2:3;2:4;3:0;3:1;3:2;3:3;3:4;4:0;4:1;4:2;4:3;4:4,x225_multisupport_confirmation,paired_train_seed,sealed_evaluation_only,Submit GPU jobs to gpumedium; do not use pilot/gpupilot.
fsl_x225_multisupport_source5x5_s351_362_20260716_0215_n4-d2-dep4-md704-it324-x1p00-s359-rg0,source_delta_support_process_control,canonical,4,72,64,704,359,324,169869312,524288,16,2048,40,1,L,fsl-x225-multisupport-source5x5-s351-362-20260716-0215-n4-d2-dep4-md704-it324-x1p00-s359-rg0,4,2,x225_multisupport_delta_confirmation_source,4,169869312,524288,Fresh measured 5x5 source grid for the sealed x225 multi-support Delta confirmation. Target losses are evaluation-only.,controlled_model_dim_source_prefix_smalln_5x5,46858504.0,46858504.0,0.0,0.162821576719,23,x225_multisupport_full_5x5_collection,,1.305337,0,324,169869312,1.0,physical_full_5x5_collection,4:2,0:0;0:1;0:2;0:3;0:4;1:0;1:1;1:2;1:3;1:4;2:0;2:1;2:2;2:3;2:4;3:0;3:1;3:2;3:3;3:4;4:0;4:1;4:2;4:3;4:4,x225_multisupport_confirmation,paired_train_seed,sealed_evaluation_only,Submit GPU jobs to gpumedium; do not use pilot/gpupilot.
fsl_x225_multisupport_source5x5_s351_362_20260716_0215_n4-d3-dep4-md704-it486-x1p00-s359-rg0,source_delta_support_process_control,canonical,4,72,64,704,359,486,254803968,524288,16,2048,40,1,L,fsl-x225-multisupport-source5x5-s351-362-20260716-0215-n4-d3-dep4-md704-it486-x1p00-s359-rg0,4,3,x225_multisupport_delta_confirmation_source,4,254803968,524288,Fresh measured 5x5 source grid for the sealed x225 multi-support Delta confirmation. Target losses are evaluation-only.,controlled_model_dim_source_prefix_smalln_5x5,46858504.0,46858504.0,0.0,0.162821576719,24,x225_multisupport_full_5x5_collection,,1.305337,0,486,254803968,1.0,physical_full_5x5_collection,4:3,0:0;0:1;0:2;0:3;0:4;1:0;1:1;1:2;1:3;1:4;2:0;2:1;2:2;2:3;2:4;3:0;3:1;3:2;3:3;3:4;4:0;4:1;4:2;4:3;4:4,x225_multisupport_confirmation,paired_train_seed,sealed_evaluation_only,Submit GPU jobs to gpumedium; do not use pilot/gpupilot.
fsl_x225_multisupport_source5x5_s351_362_20260716_0215_n4-d4-dep4-md704-it729-x1p00-s359-rg0,source_delta_support_process_control,canonical,4,72,64,704,359,729,382205952,524288,16,2048,40,1,L,fsl-x225-multisupport-source5x5-s351-362-20260716-0215-n4-d4-dep4-md704-it729-x1p00-s359-rg0,4,4,x225_multisupport_delta_confirmation_source,4,382205952,524288,Fresh measured 5x5 source grid for the sealed x225 multi-support Delta confirmation. Target losses are evaluation-only.,controlled_model_dim_source_prefix_smalln_5x5,46858504.0,46858504.0,0.0,0.162821576719,25,x225_multisupport_full_5x5_collection,,1.305337,0,729,382205952,1.0,physical_full_5x5_collection,4:4,0:0;0:1;0:2;0:3;0:4;1:0;1:1;1:2;1:3;1:4;2:0;2:1;2:2;2:3;2:4;3:0;3:1;3:2;3:3;3:4;4:0;4:1;4:2;4:3;4:4,x225_multisupport_confirmation,paired_train_seed,sealed_evaluation_only,Submit GPU jobs to gpumedium; do not use pilot/gpupilot.
fsl_x225_multisupport_source5x5_s351_362_20260716_0215_n0-d0-dep4-md128-it144-x1p00-s360-rg0,source_delta_support_process_control,canonical,4,72,64,128,360,144,75497472,524288,16,2048,40,1,L,fsl-x225-multisupport-source5x5-s351-362-20260716-0215-n0-d0-dep4-md128-it144-x1p00-s360-rg0,0,0,x225_multisupport_delta_confirmation_source,4,75497472,524288,Fresh measured 5x5 source grid for the sealed x225 multi-support Delta confirmation. Target losses are evaluation-only.,controlled_model_dim_source_prefix_smalln_5x5,4980784.0,4980784.0,0.0,0.162821576719,1,x225_multisupport_full_5x5_collection,,1.305337,0,144,75497472,1.0,physical_full_5x5_collection,0:0,0:0;0:1;0:2;0:3;0:4;1:0;1:1;1:2;1:3;1:4;2:0;2:1;2:2;2:3;2:4;3:0;3:1;3:2;3:3;3:4;4:0;4:1;4:2;4:3;4:4,x225_multisupport_confirmation,paired_train_seed,sealed_evaluation_only,Submit GPU jobs to gpumedium; do not use pilot/gpupilot.
fsl_x225_multisupport_source5x5_s351_362_20260716_0215_n0-d1-dep4-md128-it216-x1p00-s360-rg0,source_delta_support_process_control,canonical,4,72,64,128,360,216,113246208,524288,16,2048,40,1,L,fsl-x225-multisupport-source5x5-s351-362-20260716-0215-n0-d1-dep4-md128-it216-x1p00-s360-rg0,0,1,x225_multisupport_delta_confirmation_source,4,113246208,524288,Fresh measured 5x5 source grid for the sealed x225 multi-support Delta confirmation. Target losses are evaluation-only.,controlled_model_dim_source_prefix_smalln_5x5,4980784.0,4980784.0,0.0,0.162821576719,2,x225_multisupport_full_5x5_collection,,1.305337,0,216,113246208,1.0,physical_full_5x5_collection,0:1,0:0;0:1;0:2;0:3;0:4;1:0;1:1;1:2;1:3;1:4;2:0;2:1;2:2;2:3;2:4;3:0;3:1;3:2;3:3;3:4;4:0;4:1;4:2;4:3;4:4,x225_multisupport_confirmation,paired_train_seed,sealed_evaluation_only,Submit GPU jobs to gpumedium; do not use pilot/gpupilot.
fsl_x225_multisupport_source5x5_s351_362_20260716_0215_n0-d2-dep4-md128-it324-x1p00-s360-rg0,source_delta_support_process_control,canonical,4,72,64,128,360,324,169869312,524288,16,2048,40,1,L,fsl-x225-multisupport-source5x5-s351-362-20260716-0215-n0-d2-dep4-md128-it324-x1p00-s360-rg0,0,2,x225_multisupport_delta_confirmation_source,4,169869312,524288,Fresh measured 5x5 source grid for the sealed x225 multi-support Delta confirmation. Target losses are evaluation-only.,controlled_model_dim_source_prefix_smalln_5x5,4980784.0,4980784.0,0.0,0.162821576719,3,x225_multisupport_full_5x5_collection,,1.305337,0,324,169869312,1.0,physical_full_5x5_collection,0:2,0:0;0:1;0:2;0:3;0:4;1:0;1:1;1:2;1:3;1:4;2:0;2:1;2:2;2:3;2:4;3:0;3:1;3:2;3:3;3:4;4:0;4:1;4:2;4:3;4:4,x225_multisupport_confirmation,paired_train_seed,sealed_evaluation_only,Submit GPU jobs to gpumedium; do not use pilot/gpupilot.
fsl_x225_multisupport_source5x5_s351_362_20260716_0215_n0-d3-dep4-md128-it486-x1p00-s360-rg0,source_delta_support_process_control,canonical,4,72,64,128,360,486,254803968,524288,16,2048,40,1,L,fsl-x225-multisupport-source5x5-s351-362-20260716-0215-n0-d3-dep4-md128-it486-x1p00-s360-rg0,0,3,x225_multisupport_delta_confirmation_source,4,254803968,524288,Fresh measured 5x5 source grid for the sealed x225 multi-support Delta confirmation. Target losses are evaluation-only.,controlled_model_dim_source_prefix_smalln_5x5,4980784.0,4980784.0,0.0,0.162821576719,4,x225_multisupport_full_5x5_collection,,1.305337,0,486,254803968,1.0,physical_full_5x5_collection,0:3,0:0;0:1;0:2;0:3;0:4;1:0;1:1;1:2;1:3;1:4;2:0;2:1;2:2;2:3;2:4;3:0;3:1;3:2;3:3;3:4;4:0;4:1;4:2;4:3;4:4,x225_multisupport_confirmation,paired_train_seed,sealed_evaluation_only,Submit GPU jobs to gpumedium; do not use pilot/gpupilot.
fsl_x225_multisupport_source5x5_s351_362_20260716_0215_n0-d4-dep4-md128-it729-x1p00-s360-rg0,source_delta_support_process_control,canonical,4,72,64,128,360,729,382205952,524288,16,2048,40,1,L,fsl-x225-multisupport-source5x5-s351-362-20260716-0215-n0-d4-dep4-md128-it729-x1p00-s360-rg0,0,4,x225_multisupport_delta_confirmation_source,4,382205952,524288,Fresh measured 5x5 source grid for the sealed x225 multi-support Delta confirmation. Target losses are evaluation-only.,controlled_model_dim_source_prefix_smalln_5x5,4980784.0,4980784.0,0.0,0.162821576719,5,x225_multisupport_full_5x5_collection,,1.305337,0,729,382205952,1.0,physical_full_5x5_collection,0:4,0:0;0:1;0:2;0:3;0:4;1:0;1:1;1:2;1:3;1:4;2:0;2:1;2:2;2:3;2:4;3:0;3:1;3:2;3:3;3:4;4:0;4:1;4:2;4:3;4:4,x225_multisupport_confirmation,paired_train_seed,sealed_evaluation_only,Submit GPU jobs to gpumedium; do not use pilot/gpupilot.
fsl_x225_multisupport_source5x5_s351_362_20260716_0215_n1-d0-dep4-md192-it144-x1p00-s360-rg0,source_delta_support_process_control,canonical,4,72,64,192,360,144,75497472,524288,16,2048,40,1,L,fsl-x225-multisupport-source5x5-s351-362-20260716-0215-n1-d0-dep4-md192-it144-x1p00-s360-rg0,1,0,x225_multisupport_delta_confirmation_source,4,75497472,524288,Fresh measured 5x5 source grid for the sealed x225 multi-support Delta confirmation. Target losses are evaluation-only.,controlled_model_dim_source_prefix_smalln_5x5,8061000.0,8061000.0,0.0,0.162821576719,6,x225_multisupport_full_5x5_collection,,1.305337,0,144,75497472,1.0,physical_full_5x5_collection,1:0,0:0;0:1;0:2;0:3;0:4;1:0;1:1;1:2;1:3;1:4;2:0;2:1;2:2;2:3;2:4;3:0;3:1;3:2;3:3;3:4;4:0;4:1;4:2;4:3;4:4,x225_multisupport_confirmation,paired_train_seed,sealed_evaluation_only,Submit GPU jobs to gpumedium; do not use pilot/gpupilot.
fsl_x225_multisupport_source5x5_s351_362_20260716_0215_n1-d1-dep4-md192-it216-x1p00-s360-rg0,source_delta_support_process_control,canonical,4,72,64,192,360,216,113246208,524288,16,2048,40,1,L,fsl-x225-multisupport-source5x5-s351-362-20260716-0215-n1-d1-dep4-md192-it216-x1p00-s360-rg0,1,1,x225_multisupport_delta_confirmation_source,4,113246208,524288,Fresh measured 5x5 source grid for the sealed x225 multi-support Delta confirmation. Target losses are evaluation-only.,controlled_model_dim_source_prefix_smalln_5x5,8061000.0,8061000.0,0.0,0.162821576719,7,x225_multisupport_full_5x5_collection,,1.305337,0,216,113246208,1.0,physical_full_5x5_collection,1:1,0:0;0:1;0:2;0:3;0:4;1:0;1:1;1:2;1:3;1:4;2:0;2:1;2:2;2:3;2:4;3:0;3:1;3:2;3:3;3:4;4:0;4:1;4:2;4:3;4:4,x225_multisupport_confirmation,paired_train_seed,sealed_evaluation_only,Submit GPU jobs to gpumedium; do not use pilot/gpupilot.
fsl_x225_multisupport_source5x5_s351_362_20260716_0215_n1-d2-dep4-md192-it324-x1p00-s360-rg0,source_delta_support_process_control,canonical,4,72,64,192,360,324,169869312,524288,16,2048,40,1,L,fsl-x225-multisupport-source5x5-s351-362-20260716-0215-n1-d2-dep4-md192-it324-x1p00-s360-rg0,1,2,x225_multisupport_delta_confirmation_source,4,169869312,524288,Fresh measured 5x5 source grid for the sealed x225 multi-support Delta confirmation. Target losses are evaluation-only.,controlled_model_dim_source_prefix_smalln_5x5,8061000.0,8061000.0,0.0,0.162821576719,8,x225_multisupport_full_5x5_collection,,1.305337,0,324,169869312,1.0,physical_full_5x5_collection,1:2,0:0;0:1;0:2;0:3;0:4;1:0;1:1;1:2;1:3;1:4;2:0;2:1;2:2;2:3;2:4;3:0;3:1;3:2;3:3;3:4;4:0;4:1;4:2;4:3;4:4,x225_multisupport_confirmation,paired_train_seed,sealed_evaluation_only,Submit GPU jobs to gpumedium; do not use pilot/gpupilot.
fsl_x225_multisupport_source5x5_s351_362_20260716_0215_n1-d3-dep4-md192-it486-x1p00-s360-rg0,source_delta_support_process_control,canonical,4,72,64,192,360,486,254803968,524288,16,2048,40,1,L,fsl-x225-multisupport-source5x5-s351-362-20260716-0215-n1-d3-dep4-md192-it486-x1p00-s360-rg0,1,3,x225_multisupport_delta_confirmation_source,4,254803968,524288,Fresh measured 5x5 source grid for the sealed x225 multi-support Delta confirmation. Target losses are evaluation-only.,controlled_model_dim_source_prefix_smalln_5x5,8061000.0,8061000.0,0.0,0.162821576719,9,x225_multisupport_full_5x5_collection,,1.305337,0,486,254803968,1.0,physical_full_5x5_collection,1:3,0:0;0:1;0:2;0:3;0:4;1:0;1:1;1:2;1:3;1:4;2:0;2:1;2:2;2:3;2:4;3:0;3:1;3:2;3:3;3:4;4:0;4:1;4:2;4:3;4:4,x225_multisupport_confirmation,paired_train_seed,sealed_evaluation_only,Submit GPU jobs to gpumedium; do not use pilot/gpupilot.
fsl_x225_multisupport_source5x5_s351_362_20260716_0215_n1-d4-dep4-md192-it729-x1p00-s360-rg0,source_delta_support_process_control,canonical,4,72,64,192,360,729,382205952,524288,16,2048,40,1,L,fsl-x225-multisupport-source5x5-s351-362-20260716-0215-n1-d4-dep4-md192-it729-x1p00-s360-rg0,1,4,x225_multisupport_delta_confirmation_source,4,382205952,524288,Fresh measured 5x5 source grid for the sealed x225 multi-support Delta confirmation. Target losses are evaluation-only.,controlled_model_dim_source_prefix_smalln_5x5,8061000.0,8061000.0,0.0,0.162821576719,10,x225_multisupport_full_5x5_collection,,1.305337,0,729,382205952,1.0,physical_full_5x5_collection,1:4,0:0;0:1;0:2;0:3;0:4;1:0;1:1;1:2;1:3;1:4;2:0;2:1;2:2;2:3;2:4;3:0;3:1;3:2;3:3;3:4;4:0;4:1;4:2;4:3;4:4,x225_multisupport_confirmation,paired_train_seed,sealed_evaluation_only,Submit GPU jobs to gpumedium; do not use pilot/gpupilot.
fsl_x225_multisupport_source5x5_s351_362_20260716_0215_n2-d0-dep4-md320-it144-x1p00-s360-rg0,source_delta_support_process_control,canonical,4,72,64,320,360,144,75497472,524288,16,2048,40,1,L,fsl-x225-multisupport-source5x5-s351-362-20260716-0215-n2-d0-dep4-md320-it144-x1p00-s360-rg0,2,0,x225_multisupport_delta_confirmation_source,4,75497472,524288,Fresh measured 5x5 source grid for the sealed x225 multi-support Delta confirmation. Target losses are evaluation-only.,controlled_model_dim_source_prefix_smalln_5x5,15401080.0,15401080.0,0.0,0.162821576719,11,x225_multisupport_full_5x5_collection,,1.305337,0,144,75497472,1.0,physical_full_5x5_collection,2:0,0:0;0:1;0:2;0:3;0:4;1:0;1:1;1:2;1:3;1:4;2:0;2:1;2:2;2:3;2:4;3:0;3:1;3:2;3:3;3:4;4:0;4:1;4:2;4:3;4:4,x225_multisupport_confirmation,paired_train_seed,sealed_evaluation_only,Submit GPU jobs to gpumedium; do not use pilot/gpupilot.
fsl_x225_multisupport_source5x5_s351_362_20260716_0215_n2-d1-dep4-md320-it216-x1p00-s360-rg0,source_delta_support_process_control,canonical,4,72,64,320,360,216,113246208,524288,16,2048,40,1,L,fsl-x225-multisupport-source5x5-s351-362-20260716-0215-n2-d1-dep4-md320-it216-x1p00-s360-rg0,2,1,x225_multisupport_delta_confirmation_source,4,113246208,524288,Fresh measured 5x5 source grid for the sealed x225 multi-support Delta confirmation. Target losses are evaluation-only.,controlled_model_dim_source_prefix_smalln_5x5,15401080.0,15401080.0,0.0,0.162821576719,12,x225_multisupport_full_5x5_collection,,1.305337,0,216,113246208,1.0,physical_full_5x5_collection,2:1,0:0;0:1;0:2;0:3;0:4;1:0;1:1;1:2;1:3;1:4;2:0;2:1;2:2;2:3;2:4;3:0;3:1;3:2;3:3;3:4;4:0;4:1;4:2;4:3;4:4,x225_multisupport_confirmation,paired_train_seed,sealed_evaluation_only,Submit GPU jobs to gpumedium; do not use pilot/gpupilot.
fsl_x225_multisupport_source5x5_s351_362_20260716_0215_n2-d2-dep4-md320-it324-x1p00-s360-rg0,source_delta_support_process_control,canonical,4,72,64,320,360,324,169869312,524288,16,2048,40,1,L,fsl-x225-multisupport-source5x5-s351-362-20260716-0215-n2-d2-dep4-md320-it324-x1p00-s360-rg0,2,2,x225_multisupport_delta_confirmation_source,4,169869312,524288,Fresh measured 5x5 source grid for the sealed x225 multi-support Delta confirmation. Target losses are evaluation-only.,controlled_model_dim_source_prefix_smalln_5x5,15401080.0,15401080.0,0.0,0.162821576719,13,x225_multisupport_full_5x5_collection,,1.305337,0,324,169869312,1.0,physical_full_5x5_collection,2:2,0:0;0:1;0:2;0:3;0:4;1:0;1:1;1:2;1:3;1:4;2:0;2:1;2:2;2:3;2:4;3:0;3:1;3:2;3:3;3:4;4:0;4:1;4:2;4:3;4:4,x225_multisupport_confirmation,paired_train_seed,sealed_evaluation_only,Submit GPU jobs to gpumedium; do not use pilot/gpupilot.
fsl_x225_multisupport_source5x5_s351_362_20260716_0215_n2-d3-dep4-md320-it486-x1p00-s360-rg0,source_delta_support_process_control,canonical,4,72,64,320,360,486,254803968,524288,16,2048,40,1,L,fsl-x225-multisupport-source5x5-s351-362-20260716-0215-n2-d3-dep4-md320-it486-x1p00-s360-rg0,2,3,x225_multisupport_delta_confirmation_source,4,254803968,524288,Fresh measured 5x5 source grid for the sealed x225 multi-support Delta confirmation. Target losses are evaluation-only.,controlled_model_dim_source_prefix_smalln_5x5,15401080.0,15401080.0,0.0,0.162821576719,14,x225_multisupport_full_5x5_collection,,1.305337,0,486,254803968,1.0,physical_full_5x5_collection,2:3,0:0;0:1;0:2;0:3;0:4;1:0;1:1;1:2;1:3;1:4;2:0;2:1;2:2;2:3;2:4;3:0;3:1;3:2;3:3;3:4;4:0;4:1;4:2;4:3;4:4,x225_multisupport_confirmation,paired_train_seed,sealed_evaluation_only,Submit GPU jobs to gpumedium; do not use pilot/gpupilot.
fsl_x225_multisupport_source5x5_s351_362_20260716_0215_n2-d4-dep4-md320-it729-x1p00-s360-rg0,source_delta_support_process_control,canonical,4,72,64,320,360,729,382205952,524288,16,2048,40,1,L,fsl-x225-multisupport-source5x5-s351-362-20260716-0215-n2-d4-dep4-md320-it729-x1p00-s360-rg0,2,4,x225_multisupport_delta_confirmation_source,4,382205952,524288,Fresh measured 5x5 source grid for the sealed x225 multi-support Delta confirmation. Target losses are evaluation-only.,controlled_model_dim_source_prefix_smalln_5x5,15401080.0,15401080.0,0.0,0.162821576719,15,x225_multisupport_full_5x5_collection,,1.305337,0,729,382205952,1.0,physical_full_5x5_collection,2:4,0:0;0:1;0:2;0:3;0:4;1:0;1:1;1:2;1:3;1:4;2:0;2:1;2:2;2:3;2:4;3:0;3:1;3:2;3:3;3:4;4:0;4:1;4:2;4:3;4:4,x225_multisupport_confirmation,paired_train_seed,sealed_evaluation_only,Submit GPU jobs to gpumedium; do not use pilot/gpupilot.
fsl_x225_multisupport_source5x5_s351_362_20260716_0215_n3-d0-dep4-md512-it144-x1p00-s360-rg0,source_delta_support_process_control,canonical,4,72,64,512,360,144,75497472,524288,16,2048,40,1,L,fsl-x225-multisupport-source5x5-s351-362-20260716-0215-n3-d0-dep4-md512-it144-x1p00-s360-rg0,3,0,x225_multisupport_delta_confirmation_source,4,75497472,524288,Fresh measured 5x5 source grid for the sealed x225 multi-support Delta confirmation. Target losses are evaluation-only.,controlled_model_dim_source_prefix_smalln_5x5,29360320.0,29360320.0,0.0,0.162821576719,16,x225_multisupport_full_5x5_collection,,1.305337,0,144,75497472,1.0,physical_full_5x5_collection,3:0,0:0;0:1;0:2;0:3;0:4;1:0;1:1;1:2;1:3;1:4;2:0;2:1;2:2;2:3;2:4;3:0;3:1;3:2;3:3;3:4;4:0;4:1;4:2;4:3;4:4,x225_multisupport_confirmation,paired_train_seed,sealed_evaluation_only,Submit GPU jobs to gpumedium; do not use pilot/gpupilot.
fsl_x225_multisupport_source5x5_s351_362_20260716_0215_n3-d1-dep4-md512-it216-x1p00-s360-rg0,source_delta_support_process_control,canonical,4,72,64,512,360,216,113246208,524288,16,2048,40,1,L,fsl-x225-multisupport-source5x5-s351-362-20260716-0215-n3-d1-dep4-md512-it216-x1p00-s360-rg0,3,1,x225_multisupport_delta_confirmation_source,4,113246208,524288,Fresh measured 5x5 source grid for the sealed x225 multi-support Delta confirmation. Target losses are evaluation-only.,controlled_model_dim_source_prefix_smalln_5x5,29360320.0,29360320.0,0.0,0.162821576719,17,x225_multisupport_full_5x5_collection,,1.305337,0,216,113246208,1.0,physical_full_5x5_collection,3:1,0:0;0:1;0:2;0:3;0:4;1:0;1:1;1:2;1:3;1:4;2:0;2:1;2:2;2:3;2:4;3:0;3:1;3:2;3:3;3:4;4:0;4:1;4:2;4:3;4:4,x225_multisupport_confirmation,paired_train_seed,sealed_evaluation_only,Submit GPU jobs to gpumedium; do not use pilot/gpupilot.
fsl_x225_multisupport_source5x5_s351_362_20260716_0215_n3-d2-dep4-md512-it324-x1p00-s360-rg0,source_delta_support_process_control,canonical,4,72,64,512,360,324,169869312,524288,16,2048,40,1,L,fsl-x225-multisupport-source5x5-s351-362-20260716-0215-n3-d2-dep4-md512-it324-x1p00-s360-rg0,3,2,x225_multisupport_delta_confirmation_source,4,169869312,524288,Fresh measured 5x5 source grid for the sealed x225 multi-support Delta confirmation. Target losses are evaluation-only.,controlled_model_dim_source_prefix_smalln_5x5,29360320.0,29360320.0,0.0,0.162821576719,18,x225_multisupport_full_5x5_collection,,1.305337,0,324,169869312,1.0,physical_full_5x5_collection,3:2,0:0;0:1;0:2;0:3;0:4;1:0;1:1;1:2;1:3;1:4;2:0;2:1;2:2;2:3;2:4;3:0;3:1;3:2;3:3;3:4;4:0;4:1;4:2;4:3;4:4,x225_multisupport_confirmation,paired_train_seed,sealed_evaluation_only,Submit GPU jobs to gpumedium; do not use pilot/gpupilot.
fsl_x225_multisupport_source5x5_s351_362_20260716_0215_n3-d3-dep4-md512-it486-x1p00-s360-rg0,source_delta_support_process_control,canonical,4,72,64,512,360,486,254803968,524288,16,2048,40,1,L,fsl-x225-multisupport-source5x5-s351-362-20260716-0215-n3-d3-dep4-md512-it486-x1p00-s360-rg0,3,3,x225_multisupport_delta_confirmation_source,4,254803968,524288,Fresh measured 5x5 source grid for the sealed x225 multi-support Delta confirmation. Target losses are evaluation-only.,controlled_model_dim_source_prefix_smalln_5x5,29360320.0,29360320.0,0.0,0.162821576719,19,x225_multisupport_full_5x5_collection,,1.305337,0,486,254803968,1.0,physical_full_5x5_collection,3:3,0:0;0:1;0:2;0:3;0:4;1:0;1:1;1:2;1:3;1:4;2:0;2:1;2:2;2:3;2:4;3:0;3:1;3:2;3:3;3:4;4:0;4:1;4:2;4:3;4:4,x225_multisupport_confirmation,paired_train_seed,sealed_evaluation_only,Submit GPU jobs to gpumedium; do not use pilot/gpupilot.
fsl_x225_multisupport_source5x5_s351_362_20260716_0215_n3-d4-dep4-md512-it729-x1p00-s360-rg0,source_delta_support_process_control,canonical,4,72,64,512,360,729,382205952,524288,16,2048,40,1,L,fsl-x225-multisupport-source5x5-s351-362-20260716-0215-n3-d4-dep4-md512-it729-x1p00-s360-rg0,3,4,x225_multisupport_delta_confirmation_source,4,382205952,524288,Fresh measured 5x5 source grid for the sealed x225 multi-support Delta confirmation. Target losses are evaluation-only.,controlled_model_dim_source_prefix_smalln_5x5,29360320.0,29360320.0,0.0,0.162821576719,20,x225_multisupport_full_5x5_collection,,1.305337,0,729,382205952,1.0,physical_full_5x5_collection,3:4,0:0;0:1;0:2;0:3;0:4;1:0;1:1;1:2;1:3;1:4;2:0;2:1;2:2;2:3;2:4;3:0;3:1;3:2;3:3;3:4;4:0;4:1;4:2;4:3;4:4,x225_multisupport_confirmation,paired_train_seed,sealed_evaluation_only,Submit GPU jobs to gpumedium; do not use pilot/gpupilot.
fsl_x225_multisupport_source5x5_s351_362_20260716_0215_n4-d0-dep4-md704-it144-x1p00-s360-rg0,source_delta_support_process_control,canonical,4,72,64,704,360,144,75497472,524288,16,2048,40,1,L,fsl-x225-multisupport-source5x5-s351-362-20260716-0215-n4-d0-dep4-md704-it144-x1p00-s360-rg0,4,0,x225_multisupport_delta_confirmation_source,4,75497472,524288,Fresh measured 5x5 source grid for the sealed x225 multi-support Delta confirmation. Target losses are evaluation-only.,controlled_model_dim_source_prefix_smalln_5x5,46858504.0,46858504.0,0.0,0.162821576719,21,x225_multisupport_full_5x5_collection,,1.305337,0,144,75497472,1.0,physical_full_5x5_collection,4:0,0:0;0:1;0:2;0:3;0:4;1:0;1:1;1:2;1:3;1:4;2:0;2:1;2:2;2:3;2:4;3:0;3:1;3:2;3:3;3:4;4:0;4:1;4:2;4:3;4:4,x225_multisupport_confirmation,paired_train_seed,sealed_evaluation_only,Submit GPU jobs to gpumedium; do not use pilot/gpupilot.
fsl_x225_multisupport_source5x5_s351_362_20260716_0215_n4-d1-dep4-md704-it216-x1p00-s360-rg0,source_delta_support_process_control,canonical,4,72,64,704,360,216,113246208,524288,16,2048,40,1,L,fsl-x225-multisupport-source5x5-s351-362-20260716-0215-n4-d1-dep4-md704-it216-x1p00-s360-rg0,4,1,x225_multisupport_delta_confirmation_source,4,113246208,524288,Fresh measured 5x5 source grid for the sealed x225 multi-support Delta confirmation. Target losses are evaluation-only.,controlled_model_dim_source_prefix_smalln_5x5,46858504.0,46858504.0,0.0,0.162821576719,22,x225_multisupport_full_5x5_collection,,1.305337,0,216,113246208,1.0,physical_full_5x5_collection,4:1,0:0;0:1;0:2;0:3;0:4;1:0;1:1;1:2;1:3;1:4;2:0;2:1;2:2;2:3;2:4;3:0;3:1;3:2;3:3;3:4;4:0;4:1;4:2;4:3;4:4,x225_multisupport_confirmation,paired_train_seed,sealed_evaluation_only,Submit GPU jobs to gpumedium; do not use pilot/gpupilot.
fsl_x225_multisupport_source5x5_s351_362_20260716_0215_n4-d2-dep4-md704-it324-x1p00-s360-rg0,source_delta_support_process_control,canonical,4,72,64,704,360,324,169869312,524288,16,2048,40,1,L,fsl-x225-multisupport-source5x5-s351-362-20260716-0215-n4-d2-dep4-md704-it324-x1p00-s360-rg0,4,2,x225_multisupport_delta_confirmation_source,4,169869312,524288,Fresh measured 5x5 source grid for the sealed x225 multi-support Delta confirmation. Target losses are evaluation-only.,controlled_model_dim_source_prefix_smalln_5x5,46858504.0,46858504.0,0.0,0.162821576719,23,x225_multisupport_full_5x5_collection,,1.305337,0,324,169869312,1.0,physical_full_5x5_collection,4:2,0:0;0:1;0:2;0:3;0:4;1:0;1:1;1:2;1:3;1:4;2:0;2:1;2:2;2:3;2:4;3:0;3:1;3:2;3:3;3:4;4:0;4:1;4:2;4:3;4:4,x225_multisupport_confirmation,paired_train_seed,sealed_evaluation_only,Submit GPU jobs to gpumedium; do not use pilot/gpupilot.
fsl_x225_multisupport_source5x5_s351_362_20260716_0215_n4-d3-dep4-md704-it486-x1p00-s360-rg0,source_delta_support_process_control,canonical,4,72,64,704,360,486,254803968,524288,16,2048,40,1,L,fsl-x225-multisupport-source5x5-s351-362-20260716-0215-n4-d3-dep4-md704-it486-x1p00-s360-rg0,4,3,x225_multisupport_delta_confirmation_source,4,254803968,524288,Fresh measured 5x5 source grid for the sealed x225 multi-support Delta confirmation. Target losses are evaluation-only.,controlled_model_dim_source_prefix_smalln_5x5,46858504.0,46858504.0,0.0,0.162821576719,24,x225_multisupport_full_5x5_collection,,1.305337,0,486,254803968,1.0,physical_full_5x5_collection,4:3,0:0;0:1;0:2;0:3;0:4;1:0;1:1;1:2;1:3;1:4;2:0;2:1;2:2;2:3;2:4;3:0;3:1;3:2;3:3;3:4;4:0;4:1;4:2;4:3;4:4,x225_multisupport_confirmation,paired_train_seed,sealed_evaluation_only,Submit GPU jobs to gpumedium; do not use pilot/gpupilot.
fsl_x225_multisupport_source5x5_s351_362_20260716_0215_n4-d4-dep4-md704-it729-x1p00-s360-rg0,source_delta_support_process_control,canonical,4,72,64,704,360,729,382205952,524288,16,2048,40,1,L,fsl-x225-multisupport-source5x5-s351-362-20260716-0215-n4-d4-dep4-md704-it729-x1p00-s360-rg0,4,4,x225_multisupport_delta_confirmation_source,4,382205952,524288,Fresh measured 5x5 source grid for the sealed x225 multi-support Delta confirmation. Target losses are evaluation-only.,controlled_model_dim_source_prefix_smalln_5x5,46858504.0,46858504.0,0.0,0.162821576719,25,x225_multisupport_full_5x5_collection,,1.305337,0,729,382205952,1.0,physical_full_5x5_collection,4:4,0:0;0:1;0:2;0:3;0:4;1:0;1:1;1:2;1:3;1:4;2:0;2:1;2:2;2:3;2:4;3:0;3:1;3:2;3:3;3:4;4:0;4:1;4:2;4:3;4:4,x225_multisupport_confirmation,paired_train_seed,sealed_evaluation_only,Submit GPU jobs to gpumedium; do not use pilot/gpupilot.
fsl_x225_multisupport_source5x5_s351_362_20260716_0215_n0-d0-dep4-md128-it144-x1p00-s361-rg0,source_delta_support_process_control,canonical,4,72,64,128,361,144,75497472,524288,16,2048,40,1,L,fsl-x225-multisupport-source5x5-s351-362-20260716-0215-n0-d0-dep4-md128-it144-x1p00-s361-rg0,0,0,x225_multisupport_delta_confirmation_source,4,75497472,524288,Fresh measured 5x5 source grid for the sealed x225 multi-support Delta confirmation. Target losses are evaluation-only.,controlled_model_dim_source_prefix_smalln_5x5,4980784.0,4980784.0,0.0,0.162821576719,1,x225_multisupport_full_5x5_collection,,1.305337,0,144,75497472,1.0,physical_full_5x5_collection,0:0,0:0;0:1;0:2;0:3;0:4;1:0;1:1;1:2;1:3;1:4;2:0;2:1;2:2;2:3;2:4;3:0;3:1;3:2;3:3;3:4;4:0;4:1;4:2;4:3;4:4,x225_multisupport_confirmation,paired_train_seed,sealed_evaluation_only,Submit GPU jobs to gpumedium; do not use pilot/gpupilot.
fsl_x225_multisupport_source5x5_s351_362_20260716_0215_n0-d1-dep4-md128-it216-x1p00-s361-rg0,source_delta_support_process_control,canonical,4,72,64,128,361,216,113246208,524288,16,2048,40,1,L,fsl-x225-multisupport-source5x5-s351-362-20260716-0215-n0-d1-dep4-md128-it216-x1p00-s361-rg0,0,1,x225_multisupport_delta_confirmation_source,4,113246208,524288,Fresh measured 5x5 source grid for the sealed x225 multi-support Delta confirmation. Target losses are evaluation-only.,controlled_model_dim_source_prefix_smalln_5x5,4980784.0,4980784.0,0.0,0.162821576719,2,x225_multisupport_full_5x5_collection,,1.305337,0,216,113246208,1.0,physical_full_5x5_collection,0:1,0:0;0:1;0:2;0:3;0:4;1:0;1:1;1:2;1:3;1:4;2:0;2:1;2:2;2:3;2:4;3:0;3:1;3:2;3:3;3:4;4:0;4:1;4:2;4:3;4:4,x225_multisupport_confirmation,paired_train_seed,sealed_evaluation_only,Submit GPU jobs to gpumedium; do not use pilot/gpupilot.
fsl_x225_multisupport_source5x5_s351_362_20260716_0215_n0-d2-dep4-md128-it324-x1p00-s361-rg0,source_delta_support_process_control,canonical,4,72,64,128,361,324,169869312,524288,16,2048,40,1,L,fsl-x225-multisupport-source5x5-s351-362-20260716-0215-n0-d2-dep4-md128-it324-x1p00-s361-rg0,0,2,x225_multisupport_delta_confirmation_source,4,169869312,524288,Fresh measured 5x5 source grid for the sealed x225 multi-support Delta confirmation. Target losses are evaluation-only.,controlled_model_dim_source_prefix_smalln_5x5,4980784.0,4980784.0,0.0,0.162821576719,3,x225_multisupport_full_5x5_collection,,1.305337,0,324,169869312,1.0,physical_full_5x5_collection,0:2,0:0;0:1;0:2;0:3;0:4;1:0;1:1;1:2;1:3;1:4;2:0;2:1;2:2;2:3;2:4;3:0;3:1;3:2;3:3;3:4;4:0;4:1;4:2;4:3;4:4,x225_multisupport_confirmation,paired_train_seed,sealed_evaluation_only,Submit GPU jobs to gpumedium; do not use pilot/gpupilot.
fsl_x225_multisupport_source5x5_s351_362_20260716_0215_n0-d3-dep4-md128-it486-x1p00-s361-rg0,source_delta_support_process_control,canonical,4,72,64,128,361,486,254803968,524288,16,2048,40,1,L,fsl-x225-multisupport-source5x5-s351-362-20260716-0215-n0-d3-dep4-md128-it486-x1p00-s361-rg0,0,3,x225_multisupport_delta_confirmation_source,4,254803968,524288,Fresh measured 5x5 source grid for the sealed x225 multi-support Delta confirmation. Target losses are evaluation-only.,controlled_model_dim_source_prefix_smalln_5x5,4980784.0,4980784.0,0.0,0.162821576719,4,x225_multisupport_full_5x5_collection,,1.305337,0,486,254803968,1.0,physical_full_5x5_collection,0:3,0:0;0:1;0:2;0:3;0:4;1:0;1:1;1:2;1:3;1:4;2:0;2:1;2:2;2:3;2:4;3:0;3:1;3:2;3:3;3:4;4:0;4:1;4:2;4:3;4:4,x225_multisupport_confirmation,paired_train_seed,sealed_evaluation_only,Submit GPU jobs to gpumedium; do not use pilot/gpupilot.
fsl_x225_multisupport_source5x5_s351_362_20260716_0215_n0-d4-dep4-md128-it729-x1p00-s361-rg0,source_delta_support_process_control,canonical,4,72,64,128,361,729,382205952,524288,16,2048,40,1,L,fsl-x225-multisupport-source5x5-s351-362-20260716-0215-n0-d4-dep4-md128-it729-x1p00-s361-rg0,0,4,x225_multisupport_delta_confirmation_source,4,382205952,524288,Fresh measured 5x5 source grid for the sealed x225 multi-support Delta confirmation. Target losses are evaluation-only.,controlled_model_dim_source_prefix_smalln_5x5,4980784.0,4980784.0,0.0,0.162821576719,5,x225_multisupport_full_5x5_collection,,1.305337,0,729,382205952,1.0,physical_full_5x5_collection,0:4,0:0;0:1;0:2;0:3;0:4;1:0;1:1;1:2;1:3;1:4;2:0;2:1;2:2;2:3;2:4;3:0;3:1;3:2;3:3;3:4;4:0;4:1;4:2;4:3;4:4,x225_multisupport_confirmation,paired_train_seed,sealed_evaluation_only,Submit GPU jobs to gpumedium; do not use pilot/gpupilot.
fsl_x225_multisupport_source5x5_s351_362_20260716_0215_n1-d0-dep4-md192-it144-x1p00-s361-rg0,source_delta_support_process_control,canonical,4,72,64,192,361,144,75497472,524288,16,2048,40,1,L,fsl-x225-multisupport-source5x5-s351-362-20260716-0215-n1-d0-dep4-md192-it144-x1p00-s361-rg0,1,0,x225_multisupport_delta_confirmation_source,4,75497472,524288,Fresh measured 5x5 source grid for the sealed x225 multi-support Delta confirmation. Target losses are evaluation-only.,controlled_model_dim_source_prefix_smalln_5x5,8061000.0,8061000.0,0.0,0.162821576719,6,x225_multisupport_full_5x5_collection,,1.305337,0,144,75497472,1.0,physical_full_5x5_collection,1:0,0:0;0:1;0:2;0:3;0:4;1:0;1:1;1:2;1:3;1:4;2:0;2:1;2:2;2:3;2:4;3:0;3:1;3:2;3:3;3:4;4:0;4:1;4:2;4:3;4:4,x225_multisupport_confirmation,paired_train_seed,sealed_evaluation_only,Submit GPU jobs to gpumedium; do not use pilot/gpupilot.
fsl_x225_multisupport_source5x5_s351_362_20260716_0215_n1-d1-dep4-md192-it216-x1p00-s361-rg0,source_delta_support_process_control,canonical,4,72,64,192,361,216,113246208,524288,16,2048,40,1,L,fsl-x225-multisupport-source5x5-s351-362-20260716-0215-n1-d1-dep4-md192-it216-x1p00-s361-rg0,1,1,x225_multisupport_delta_confirmation_source,4,113246208,524288,Fresh measured 5x5 source grid for the sealed x225 multi-support Delta confirmation. Target losses are evaluation-only.,controlled_model_dim_source_prefix_smalln_5x5,8061000.0,8061000.0,0.0,0.162821576719,7,x225_multisupport_full_5x5_collection,,1.305337,0,216,113246208,1.0,physical_full_5x5_collection,1:1,0:0;0:1;0:2;0:3;0:4;1:0;1:1;1:2;1:3;1:4;2:0;2:1;2:2;2:3;2:4;3:0;3:1;3:2;3:3;3:4;4:0;4:1;4:2;4:3;4:4,x225_multisupport_confirmation,paired_train_seed,sealed_evaluation_only,Submit GPU jobs to gpumedium; do not use pilot/gpupilot.
fsl_x225_multisupport_source5x5_s351_362_20260716_0215_n1-d2-dep4-md192-it324-x1p00-s361-rg0,source_delta_support_process_control,canonical,4,72,64,192,361,324,169869312,524288,16,2048,40,1,L,fsl-x225-multisupport-source5x5-s351-362-20260716-0215-n1-d2-dep4-md192-it324-x1p00-s361-rg0,1,2,x225_multisupport_delta_confirmation_source,4,169869312,524288,Fresh measured 5x5 source grid for the sealed x225 multi-support Delta confirmation. Target losses are evaluation-only.,controlled_model_dim_source_prefix_smalln_5x5,8061000.0,8061000.0,0.0,0.162821576719,8,x225_multisupport_full_5x5_collection,,1.305337,0,324,169869312,1.0,physical_full_5x5_collection,1:2,0:0;0:1;0:2;0:3;0:4;1:0;1:1;1:2;1:3;1:4;2:0;2:1;2:2;2:3;2:4;3:0;3:1;3:2;3:3;3:4;4:0;4:1;4:2;4:3;4:4,x225_multisupport_confirmation,paired_train_seed,sealed_evaluation_only,Submit GPU jobs to gpumedium; do not use pilot/gpupilot.
fsl_x225_multisupport_source5x5_s351_362_20260716_0215_n1-d3-dep4-md192-it486-x1p00-s361-rg0,source_delta_support_process_control,canonical,4,72,64,192,361,486,254803968,524288,16,2048,40,1,L,fsl-x225-multisupport-source5x5-s351-362-20260716-0215-n1-d3-dep4-md192-it486-x1p00-s361-rg0,1,3,x225_multisupport_delta_confirmation_source,4,254803968,524288,Fresh measured 5x5 source grid for the sealed x225 multi-support Delta confirmation. Target losses are evaluation-only.,controlled_model_dim_source_prefix_smalln_5x5,8061000.0,8061000.0,0.0,0.162821576719,9,x225_multisupport_full_5x5_collection,,1.305337,0,486,254803968,1.0,physical_full_5x5_collection,1:3,0:0;0:1;0:2;0:3;0:4;1:0;1:1;1:2;1:3;1:4;2:0;2:1;2:2;2:3;2:4;3:0;3:1;3:2;3:3;3:4;4:0;4:1;4:2;4:3;4:4,x225_multisupport_confirmation,paired_train_seed,sealed_evaluation_only,Submit GPU jobs to gpumedium; do not use pilot/gpupilot.
fsl_x225_multisupport_source5x5_s351_362_20260716_0215_n1-d4-dep4-md192-it729-x1p00-s361-rg0,source_delta_support_process_control,canonical,4,72,64,192,361,729,382205952,524288,16,2048,40,1,L,fsl-x225-multisupport-source5x5-s351-362-20260716-0215-n1-d4-dep4-md192-it729-x1p00-s361-rg0,1,4,x225_multisupport_delta_confirmation_source,4,382205952,524288,Fresh measured 5x5 source grid for the sealed x225 multi-support Delta confirmation. Target losses are evaluation-only.,controlled_model_dim_source_prefix_smalln_5x5,8061000.0,8061000.0,0.0,0.162821576719,10,x225_multisupport_full_5x5_collection,,1.305337,0,729,382205952,1.0,physical_full_5x5_collection,1:4,0:0;0:1;0:2;0:3;0:4;1:0;1:1;1:2;1:3;1:4;2:0;2:1;2:2;2:3;2:4;3:0;3:1;3:2;3:3;3:4;4:0;4:1;4:2;4:3;4:4,x225_multisupport_confirmation,paired_train_seed,sealed_evaluation_only,Submit GPU jobs to gpumedium; do not use pilot/gpupilot.
fsl_x225_multisupport_source5x5_s351_362_20260716_0215_n2-d0-dep4-md320-it144-x1p00-s361-rg0,source_delta_support_process_control,canonical,4,72,64,320,361,144,75497472,524288,16,2048,40,1,L,fsl-x225-multisupport-source5x5-s351-362-20260716-0215-n2-d0-dep4-md320-it144-x1p00-s361-rg0,2,0,x225_multisupport_delta_confirmation_source,4,75497472,524288,Fresh measured 5x5 source grid for the sealed x225 multi-support Delta confirmation. Target losses are evaluation-only.,controlled_model_dim_source_prefix_smalln_5x5,15401080.0,15401080.0,0.0,0.162821576719,11,x225_multisupport_full_5x5_collection,,1.305337,0,144,75497472,1.0,physical_full_5x5_collection,2:0,0:0;0:1;0:2;0:3;0:4;1:0;1:1;1:2;1:3;1:4;2:0;2:1;2:2;2:3;2:4;3:0;3:1;3:2;3:3;3:4;4:0;4:1;4:2;4:3;4:4,x225_multisupport_confirmation,paired_train_seed,sealed_evaluation_only,Submit GPU jobs to gpumedium; do not use pilot/gpupilot.
fsl_x225_multisupport_source5x5_s351_362_20260716_0215_n2-d1-dep4-md320-it216-x1p00-s361-rg0,source_delta_support_process_control,canonical,4,72,64,320,361,216,113246208,524288,16,2048,40,1,L,fsl-x225-multisupport-source5x5-s351-362-20260716-0215-n2-d1-dep4-md320-it216-x1p00-s361-rg0,2,1,x225_multisupport_delta_confirmation_source,4,113246208,524288,Fresh measured 5x5 source grid for the sealed x225 multi-support Delta confirmation. Target losses are evaluation-only.,controlled_model_dim_source_prefix_smalln_5x5,15401080.0,15401080.0,0.0,0.162821576719,12,x225_multisupport_full_5x5_collection,,1.305337,0,216,113246208,1.0,physical_full_5x5_collection,2:1,0:0;0:1;0:2;0:3;0:4;1:0;1:1;1:2;1:3;1:4;2:0;2:1;2:2;2:3;2:4;3:0;3:1;3:2;3:3;3:4;4:0;4:1;4:2;4:3;4:4,x225_multisupport_confirmation,paired_train_seed,sealed_evaluation_only,Submit GPU jobs to gpumedium; do not use pilot/gpupilot.
fsl_x225_multisupport_source5x5_s351_362_20260716_0215_n2-d2-dep4-md320-it324-x1p00-s361-rg0,source_delta_support_process_control,canonical,4,72,64,320,361,324,169869312,524288,16,2048,40,1,L,fsl-x225-multisupport-source5x5-s351-362-20260716-0215-n2-d2-dep4-md320-it324-x1p00-s361-rg0,2,2,x225_multisupport_delta_confirmation_source,4,169869312,524288,Fresh measured 5x5 source grid for the sealed x225 multi-support Delta confirmation. Target losses are evaluation-only.,controlled_model_dim_source_prefix_smalln_5x5,15401080.0,15401080.0,0.0,0.162821576719,13,x225_multisupport_full_5x5_collection,,1.305337,0,324,169869312,1.0,physical_full_5x5_collection,2:2,0:0;0:1;0:2;0:3;0:4;1:0;1:1;1:2;1:3;1:4;2:0;2:1;2:2;2:3;2:4;3:0;3:1;3:2;3:3;3:4;4:0;4:1;4:2;4:3;4:4,x225_multisupport_confirmation,paired_train_seed,sealed_evaluation_only,Submit GPU jobs to gpumedium; do not use pilot/gpupilot.
fsl_x225_multisupport_source5x5_s351_362_20260716_0215_n2-d3-dep4-md320-it486-x1p00-s361-rg0,source_delta_support_process_control,canonical,4,72,64,320,361,486,254803968,524288,16,2048,40,1,L,fsl-x225-multisupport-source5x5-s351-362-20260716-0215-n2-d3-dep4-md320-it486-x1p00-s361-rg0,2,3,x225_multisupport_delta_confirmation_source,4,254803968,524288,Fresh measured 5x5 source grid for the sealed x225 multi-support Delta confirmation. Target losses are evaluation-only.,controlled_model_dim_source_prefix_smalln_5x5,15401080.0,15401080.0,0.0,0.162821576719,14,x225_multisupport_full_5x5_collection,,1.305337,0,486,254803968,1.0,physical_full_5x5_collection,2:3,0:0;0:1;0:2;0:3;0:4;1:0;1:1;1:2;1:3;1:4;2:0;2:1;2:2;2:3;2:4;3:0;3:1;3:2;3:3;3:4;4:0;4:1;4:2;4:3;4:4,x225_multisupport_confirmation,paired_train_seed,sealed_evaluation_only,Submit GPU jobs to gpumedium; do not use pilot/gpupilot.
fsl_x225_multisupport_source5x5_s351_362_20260716_0215_n2-d4-dep4-md320-it729-x1p00-s361-rg0,source_delta_support_process_control,canonical,4,72,64,320,361,729,382205952,524288,16,2048,40,1,L,fsl-x225-multisupport-source5x5-s351-362-20260716-0215-n2-d4-dep4-md320-it729-x1p00-s361-rg0,2,4,x225_multisupport_delta_confirmation_source,4,382205952,524288,Fresh measured 5x5 source grid for the sealed x225 multi-support Delta confirmation. Target losses are evaluation-only.,controlled_model_dim_source_prefix_smalln_5x5,15401080.0,15401080.0,0.0,0.162821576719,15,x225_multisupport_full_5x5_collection,,1.305337,0,729,382205952,1.0,physical_full_5x5_collection,2:4,0:0;0:1;0:2;0:3;0:4;1:0;1:1;1:2;1:3;1:4;2:0;2:1;2:2;2:3;2:4;3:0;3:1;3:2;3:3;3:4;4:0;4:1;4:2;4:3;4:4,x225_multisupport_confirmation,paired_train_seed,sealed_evaluation_only,Submit GPU jobs to gpumedium; do not use pilot/gpupilot.
fsl_x225_multisupport_source5x5_s351_362_20260716_0215_n3-d0-dep4-md512-it144-x1p00-s361-rg0,source_delta_support_process_control,canonical,4,72,64,512,361,144,75497472,524288,16,2048,40,1,L,fsl-x225-multisupport-source5x5-s351-362-20260716-0215-n3-d0-dep4-md512-it144-x1p00-s361-rg0,3,0,x225_multisupport_delta_confirmation_source,4,75497472,524288,Fresh measured 5x5 source grid for the sealed x225 multi-support Delta confirmation. Target losses are evaluation-only.,controlled_model_dim_source_prefix_smalln_5x5,29360320.0,29360320.0,0.0,0.162821576719,16,x225_multisupport_full_5x5_collection,,1.305337,0,144,75497472,1.0,physical_full_5x5_collection,3:0,0:0;0:1;0:2;0:3;0:4;1:0;1:1;1:2;1:3;1:4;2:0;2:1;2:2;2:3;2:4;3:0;3:1;3:2;3:3;3:4;4:0;4:1;4:2;4:3;4:4,x225_multisupport_confirmation,paired_train_seed,sealed_evaluation_only,Submit GPU jobs to gpumedium; do not use pilot/gpupilot.
fsl_x225_multisupport_source5x5_s351_362_20260716_0215_n3-d1-dep4-md512-it216-x1p00-s361-rg0,source_delta_support_process_control,canonical,4,72,64,512,361,216,113246208,524288,16,2048,40,1,L,fsl-x225-multisupport-source5x5-s351-362-20260716-0215-n3-d1-dep4-md512-it216-x1p00-s361-rg0,3,1,x225_multisupport_delta_confirmation_source,4,113246208,524288,Fresh measured 5x5 source grid for the sealed x225 multi-support Delta confirmation. Target losses are evaluation-only.,controlled_model_dim_source_prefix_smalln_5x5,29360320.0,29360320.0,0.0,0.162821576719,17,x225_multisupport_full_5x5_collection,,1.305337,0,216,113246208,1.0,physical_full_5x5_collection,3:1,0:0;0:1;0:2;0:3;0:4;1:0;1:1;1:2;1:3;1:4;2:0;2:1;2:2;2:3;2:4;3:0;3:1;3:2;3:3;3:4;4:0;4:1;4:2;4:3;4:4,x225_multisupport_confirmation,paired_train_seed,sealed_evaluation_only,Submit GPU jobs to gpumedium; do not use pilot/gpupilot.
fsl_x225_multisupport_source5x5_s351_362_20260716_0215_n3-d2-dep4-md512-it324-x1p00-s361-rg0,source_delta_support_process_control,canonical,4,72,64,512,361,324,169869312,524288,16,2048,40,1,L,fsl-x225-multisupport-source5x5-s351-362-20260716-0215-n3-d2-dep4-md512-it324-x1p00-s361-rg0,3,2,x225_multisupport_delta_confirmation_source,4,169869312,524288,Fresh measured 5x5 source grid for the sealed x225 multi-support Delta confirmation. Target losses are evaluation-only.,controlled_model_dim_source_prefix_smalln_5x5,29360320.0,29360320.0,0.0,0.162821576719,18,x225_multisupport_full_5x5_collection,,1.305337,0,324,169869312,1.0,physical_full_5x5_collection,3:2,0:0;0:1;0:2;0:3;0:4;1:0;1:1;1:2;1:3;1:4;2:0;2:1;2:2;2:3;2:4;3:0;3:1;3:2;3:3;3:4;4:0;4:1;4:2;4:3;4:4,x225_multisupport_confirmation,paired_train_seed,sealed_evaluation_only,Submit GPU jobs to gpumedium; do not use pilot/gpupilot.
fsl_x225_multisupport_source5x5_s351_362_20260716_0215_n3-d3-dep4-md512-it486-x1p00-s361-rg0,source_delta_support_process_control,canonical,4,72,64,512,361,486,254803968,524288,16,2048,40,1,L,fsl-x225-multisupport-source5x5-s351-362-20260716-0215-n3-d3-dep4-md512-it486-x1p00-s361-rg0,3,3,x225_multisupport_delta_confirmation_source,4,254803968,524288,Fresh measured 5x5 source grid for the sealed x225 multi-support Delta confirmation. Target losses are evaluation-only.,controlled_model_dim_source_prefix_smalln_5x5,29360320.0,29360320.0,0.0,0.162821576719,19,x225_multisupport_full_5x5_collection,,1.305337,0,486,254803968,1.0,physical_full_5x5_collection,3:3,0:0;0:1;0:2;0:3;0:4;1:0;1:1;1:2;1:3;1:4;2:0;2:1;2:2;2:3;2:4;3:0;3:1;3:2;3:3;3:4;4:0;4:1;4:2;4:3;4:4,x225_multisupport_confirmation,paired_train_seed,sealed_evaluation_only,Submit GPU jobs to gpumedium; do not use pilot/gpupilot.
fsl_x225_multisupport_source5x5_s351_362_20260716_0215_n3-d4-dep4-md512-it729-x1p00-s361-rg0,source_delta_support_process_control,canonical,4,72,64,512,361,729,382205952,524288,16,2048,40,1,L,fsl-x225-multisupport-source5x5-s351-362-20260716-0215-n3-d4-dep4-md512-it729-x1p00-s361-rg0,3,4,x225_multisupport_delta_confirmation_source,4,382205952,524288,Fresh measured 5x5 source grid for the sealed x225 multi-support Delta confirmation. Target losses are evaluation-only.,controlled_model_dim_source_prefix_smalln_5x5,29360320.0,29360320.0,0.0,0.162821576719,20,x225_multisupport_full_5x5_collection,,1.305337,0,729,382205952,1.0,physical_full_5x5_collection,3:4,0:0;0:1;0:2;0:3;0:4;1:0;1:1;1:2;1:3;1:4;2:0;2:1;2:2;2:3;2:4;3:0;3:1;3:2;3:3;3:4;4:0;4:1;4:2;4:3;4:4,x225_multisupport_confirmation,paired_train_seed,sealed_evaluation_only,Submit GPU jobs to gpumedium; do not use pilot/gpupilot.
fsl_x225_multisupport_source5x5_s351_362_20260716_0215_n4-d0-dep4-md704-it144-x1p00-s361-rg0,source_delta_support_process_control,canonical,4,72,64,704,361,144,75497472,524288,16,2048,40,1,L,fsl-x225-multisupport-source5x5-s351-362-20260716-0215-n4-d0-dep4-md704-it144-x1p00-s361-rg0,4,0,x225_multisupport_delta_confirmation_source,4,75497472,524288,Fresh measured 5x5 source grid for the sealed x225 multi-support Delta confirmation. Target losses are evaluation-only.,controlled_model_dim_source_prefix_smalln_5x5,46858504.0,46858504.0,0.0,0.162821576719,21,x225_multisupport_full_5x5_collection,,1.305337,0,144,75497472,1.0,physical_full_5x5_collection,4:0,0:0;0:1;0:2;0:3;0:4;1:0;1:1;1:2;1:3;1:4;2:0;2:1;2:2;2:3;2:4;3:0;3:1;3:2;3:3;3:4;4:0;4:1;4:2;4:3;4:4,x225_multisupport_confirmation,paired_train_seed,sealed_evaluation_only,Submit GPU jobs to gpumedium; do not use pilot/gpupilot.
fsl_x225_multisupport_source5x5_s351_362_20260716_0215_n4-d1-dep4-md704-it216-x1p00-s361-rg0,source_delta_support_process_control,canonical,4,72,64,704,361,216,113246208,524288,16,2048,40,1,L,fsl-x225-multisupport-source5x5-s351-362-20260716-0215-n4-d1-dep4-md704-it216-x1p00-s361-rg0,4,1,x225_multisupport_delta_confirmation_source,4,113246208,524288,Fresh measured 5x5 source grid for the sealed x225 multi-support Delta confirmation. Target losses are evaluation-only.,controlled_model_dim_source_prefix_smalln_5x5,46858504.0,46858504.0,0.0,0.162821576719,22,x225_multisupport_full_5x5_collection,,1.305337,0,216,113246208,1.0,physical_full_5x5_collection,4:1,0:0;0:1;0:2;0:3;0:4;1:0;1:1;1:2;1:3;1:4;2:0;2:1;2:2;2:3;2:4;3:0;3:1;3:2;3:3;3:4;4:0;4:1;4:2;4:3;4:4,x225_multisupport_confirmation,paired_train_seed,sealed_evaluation_only,Submit GPU jobs to gpumedium; do not use pilot/gpupilot.
fsl_x225_multisupport_source5x5_s351_362_20260716_0215_n4-d2-dep4-md704-it324-x1p00-s361-rg0,source_delta_support_process_control,canonical,4,72,64,704,361,324,169869312,524288,16,2048,40,1,L,fsl-x225-multisupport-source5x5-s351-362-20260716-0215-n4-d2-dep4-md704-it324-x1p00-s361-rg0,4,2,x225_multisupport_delta_confirmation_source,4,169869312,524288,Fresh measured 5x5 source grid for the sealed x225 multi-support Delta confirmation. Target losses are evaluation-only.,controlled_model_dim_source_prefix_smalln_5x5,46858504.0,46858504.0,0.0,0.162821576719,23,x225_multisupport_full_5x5_collection,,1.305337,0,324,169869312,1.0,physical_full_5x5_collection,4:2,0:0;0:1;0:2;0:3;0:4;1:0;1:1;1:2;1:3;1:4;2:0;2:1;2:2;2:3;2:4;3:0;3:1;3:2;3:3;3:4;4:0;4:1;4:2;4:3;4:4,x225_multisupport_confirmation,paired_train_seed,sealed_evaluation_only,Submit GPU jobs to gpumedium; do not use pilot/gpupilot.
fsl_x225_multisupport_source5x5_s351_362_20260716_0215_n4-d3-dep4-md704-it486-x1p00-s361-rg0,source_delta_support_process_control,canonical,4,72,64,704,361,486,254803968,524288,16,2048,40,1,L,fsl-x225-multisupport-source5x5-s351-362-20260716-0215-n4-d3-dep4-md704-it486-x1p00-s361-rg0,4,3,x225_multisupport_delta_confirmation_source,4,254803968,524288,Fresh measured 5x5 source grid for the sealed x225 multi-support Delta confirmation. Target losses are evaluation-only.,controlled_model_dim_source_prefix_smalln_5x5,46858504.0,46858504.0,0.0,0.162821576719,24,x225_multisupport_full_5x5_collection,,1.305337,0,486,254803968,1.0,physical_full_5x5_collection,4:3,0:0;0:1;0:2;0:3;0:4;1:0;1:1;1:2;1:3;1:4;2:0;2:1;2:2;2:3;2:4;3:0;3:1;3:2;3:3;3:4;4:0;4:1;4:2;4:3;4:4,x225_multisupport_confirmation,paired_train_seed,sealed_evaluation_only,Submit GPU jobs to gpumedium; do not use pilot/gpupilot.
fsl_x225_multisupport_source5x5_s351_362_20260716_0215_n4-d4-dep4-md704-it729-x1p00-s361-rg0,source_delta_support_process_control,canonical,4,72,64,704,361,729,382205952,524288,16,2048,40,1,L,fsl-x225-multisupport-source5x5-s351-362-20260716-0215-n4-d4-dep4-md704-it729-x1p00-s361-rg0,4,4,x225_multisupport_delta_confirmation_source,4,382205952,524288,Fresh measured 5x5 source grid for the sealed x225 multi-support Delta confirmation. Target losses are evaluation-only.,controlled_model_dim_source_prefix_smalln_5x5,46858504.0,46858504.0,0.0,0.162821576719,25,x225_multisupport_full_5x5_collection,,1.305337,0,729,382205952,1.0,physical_full_5x5_collection,4:4,0:0;0:1;0:2;0:3;0:4;1:0;1:1;1:2;1:3;1:4;2:0;2:1;2:2;2:3;2:4;3:0;3:1;3:2;3:3;3:4;4:0;4:1;4:2;4:3;4:4,x225_multisupport_confirmation,paired_train_seed,sealed_evaluation_only,Submit GPU jobs to gpumedium; do not use pilot/gpupilot.
fsl_x225_multisupport_source5x5_s351_362_20260716_0215_n0-d0-dep4-md128-it144-x1p00-s362-rg0,source_delta_support_process_control,canonical,4,72,64,128,362,144,75497472,524288,16,2048,40,1,L,fsl-x225-multisupport-source5x5-s351-362-20260716-0215-n0-d0-dep4-md128-it144-x1p00-s362-rg0,0,0,x225_multisupport_delta_confirmation_source,4,75497472,524288,Fresh measured 5x5 source grid for the sealed x225 multi-support Delta confirmation. Target losses are evaluation-only.,controlled_model_dim_source_prefix_smalln_5x5,4980784.0,4980784.0,0.0,0.162821576719,1,x225_multisupport_full_5x5_collection,,1.305337,0,144,75497472,1.0,physical_full_5x5_collection,0:0,0:0;0:1;0:2;0:3;0:4;1:0;1:1;1:2;1:3;1:4;2:0;2:1;2:2;2:3;2:4;3:0;3:1;3:2;3:3;3:4;4:0;4:1;4:2;4:3;4:4,x225_multisupport_confirmation,paired_train_seed,sealed_evaluation_only,Submit GPU jobs to gpumedium; do not use pilot/gpupilot.
fsl_x225_multisupport_source5x5_s351_362_20260716_0215_n0-d1-dep4-md128-it216-x1p00-s362-rg0,source_delta_support_process_control,canonical,4,72,64,128,362,216,113246208,524288,16,2048,40,1,L,fsl-x225-multisupport-source5x5-s351-362-20260716-0215-n0-d1-dep4-md128-it216-x1p00-s362-rg0,0,1,x225_multisupport_delta_confirmation_source,4,113246208,524288,Fresh measured 5x5 source grid for the sealed x225 multi-support Delta confirmation. Target losses are evaluation-only.,controlled_model_dim_source_prefix_smalln_5x5,4980784.0,4980784.0,0.0,0.162821576719,2,x225_multisupport_full_5x5_collection,,1.305337,0,216,113246208,1.0,physical_full_5x5_collection,0:1,0:0;0:1;0:2;0:3;0:4;1:0;1:1;1:2;1:3;1:4;2:0;2:1;2:2;2:3;2:4;3:0;3:1;3:2;3:3;3:4;4:0;4:1;4:2;4:3;4:4,x225_multisupport_confirmation,paired_train_seed,sealed_evaluation_only,Submit GPU jobs to gpumedium; do not use pilot/gpupilot.
fsl_x225_multisupport_source5x5_s351_362_20260716_0215_n0-d2-dep4-md128-it324-x1p00-s362-rg0,source_delta_support_process_control,canonical,4,72,64,128,362,324,169869312,524288,16,2048,40,1,L,fsl-x225-multisupport-source5x5-s351-362-20260716-0215-n0-d2-dep4-md128-it324-x1p00-s362-rg0,0,2,x225_multisupport_delta_confirmation_source,4,169869312,524288,Fresh measured 5x5 source grid for the sealed x225 multi-support Delta confirmation. Target losses are evaluation-only.,controlled_model_dim_source_prefix_smalln_5x5,4980784.0,4980784.0,0.0,0.162821576719,3,x225_multisupport_full_5x5_collection,,1.305337,0,324,169869312,1.0,physical_full_5x5_collection,0:2,0:0;0:1;0:2;0:3;0:4;1:0;1:1;1:2;1:3;1:4;2:0;2:1;2:2;2:3;2:4;3:0;3:1;3:2;3:3;3:4;4:0;4:1;4:2;4:3;4:4,x225_multisupport_confirmation,paired_train_seed,sealed_evaluation_only,Submit GPU jobs to gpumedium; do not use pilot/gpupilot.
fsl_x225_multisupport_source5x5_s351_362_20260716_0215_n0-d3-dep4-md128-it486-x1p00-s362-rg0,source_delta_support_process_control,canonical,4,72,64,128,362,486,254803968,524288,16,2048,40,1,L,fsl-x225-multisupport-source5x5-s351-362-20260716-0215-n0-d3-dep4-md128-it486-x1p00-s362-rg0,0,3,x225_multisupport_delta_confirmation_source,4,254803968,524288,Fresh measured 5x5 source grid for the sealed x225 multi-support Delta confirmation. Target losses are evaluation-only.,controlled_model_dim_source_prefix_smalln_5x5,4980784.0,4980784.0,0.0,0.162821576719,4,x225_multisupport_full_5x5_collection,,1.305337,0,486,254803968,1.0,physical_full_5x5_collection,0:3,0:0;0:1;0:2;0:3;0:4;1:0;1:1;1:2;1:3;1:4;2:0;2:1;2:2;2:3;2:4;3:0;3:1;3:2;3:3;3:4;4:0;4:1;4:2;4:3;4:4,x225_multisupport_confirmation,paired_train_seed,sealed_evaluation_only,Submit GPU jobs to gpumedium; do not use pilot/gpupilot.
fsl_x225_multisupport_source5x5_s351_362_20260716_0215_n0-d4-dep4-md128-it729-x1p00-s362-rg0,source_delta_support_process_control,canonical,4,72,64,128,362,729,382205952,524288,16,2048,40,1,L,fsl-x225-multisupport-source5x5-s351-362-20260716-0215-n0-d4-dep4-md128-it729-x1p00-s362-rg0,0,4,x225_multisupport_delta_confirmation_source,4,382205952,524288,Fresh measured 5x5 source grid for the sealed x225 multi-support Delta confirmation. Target losses are evaluation-only.,controlled_model_dim_source_prefix_smalln_5x5,4980784.0,4980784.0,0.0,0.162821576719,5,x225_multisupport_full_5x5_collection,,1.305337,0,729,382205952,1.0,physical_full_5x5_collection,0:4,0:0;0:1;0:2;0:3;0:4;1:0;1:1;1:2;1:3;1:4;2:0;2:1;2:2;2:3;2:4;3:0;3:1;3:2;3:3;3:4;4:0;4:1;4:2;4:3;4:4,x225_multisupport_confirmation,paired_train_seed,sealed_evaluation_only,Submit GPU jobs to gpumedium; do not use pilot/gpupilot.
fsl_x225_multisupport_source5x5_s351_362_20260716_0215_n1-d0-dep4-md192-it144-x1p00-s362-rg0,source_delta_support_process_control,canonical,4,72,64,192,362,144,75497472,524288,16,2048,40,1,L,fsl-x225-multisupport-source5x5-s351-362-20260716-0215-n1-d0-dep4-md192-it144-x1p00-s362-rg0,1,0,x225_multisupport_delta_confirmation_source,4,75497472,524288,Fresh measured 5x5 source grid for the sealed x225 multi-support Delta confirmation. Target losses are evaluation-only.,controlled_model_dim_source_prefix_smalln_5x5,8061000.0,8061000.0,0.0,0.162821576719,6,x225_multisupport_full_5x5_collection,,1.305337,0,144,75497472,1.0,physical_full_5x5_collection,1:0,0:0;0:1;0:2;0:3;0:4;1:0;1:1;1:2;1:3;1:4;2:0;2:1;2:2;2:3;2:4;3:0;3:1;3:2;3:3;3:4;4:0;4:1;4:2;4:3;4:4,x225_multisupport_confirmation,paired_train_seed,sealed_evaluation_only,Submit GPU jobs to gpumedium; do not use pilot/gpupilot.
fsl_x225_multisupport_source5x5_s351_362_20260716_0215_n1-d1-dep4-md192-it216-x1p00-s362-rg0,source_delta_support_process_control,canonical,4,72,64,192,362,216,113246208,524288,16,2048,40,1,L,fsl-x225-multisupport-source5x5-s351-362-20260716-0215-n1-d1-dep4-md192-it216-x1p00-s362-rg0,1,1,x225_multisupport_delta_confirmation_source,4,113246208,524288,Fresh measured 5x5 source grid for the sealed x225 multi-support Delta confirmation. Target losses are evaluation-only.,controlled_model_dim_source_prefix_smalln_5x5,8061000.0,8061000.0,0.0,0.162821576719,7,x225_multisupport_full_5x5_collection,,1.305337,0,216,113246208,1.0,physical_full_5x5_collection,1:1,0:0;0:1;0:2;0:3;0:4;1:0;1:1;1:2;1:3;1:4;2:0;2:1;2:2;2:3;2:4;3:0;3:1;3:2;3:3;3:4;4:0;4:1;4:2;4:3;4:4,x225_multisupport_confirmation,paired_train_seed,sealed_evaluation_only,Submit GPU jobs to gpumedium; do not use pilot/gpupilot.
fsl_x225_multisupport_source5x5_s351_362_20260716_0215_n1-d2-dep4-md192-it324-x1p00-s362-rg0,source_delta_support_process_control,canonical,4,72,64,192,362,324,169869312,524288,16,2048,40,1,L,fsl-x225-multisupport-source5x5-s351-362-20260716-0215-n1-d2-dep4-md192-it324-x1p00-s362-rg0,1,2,x225_multisupport_delta_confirmation_source,4,169869312,524288,Fresh measured 5x5 source grid for the sealed x225 multi-support Delta confirmation. Target losses are evaluation-only.,controlled_model_dim_source_prefix_smalln_5x5,8061000.0,8061000.0,0.0,0.162821576719,8,x225_multisupport_full_5x5_collection,,1.305337,0,324,169869312,1.0,physical_full_5x5_collection,1:2,0:0;0:1;0:2;0:3;0:4;1:0;1:1;1:2;1:3;1:4;2:0;2:1;2:2;2:3;2:4;3:0;3:1;3:2;3:3;3:4;4:0;4:1;4:2;4:3;4:4,x225_multisupport_confirmation,paired_train_seed,sealed_evaluation_only,Submit GPU jobs to gpumedium; do not use pilot/gpupilot.
fsl_x225_multisupport_source5x5_s351_362_20260716_0215_n1-d3-dep4-md192-it486-x1p00-s362-rg0,source_delta_support_process_control,canonical,4,72,64,192,362,486,254803968,524288,16,2048,40,1,L,fsl-x225-multisupport-source5x5-s351-362-20260716-0215-n1-d3-dep4-md192-it486-x1p00-s362-rg0,1,3,x225_multisupport_delta_confirmation_source,4,254803968,524288,Fresh measured 5x5 source grid for the sealed x225 multi-support Delta confirmation. Target losses are evaluation-only.,controlled_model_dim_source_prefix_smalln_5x5,8061000.0,8061000.0,0.0,0.162821576719,9,x225_multisupport_full_5x5_collection,,1.305337,0,486,254803968,1.0,physical_full_5x5_collection,1:3,0:0;0:1;0:2;0:3;0:4;1:0;1:1;1:2;1:3;1:4;2:0;2:1;2:2;2:3;2:4;3:0;3:1;3:2;3:3;3:4;4:0;4:1;4:2;4:3;4:4,x225_multisupport_confirmation,paired_train_seed,sealed_evaluation_only,Submit GPU jobs to gpumedium; do not use pilot/gpupilot.
fsl_x225_multisupport_source5x5_s351_362_20260716_0215_n1-d4-dep4-md192-it729-x1p00-s362-rg0,source_delta_support_process_control,canonical,4,72,64,192,362,729,382205952,524288,16,2048,40,1,L,fsl-x225-multisupport-source5x5-s351-362-20260716-0215-n1-d4-dep4-md192-it729-x1p00-s362-rg0,1,4,x225_multisupport_delta_confirmation_source,4,382205952,524288,Fresh measured 5x5 source grid for the sealed x225 multi-support Delta confirmation. Target losses are evaluation-only.,controlled_model_dim_source_prefix_smalln_5x5,8061000.0,8061000.0,0.0,0.162821576719,10,x225_multisupport_full_5x5_collection,,1.305337,0,729,382205952,1.0,physical_full_5x5_collection,1:4,0:0;0:1;0:2;0:3;0:4;1:0;1:1;1:2;1:3;1:4;2:0;2:1;2:2;2:3;2:4;3:0;3:1;3:2;3:3;3:4;4:0;4:1;4:2;4:3;4:4,x225_multisupport_confirmation,paired_train_seed,sealed_evaluation_only,Submit GPU jobs to gpumedium; do not use pilot/gpupilot.
fsl_x225_multisupport_source5x5_s351_362_20260716_0215_n2-d0-dep4-md320-it144-x1p00-s362-rg0,source_delta_support_process_control,canonical,4,72,64,320,362,144,75497472,524288,16,2048,40,1,L,fsl-x225-multisupport-source5x5-s351-362-20260716-0215-n2-d0-dep4-md320-it144-x1p00-s362-rg0,2,0,x225_multisupport_delta_confirmation_source,4,75497472,524288,Fresh measured 5x5 source grid for the sealed x225 multi-support Delta confirmation. Target losses are evaluation-only.,controlled_model_dim_source_prefix_smalln_5x5,15401080.0,15401080.0,0.0,0.162821576719,11,x225_multisupport_full_5x5_collection,,1.305337,0,144,75497472,1.0,physical_full_5x5_collection,2:0,0:0;0:1;0:2;0:3;0:4;1:0;1:1;1:2;1:3;1:4;2:0;2:1;2:2;2:3;2:4;3:0;3:1;3:2;3:3;3:4;4:0;4:1;4:2;4:3;4:4,x225_multisupport_confirmation,paired_train_seed,sealed_evaluation_only,Submit GPU jobs to gpumedium; do not use pilot/gpupilot.
fsl_x225_multisupport_source5x5_s351_362_20260716_0215_n2-d1-dep4-md320-it216-x1p00-s362-rg0,source_delta_support_process_control,canonical,4,72,64,320,362,216,113246208,524288,16,2048,40,1,L,fsl-x225-multisupport-source5x5-s351-362-20260716-0215-n2-d1-dep4-md320-it216-x1p00-s362-rg0,2,1,x225_multisupport_delta_confirmation_source,4,113246208,524288,Fresh measured 5x5 source grid for the sealed x225 multi-support Delta confirmation. Target losses are evaluation-only.,controlled_model_dim_source_prefix_smalln_5x5,15401080.0,15401080.0,0.0,0.162821576719,12,x225_multisupport_full_5x5_collection,,1.305337,0,216,113246208,1.0,physical_full_5x5_collection,2:1,0:0;0:1;0:2;0:3;0:4;1:0;1:1;1:2;1:3;1:4;2:0;2:1;2:2;2:3;2:4;3:0;3:1;3:2;3:3;3:4;4:0;4:1;4:2;4:3;4:4,x225_multisupport_confirmation,paired_train_seed,sealed_evaluation_only,Submit GPU jobs to gpumedium; do not use pilot/gpupilot.
fsl_x225_multisupport_source5x5_s351_362_20260716_0215_n2-d2-dep4-md320-it324-x1p00-s362-rg0,source_delta_support_process_control,canonical,4,72,64,320,362,324,169869312,524288,16,2048,40,1,L,fsl-x225-multisupport-source5x5-s351-362-20260716-0215-n2-d2-dep4-md320-it324-x1p00-s362-rg0,2,2,x225_multisupport_delta_confirmation_source,4,169869312,524288,Fresh measured 5x5 source grid for the sealed x225 multi-support Delta confirmation. Target losses are evaluation-only.,controlled_model_dim_source_prefix_smalln_5x5,15401080.0,15401080.0,0.0,0.162821576719,13,x225_multisupport_full_5x5_collection,,1.305337,0,324,169869312,1.0,physical_full_5x5_collection,2:2,0:0;0:1;0:2;0:3;0:4;1:0;1:1;1:2;1:3;1:4;2:0;2:1;2:2;2:3;2:4;3:0;3:1;3:2;3:3;3:4;4:0;4:1;4:2;4:3;4:4,x225_multisupport_confirmation,paired_train_seed,sealed_evaluation_only,Submit GPU jobs to gpumedium; do not use pilot/gpupilot.
fsl_x225_multisupport_source5x5_s351_362_20260716_0215_n2-d3-dep4-md320-it486-x1p00-s362-rg0,source_delta_support_process_control,canonical,4,72,64,320,362,486,254803968,524288,16,2048,40,1,L,fsl-x225-multisupport-source5x5-s351-362-20260716-0215-n2-d3-dep4-md320-it486-x1p00-s362-rg0,2,3,x225_multisupport_delta_confirmation_source,4,254803968,524288,Fresh measured 5x5 source grid for the sealed x225 multi-support Delta confirmation. Target losses are evaluation-only.,controlled_model_dim_source_prefix_smalln_5x5,15401080.0,15401080.0,0.0,0.162821576719,14,x225_multisupport_full_5x5_collection,,1.305337,0,486,254803968,1.0,physical_full_5x5_collection,2:3,0:0;0:1;0:2;0:3;0:4;1:0;1:1;1:2;1:3;1:4;2:0;2:1;2:2;2:3;2:4;3:0;3:1;3:2;3:3;3:4;4:0;4:1;4:2;4:3;4:4,x225_multisupport_confirmation,paired_train_seed,sealed_evaluation_only,Submit GPU jobs to gpumedium; do not use pilot/gpupilot.
fsl_x225_multisupport_source5x5_s351_362_20260716_0215_n2-d4-dep4-md320-it729-x1p00-s362-rg0,source_delta_support_process_control,canonical,4,72,64,320,362,729,382205952,524288,16,2048,40,1,L,fsl-x225-multisupport-source5x5-s351-362-20260716-0215-n2-d4-dep4-md320-it729-x1p00-s362-rg0,2,4,x225_multisupport_delta_confirmation_source,4,382205952,524288,Fresh measured 5x5 source grid for the sealed x225 multi-support Delta confirmation. Target losses are evaluation-only.,controlled_model_dim_source_prefix_smalln_5x5,15401080.0,15401080.0,0.0,0.162821576719,15,x225_multisupport_full_5x5_collection,,1.305337,0,729,382205952,1.0,physical_full_5x5_collection,2:4,0:0;0:1;0:2;0:3;0:4;1:0;1:1;1:2;1:3;1:4;2:0;2:1;2:2;2:3;2:4;3:0;3:1;3:2;3:3;3:4;4:0;4:1;4:2;4:3;4:4,x225_multisupport_confirmation,paired_train_seed,sealed_evaluation_only,Submit GPU jobs to gpumedium; do not use pilot/gpupilot.
fsl_x225_multisupport_source5x5_s351_362_20260716_0215_n3-d0-dep4-md512-it144-x1p00-s362-rg0,source_delta_support_process_control,canonical,4,72,64,512,362,144,75497472,524288,16,2048,40,1,L,fsl-x225-multisupport-source5x5-s351-362-20260716-0215-n3-d0-dep4-md512-it144-x1p00-s362-rg0,3,0,x225_multisupport_delta_confirmation_source,4,75497472,524288,Fresh measured 5x5 source grid for the sealed x225 multi-support Delta confirmation. Target losses are evaluation-only.,controlled_model_dim_source_prefix_smalln_5x5,29360320.0,29360320.0,0.0,0.162821576719,16,x225_multisupport_full_5x5_collection,,1.305337,0,144,75497472,1.0,physical_full_5x5_collection,3:0,0:0;0:1;0:2;0:3;0:4;1:0;1:1;1:2;1:3;1:4;2:0;2:1;2:2;2:3;2:4;3:0;3:1;3:2;3:3;3:4;4:0;4:1;4:2;4:3;4:4,x225_multisupport_confirmation,paired_train_seed,sealed_evaluation_only,Submit GPU jobs to gpumedium; do not use pilot/gpupilot.
fsl_x225_multisupport_source5x5_s351_362_20260716_0215_n3-d1-dep4-md512-it216-x1p00-s362-rg0,source_delta_support_process_control,canonical,4,72,64,512,362,216,113246208,524288,16,2048,40,1,L,fsl-x225-multisupport-source5x5-s351-362-20260716-0215-n3-d1-dep4-md512-it216-x1p00-s362-rg0,3,1,x225_multisupport_delta_confirmation_source,4,113246208,524288,Fresh measured 5x5 source grid for the sealed x225 multi-support Delta confirmation. Target losses are evaluation-only.,controlled_model_dim_source_prefix_smalln_5x5,29360320.0,29360320.0,0.0,0.162821576719,17,x225_multisupport_full_5x5_collection,,1.305337,0,216,113246208,1.0,physical_full_5x5_collection,3:1,0:0;0:1;0:2;0:3;0:4;1:0;1:1;1:2;1:3;1:4;2:0;2:1;2:2;2:3;2:4;3:0;3:1;3:2;3:3;3:4;4:0;4:1;4:2;4:3;4:4,x225_multisupport_confirmation,paired_train_seed,sealed_evaluation_only,Submit GPU jobs to gpumedium; do not use pilot/gpupilot.
fsl_x225_multisupport_source5x5_s351_362_20260716_0215_n3-d2-dep4-md512-it324-x1p00-s362-rg0,source_delta_support_process_control,canonical,4,72,64,512,362,324,169869312,524288,16,2048,40,1,L,fsl-x225-multisupport-source5x5-s351-362-20260716-0215-n3-d2-dep4-md512-it324-x1p00-s362-rg0,3,2,x225_multisupport_delta_confirmation_source,4,169869312,524288,Fresh measured 5x5 source grid for the sealed x225 multi-support Delta confirmation. Target losses are evaluation-only.,controlled_model_dim_source_prefix_smalln_5x5,29360320.0,29360320.0,0.0,0.162821576719,18,x225_multisupport_full_5x5_collection,,1.305337,0,324,169869312,1.0,physical_full_5x5_collection,3:2,0:0;0:1;0:2;0:3;0:4;1:0;1:1;1:2;1:3;1:4;2:0;2:1;2:2;2:3;2:4;3:0;3:1;3:2;3:3;3:4;4:0;4:1;4:2;4:3;4:4,x225_multisupport_confirmation,paired_train_seed,sealed_evaluation_only,Submit GPU jobs to gpumedium; do not use pilot/gpupilot.
fsl_x225_multisupport_source5x5_s351_362_20260716_0215_n3-d3-dep4-md512-it486-x1p00-s362-rg0,source_delta_support_process_control,canonical,4,72,64,512,362,486,254803968,524288,16,2048,40,1,L,fsl-x225-multisupport-source5x5-s351-362-20260716-0215-n3-d3-dep4-md512-it486-x1p00-s362-rg0,3,3,x225_multisupport_delta_confirmation_source,4,254803968,524288,Fresh measured 5x5 source grid for the sealed x225 multi-support Delta confirmation. Target losses are evaluation-only.,controlled_model_dim_source_prefix_smalln_5x5,29360320.0,29360320.0,0.0,0.162821576719,19,x225_multisupport_full_5x5_collection,,1.305337,0,486,254803968,1.0,physical_full_5x5_collection,3:3,0:0;0:1;0:2;0:3;0:4;1:0;1:1;1:2;1:3;1:4;2:0;2:1;2:2;2:3;2:4;3:0;3:1;3:2;3:3;3:4;4:0;4:1;4:2;4:3;4:4,x225_multisupport_confirmation,paired_train_seed,sealed_evaluation_only,Submit GPU jobs to gpumedium; do not use pilot/gpupilot.
fsl_x225_multisupport_source5x5_s351_362_20260716_0215_n3-d4-dep4-md512-it729-x1p00-s362-rg0,source_delta_support_process_control,canonical,4,72,64,512,362,729,382205952,524288,16,2048,40,1,L,fsl-x225-multisupport-source5x5-s351-362-20260716-0215-n3-d4-dep4-md512-it729-x1p00-s362-rg0,3,4,x225_multisupport_delta_confirmation_source,4,382205952,524288,Fresh measured 5x5 source grid for the sealed x225 multi-support Delta confirmation. Target losses are evaluation-only.,controlled_model_dim_source_prefix_smalln_5x5,29360320.0,29360320.0,0.0,0.162821576719,20,x225_multisupport_full_5x5_collection,,1.305337,0,729,382205952,1.0,physical_full_5x5_collection,3:4,0:0;0:1;0:2;0:3;0:4;1:0;1:1;1:2;1:3;1:4;2:0;2:1;2:2;2:3;2:4;3:0;3:1;3:2;3:3;3:4;4:0;4:1;4:2;4:3;4:4,x225_multisupport_confirmation,paired_train_seed,sealed_evaluation_only,Submit GPU jobs to gpumedium; do not use pilot/gpupilot.
fsl_x225_multisupport_source5x5_s351_362_20260716_0215_n4-d0-dep4-md704-it144-x1p00-s362-rg0,source_delta_support_process_control,canonical,4,72,64,704,362,144,75497472,524288,16,2048,40,1,L,fsl-x225-multisupport-source5x5-s351-362-20260716-0215-n4-d0-dep4-md704-it144-x1p00-s362-rg0,4,0,x225_multisupport_delta_confirmation_source,4,75497472,524288,Fresh measured 5x5 source grid for the sealed x225 multi-support Delta confirmation. Target losses are evaluation-only.,controlled_model_dim_source_prefix_smalln_5x5,46858504.0,46858504.0,0.0,0.162821576719,21,x225_multisupport_full_5x5_collection,,1.305337,0,144,75497472,1.0,physical_full_5x5_collection,4:0,0:0;0:1;0:2;0:3;0:4;1:0;1:1;1:2;1:3;1:4;2:0;2:1;2:2;2:3;2:4;3:0;3:1;3:2;3:3;3:4;4:0;4:1;4:2;4:3;4:4,x225_multisupport_confirmation,paired_train_seed,sealed_evaluation_only,Submit GPU jobs to gpumedium; do not use pilot/gpupilot.
fsl_x225_multisupport_source5x5_s351_362_20260716_0215_n4-d1-dep4-md704-it216-x1p00-s362-rg0,source_delta_support_process_control,canonical,4,72,64,704,362,216,113246208,524288,16,2048,40,1,L,fsl-x225-multisupport-source5x5-s351-362-20260716-0215-n4-d1-dep4-md704-it216-x1p00-s362-rg0,4,1,x225_multisupport_delta_confirmation_source,4,113246208,524288,Fresh measured 5x5 source grid for the sealed x225 multi-support Delta confirmation. Target losses are evaluation-only.,controlled_model_dim_source_prefix_smalln_5x5,46858504.0,46858504.0,0.0,0.162821576719,22,x225_multisupport_full_5x5_collection,,1.305337,0,216,113246208,1.0,physical_full_5x5_collection,4:1,0:0;0:1;0:2;0:3;0:4;1:0;1:1;1:2;1:3;1:4;2:0;2:1;2:2;2:3;2:4;3:0;3:1;3:2;3:3;3:4;4:0;4:1;4:2;4:3;4:4,x225_multisupport_confirmation,paired_train_seed,sealed_evaluation_only,Submit GPU jobs to gpumedium; do not use pilot/gpupilot.
fsl_x225_multisupport_source5x5_s351_362_20260716_0215_n4-d2-dep4-md704-it324-x1p00-s362-rg0,source_delta_support_process_control,canonical,4,72,64,704,362,324,169869312,524288,16,2048,40,1,L,fsl-x225-multisupport-source5x5-s351-362-20260716-0215-n4-d2-dep4-md704-it324-x1p00-s362-rg0,4,2,x225_multisupport_delta_confirmation_source,4,169869312,524288,Fresh measured 5x5 source grid for the sealed x225 multi-support Delta confirmation. Target losses are evaluation-only.,controlled_model_dim_source_prefix_smalln_5x5,46858504.0,46858504.0,0.0,0.162821576719,23,x225_multisupport_full_5x5_collection,,1.305337,0,324,169869312,1.0,physical_full_5x5_collection,4:2,0:0;0:1;0:2;0:3;0:4;1:0;1:1;1:2;1:3;1:4;2:0;2:1;2:2;2:3;2:4;3:0;3:1;3:2;3:3;3:4;4:0;4:1;4:2;4:3;4:4,x225_multisupport_confirmation,paired_train_seed,sealed_evaluation_only,Submit GPU jobs to gpumedium; do not use pilot/gpupilot.
fsl_x225_multisupport_source5x5_s351_362_20260716_0215_n4-d3-dep4-md704-it486-x1p00-s362-rg0,source_delta_support_process_control,canonical,4,72,64,704,362,486,254803968,524288,16,2048,40,1,L,fsl-x225-multisupport-source5x5-s351-362-20260716-0215-n4-d3-dep4-md704-it486-x1p00-s362-rg0,4,3,x225_multisupport_delta_confirmation_source,4,254803968,524288,Fresh measured 5x5 source grid for the sealed x225 multi-support Delta confirmation. Target losses are evaluation-only.,controlled_model_dim_source_prefix_smalln_5x5,46858504.0,46858504.0,0.0,0.162821576719,24,x225_multisupport_full_5x5_collection,,1.305337,0,486,254803968,1.0,physical_full_5x5_collection,4:3,0:0;0:1;0:2;0:3;0:4;1:0;1:1;1:2;1:3;1:4;2:0;2:1;2:2;2:3;2:4;3:0;3:1;3:2;3:3;3:4;4:0;4:1;4:2;4:3;4:4,x225_multisupport_confirmation,paired_train_seed,sealed_evaluation_only,Submit GPU jobs to gpumedium; do not use pilot/gpupilot.
fsl_x225_multisupport_source5x5_s351_362_20260716_0215_n4-d4-dep4-md704-it729-x1p00-s362-rg0,source_delta_support_process_control,canonical,4,72,64,704,362,729,382205952,524288,16,2048,40,1,L,fsl-x225-multisupport-source5x5-s351-362-20260716-0215-n4-d4-dep4-md704-it729-x1p00-s362-rg0,4,4,x225_multisupport_delta_confirmation_source,4,382205952,524288,Fresh measured 5x5 source grid for the sealed x225 multi-support Delta confirmation. Target losses are evaluation-only.,controlled_model_dim_source_prefix_smalln_5x5,46858504.0,46858504.0,0.0,0.162821576719,25,x225_multisupport_full_5x5_collection,,1.305337,0,729,382205952,1.0,physical_full_5x5_collection,4:4,0:0;0:1;0:2;0:3;0:4;1:0;1:1;1:2;1:3;1:4;2:0;2:1;2:2;2:3;2:4;3:0;3:1;3:2;3:3;3:4;4:0;4:1;4:2;4:3;4:4,x225_multisupport_confirmation,paired_train_seed,sealed_evaluation_only,Submit GPU jobs to gpumedium; do not use pilot/gpupilot.
